PERSON_ID,FIRST_NAME,LAST_NAME,TEAM,DESCRIPTION,ALL_NBA_TEAM_NUMBER,SEASON,MONTH,WEEK,CONFERENCE,TYPE,SUBTYPE1,SUBTYPE2,SUBTYPE3,PLAYER_ID,PLAYER_NAME
2.0,Byron,Scott,Los Angeles Lakers,All-Rookie Team,1.0,1983-84,,,1610612747,Award,Kia Motors,KIART,,2,
2.0,Byron,Scott,Los Angeles Lakers,NBA Champion,,1984-85,,,,Award,Champion,,,2,
2.0,Byron,Scott,Los Angeles Lakers,NBA Champion,,1986-87,,,,Award,Champion,,,2,
2.0,Byron,Scott,Los Angeles Lakers,NBA Champion,,1987-88,,,,Award,Champion,,,2,
2.0,Byron,Scott,Los Angeles Lakers,NBA Player of the Week,,1987-88,,1988-01-10T00:00:00,,Award,Kia Motors,KIPWK,,2,
17.0,Clyde,Drexler,Portland Trail Blazers,All-NBA,2.0,1987-88,,,1610612757,Award,Kia Motors,KIANT,,17,
17.0,Clyde,Drexler,Portland Trail Blazers,All-NBA,3.0,1989-90,,,1610612757,Award,Kia Motors,KIANT,,17,
17.0,Clyde,Drexler,Portland Trail Blazers,All-NBA,2.0,1990-91,,,1610612757,Award,Kia Motors,KIANT,,17,
17.0,Clyde,Drexler,Portland Trail Blazers,All-NBA,1.0,1991-92,,,1610612757,Award,Kia Motors,KIANT,,17,
17.0,Clyde,Drexler,Houston Rockets,All-NBA,3.0,1994-95,,,1610612745,Award,Kia Motors,KIANT,,17,
17.0,Clyde,Drexler,,Hall of Fame Inductee,,2004,,,,Award,Hall of Fame,,,17,
17.0,Clyde,Drexler,,NBA All-Star,,1985-86,,,,Award,All-Star,,,17,
17.0,Clyde,Drexler,,NBA All-Star,,1987-88,,,,Award,All-Star,,,17,
17.0,Clyde,Drexler,,NBA All-Star,,1988-89,,,,Award,All-Star,,,17,
17.0,Clyde,Drexler,,NBA All-Star,,1989-90,,,,Award,All-Star,,,17,
17.0,Clyde,Drexler,,NBA All-Star,,1990-91,,,,Award,All-Star,,,17,
17.0,Clyde,Drexler,,NBA All-Star,,1991-92,,,,Award,All-Star,,,17,
17.0,Clyde,Drexler,,NBA All-Star,,1992-93,,,,Award,All-Star,,,17,
17.0,Clyde,Drexler,,NBA All-Star,,1993-94,,,,Award,All-Star,,,17,
17.0,Clyde,Drexler,,NBA All-Star,,1995-96,,,,Award,All-Star,,,17,
17.0,Clyde,Drexler,,NBA All-Star,,1996-97,,,,Award,All-Star,,,17,
17.0,Clyde,Drexler,Houston Rockets,NBA Champion,,1994-95,,,,Award,Champion,,,17,
17.0,Clyde,Drexler,Portland Trail Blazers,NBA Player of the Month,,1991-92,11/01/1991,,,Award,Kia Motors,KIPMO,,17,
17.0,Clyde,Drexler,Portland Trail Blazers,NBA Player of the Week,,1985-86,,1986-01-05T00:00:00,,Award,Kia Motors,KIPWK,,17,
17.0,Clyde,Drexler,Portland Trail Blazers,NBA Player of the Week,,1987-88,,1987-11-29T00:00:00,,Award,Kia Motors,KIPWK,,17,
17.0,Clyde,Drexler,Portland Trail Blazers,NBA Player of the Week,,1987-88,,1987-12-06T00:00:00,,Award,Kia Motors,KIPWK,,17,
17.0,Clyde,Drexler,Portland Trail Blazers,NBA Player of the Week,,1987-88,,1988-03-13T00:00:00,,Award,Kia Motors,KIPWK,,17,
17.0,Clyde,Drexler,Portland Trail Blazers,NBA Player of the Week,,1988-89,,1988-12-25T00:00:00,,Award,Kia Motors,KIPWK,,17,
17.0,Clyde,Drexler,Portland Trail Blazers,NBA Player of the Week,,1988-89,,1989-04-09T00:00:00,,Award,Kia Motors,KIPWK,,17,
17.0,Clyde,Drexler,Portland Trail Blazers,NBA Player of the Week,,1989-90,,1989-11-26T00:00:00,,Award,Kia Motors,KIPWK,,17,
17.0,Clyde,Drexler,Portland Trail Blazers,NBA Player of the Week,,1990-91,,1990-11-18T00:00:00,,Award,Kia Motors,KIPWK,,17,
17.0,Clyde,Drexler,Portland Trail Blazers,NBA Player of the Week,,1990-91,,1991-03-31T00:00:00,,Award,Kia Motors,KIPWK,,17,
17.0,Clyde,Drexler,Portland Trail Blazers,NBA Player of the Week,,1990-91,,1991-04-14T00:00:00,,Award,Kia Motors,KIPWK,,17,
17.0,Clyde,Drexler,Houston Rockets,NBA Player of the Week,,1994-95,,1995-04-09T00:00:00,,Award,Kia Motors,KIPWK,,17,
17.0,Clyde,Drexler,USA,Olympic Gold Medal,,1992,,,,Award,Olympic,Gold,,17,
22.0,Rik,Smits,Indiana Pacers,All-Rookie Team,1.0,1988-89,,,1610612754,Award,Kia Motors,KIART,,22,
22.0,Rik,Smits,,NBA All-Star,,1997-98,,,,Award,All-Star,,,22,
22.0,Rik,Smits,Indiana Pacers,NBA Player of the Week,,1994-95,,1995-03-12T00:00:00,,Award,Kia Motors,KIPWK,,22,
22.0,Rik,Smits,Indiana Pacers,NBA Player of the Week,,1997-98,,1998-01-04T00:00:00,,Award,Kia Motors,KIPWK,,22,
23.0,Dennis,Rodman,Detroit Pistons,All-Defensive Team,1.0,1988-89,,,1610612765,Award,Kia Motors,KIADT,,23,
23.0,Dennis,Rodman,Detroit Pistons,All-Defensive Team,1.0,1989-90,,,1610612765,Award,Kia Motors,KIADT,,23,
23.0,Dennis,Rodman,Detroit Pistons,All-Defensive Team,1.0,1990-91,,,1610612765,Award,Kia Motors,KIADT,,23,
23.0,Dennis,Rodman,Detroit Pistons,All-Defensive Team,1.0,1991-92,,,1610612765,Award,Kia Motors,KIADT,,23,
23.0,Dennis,Rodman,Detroit Pistons,All-Defensive Team,1.0,1992-93,,,1610612765,Award,Kia Motors,KIADT,,23,
23.0,Dennis,Rodman,San Antonio Spurs,All-Defensive Team,2.0,1993-94,,,1610612759,Award,Kia Motors,KIADT,,23,
23.0,Dennis,Rodman,San Antonio Spurs,All-Defensive Team,1.0,1994-95,,,1610612759,Award,Kia Motors,KIADT,,23,
23.0,Dennis,Rodman,Chicago Bulls,All-Defensive Team,1.0,1995-96,,,1610612741,Award,Kia Motors,KIADT,,23,
23.0,Dennis,Rodman,Detroit Pistons,All-NBA,3.0,1991-92,,,1610612765,Award,Kia Motors,KIANT,,23,
23.0,Dennis,Rodman,San Antonio Spurs,All-NBA,3.0,1994-95,,,1610612759,Award,Kia Motors,KIANT,,23,
23.0,Dennis,Rodman,,Hall of Fame Inductee,,2011,,,,Award,Hall of Fame,,,23,
23.0,Dennis,Rodman,Detroit Pistons,IBM Award,,1991-92,,,,Award,IBM,IBMAW,,23,
23.0,Dennis,Rodman,,NBA All-Star,,1989-90,,,,Award,All-Star,,,23,
23.0,Dennis,Rodman,,NBA All-Star,,1991-92,,,,Award,All-Star,,,23,
23.0,Dennis,Rodman,Detroit Pistons,NBA Champion,,1988-89,,,,Award,Champion,,,23,
23.0,Dennis,Rodman,Detroit Pistons,NBA Champion,,1989-90,,,,Award,Champion,,,23,
23.0,Dennis,Rodman,Chicago Bulls,NBA Champion,,1995-96,,,,Award,Champion,,,23,
23.0,Dennis,Rodman,Chicago Bulls,NBA Champion,,1996-97,,,,Award,Champion,,,23,
23.0,Dennis,Rodman,Chicago Bulls,NBA Champion,,1997-98,,,,Award,Champion,,,23,
23.0,Dennis,Rodman,Detroit Pistons,NBA Defensive Player of the Year,,1989-90,,,,Award,Kia Motors,KDPYR,,23,
23.0,Dennis,Rodman,Detroit Pistons,NBA Defensive Player of the Year,,1990-91,,,,Award,Kia Motors,KDPYR,,23,
23.0,Dennis,Rodman,Detroit Pistons,NBA Player of the Month,,1991-92,01/01/1992,,,Award,Kia Motors,KIPMO,,23,
23.0,Dennis,Rodman,Detroit Pistons,NBA Player of the Week,,1991-92,,1991-12-15T00:00:00,,Award,Kia Motors,KIPWK,,23,
26.0,Luc,Longley,Chicago Bulls,NBA Champion,,1995-96,,,,Award,Champion,,,26,
26.0,Luc,Longley,Chicago Bulls,NBA Champion,,1996-97,,,,Award,Champion,,,26,
26.0,Luc,Longley,Chicago Bulls,NBA Champion,,1997-98,,,,Award,Champion,,,26,
26.0,Luc,Longley,Australia,Olympic Appearance,,1988,,,,Award,Olympic,Appearance,,26,
26.0,Luc,Longley,Australia,Olympic Appearance,,1992,,,,Award,Olympic,Appearance,,26,
26.0,Luc,Longley,Australia,Olympic Appearance,,2000,,,,Award,Olympic,Appearance,,26,
30.0,Richard,Dumas,Phoenix Suns,All-Rookie Team,2.0,1992-93,,,1610612756,Award,Kia Motors,KIART,,30,
36.0,Sarunas,Marciulionis,,Hall of Fame Inductee,,2014,,,,Award,Hall of Fame,,,36,
36.0,Sarunas,Marciulionis,Lithuania,Olympic Bronze Medal,,1992,,,,Award,Olympic,Bronze,,36,
36.0,Sarunas,Marciulionis,Lithuania,Olympic Bronze Medal,,1996,,,,Award,Olympic,Bronze,,36,
36.0,Sarunas,Marciulionis,Soviet Union,Olympic Gold Medal,,1988,,,,Award,Olympic,Gold,,36,
47.0,Wayman,Tisdale,USA,Olympic Gold Medal,,1984,,,,Award,Olympic,Gold,,47,
49.0,Gheorghe,Muresan,Washington Bullets,NBA Most Improved Player,,1995-96,,,,Award,Kia Motors,KIMIP,,49,
51.0,Chris,Jackson,Denver Nuggets,All-Rookie Team,2.0,1990-91,,,1610612743,Award,Kia Motors,KIART,,51,
51.0,Mahmoud,Abdul-Rauf,Denver Nuggets,NBA Most Improved Player,,1992-93,,,,Award,Kia Motors,KIMIP,,51,
52.0,Micheal,Williams,Indiana Pacers,All-Defensive Team,2.0,1991-92,,,1610612754,Award,Kia Motors,KIADT,,52,
52.0,Micheal,Williams,Detroit Pistons,NBA Champion,,1988-89,,,,Award,Champion,,,52,
53.0,Mario,Elie,Houston Rockets,NBA Champion,,1993-94,,,,Award,Champion,,,53,
53.0,Mario,Elie,Houston Rockets,NBA Champion,,1994-95,,,,Award,Champion,,,53,
53.0,Mario,Elie,San Antonio Spurs,NBA Champion,,1998-99,,,,Award,Champion,,,53,
54.0,Dickey,Simpkins,Chicago Bulls,NBA Champion,,1997-98,,,,Award,Champion,,,54,
56.0,Gary,Payton,Seattle SuperSonics,All-Defensive Team,1.0,1993-94,,,1610612760,Award,Kia Motors,KIADT,,56,
56.0,Gary,Payton,Seattle SuperSonics,All-Defensive Team,1.0,1994-95,,,1610612760,Award,Kia Motors,KIADT,,56,
56.0,Gary,Payton,Seattle SuperSonics,All-Defensive Team,1.0,1995-96,,,1610612760,Award,Kia Motors,KIADT,,56,
56.0,Gary,Payton,Seattle SuperSonics,All-Defensive Team,1.0,1996-97,,,1610612760,Award,Kia Motors,KIADT,,56,
56.0,Gary,Payton,Seattle SuperSonics,All-Defensive Team,1.0,1997-98,,,1610612760,Award,Kia Motors,KIADT,,56,
56.0,Gary,Payton,Seattle SuperSonics,All-Defensive Team,1.0,1998-99,,,1610612760,Award,Kia Motors,KIADT,,56,
56.0,Gary,Payton,Seattle SuperSonics,All-Defensive Team,1.0,1999-00,,,1610612760,Award,Kia Motors,KIADT,,56,
56.0,Gary,Payton,Seattle SuperSonics,All-Defensive Team,1.0,2000-01,,,1610612760,Award,Kia Motors,KIADT,,56,
56.0,Gary,Payton,Seattle SuperSonics,All-Defensive Team,1.0,2001-02,,,1610612760,Award,Kia Motors,KIADT,,56,
56.0,Gary,Payton,Seattle SuperSonics,All-NBA,3.0,1993-94,,,1610612760,Award,Kia Motors,KIANT,,56,
56.0,Gary,Payton,Seattle SuperSonics,All-NBA,2.0,1994-95,,,1610612760,Award,Kia Motors,KIANT,,56,
56.0,Gary,Payton,Seattle SuperSonics,All-NBA,2.0,1995-96,,,1610612760,Award,Kia Motors,KIANT,,56,
56.0,Gary,Payton,Seattle SuperSonics,All-NBA,2.0,1996-97,,,1610612760,Award,Kia Motors,KIANT,,56,
56.0,Gary,Payton,Seattle SuperSonics,All-NBA,1.0,1997-98,,,1610612760,Award,Kia Motors,KIANT,,56,
56.0,Gary,Payton,Seattle SuperSonics,All-NBA,2.0,1998-99,,,1610612760,Award,Kia Motors,KIANT,,56,
56.0,Gary,Payton,Seattle SuperSonics,All-NBA,1.0,1999-00,,,1610612760,Award,Kia Motors,KIANT,,56,
56.0,Gary,Payton,Seattle SuperSonics,All-NBA,3.0,2000-01,,,1610612760,Award,Kia Motors,KIANT,,56,
56.0,Gary,Payton,Seattle SuperSonics,All-NBA,2.0,2001-02,,,1610612760,Award,Kia Motors,KIANT,,56,
56.0,Gary,Payton,Seattle SuperSonics,All-Rookie Team,2.0,1990-91,,,1610612760,Award,Kia Motors,KIART,,56,
56.0,Gary,Payton,,Hall of Fame Inductee,,2013,,,,Award,Hall of Fame,,,56,
56.0,Gary,Payton,,NBA All-Star,,1993-94,,,,Award,All-Star,,,56,
56.0,Gary,Payton,,NBA All-Star,,1994-95,,,,Award,All-Star,,,56,
56.0,Gary,Payton,,NBA All-Star,,1995-96,,,,Award,All-Star,,,56,
56.0,Gary,Payton,,NBA All-Star,,1996-97,,,,Award,All-Star,,,56,
56.0,Gary,Payton,,NBA All-Star,,1997-98,,,,Award,All-Star,,,56,
56.0,Gary,Payton,,NBA All-Star,,1999-00,,,,Award,All-Star,,,56,
56.0,Gary,Payton,,NBA All-Star,,2000-01,,,,Award,All-Star,,,56,
56.0,Gary,Payton,,NBA All-Star,,2001-02,,,,Award,All-Star,,,56,
56.0,Gary,Payton,,NBA All-Star,,2002-03,,,,Award,All-Star,,,56,
56.0,Gary,Payton,Miami Heat,NBA Champion,,2005-06,,,,Award,Champion,,,56,
56.0,Gary,Payton,Seattle SuperSonics,NBA Defensive Player of the Year,,1995-96,,,,Award,Kia Motors,KDPYR,,56,
56.0,Gary,Payton,Seattle SuperSonics,NBA Player of the Month,,1999-00,04/01/2000,,,Award,Kia Motors,KIPMO,,56,
56.0,Gary,Payton,Seattle SuperSonics,NBA Player of the Week,,1994-95,,1995-01-08T00:00:00,,Award,Kia Motors,KIPWK,,56,
56.0,Gary,Payton,Seattle SuperSonics,NBA Player of the Week,,1998-99,,1999-02-14T00:00:00,,Award,Kia Motors,KIPWK,,56,
56.0,Gary,Payton,Seattle SuperSonics,NBA Player of the Week,,2001-02,,2001-12-23T00:00:00,West,Award,Kia Motors,KIPWK,,56,
56.0,Gary,Payton,USA,Olympic Gold Medal,,1996,,,,Award,Olympic,Gold,,56,
56.0,Gary,Payton,USA,Olympic Gold Medal,,2000,,,,Award,Olympic,Gold,,56,
57.0,Doug,Christie,Sacramento Kings,All-Defensive Team,2.0,2000-01,,,1610612758,Award,Kia Motors,KIADT,,57,
57.0,Doug,Christie,Sacramento Kings,All-Defensive Team,2.0,2001-02,,,1610612758,Award,Kia Motors,KIADT,,57,
57.0,Doug,Christie,Sacramento Kings,All-Defensive Team,1.0,2002-03,,,1610612758,Award,Kia Motors,KIADT,,57,
57.0,Doug,Christie,Sacramento Kings,All-Defensive Team,2.0,2003-04,,,1610612758,Award,Kia Motors,KIADT,,57,
61.0,Carl,Herrera,Houston Rockets,NBA Champion,,1993-94,,,,Award,Champion,,,61,
61.0,Carl,Herrera,Houston Rockets,NBA Champion,,1994-95,,,,Award,Champion,,,61,
61.0,Carl,Herrera,Venezuela,Olympic Appearance,,1992,,,,Award,Olympic,Appearance,,61,
64.0,Sam,Perkins,Dallas Mavericks,All-Rookie Team,1.0,1984-85,,,1610612742,Award,Kia Motors,KIART,,64,
64.0,Sam,Perkins,USA,Olympic Gold Medal,,1984,,,,Award,Olympic,Gold,,64,
70.0,Steve,Kerr,Chicago Bulls,NBA Champion,,1995-96,,,,Award,Champion,,,70,
70.0,Steve,Kerr,Chicago Bulls,NBA Champion,,1996-97,,,,Award,Champion,,,70,
70.0,Steve,Kerr,Chicago Bulls,NBA Champion,,1997-98,,,,Award,Champion,,,70,
70.0,Steve,Kerr,San Antonio Spurs,NBA Champion,,1998-99,,,,Award,Champion,,,70,
70.0,Steve,Kerr,San Antonio Spurs,NBA Champion,,2002-03,,,,Award,Champion,,,70,
71.0,Pooh,Richardson,Minnesota Timberwolves,All-Rookie Team,1.0,1989-90,,,1610612750,Award,Kia Motors,KIART,,71,
72.0,Kenny,Anderson,,NBA All-Star,,1993-94,,,,Award,All-Star,,,72,
72.0,Kenny,Anderson,New Jersey Nets,NBA Player of the Week,,1993-94,,1994-01-23T00:00:00,,Award,Kia Motors,KIPWK,,72,
76.0,Cedric,Ceballos,,NBA All-Star,,1994-95,,,,Award,All-Star,,,76,
76.0,Cedric,Ceballos,Los Angeles Lakers,NBA Player of the Month,,1994-95,12/01/1994,,,Award,Kia Motors,KIPMO,,76,
76.0,Cedric,Ceballos,Los Angeles Lakers,NBA Player of the Week,,1994-95,,1994-12-25T00:00:00,,Award,Kia Motors,KIPWK,,76,
76.0,Cedric,Ceballos,Los Angeles Lakers,NBA Player of the Week,,1995-96,,1995-11-19T00:00:00,,Award,Kia Motors,KIPWK,,76,
81.0,Jeff,Grayer,USA,Olympic Bronze Medal,,1988,,,,Award,Olympic,Bronze,,81,
82.0,Bill,Wennington,Chicago Bulls,NBA Champion,,1995-96,,,,Award,Champion,,,82,
82.0,Bill,Wennington,Chicago Bulls,NBA Champion,,1997-98,,,,Award,Champion,,,82,
84.0,Latrell,Sprewell,Golden State Warriors,All-Defensive Team,2.0,1993-94,,,1610612744,Award,Kia Motors,KIADT,,84,
84.0,Latrell,Sprewell,Golden State Warriors,All-NBA,1.0,1993-94,,,1610612744,Award,Kia Motors,KIANT,,84,
84.0,Latrell,Sprewell,Golden State Warriors,All-Rookie Team,2.0,1992-93,,,1610612744,Award,Kia Motors,KIART,,84,
84.0,Latrell,Sprewell,,NBA All-Star,,1993-94,,,,Award,All-Star,,,84,
84.0,Latrell,Sprewell,,NBA All-Star,,1994-95,,,,Award,All-Star,,,84,
84.0,Latrell,Sprewell,,NBA All-Star,,1996-97,,,,Award,All-Star,,,84,
84.0,Latrell,Sprewell,,NBA All-Star,,2000-01,,,,Award,All-Star,,,84,
87.0,Dikembe,Mutombo,Denver Nuggets,All-Defensive Team,2.0,1994-95,,,1610612743,Award,Kia Motors,KIADT,,87,
87.0,Dikembe,Mutombo,Atlanta Hawks,All-Defensive Team,1.0,1996-97,,,1610612737,Award,Kia Motors,KIADT,,87,
87.0,Dikembe,Mutombo,Atlanta Hawks,All-Defensive Team,1.0,1997-98,,,1610612737,Award,Kia Motors,KIADT,,87,
87.0,Dikembe,Mutombo,Atlanta Hawks,All-Defensive Team,2.0,1998-99,,,1610612737,Award,Kia Motors,KIADT,,87,
87.0,Dikembe,Mutombo,Philadelphia 76ers-Atlanta Hawks,All-Defensive Team,1.0,2000-01,,,1610612737,Award,Kia Motors,KIADT,,87,
87.0,Dikembe,Mutombo,Philadelphia 76ers-Atlanta Hawks,All-Defensive Team,2.0,2001-02,,,1610612737,Award,Kia Motors,KIADT,,87,
87.0,Dikembe,Mutombo,Atlanta Hawks,All-NBA,3.0,1997-98,,,1610612737,Award,Kia Motors,KIANT,,87,
87.0,Dikembe,Mutombo,Atlanta Hawks-Philadelphia 76ers,All-NBA,2.0,2000-01,,,1610612755,Award,Kia Motors,KIANT,,87,
87.0,Dikembe,Mutombo,Philadelphia 76ers,All-NBA,3.0,2001-02,,,1610612755,Award,Kia Motors,KIANT,,87,
87.0,Dikembe,Mutombo,Denver Nuggets,All-Rookie Team,1.0,1991-92,,,1610612743,Award,Kia Motors,KIART,,87,
87.0,Dikembe,Mutombo,,Hall of Fame Inductee,,2015,,,,Award,Hall of Fame,,,87,
87.0,Dikembe,Mutombo,Atlanta Hawks,IBM Award,,1998-99,,,,Award,IBM,IBMAW,,87,
87.0,Dikembe,Mutombo,Philadelphia 76ers,J. Walter Kennedy Citizenship,,2000-01,,,,Award,Kia Motors,KIWKC,,87,
87.0,Dikembe,Mutombo,Houston Rockets,J. Walter Kennedy Citizenship,,2008-09,,,,Award,Kia Motors,KIWKC,,87,
87.0,Dikembe,Mutombo,,NBA All-Star,,1991-92,,,,Award,All-Star,,,87,
87.0,Dikembe,Mutombo,,NBA All-Star,,1994-95,,,,Award,All-Star,,,87,
87.0,Dikembe,Mutombo,,NBA All-Star,,1995-96,,,,Award,All-Star,,,87,
87.0,Dikembe,Mutombo,,NBA All-Star,,1996-97,,,,Award,All-Star,,,87,
87.0,Dikembe,Mutombo,,NBA All-Star,,1997-98,,,,Award,All-Star,,,87,
87.0,Dikembe,Mutombo,,NBA All-Star,,1999-00,,,,Award,All-Star,,,87,
87.0,Dikembe,Mutombo,,NBA All-Star,,2000-01,,,,Award,All-Star,,,87,
87.0,Dikembe,Mutombo,,NBA All-Star,,2001-02,,,,Award,All-Star,,,87,
87.0,Dikembe,Mutombo,Denver Nuggets,NBA Defensive Player of the Year,,1994-95,,,,Award,Kia Motors,KDPYR,,87,
87.0,Dikembe,Mutombo,Atlanta Hawks,NBA Defensive Player of the Year,,1996-97,,,,Award,Kia Motors,KDPYR,,87,
87.0,Dikembe,Mutombo,Atlanta Hawks,NBA Defensive Player of the Year,,1997-98,,,,Award,Kia Motors,KDPYR,,87,
87.0,Dikembe,Mutombo,Atlanta Hawks-Philadelphia 76ers,NBA Defensive Player of the Year,,2000-01,,,,Award,Kia Motors,KDPYR,,87,
87.0,Dikembe,Mutombo,Denver Nuggets,NBA Player of the Week,,1992-93,,1993-03-28T00:00:00,,Award,Kia Motors,KIPWK,,87,
87.0,Dikembe,Mutombo,Denver Nuggets,NBA Player of the Week,,1993-94,,1994-04-10T00:00:00,,Award,Kia Motors,KIPWK,,87,
87.0,Dikembe,Mutombo,Denver Nuggets,NBA Player of the Week,,1994-95,,1995-04-16T00:00:00,,Award,Kia Motors,KIPWK,,87,
87.0,Dikembe,Mutombo,Denver Nuggets,NBA Player of the Week,,1995-96,,1995-12-10T00:00:00,,Award,Kia Motors,KIPWK,,87,
87.0,Dikembe,Mutombo,Atlanta Hawks,NBA Player of the Week,,1996-97,,1996-12-01T00:00:00,,Award,Kia Motors,KIPWK,,87,
87.0,Dikembe,Mutombo,Atlanta Hawks,NBA Player of the Week,,1997-98,,1997-11-09T00:00:00,,Award,Kia Motors,KIPWK,,87,
87.0,Dikembe,Mutombo,Atlanta Hawks,NBA Player of the Week,,1998-99,,1999-01-30T00:00:00,,Award,Kia Motors,KIPWK,,87,
87.0,Dikembe,Mutombo,Atlanta Hawks,NBA Player of the Week,,1999-00,,2000-01-31T00:00:00,,Award,Kia Motors,KIPWK,,87,
87.0,Dikembe,Mutombo,New York Knicks,NBA Player of the Week,,2003-04,,2003-11-30T00:00:00,East,Award,Kia Motors,KIPWK,,87,
87.0,Dikembe,Mutombo,Denver Nuggets,NBA Rookie of the Month,,1991-92,01/01/1992,,,Award,Kia Motors,KIRMO,,87,
87.0,Dikembe,Mutombo,Denver Nuggets,NBA Rookie of the Month,,1991-92,11/01/1991,,,Award,Kia Motors,KIRMO,,87,
89.0,Nick,Van Exel,,NBA All-Star,,1997-98,,,,Award,All-Star,,,89,
89.0,Nick,VanExel,Los Angeles Lakers,All-Rookie Team,2.0,1993-94,,,1610612747,Award,Kia Motors,KIART,,89,
96.0,Detlef,Schrempf,Seattle SuperSonics,All-NBA,3.0,1994-95,,,1610612760,Award,Kia Motors,KIANT,,96,
96.0,Detlef,Schrempf,,NBA All-Star,,1992-93,,,,Award,All-Star,,,96,
96.0,Detlef,Schrempf,,NBA All-Star,,1994-95,,,,Award,All-Star,,,96,
96.0,Detlef,Schrempf,,NBA All-Star,,1996-97,,,,Award,All-Star,,,96,
96.0,Detlef,Schrempf,Indiana Pacers,NBA Player of the Month,,1991-92,02/01/1992,,,Award,Kia Motors,KIPMO,,96,
96.0,Detlef,Schrempf,Indiana Pacers,NBA Sixth Man of the Year,,1990-91,,,,Award,Sporting News,KISMY,,96,
96.0,Detlef,Schrempf,Indiana Pacers,NBA Sixth Man of the Year,,1991-92,,,,Award,Sporting News,KISMY,,96,
96.0,Detlef,Schrempf,Germany,Olympic Appearance,,1992,,,,Award,Olympic,Appearance,,96,
98.0,Nick,Anderson,Orlando Magic,NBA Player of the Week,,1991-92,,1992-01-26T00:00:00,,Award,Kia Motors,KIPWK,,98,
98.0,Nick,Anderson,Orlando Magic,NBA Player of the Week,,1992-93,,1993-02-07T00:00:00,,Award,Kia Motors,KIPWK,,98,
98.0,Nick,Anderson,Orlando Magic,NBA Player of the Week,,1997-98,,1998-02-22T00:00:00,,Award,Kia Motors,KIPWK,,98,
101.0,Scott,Skiles,Orlando Magic,NBA Most Improved Player,,1990-91,,,,Award,Kia Motors,KIMIP,,101,
101.0,Scott,Skiles,Orlando Magic,NBA Player of the Week,,1990-91,,1991-04-21T00:00:00,,Award,Kia Motors,KIPWK,,101,
104.0,Benoit,Benjamin,Los Angeles Clippers,NBA Rookie of the Month,,1985-86,03/01/1986,,,Award,Kia Motors,KIRMO,,104,
105.0,Dan,Majerle,Phoenix Suns,All-Defensive Team,2.0,1990-91,,,1610612756,Award,Kia Motors,KIADT,,105,
105.0,Dan,Majerle,Phoenix Suns,All-Defensive Team,2.0,1992-93,,,1610612756,Award,Kia Motors,KIADT,,105,
105.0,Dan,Majerle,,NBA All-Star,,1991-92,,,,Award,All-Star,,,105,
105.0,Dan,Majerle,,NBA All-Star,,1992-93,,,,Award,All-Star,,,105,
105.0,Dan,Majerle,,NBA All-Star,,1994-95,,,,Award,All-Star,,,105,
105.0,Dan,Majerle,USA,Olympic Bronze Medal,,1988,,,,Award,Olympic,Bronze,,105,
107.0,Dale,Ellis,Seattle SuperSonics,All-NBA,3.0,1988-89,,,1610612760,Award,Kia Motors,KIANT,,107,
107.0,Dale,Ellis,,NBA All-Star,,1988-89,,,,Award,All-Star,,,107,
107.0,Dale,Ellis,Seattle SuperSonics,NBA Most Improved Player,,1986-87,,,,Award,Kia Motors,KIMIP,,107,
107.0,Dale,Ellis,Seattle SuperSonics,NBA Player of the Week,,1988-89,,1989-01-08T00:00:00,,Award,Kia Motors,KIPWK,,107,
107.0,Dale,Ellis,Denver Nuggets,NBA Player of the Week,,1996-97,,1996-11-17T00:00:00,,Award,Kia Motors,KIPWK,,107,
109.0,Robert,Horry,Houston Rockets,All-Rookie Team,2.0,1992-93,,,1610612745,Award,Kia Motors,KIART,,109,
109.0,Robert,Horry,Houston Rockets,NBA Champion,,1993-94,,,,Award,Champion,,,109,
109.0,Robert,Horry,Houston Rockets,NBA Champion,,1994-95,,,,Award,Champion,,,109,
109.0,Robert,Horry,Los Angeles Lakers,NBA Champion,,1999-00,,,,Award,Champion,,,109,
109.0,Robert,Horry,Los Angeles Lakers,NBA Champion,,2000-01,,,,Award,Champion,,,109,
109.0,Robert,Horry,Los Angeles Lakers,NBA Champion,,2001-02,,,,Award,Champion,,,109,
109.0,Robert,Horry,San Antonio Spurs,NBA Champion,,2004-05,,,,Award,Champion,,,109,
109.0,Robert,Horry,San Antonio Spurs,NBA Champion,,2006-07,,,,Award,Champion,,,109,
111.0,LaPhonso,Ellis,Denver Nuggets,All-Rookie Team,1.0,1992-93,,,1610612743,Award,Kia Motors,KIART,,111,
117.0,Jeff,Malone,Washington Bullets,All-Rookie Team,1.0,1983-84,,,1610612764,Award,Kia Motors,KIART,,117,
117.0,Jeff,Malone,,NBA All-Star,,1985-86,,,,Award,All-Star,,,117,
117.0,Jeff,Malone,,NBA All-Star,,1986-87,,,,Award,All-Star,,,117,
117.0,Jeff,Malone,Utah Jazz,NBA Player of the Week,,1991-92,,1991-12-08T00:00:00,,Award,Kia Motors,KIPWK,,117,
120.0,Steve,Smith,Miami Heat,All-Rookie Team,1.0,1991-92,,,1610612748,Award,Kia Motors,KIART,,120,
120.0,Steve,Smith,Atlanta Hawks,J. Walter Kennedy Citizenship,,1997-98,,,,Award,Kia Motors,KIWKC,,120,
120.0,Steve,Smith,Atlanta Hawks,NBA Player of the Week,,1997-98,,1998-01-11T00:00:00,,Award,Kia Motors,KIPWK,,120,
120.0,Steve,Smith,San Antonio Spurs,NBA Sportsmanship,,2001-02,,,,Award,Kia Motors,KSPRT,,120,
120.0,Steve,Smith,USA,Olympic Gold Medal,,2000,,,,Award,Olympic,Gold,,120,
120.0,Steven,Smith,,NBA All-Star,,1997-98,,,,Award,All-Star,,,120,
120.0,Steven,Smith,San Antonio Spurs,NBA Champion,,2002-03,,,,Award,Champion,,,120,
121.0,Patrick,Ewing,New York Knicks,All-Defensive Team,2.0,1987-88,,,1610612752,Award,Kia Motors,KIADT,,121,
121.0,Patrick,Ewing,New York Knicks,All-Defensive Team,2.0,1988-89,,,1610612752,Award,Kia Motors,KIADT,,121,
121.0,Patrick,Ewing,New York Knicks,All-Defensive Team,2.0,1991-92,,,1610612752,Award,Kia Motors,KIADT,,121,
121.0,Patrick,Ewing,New York Knicks,All-NBA,2.0,1987-88,,,1610612752,Award,Kia Motors,KIANT,,121,
121.0,Patrick,Ewing,New York Knicks,All-NBA,2.0,1988-89,,,1610612752,Award,Kia Motors,KIANT,,121,
121.0,Patrick,Ewing,New York Knicks,All-NBA,1.0,1989-90,,,1610612752,Award,Kia Motors,KIANT,,121,
121.0,Patrick,Ewing,New York Knicks,All-NBA,2.0,1990-91,,,1610612752,Award,Kia Motors,KIANT,,121,
121.0,Patrick,Ewing,New York Knicks,All-NBA,2.0,1991-92,,,1610612752,Award,Kia Motors,KIANT,,121,
121.0,Patrick,Ewing,New York Knicks,All-NBA,2.0,1992-93,,,1610612752,Award,Kia Motors,KIANT,,121,
121.0,Patrick,Ewing,New York Knicks,All-NBA,2.0,1996-97,,,1610612752,Award,Kia Motors,KIANT,,121,
121.0,Patrick,Ewing,New York Knicks,All-Rookie Team,1.0,1985-86,,,1610612752,Award,Kia Motors,KIART,,121,
121.0,Patrick,Ewing,,Hall of Fame Inductee,,2008,,,,Award,Hall of Fame,,,121,
121.0,Patrick,Ewing,,NBA All-Star,,1985-86,,,,Award,All-Star,,,121,
121.0,Patrick,Ewing,,NBA All-Star,,1987-88,,,,Award,All-Star,,,121,
121.0,Patrick,Ewing,,NBA All-Star,,1988-89,,,,Award,All-Star,,,121,
121.0,Patrick,Ewing,,NBA All-Star,,1989-90,,,,Award,All-Star,,,121,
121.0,Patrick,Ewing,,NBA All-Star,,1990-91,,,,Award,All-Star,,,121,
121.0,Patrick,Ewing,,NBA All-Star,,1991-92,,,,Award,All-Star,,,121,
121.0,Patrick,Ewing,,NBA All-Star,,1992-93,,,,Award,All-Star,,,121,
121.0,Patrick,Ewing,,NBA All-Star,,1993-94,,,,Award,All-Star,,,121,
121.0,Patrick,Ewing,,NBA All-Star,,1994-95,,,,Award,All-Star,,,121,
121.0,Patrick,Ewing,,NBA All-Star,,1995-96,,,,Award,All-Star,,,121,
121.0,Patrick,Ewing,,NBA All-Star,,1996-97,,,,Award,All-Star,,,121,
121.0,Patrick,Ewing,New York Knicks,NBA Player of the Month,,1988-89,04/01/1989,,,Award,Kia Motors,KIPMO,,121,
121.0,Patrick,Ewing,New York Knicks,NBA Player of the Month,,1989-90,11/01/1989,,,Award,Kia Motors,KIPMO,,121,
121.0,Patrick,Ewing,New York Knicks,NBA Player of the Month,,1992-93,03/01/1993,,,Award,Kia Motors,KIPMO,,121,
121.0,Patrick,Ewing,New York Knicks,NBA Player of the Month,,1993-94,01/01/1994,,,Award,Kia Motors,KIPMO,,121,
121.0,Patrick,Ewing,New York Knicks,NBA Player of the Month,,1994-95,01/01/1995,,,Award,Kia Motors,KIPMO,,121,
121.0,Patrick,Ewing,New York Knicks,NBA Player of the Week,,1985-86,,1985-11-17T00:00:00,,Award,Kia Motors,KIPWK,,121,
121.0,Patrick,Ewing,New York Knicks,NBA Player of the Week,,1986-87,,1986-12-28T00:00:00,,Award,Kia Motors,KIPWK,,121,
121.0,Patrick,Ewing,New York Knicks,NBA Player of the Week,,1988-89,,1988-11-27T00:00:00,,Award,Kia Motors,KIPWK,,121,
121.0,Patrick,Ewing,New York Knicks,NBA Player of the Week,,1988-89,,1989-02-26T00:00:00,,Award,Kia Motors,KIPWK,,121,
121.0,Patrick,Ewing,New York Knicks,NBA Player of the Week,,1989-90,,1989-12-03T00:00:00,,Award,Kia Motors,KIPWK,,121,
121.0,Patrick,Ewing,New York Knicks,NBA Player of the Week,,1991-92,,1992-01-05T00:00:00,,Award,Kia Motors,KIPWK,,121,
121.0,Patrick,Ewing,New York Knicks,NBA Player of the Week,,1992-93,,1992-12-20T00:00:00,,Award,Kia Motors,KIPWK,,121,
121.0,Patrick,Ewing,New York Knicks,NBA Player of the Week,,1992-93,,1993-01-24T00:00:00,,Award,Kia Motors,KIPWK,,121,
121.0,Patrick,Ewing,New York Knicks,NBA Player of the Week,,1992-93,,1993-03-21T00:00:00,,Award,Kia Motors,KIPWK,,121,
121.0,Patrick,Ewing,New York Knicks,NBA Player of the Week,,1993-94,,1994-01-16T00:00:00,,Award,Kia Motors,KIPWK,,121,
121.0,Patrick,Ewing,New York Knicks,NBA Player of the Week,,1994-95,,1995-01-22T00:00:00,,Award,Kia Motors,KIPWK,,121,
121.0,Patrick,Ewing,New York Knicks,NBA Player of the Week,,1996-97,,1997-03-09T00:00:00,,Award,Kia Motors,KIPWK,,121,
121.0,Patrick,Ewing,New York Knicks,NBA Rookie of the Month,,1985-86,01/01/1986,,,Award,Kia Motors,KIRMO,,121,
121.0,Patrick,Ewing,New York Knicks,NBA Rookie of the Month,,1985-86,11/01/1985,,,Award,Kia Motors,KIRMO,,121,
121.0,Patrick,Ewing,New York Knicks,NBA Rookie of the Year,,1985-86,,,,Award,Kia Motors,KIROY,,121,
121.0,Patrick,Ewing,New York Knicks,NBA Sporting News Rookie of the Year,,1985-86,,,,Award,Sporting News,SNROY,,121,
121.0,Patrick,Ewing,USA,Olympic Gold Medal,,1984,,,,Award,Olympic,Gold,,121,
121.0,Patrick,Ewing,USA,Olympic Gold Medal,,1992,,,,Award,Olympic,Gold,,121,
124.0,Vlade,Divac,Los Angeles Lakers,All-Rookie Team,1.0,1989-90,,,1610612747,Award,Kia Motors,KIART,,124,
124.0,Vlade,Divac,Sacramento Kings,J. Walter Kennedy Citizenship,,1999-00,,,,Award,Kia Motors,KIWKC,,124,
124.0,Vlade,Divac,,NBA All-Star,,2000-01,,,,Award,All-Star,,,124,
124.0,Vlade,Divac,Los Angeles Lakers,NBA Player of the Week,,1994-95,,1995-03-26T00:00:00,,Award,Kia Motors,KIPWK,,124,
124.0,Vlade,Divac,Yugoslavia,Olympic Silver Medal,,1988,,,,Award,Olympic,Silver,,124,
129.0,Dino,Radja,Boston Celtics,All-Rookie Team,2.0,1993-94,,,1610612738,Award,Kia Motors,KIART,,129,
129.0,Dino,Radja,,Hall of Fame Inductee,,2018,,,,Award,Hall of Fame,,,129,
129.0,Dino,Radja,Boston Celtics,NBA Rookie of the Month,,1993-94,11/01/1993,,,Award,Kia Motors,KIRMO,,129,
134.0,Kevin,Johnson,Phoenix Suns,All-NBA,2.0,1988-89,,,1610612756,Award,Kia Motors,KIANT,,134,
134.0,Kevin,Johnson,Phoenix Suns,All-NBA,2.0,1989-90,,,1610612756,Award,Kia Motors,KIANT,,134,
134.0,Kevin,Johnson,Phoenix Suns,All-NBA,2.0,1990-91,,,1610612756,Award,Kia Motors,KIANT,,134,
134.0,Kevin,Johnson,Phoenix Suns,All-NBA,3.0,1991-92,,,1610612756,Award,Kia Motors,KIANT,,134,
134.0,Kevin,Johnson,Phoenix Suns,All-NBA,2.0,1993-94,,,1610612756,Award,Kia Motors,KIANT,,134,
134.0,Kevin,Johnson,Phoenix Suns,J. Walter Kennedy Citizenship,,1990-91,,,,Award,Kia Motors,KIWKC,,134,
134.0,Kevin,Johnson,,NBA All-Star,,1989-90,,,,Award,All-Star,,,134,
134.0,Kevin,Johnson,,NBA All-Star,,1990-91,,,,Award,All-Star,,,134,
134.0,Kevin,Johnson,,NBA All-Star,,1993-94,,,,Award,All-Star,,,134,
134.0,Kevin,Johnson,Phoenix Suns,NBA Most Improved Player,,1988-89,,,,Award,Kia Motors,KIMIP,,134,
134.0,Kevin,Johnson,Phoenix Suns,NBA Player of the Month,,1988-89,02/01/1989,,,Award,Kia Motors,KIPMO,,134,
134.0,Kevin,Johnson,Phoenix Suns,NBA Player of the Month,,1996-97,04/01/1997,,,Award,Kia Motors,KIPMO,,134,
134.0,Kevin,Johnson,Phoenix Suns,NBA Player of the Week,,1988-89,,1989-03-19T00:00:00,,Award,Kia Motors,KIPWK,,134,
134.0,Kevin,Johnson,Phoenix Suns,NBA Player of the Week,,1989-90,,1990-03-18T00:00:00,,Award,Kia Motors,KIPWK,,134,
134.0,Kevin,Johnson,Phoenix Suns,NBA Player of the Week,,1990-91,,1990-12-16T00:00:00,,Award,Kia Motors,KIPWK,,134,
134.0,Kevin,Johnson,Phoenix Suns,NBA Player of the Week,,1995-96,,1996-04-07T00:00:00,,Award,Kia Motors,KIPWK,,134,
134.0,Kevin,Johnson,Phoenix Suns,NBA Player of the Week,,1996-97,,1997-03-30T00:00:00,,Award,Kia Motors,KIPWK,,134,
134.0,Kevin,Johnson,Phoenix Suns,NBA Rookie of the Month,,1987-88,04/01/1988,,,Award,Kia Motors,KIRMO,,134,
136.0,P.J.,Brown,Miami Heat,All-Defensive Team,2.0,1996-97,,,1610612748,Award,Kia Motors,KIADT,,136,
136.0,P.J.,Brown,Miami Heat,All-Defensive Team,2.0,1998-99,,,1610612748,Award,Kia Motors,KIADT,,136,
136.0,P.J.,Brown,Charlotte Hornets,All-Defensive Team,2.0,2000-01,,,1610612740,Award,Kia Motors,KIADT,,136,
136.0,P.J.,Brown,Miami Heat,J. Walter Kennedy Citizenship,,1996-97,,,,Award,Kia Motors,KIWKC,,136,
136.0,P.J.,Brown,Boston Celtics,NBA Champion,,2007-08,,,,Award,Champion,,,136,
136.0,P.J.,Brown,New Orleans Hornets,NBA Sportsmanship,,2003-04,,,,Award,Kia Motors,KSPRT,,136,
137.0,Vernon,Maxwell,Houston Rockets,NBA Champion,,1993-94,,,,Award,Champion,,,137,
137.0,Vernon,Maxwell,Houston Rockets,NBA Champion,,1994-95,,,,Award,Champion,,,137,
146.0,Jud,Buechler,Chicago Bulls,NBA Champion,,1995-96,,,,Award,Champion,,,146,
146.0,Jud,Buechler,Chicago Bulls,NBA Champion,,1996-97,,,,Award,Champion,,,146,
146.0,Jud,Buechler,Chicago Bulls,NBA Champion,,1997-98,,,,Award,Champion,,,146,
147.0,Jalen,Rose,Denver Nuggets,All-Rookie Team,2.0,1994-95,,,1610612743,Award,Kia Motors,KIART,,147,
147.0,Jalen,Rose,Indiana Pacers,NBA Most Improved Player,,1999-00,,,,Award,Kia Motors,KIMIP,,147,
147.0,Jalen,Rose,Indiana Pacers,NBA Player of the Week,,1999-00,,2000-03-20T00:00:00,,Award,Kia Motors,KIPWK,,147,
147.0,Jalen,Rose,Toronto Raptors,NBA Player of the Week,,2004-05,,2005-02-27T00:00:00,East,Award,Kia Motors,KIPWK,,147,
149.0,Michael,Adams,,NBA All-Star,,1991-92,,,,Award,All-Star,,,149,
149.0,Michael,Adams,Denver Nuggets,NBA Player of the Week,,1988-89,,1988-12-11T00:00:00,,Award,Kia Motors,KIPWK,,149,
149.0,Michael,Adams,Denver Nuggets,NBA Player of the Week,,1990-91,,1991-01-27T00:00:00,,Award,Kia Motors,KIPWK,,149,
157.0,Derek,Harper,Dallas Mavericks,All-Defensive Team,2.0,1986-87,,,1610612742,Award,Kia Motors,KIADT,,157,
157.0,Derek,Harper,Dallas Mavericks,All-Defensive Team,2.0,1989-90,,,1610612742,Award,Kia Motors,KIADT,,157,
165.0,Hakeem,Olajuwon,Houston Rockets,All-Defensive Team,2.0,1984-85,,,1610612745,Award,Kia Motors,KIADT,,165,
165.0,Hakeem,Olajuwon,Houston Rockets,All-Defensive Team,1.0,1986-87,,,1610612745,Award,Kia Motors,KIADT,,165,
165.0,Hakeem,Olajuwon,Houston Rockets,All-Defensive Team,1.0,1987-88,,,1610612745,Award,Kia Motors,KIADT,,165,
165.0,Hakeem,Olajuwon,Houston Rockets,All-Defensive Team,1.0,1989-90,,,1610612745,Award,Kia Motors,KIADT,,165,
165.0,Hakeem,Olajuwon,Houston Rockets,All-Defensive Team,2.0,1990-91,,,1610612745,Award,Kia Motors,KIADT,,165,
165.0,Hakeem,Olajuwon,Houston Rockets,All-Defensive Team,1.0,1992-93,,,1610612745,Award,Kia Motors,KIADT,,165,
165.0,Hakeem,Olajuwon,Houston Rockets,All-Defensive Team,1.0,1993-94,,,1610612745,Award,Kia Motors,KIADT,,165,
165.0,Hakeem,Olajuwon,Houston Rockets,All-Defensive Team,2.0,1995-96,,,1610612745,Award,Kia Motors,KIADT,,165,
165.0,Hakeem,Olajuwon,Houston Rockets,All-Defensive Team,2.0,1996-97,,,1610612745,Award,Kia Motors,KIADT,,165,
165.0,Hakeem,Olajuwon,Houston Rockets,All-NBA,2.0,1985-86,,,1610612745,Award,Kia Motors,KIANT,,165,
165.0,Hakeem,Olajuwon,Houston Rockets,All-NBA,1.0,1986-87,,,1610612745,Award,Kia Motors,KIANT,,165,
165.0,Hakeem,Olajuwon,Houston Rockets,All-NBA,1.0,1987-88,,,1610612745,Award,Kia Motors,KIANT,,165,
165.0,Hakeem,Olajuwon,Houston Rockets,All-NBA,1.0,1988-89,,,1610612745,Award,Kia Motors,KIANT,,165,
165.0,Hakeem,Olajuwon,Houston Rockets,All-NBA,2.0,1989-90,,,1610612745,Award,Kia Motors,KIANT,,165,
165.0,Hakeem,Olajuwon,Houston Rockets,All-NBA,3.0,1990-91,,,1610612745,Award,Kia Motors,KIANT,,165,
165.0,Hakeem,Olajuwon,Houston Rockets,All-NBA,1.0,1992-93,,,1610612745,Award,Kia Motors,KIANT,,165,
165.0,Hakeem,Olajuwon,Houston Rockets,All-NBA,1.0,1993-94,,,1610612745,Award,Kia Motors,KIANT,,165,
165.0,Hakeem,Olajuwon,Houston Rockets,All-NBA,3.0,1994-95,,,1610612745,Award,Kia Motors,KIANT,,165,
165.0,Hakeem,Olajuwon,Houston Rockets,All-NBA,2.0,1995-96,,,1610612745,Award,Kia Motors,KIANT,,165,
165.0,Hakeem,Olajuwon,Houston Rockets,All-NBA,1.0,1996-97,,,1610612745,Award,Kia Motors,KIANT,,165,
165.0,Hakeem,Olajuwon,Houston Rockets,All-NBA,3.0,1998-99,,,1610612745,Award,Kia Motors,KIANT,,165,
165.0,Hakeem,Olajuwon,Houston Rockets,All-Rookie Team,1.0,1984-85,,,1610612745,Award,Kia Motors,KIART,,165,
165.0,Hakeem,Olajuwon,,Hall of Fame Inductee,,2008,,,,Award,Hall of Fame,,,165,
165.0,Hakeem,Olajuwon,Houston Rockets,IBM Award,,1992-93,,,,Award,IBM,IBMAW,,165,
165.0,Hakeem,Olajuwon,,NBA All-Star,,1984-85,,,,Award,All-Star,,,165,
165.0,Hakeem,Olajuwon,,NBA All-Star,,1985-86,,,,Award,All-Star,,,165,
165.0,Hakeem,Olajuwon,,NBA All-Star,,1986-87,,,,Award,All-Star,,,165,
165.0,Hakeem,Olajuwon,,NBA All-Star,,1987-88,,,,Award,All-Star,,,165,
165.0,Hakeem,Olajuwon,,NBA All-Star,,1988-89,,,,Award,All-Star,,,165,
165.0,Hakeem,Olajuwon,,NBA All-Star,,1989-90,,,,Award,All-Star,,,165,
165.0,Hakeem,Olajuwon,,NBA All-Star,,1991-92,,,,Award,All-Star,,,165,
165.0,Hakeem,Olajuwon,,NBA All-Star,,1992-93,,,,Award,All-Star,,,165,
165.0,Hakeem,Olajuwon,,NBA All-Star,,1993-94,,,,Award,All-Star,,,165,
165.0,Hakeem,Olajuwon,,NBA All-Star,,1994-95,,,,Award,All-Star,,,165,
165.0,Hakeem,Olajuwon,,NBA All-Star,,1995-96,,,,Award,All-Star,,,165,
165.0,Hakeem,Olajuwon,,NBA All-Star,,1996-97,,,,Award,All-Star,,,165,
165.0,Hakeem,Olajuwon,Houston Rockets,NBA Champion,,1993-94,,,,Award,Champion,,,165,
165.0,Hakeem,Olajuwon,Houston Rockets,NBA Champion,,1994-95,,,,Award,Champion,,,165,
165.0,Hakeem,Olajuwon,Houston Rockets,NBA Defensive Player of the Year,,1992-93,,,,Award,Kia Motors,KDPYR,,165,
165.0,Hakeem,Olajuwon,Houston Rockets,NBA Defensive Player of the Year,,1993-94,,,,Award,Kia Motors,KDPYR,,165,
165.0,Hakeem,Olajuwon,Houston Rockets,NBA Finals Most Valuable Player,,1993-94,,,,Award,Kia Motors,KFMVP,,165,
165.0,Hakeem,Olajuwon,Houston Rockets,NBA Finals Most Valuable Player,,1994-95,,,,Award,Kia Motors,KFMVP,,165,
165.0,Hakeem,Olajuwon,Houston Rockets,NBA Most Valuable Player,,1993-94,,,,Award,Kia Motors,KIMVP,,165,
165.0,Hakeem,Olajuwon,Houston Rockets,NBA Player of the Month,,1985-86,11/01/1985,,,Award,Kia Motors,KIPMO,,165,
165.0,Hakeem,Olajuwon,Houston Rockets,NBA Player of the Month,,1989-90,04/01/1990,,,Award,Kia Motors,KIPMO,,165,
165.0,Hakeem,Olajuwon,Houston Rockets,NBA Player of the Month,,1992-93,01/01/1993,,,Award,Kia Motors,KIPMO,,165,
165.0,Hakeem,Olajuwon,Houston Rockets,NBA Player of the Month,,1992-93,04/01/1993,,,Award,Kia Motors,KIPMO,,165,
165.0,Hakeem,Olajuwon,Houston Rockets,NBA Player of the Month,,1993-94,11/01/1993,,,Award,Kia Motors,KIPMO,,165,
165.0,Hakeem,Olajuwon,Houston Rockets,NBA Player of the Month,,1994-95,02/01/1995,,,Award,Kia Motors,KIPMO,,165,
165.0,Hakeem,Olajuwon,Houston Rockets,NBA Player of the Week,,1988-89,,1988-11-13T00:00:00,,Award,Kia Motors,KIPWK,,165,
165.0,Hakeem,Olajuwon,Houston Rockets,NBA Player of the Week,,1988-89,,1989-02-19T00:00:00,,Award,Kia Motors,KIPWK,,165,
165.0,Hakeem,Olajuwon,Houston Rockets,NBA Player of the Week,,1989-90,,1990-03-04T00:00:00,,Award,Kia Motors,KIPWK,,165,
165.0,Hakeem,Olajuwon,Houston Rockets,NBA Player of the Week,,1992-93,,1993-01-17T00:00:00,,Award,Kia Motors,KIPWK,,165,
165.0,Hakeem,Olajuwon,Houston Rockets,NBA Player of the Week,,1992-93,,1993-02-28T00:00:00,,Award,Kia Motors,KIPWK,,165,
165.0,Hakeem,Olajuwon,Houston Rockets,NBA Player of the Week,,1992-93,,1993-04-11T00:00:00,,Award,Kia Motors,KIPWK,,165,
165.0,Hakeem,Olajuwon,Houston Rockets,NBA Player of the Week,,1993-94,,1993-11-14T00:00:00,,Award,Kia Motors,KIPWK,,165,
165.0,Hakeem,Olajuwon,Houston Rockets,NBA Player of the Week,,1993-94,,1994-03-20T00:00:00,,Award,Kia Motors,KIPWK,,165,
165.0,Hakeem,Olajuwon,Houston Rockets,NBA Player of the Week,,1994-95,,1995-01-01T00:00:00,,Award,Kia Motors,KIPWK,,165,
165.0,Hakeem,Olajuwon,Houston Rockets,NBA Player of the Week,,1994-95,,1995-02-05T00:00:00,,Award,Kia Motors,KIPWK,,165,
165.0,Hakeem,Olajuwon,Houston Rockets,NBA Player of the Week,,1995-96,,1996-03-03T00:00:00,,Award,Kia Motors,KIPWK,,165,
165.0,Hakeem,Olajuwon,Houston Rockets,NBA Player of the Week,,1996-97,,1996-11-10T00:00:00,,Award,Kia Motors,KIPWK,,165,
165.0,Hakeem,Olajuwon,Houston Rockets,NBA Rookie of the Month,,1984-85,02/01/1985,,,Award,Kia Motors,KIRMO,,165,
165.0,Hakeem,Olajuwon,Houston Rockets,NBA Rookie of the Month,,1984-85,03/01/1985,,,Award,Kia Motors,KIRMO,,165,
165.0,Hakeem,Olajuwon,Houston Rockets,NBA Rookie of the Month,,1984-85,12/01/1984,,,Award,Kia Motors,KIRMO,,165,
165.0,Hakeem,Olajuwon,Houston Rockets,NBA Sporting News Most Valuable Player of the Year,,1993-94,,,,Award,Sporting News,SNMVP,,165,
165.0,Hakeem,Olajuwon,USA,Olympic Gold Medal,,1996,,,,Award,Olympic,Gold,,165,
166.0,Ron,Harper,Cleveland Cavaliers,All-Rookie Team,1.0,1986-87,,,1610612739,Award,Kia Motors,KIART,,166,
166.0,Ron,Harper,Chicago Bulls,NBA Champion,,1995-96,,,,Award,Champion,,,166,
166.0,Ron,Harper,Chicago Bulls,NBA Champion,,1996-97,,,,Award,Champion,,,166,
166.0,Ron,Harper,Chicago Bulls,NBA Champion,,1997-98,,,,Award,Champion,,,166,
166.0,Ron,Harper,Los Angeles Lakers,NBA Champion,,1999-00,,,,Award,Champion,,,166,
166.0,Ron,Harper,Los Angeles Lakers,NBA Champion,,2000-01,,,,Award,Champion,,,166,
166.0,Ron,Harper,Cleveland Cavaliers,NBA Player of the Week,,1988-89,,1989-02-05T00:00:00,,Award,Kia Motors,KIPWK,,166,
166.0,Ron,Harper,Los Angeles Clippers,NBA Player of the Week,,1989-90,,1990-01-14T00:00:00,,Award,Kia Motors,KIPWK,,166,
166.0,Ron,Harper,Los Angeles Clippers,NBA Player of the Week,,1993-94,,1994-01-30T00:00:00,,Award,Kia Motors,KIPWK,,166,
166.0,Ron,Harper,Cleveland Cavaliers,NBA Rookie of the Month,,1986-87,01/01/1987,,,Award,Kia Motors,KIRMO,,166,
166.0,Ron,Harper,Cleveland Cavaliers,NBA Rookie of the Month,,1986-87,12/01/1986,,,Award,Kia Motors,KIRMO,,166,
170.0,Joe,Kleine,USA,Olympic Gold Medal,,1984,,,,Award,Olympic,Gold,,170,
181.0,Kenny,Smith,Sacramento Kings,All-Rookie Team,1.0,1987-88,,,1610612758,Award,Kia Motors,KIART,,181,
181.0,Kenny,Smith,Houston Rockets,NBA Champion,,1993-94,,,,Award,Champion,,,181,
181.0,Kenny,Smith,Houston Rockets,NBA Champion,,1994-95,,,,Award,Champion,,,181,
181.0,Kenny,Smith,Houston Rockets,NBA Player of the Week,,1990-91,,1991-03-17T00:00:00,,Award,Kia Motors,KIPWK,,181,
182.0,Billy,Owens,Golden State Warriors,All-Rookie Team,1.0,1991-92,,,1610612744,Award,Kia Motors,KIART,,182,
183.0,Bison,Dele,Chicago Bulls,NBA Champion,,1996-97,,,,Award,Champion,,,183,
184.0,Bobby,Phills,Cleveland Cavaliers,All-Defensive Team,2.0,1995-96,,,1610612739,Award,Kia Motors,KIADT,,184,
185.0,Chris,Webber,Sacramento Kings,All-NBA,2.0,1998-99,,,1610612758,Award,Kia Motors,KIANT,,185,
185.0,Chris,Webber,Sacramento Kings,All-NBA,3.0,1999-00,,,1610612758,Award,Kia Motors,KIANT,,185,
185.0,Chris,Webber,Sacramento Kings,All-NBA,1.0,2000-01,,,1610612758,Award,Kia Motors,KIANT,,185,
185.0,Chris,Webber,Sacramento Kings,All-NBA,2.0,2001-02,,,1610612758,Award,Kia Motors,KIANT,,185,
185.0,Chris,Webber,Sacramento Kings,All-NBA,2.0,2002-03,,,1610612758,Award,Kia Motors,KIANT,,185,
185.0,Chris,Webber,Golden State Warriors,All-Rookie Team,1.0,1993-94,,,1610612744,Award,Kia Motors,KIART,,185,
185.0,Chris,Webber,,NBA All-Star,,1996-97,,,,Award,All-Star,,,185,
185.0,Chris,Webber,,NBA All-Star,,1999-00,,,,Award,All-Star,,,185,
185.0,Chris,Webber,,NBA All-Star,,2000-01,,,,Award,All-Star,,,185,
185.0,Chris,Webber,,NBA All-Star,,2001-02,,,,Award,All-Star,,,185,
185.0,Chris,Webber,,NBA All-Star,,2002-03,,,,Award,All-Star,,,185,
185.0,Chris,Webber,Sacramento Kings,NBA Player of the Month,,2001-02,01/01/2002,,West,Award,Kia Motors,KIPMO,,185,
185.0,Chris,Webber,Sacramento Kings,NBA Player of the Month,,2002-03,12/01/2002,,West,Award,Kia Motors,KIPMO,,185,
185.0,Chris,Webber,Philadelphia 76ers,NBA Player of the Month,,2004-05,01/01/2005,,East,Award,Kia Motors,KIPMO,,185,
185.0,Chris,Webber,Golden State Warriors,NBA Player of the Week,,1993-94,,1994-01-19T00:00:00,,Award,Kia Motors,KIPWK,,185,
185.0,Chris,Webber,Washington Wizards,NBA Player of the Week,,1996-97,,1997-04-20T00:00:00,,Award,Kia Motors,KIPWK,,185,
185.0,Chris,Webber,Sacramento Kings,NBA Player of the Week,,1998-99,,1999-04-25T00:00:00,,Award,Kia Motors,KIPWK,,185,
185.0,Chris,Webber,Sacramento Kings,NBA Player of the Week,,1999-00,,2000-01-03T00:00:00,,Award,Kia Motors,KIPWK,,185,
185.0,Chris,Webber,Sacramento Kings,NBA Player of the Week,,1999-00,,2000-01-17T00:00:00,,Award,Kia Motors,KIPWK,,185,
185.0,Chris,Webber,Sacramento Kings,NBA Player of the Week,,2000-01,,2000-12-10T00:00:00,,Award,Kia Motors,KIPWK,,185,
185.0,Chris,Webber,Sacramento Kings,NBA Player of the Week,,2000-01,,2001-01-22T00:00:00,,Award,Kia Motors,KIPWK,,185,
185.0,Chris,Webber,Sacramento Kings,NBA Player of the Week,,2001-02,,2002-01-06T00:00:00,West,Award,Kia Motors,KIPWK,,185,
185.0,Chris,Webber,Sacramento Kings,NBA Player of the Week,,2002-03,,2002-12-15T00:00:00,West,Award,Kia Motors,KIPWK,,185,
185.0,Chris,Webber,Golden State Warriors,NBA Rookie of the Month,,1993-94,03/01/1994,,,Award,Kia Motors,KIRMO,,185,
185.0,Chris,Webber,Golden State Warriors,NBA Rookie of the Month,,1993-94,12/01/1993,,,Award,Kia Motors,KIRMO,,185,
185.0,Chris,Webber,Golden State Warriors,NBA Rookie of the Year,,1993-94,,,,Award,Kia Motors,KIROY,,185,
185.0,Chris,Webber,Golden State Warriors,NBA Sporting News Rookie of the Year,,1993-94,,,,Award,Sporting News,SNROY,,185,
187.0,Terry,Cummings,Milwaukee Bucks,All-NBA,2.0,1984-85,,,1610612749,Award,Kia Motors,KIANT,,187,
187.0,Terry,Cummings,Milwaukee Bucks,All-NBA,3.0,1988-89,,,1610612749,Award,Kia Motors,KIANT,,187,
187.0,Terry,Cummings,San Diego Clippers,All-Rookie Team,1.0,1982-83,,,1610612746,Award,Kia Motors,KIART,,187,
187.0,Terry,Cummings,,NBA All-Star,,1984-85,,,,Award,All-Star,,,187,
187.0,Terry,Cummings,,NBA All-Star,,1988-89,,,,Award,All-Star,,,187,
187.0,Terry,Cummings,Milwaukee Bucks,NBA Player of the Month,,1984-85,01/01/1985,,,Award,Kia Motors,KIPMO,,187,
187.0,Terry,Cummings,Milwaukee Bucks,NBA Player of the Week,,1984-85,,1984-12-23T00:00:00,,Award,Kia Motors,KIPWK,,187,
187.0,Terry,Cummings,San Antonio Spurs,NBA Player of the Week,,1989-90,,1989-12-24T00:00:00,,Award,Kia Motors,KIPWK,,187,
187.0,Terry,Cummings,San Diego Clippers,NBA Rookie of the Month,,1982-83,01/01/1983,,,Award,Kia Motors,KIRMO,,187,
187.0,Terry,Cummings,San Diego Clippers,NBA Rookie of the Month,,1982-83,02/01/1983,,,Award,Kia Motors,KIRMO,,187,
187.0,Terry,Cummings,San Diego Clippers,NBA Rookie of the Month,,1982-83,03/01/1983,,,Award,Kia Motors,KIRMO,,187,
187.0,Terry,Cummings,San Diego Clippers,NBA Rookie of the Month,,1982-83,04/01/1983,,,Award,Kia Motors,KIRMO,,187,
187.0,Terry,Cummings,San Diego Clippers,NBA Rookie of the Month,,1982-83,11/01/1982,,,Award,Kia Motors,KIRMO,,187,
187.0,Terry,Cummings,San Diego Clippers,NBA Rookie of the Year,,1982-83,,,,Award,Kia Motors,KIROY,,187,
187.0,Terry,Cummings,San Diego Clippers,NBA Sporting News Rookie of the Year,,1982-83,,,,Award,Sporting News,SNROY,,187,
192.0,Dennis,Scott,Orlando Magic,All-Rookie Team,1.0,1990-91,,,1610612753,Award,Kia Motors,KIART,,192,
192.0,Dennis,Scott,Orlando Magic,NBA Player of the Week,,1990-91,,1991-03-10T00:00:00,,Award,Kia Motors,KIPWK,,192,
192.0,Dennis,Scott,Orlando Magic,NBA Player of the Week,,1995-96,,1996-04-21T00:00:00,,Award,Kia Motors,KIPWK,,192,
192.0,Dennis,Scott,Orlando Magic,NBA Rookie of the Month,,1990-91,03/01/1991,,,Award,Kia Motors,KIRMO,,192,
193.0,Anthony,Mason,Charlotte Hornets,All-Defensive Team,2.0,1996-97,,,1610612740,Award,Kia Motors,KIADT,,193,
193.0,Anthony,Mason,Charlotte Hornets,All-NBA,3.0,1996-97,,,1610612740,Award,Kia Motors,KIANT,,193,
193.0,Anthony,Mason,,NBA All-Star,,2000-01,,,,Award,All-Star,,,193,
193.0,Anthony,Mason,New York Knicks,NBA Sixth Man of the Year,,1994-95,,,,Award,Kia Motors,KISMY,,193,
197.0,Scott,Burrell,Chicago Bulls,NBA Champion,,1997-98,,,,Award,Champion,,,197,
198.0,Danny,Ferry,San Antonio Spurs,NBA Champion,,2002-03,,,,Award,Champion,,,198,
201.0,Chris,Dudley,Portland Trail Blazers,J. Walter Kennedy Citizenship,,1995-96,,,,Award,Kia Motors,KIWKC,,201,
203.0,Nate,McMillan,Seattle SuperSonics,All-Defensive Team,2.0,1993-94,,,1610612760,Award,Kia Motors,KIADT,,203,
203.0,Nate,McMillan,Seattle SuperSonics,All-Defensive Team,2.0,1994-95,,,1610612760,Award,Kia Motors,KIADT,,203,
204.0,Jeff,Hornacek,,NBA All-Star,,1991-92,,,,Award,All-Star,,,204,
204.0,Jeff,Hornacek,Phoenix Suns,NBA Player of the Month,,1991-92,12/01/1991,,,Award,Kia Motors,KIPMO,,204,
208.0,Sam,Cassell,Minnesota Timberwolves,All-NBA,2.0,2003-04,,,1610612750,Award,Kia Motors,KIANT,,208,
208.0,Sam,Cassell,,NBA All-Star,,2003-04,,,,Award,All-Star,,,208,
208.0,Sam,Cassell,Houston Rockets,NBA Champion,,1993-94,,,,Award,Champion,,,208,
208.0,Sam,Cassell,Houston Rockets,NBA Champion,,1994-95,,,,Award,Champion,,,208,
208.0,Sam,Cassell,Boston Celtics,NBA Champion,,2007-08,,,,Award,Champion,,,208,
208.0,Sam,Cassell,New Jersey Nets,NBA Player of the Week,,1997-98,,1998-04-12T00:00:00,,Award,Kia Motors,KIPWK,,208,
208.0,Sam,Cassell,Milwaukee Bucks,NBA Player of the Week,,1999-00,,1999-11-07T00:00:00,,Award,Kia Motors,KIPWK,,208,
208.0,Sam,Cassell,Minnesota Timberwolves,NBA Player of the Week,,2003-04,,2003-12-28T00:00:00,West,Award,Kia Motors,KIPWK,,208,
209.0,Dell,Curry,Charlotte Hornets,NBA Sixth Man of the Year,,1993-94,,,,Award,Kia Motors,KISMY,,209,
210.0,Terrell,Brandon,Cleveland Cavaliers,All-Rookie Team,2.0,1991-92,,,1610612739,Award,Kia Motors,KIART,,210,
210.0,Terrell,Brandon,,NBA All-Star,,1995-96,,,,Award,All-Star,,,210,
210.0,Terrell,Brandon,,NBA All-Star,,1996-97,,,,Award,All-Star,,,210,
210.0,Terrell,Brandon,Cleveland Cavaliers,NBA Player of the Week,,1995-96,,1995-12-03T00:00:00,,Award,Kia Motors,KIPWK,,210,
210.0,Terrell,Brandon,Cleveland Cavaliers,NBA Player of the Week,,1996-97,,1996-12-22T00:00:00,,Award,Kia Motors,KIPWK,,210,
210.0,Terrell,Brandon,Cleveland Cavaliers,NBA Sportsmanship,,1996-97,,,,Award,Kia Motors,KSPRT,,210,
213.0,Antonio,Davis,,NBA All-Star,,2000-01,,,,Award,All-Star,,,213,
216.0,Brian,Shaw,Boston Celtics,All-Rookie Team,2.0,1988-89,,,1610612738,Award,Kia Motors,KIART,,216,
216.0,Brian,Shaw,Los Angeles Lakers,NBA Champion,,1999-00,,,,Award,Champion,,,216,
216.0,Brian,Shaw,Los Angeles Lakers,NBA Champion,,2000-01,,,,Award,Champion,,,216,
216.0,Brian,Shaw,Los Angeles Lakers,NBA Champion,,2001-02,,,,Award,Champion,,,216,
221.0,Clarence,Weatherspoon,Philadelphia 76ers,All-Rookie Team,2.0,1992-93,,,1610612755,Award,Kia Motors,KIART,,221,
224.0,Eddie,Jones,Los Angeles Lakers,All-Defensive Team,2.0,1997-98,,,1610612747,Award,Kia Motors,KIADT,,224,
224.0,Eddie,Jones,Charlotte Hornets,All-Defensive Team,2.0,1998-99,,,1610612740,Award,Kia Motors,KIADT,,224,
224.0,Eddie,Jones,Charlotte Hornets,All-Defensive Team,2.0,1999-00,,,1610612740,Award,Kia Motors,KIADT,,224,
224.0,Eddie,Jones,Charlotte Hornets,All-NBA,3.0,1999-00,,,1610612740,Award,Kia Motors,KIANT,,224,
224.0,Eddie,Jones,Los Angeles Lakers,All-Rookie Team,1.0,1994-95,,,1610612747,Award,Kia Motors,KIART,,224,
224.0,Eddie,Jones,,NBA All-Star,,1996-97,,,,Award,All-Star,,,224,
224.0,Eddie,Jones,,NBA All-Star,,1997-98,,,,Award,All-Star,,,224,
224.0,Eddie,Jones,,NBA All-Star,,1999-00,,,,Award,All-Star,,,224,
224.0,Eddie,Jones,Los Angeles Lakers,NBA Player of the Month,,1997-98,11/01/1997,,,Award,Kia Motors,KIPMO,,224,
224.0,Eddie,Jones,Miami Heat,NBA Player of the Week,,2001-02,,2002-01-06T00:00:00,East,Award,Kia Motors,KIPWK,,224,
229.0,James,Edwards,Detroit Pistons,NBA Champion,,1988-89,,,,Award,Champion,,,229,
229.0,James,Edwards,Detroit Pistons,NBA Champion,,1989-90,,,,Award,Champion,,,229,
229.0,James,Edwards,Chicago Bulls,NBA Champion,,1995-96,,,,Award,Champion,,,229,
236.0,Kevin,Edwards,Miami Heat,All-Rookie Team,2.0,1988-89,,,1610612748,Award,Kia Motors,KIART,,236,
238.0,Tyrone,Hill,,NBA All-Star,,1994-95,,,,Award,All-Star,,,238,
243.0,Aaron,McKie,Philadelphia 76ers,NBA Player of the Week,,2000-01,,2000-12-31T00:00:00,,Award,Kia Motors,KIPWK,,243,
243.0,Aaron,McKie,Philadelphia 76ers,NBA Sixth Man of the Year,,2000-01,,,,Award,Kia Motors,KISMY,,243,
244.0,Dee,Brown,Boston Celtics,All-Rookie Team,1.0,1990-91,,,1610612738,Award,Kia Motors,KIART,,244,
246.0,Greg,Anderson,San Antonio Spurs,All-Rookie Team,1.0,1987-88,,,1610612759,Award,Kia Motors,KIART,,246,
246.0,Greg,Anderson,San Antonio Spurs,NBA Rookie of the Month,,1987-88,03/01/1988,,,Award,Kia Motors,KIRMO,,246,
247.0,Joe,Dumars,Detroit Pistons,All-Defensive Team,1.0,1988-89,,,1610612765,Award,Kia Motors,KIADT,,247,
247.0,Joe,Dumars,Detroit Pistons,All-Defensive Team,1.0,1989-90,,,1610612765,Award,Kia Motors,KIADT,,247,
247.0,Joe,Dumars,Detroit Pistons,All-Defensive Team,2.0,1990-91,,,1610612765,Award,Kia Motors,KIADT,,247,
247.0,Joe,Dumars,Detroit Pistons,All-Defensive Team,1.0,1991-92,,,1610612765,Award,Kia Motors,KIADT,,247,
247.0,Joe,Dumars,Detroit Pistons,All-Defensive Team,1.0,1992-93,,,1610612765,Award,Kia Motors,KIADT,,247,
247.0,Joe,Dumars,Detroit Pistons,All-NBA,3.0,1989-90,,,1610612765,Award,Kia Motors,KIANT,,247,
247.0,Joe,Dumars,Detroit Pistons,All-NBA,3.0,1990-91,,,1610612765,Award,Kia Motors,KIANT,,247,
247.0,Joe,Dumars,Detroit Pistons,All-NBA,2.0,1992-93,,,1610612765,Award,Kia Motors,KIANT,,247,
247.0,Joe,Dumars,Detroit Pistons,All-Rookie Team,1.0,1985-86,,,1610612765,Award,Kia Motors,KIART,,247,
247.0,Joe,Dumars,,Hall of Fame Inductee,,2006,,,,Award,Hall of Fame,,,247,
247.0,Joe,Dumars,Detroit Pistons,J. Walter Kennedy Citizenship,,1993-94,,,,Award,Kia Motors,KIWKC,,247,
247.0,Joe,Dumars,,NBA All-Star,,1989-90,,,,Award,All-Star,,,247,
247.0,Joe,Dumars,,NBA All-Star,,1990-91,,,,Award,All-Star,,,247,
247.0,Joe,Dumars,,NBA All-Star,,1991-92,,,,Award,All-Star,,,247,
247.0,Joe,Dumars,,NBA All-Star,,1992-93,,,,Award,All-Star,,,247,
247.0,Joe,Dumars,,NBA All-Star,,1994-95,,,,Award,All-Star,,,247,
247.0,Joe,Dumars,,NBA All-Star,,1996-97,,,,Award,All-Star,,,247,
247.0,Joe,Dumars,Detroit Pistons,NBA Champion,,1988-89,,,,Award,Champion,,,247,
247.0,Joe,Dumars,Detroit Pistons,NBA Champion,,1989-90,,,,Award,Champion,,,247,
247.0,Joe,Dumars,Detroit Pistons,NBA Finals Most Valuable Player,,1988-89,,,,Award,Kia Motors,KFMVP,,247,
247.0,Joe,Dumars,Detroit Pistons,NBA Player of the Week,,1991-92,,1992-03-15T00:00:00,,Award,Kia Motors,KIPWK,,247,
247.0,Joe,Dumars,Detroit Pistons,NBA Player of the Week,,1993-94,,1994-03-13T00:00:00,,Award,Kia Motors,KIPWK,,247,
247.0,Joe,Dumars,Detroit Pistons,NBA Sportsmanship,,1995-96,,,,Award,Kia Motors,KSPRT,,247,
251.0,Sean,Elliott,San Antonio Spurs,All-Rookie Team,2.0,1989-90,,,1610612759,Award,Kia Motors,KIART,,251,
251.0,Sean,Elliott,,NBA All-Star,,1992-93,,,,Award,All-Star,,,251,
251.0,Sean,Elliott,,NBA All-Star,,1995-96,,,,Award,All-Star,,,251,
251.0,Sean,Elliott,San Antonio Spurs,NBA Champion,,1998-99,,,,Award,Champion,,,251,
251.0,Sean,Elliott,San Antonio Spurs,NBA Player of the Week,,1992-93,,1992-12-27T00:00:00,,Award,Kia Motors,KIPWK,,251,
252.0,Karl,Malone,Utah Jazz,All-Defensive Team,2.0,1987-88,,,1610612762,Award,Kia Motors,KIADT,,252,
252.0,Karl,Malone,Utah Jazz,All-Defensive Team,1.0,1996-97,,,1610612762,Award,Kia Motors,KIADT,,252,
252.0,Karl,Malone,Utah Jazz,All-Defensive Team,1.0,1997-98,,,1610612762,Award,Kia Motors,KIADT,,252,
252.0,Karl,Malone,Utah Jazz,All-Defensive Team,1.0,1998-99,,,1610612762,Award,Kia Motors,KIADT,,252,
252.0,Karl,Malone,Utah Jazz,All-NBA,2.0,1987-88,,,1610612762,Award,Kia Motors,KIANT,,252,
252.0,Karl,Malone,Utah Jazz,All-NBA,1.0,1988-89,,,1610612762,Award,Kia Motors,KIANT,,252,
252.0,Karl,Malone,Utah Jazz,All-NBA,1.0,1989-90,,,1610612762,Award,Kia Motors,KIANT,,252,
252.0,Karl,Malone,Utah Jazz,All-NBA,1.0,1990-91,,,1610612762,Award,Kia Motors,KIANT,,252,
252.0,Karl,Malone,Utah Jazz,All-NBA,1.0,1991-92,,,1610612762,Award,Kia Motors,KIANT,,252,
252.0,Karl,Malone,Utah Jazz,All-NBA,1.0,1992-93,,,1610612762,Award,Kia Motors,KIANT,,252,
252.0,Karl,Malone,Utah Jazz,All-NBA,1.0,1993-94,,,1610612762,Award,Kia Motors,KIANT,,252,
252.0,Karl,Malone,Utah Jazz,All-NBA,1.0,1994-95,,,1610612762,Award,Kia Motors,KIANT,,252,
252.0,Karl,Malone,Utah Jazz,All-NBA,1.0,1995-96,,,1610612762,Award,Kia Motors,KIANT,,252,
252.0,Karl,Malone,Utah Jazz,All-NBA,1.0,1996-97,,,1610612762,Award,Kia Motors,KIANT,,252,
252.0,Karl,Malone,Utah Jazz,All-NBA,1.0,1997-98,,,1610612762,Award,Kia Motors,KIANT,,252,
252.0,Karl,Malone,Utah Jazz,All-NBA,1.0,1998-99,,,1610612762,Award,Kia Motors,KIANT,,252,
252.0,Karl,Malone,Utah Jazz,All-NBA,2.0,1999-00,,,1610612762,Award,Kia Motors,KIANT,,252,
252.0,Karl,Malone,Utah Jazz,All-NBA,3.0,2000-01,,,1610612762,Award,Kia Motors,KIANT,,252,
252.0,Karl,Malone,Utah Jazz,All-Rookie Team,1.0,1985-86,,,1610612762,Award,Kia Motors,KIART,,252,
252.0,Karl,Malone,,Hall of Fame Inductee,,2010,,,,Award,Hall of Fame,,,252,
252.0,Karl,Malone,Utah Jazz,IBM Award,,1997-98,,,,Award,IBM,IBMAW,,252,
252.0,Karl,Malone,,NBA All-Star,,1987-88,,,,Award,All-Star,,,252,
252.0,Karl,Malone,,NBA All-Star,,1988-89,,,,Award,All-Star,,,252,
252.0,Karl,Malone,,NBA All-Star,,1989-90,,,,Award,All-Star,,,252,
252.0,Karl,Malone,,NBA All-Star,,1990-91,,,,Award,All-Star,,,252,
252.0,Karl,Malone,,NBA All-Star,,1991-92,,,,Award,All-Star,,,252,
252.0,Karl,Malone,,NBA All-Star,,1992-93,,,,Award,All-Star,,,252,
252.0,Karl,Malone,,NBA All-Star,,1993-94,,,,Award,All-Star,,,252,
252.0,Karl,Malone,,NBA All-Star,,1994-95,,,,Award,All-Star,,,252,
252.0,Karl,Malone,,NBA All-Star,,1995-96,,,,Award,All-Star,,,252,
252.0,Karl,Malone,,NBA All-Star,,1996-97,,,,Award,All-Star,,,252,
252.0,Karl,Malone,,NBA All-Star,,1997-98,,,,Award,All-Star,,,252,
252.0,Karl,Malone,,NBA All-Star,,1999-00,,,,Award,All-Star,,,252,
252.0,Karl,Malone,,NBA All-Star,,2000-01,,,,Award,All-Star,,,252,
252.0,Karl,Malone,,NBA All-Star,,2001-02,,,,Award,All-Star,,,252,
252.0,Karl,Malone,Utah Jazz,NBA All-Star Most Valuable Player,,1988-89,,,,Award,Kia Motors,KAMVP,,252,
252.0,Karl,Malone,Utah Jazz,NBA All-Star Most Valuable Player,,1992-93,,,,Award,Kia Motors,KAMVP,,252,
252.0,Karl,Malone,Utah Jazz,NBA Most Valuable Player,,1996-97,,,,Award,Kia Motors,KIMVP,,252,
252.0,Karl,Malone,Utah Jazz,NBA Most Valuable Player,,1998-99,,,,Award,Kia Motors,KIMVP,,252,
252.0,Karl,Malone,Utah Jazz,NBA Player of the Month,,1987-88,03/01/1988,,,Award,Kia Motors,KIPMO,,252,
252.0,Karl,Malone,Utah Jazz,NBA Player of the Month,,1989-90,01/01/1990,,,Award,Kia Motors,KIPMO,,252,
252.0,Karl,Malone,Utah Jazz,NBA Player of the Month,,1990-91,12/01/1990,,,Award,Kia Motors,KIPMO,,252,
252.0,Karl,Malone,Utah Jazz,NBA Player of the Month,,1994-95,04/01/1995,,,Award,Kia Motors,KIPMO,,252,
252.0,Karl,Malone,Utah Jazz,NBA Player of the Month,,1996-97,03/01/1997,,,Award,Kia Motors,KIPMO,,252,
252.0,Karl,Malone,Utah Jazz,NBA Player of the Month,,1997-98,02/01/1998,,,Award,Kia Motors,KIPMO,,252,
252.0,Karl,Malone,Utah Jazz,NBA Player of the Month,,2000-01,11/01/2000,,,Award,Kia Motors,KIPMO,,252,
252.0,Karl,Malone,Utah Jazz,NBA Player of the Week,,1986-87,,1987-03-15T00:00:00,,Award,Kia Motors,KIPWK,,252,
252.0,Karl,Malone,Utah Jazz,NBA Player of the Week,,1987-88,,1988-01-03T00:00:00,,Award,Kia Motors,KIPWK,,252,
252.0,Karl,Malone,Utah Jazz,NBA Player of the Week,,1987-88,,1988-04-24T00:00:00,,Award,Kia Motors,KIPWK,,252,
252.0,Karl,Malone,Utah Jazz,NBA Player of the Week,,1988-89,,1989-04-16T00:00:00,,Award,Kia Motors,KIPWK,,252,
252.0,Karl,Malone,Utah Jazz,NBA Player of the Week,,1989-90,,1989-12-30T00:00:00,,Award,Kia Motors,KIPWK,,252,
252.0,Karl,Malone,Utah Jazz,NBA Player of the Week,,1989-90,,1990-01-28T00:00:00,,Award,Kia Motors,KIPWK,,252,
252.0,Karl,Malone,Utah Jazz,NBA Player of the Week,,1991-92,,1992-03-08T00:00:00,,Award,Kia Motors,KIPWK,,252,
252.0,Karl,Malone,Utah Jazz,NBA Player of the Week,,1991-92,,1992-04-19T00:00:00,,Award,Kia Motors,KIPWK,,252,
252.0,Karl,Malone,Utah Jazz,NBA Player of the Week,,1992-93,,1993-01-31T00:00:00,,Award,Kia Motors,KIPWK,,252,
252.0,Karl,Malone,Utah Jazz,NBA Player of the Week,,1993-94,,1993-12-19T00:00:00,,Award,Kia Motors,KIPWK,,252,
252.0,Karl,Malone,Utah Jazz,NBA Player of the Week,,1994-95,,1994-12-18T00:00:00,,Award,Kia Motors,KIPWK,,252,
252.0,Karl,Malone,Utah Jazz,NBA Player of the Week,,1994-95,,1995-04-23T00:00:00,,Award,Kia Motors,KIPWK,,252,
252.0,Karl,Malone,Utah Jazz,NBA Player of the Week,,1995-96,,1995-12-31T00:00:00,,Award,Kia Motors,KIPWK,,252,
252.0,Karl,Malone,Utah Jazz,NBA Player of the Week,,1996-97,,1996-11-24T00:00:00,,Award,Kia Motors,KIPWK,,252,
252.0,Karl,Malone,Utah Jazz,NBA Player of the Week,,1996-97,,1997-03-16T00:00:00,,Award,Kia Motors,KIPWK,,252,
252.0,Karl,Malone,Utah Jazz,NBA Player of the Week,,1996-97,,1997-03-23T00:00:00,,Award,Kia Motors,KIPWK,,252,
252.0,Karl,Malone,Utah Jazz,NBA Player of the Week,,1997-98,,1997-11-30T00:00:00,,Award,Kia Motors,KIPWK,,252,
252.0,Karl,Malone,Utah Jazz,NBA Player of the Week,,1997-98,,1998-02-15T00:00:00,,Award,Kia Motors,KIPWK,,252,
252.0,Karl,Malone,Utah Jazz,NBA Player of the Week,,1997-98,,1998-03-08T00:00:00,,Award,Kia Motors,KIPWK,,252,
252.0,Karl,Malone,Utah Jazz,NBA Player of the Week,,1998-99,,1999-04-11T00:00:00,,Award,Kia Motors,KIPWK,,252,
252.0,Karl,Malone,Utah Jazz,NBA Player of the Week,,1999-00,,2000-03-06T00:00:00,,Award,Kia Motors,KIPWK,,252,
252.0,Karl,Malone,Utah Jazz,NBA Player of the Week,,2000-01,,2000-11-06T00:00:00,,Award,Kia Motors,KIPWK,,252,
252.0,Karl,Malone,Utah Jazz,NBA Player of the Week,,2001-02,,2002-02-17T00:00:00,West,Award,Kia Motors,KIPWK,,252,
252.0,Karl,Malone,Utah Jazz,NBA Rookie of the Month,,1985-86,12/01/1985,,,Award,Kia Motors,KIRMO,,252,
252.0,Karl,Malone,Utah Jazz,NBA Sporting News Most Valuable Player of the Year,,1998-99,,,,Award,Sporting News,SNMVP,,252,
252.0,Karl,Malone,USA,Olympic Gold Medal,,1992,,,,Award,Olympic,Gold,,252,
252.0,Karl,Malone,USA,Olympic Gold Medal,,1996,,,,Award,Olympic,Gold,,252,
255.0,Grant,Hill,Detroit Pistons,All-NBA,2.0,1995-96,,,1610612765,Award,Kia Motors,KIANT,,255,
255.0,Grant,Hill,Detroit Pistons,All-NBA,1.0,1996-97,,,1610612765,Award,Kia Motors,KIANT,,255,
255.0,Grant,Hill,Detroit Pistons,All-NBA,2.0,1997-98,,,1610612765,Award,Kia Motors,KIANT,,255,
255.0,Grant,Hill,Detroit Pistons,All-NBA,2.0,1998-99,,,1610612765,Award,Kia Motors,KIANT,,255,
255.0,Grant,Hill,Detroit Pistons,All-NBA,2.0,1999-00,,,1610612765,Award,Kia Motors,KIANT,,255,
255.0,Grant,Hill,Detroit Pistons,All-Rookie Team,1.0,1994-95,,,1610612765,Award,Kia Motors,KIART,,255,
255.0,Grant,Hill,,Hall of Fame Inductee,,2018,,,,Award,Hall of Fame,,,255,
255.0,Grant,Hill,Detroit Pistons,IBM Award,,1996-97,,,,Award,IBM,IBMAW,,255,
255.0,Grant,Hill,,NBA All-Star,,1994-95,,,,Award,All-Star,,,255,
255.0,Grant,Hill,,NBA All-Star,,1995-96,,,,Award,All-Star,,,255,
255.0,Grant,Hill,,NBA All-Star,,1996-97,,,,Award,All-Star,,,255,
255.0,Grant,Hill,,NBA All-Star,,1997-98,,,,Award,All-Star,,,255,
255.0,Grant,Hill,,NBA All-Star,,1999-00,,,,Award,All-Star,,,255,
255.0,Grant,Hill,,NBA All-Star,,2000-01,,,,Award,All-Star,,,255,
255.0,Grant,Hill,,NBA All-Star,,2004-05,,,,Award,All-Star,,,255,
255.0,Grant,Hill,Detroit Pistons,NBA Player of the Month,,1996-97,01/01/1997,,,Award,Kia Motors,KIPMO,,255,
255.0,Grant,Hill,Detroit Pistons,NBA Player of the Week,,1995-96,,1996-03-17T00:00:00,,Award,Kia Motors,KIPWK,,255,
255.0,Grant,Hill,Detroit Pistons,NBA Player of the Week,,1996-97,,1997-01-19T00:00:00,,Award,Kia Motors,KIPWK,,255,
255.0,Grant,Hill,Detroit Pistons,NBA Player of the Week,,1996-97,,1997-04-06T00:00:00,,Award,Kia Motors,KIPWK,,255,
255.0,Grant,Hill,Detroit Pistons,NBA Player of the Week,,1998-99,,1999-05-02T00:00:00,,Award,Kia Motors,KIPWK,,255,
255.0,Grant,Hill,Detroit Pistons,NBA Player of the Week,,1999-00,,2000-01-10T00:00:00,,Award,Kia Motors,KIPWK,,255,
255.0,Grant,Hill,Orlando Magic,NBA Player of the Week,,2004-05,,2004-11-21T00:00:00,East,Award,Kia Motors,KIPWK,,255,
255.0,Grant,Hill,Detroit Pistons,NBA Rookie of the Month,,1994-95,11/01/1994,,,Award,Kia Motors,KIRMO,,255,
255.0,Grant,Hill,Detroit Pistons,NBA Rookie of the Year,,1994-95,,,,Award,Kia Motors,KIROY,,255,
255.0,Grant,Hill,Detroit Pistons,NBA Sporting News Rookie of the Year,,1994-95,,,,Award,Sporting News,SNROY,,255,
255.0,Grant,Hill,Orlando Magic,NBA Sportsmanship,,2004-05,,,,Award,Kia Motors,KSPRT,,255,
255.0,Grant,Hill,Phoenix Suns,NBA Sportsmanship,,2007-08,,,,Award,Kia Motors,KSPRT,,255,
255.0,Grant,Hill,Phoenix Suns,NBA Sportsmanship,,2009-10,,,,Award,Kia Motors,KSPRT,,255,
255.0,Grant,Hill,USA,Olympic Gold Medal,,1996,,,,Award,Olympic,Gold,,255,
258.0,Brian,Grant,Sacramento Kings,All-Rookie Team,1.0,1994-95,,,1610612758,Award,Kia Motors,KIART,,258,
258.0,Brian,Grant,Portland Trail Blazers,J. Walter Kennedy Citizenship,,1998-99,,,,Award,Kia Motors,KIWKC,,258,
258.0,Brian,Grant,Sacramento Kings,NBA Rookie of the Month,,1994-95,01/01/1995,,,Award,Kia Motors,KIRMO,,258,
270.0,Horace,Grant,Chicago Bulls,All-Defensive Team,2.0,1992-93,,,1610612741,Award,Kia Motors,KIADT,,270,
270.0,Horace,Grant,Chicago Bulls,All-Defensive Team,2.0,1993-94,,,1610612741,Award,Kia Motors,KIADT,,270,
270.0,Horace,Grant,Orlando Magic,All-Defensive Team,2.0,1994-95,,,1610612753,Award,Kia Motors,KIADT,,270,
270.0,Horace,Grant,Orlando Magic,All-Defensive Team,2.0,1995-96,,,1610612753,Award,Kia Motors,KIADT,,270,
270.0,Horace,Grant,,NBA All-Star,,1993-94,,,,Award,All-Star,,,270,
270.0,Horace,Grant,Chicago Bulls,NBA Champion,,1990-91,,,,Award,Champion,,,270,
270.0,Horace,Grant,Chicago Bulls,NBA Champion,,1991-92,,,,Award,Champion,,,270,
270.0,Horace,Grant,Chicago Bulls,NBA Champion,,1992-93,,,,Award,Champion,,,270,
270.0,Horace,Grant,Los Angeles Lakers,NBA Champion,,2000-01,,,,Award,Champion,,,270,
275.0,Allan,Houston,,NBA All-Star,,1999-00,,,,Award,All-Star,,,275,
275.0,Allan,Houston,,NBA All-Star,,2000-01,,,,Award,All-Star,,,275,
275.0,Allan,Houston,New York Knicks,NBA Player of the Week,,2002-03,,2003-02-16T00:00:00,East,Award,Kia Motors,KIPWK,,275,
275.0,Allan,Houston,USA,Olympic Gold Medal,,2000,,,,Award,Olympic,Gold,,275,
278.0,Stacey,Augmon,Atlanta Hawks,All-Rookie Team,1.0,1991-92,,,1610612737,Award,Kia Motors,KIART,,278,
278.0,Stacey,Augmon,Atlanta Hawks,NBA Rookie of the Month,,1991-92,04/01/1992,,,Award,Kia Motors,KIRMO,,278,
278.0,Stacey,Augmon,USA,Olympic Bronze Medal,,1988,,,,Award,Olympic,Bronze,,278,
280.0,Felton,Spencer,Minnesota Timberwolves,All-Rookie Team,2.0,1990-91,,,1610612750,Award,Kia Motors,KIART,,280,
281.0,Scott,Williams,Chicago Bulls,NBA Champion,,1990-91,,,,Award,Champion,,,281,
281.0,Scott,Williams,Chicago Bulls,NBA Champion,,1991-92,,,,Award,Champion,,,281,
281.0,Scott,Williams,Chicago Bulls,NBA Champion,,1992-93,,,,Award,Champion,,,281,
283.0,Lindsey,Hunter,Detroit Pistons,All-Rookie Team,2.0,1993-94,,,1610612765,Award,Kia Motors,KIART,,283,
283.0,Lindsey,Hunter,Los Angeles Lakers,NBA Champion,,2001-02,,,,Award,Champion,,,283,
283.0,Lindsey,Hunter,Detroit Pistons,NBA Champion,,2003-04,,,,Award,Champion,,,283,
288.0,Armon,Gilliam,Phoenix Suns,All-Rookie Team,1.0,1987-88,,,1610612756,Award,Kia Motors,KIART,,288,
288.0,Armon,Gilliam,New Jersey Nets,NBA Player of the Week,,1995-96,,1996-02-18T00:00:00,,Award,Kia Motors,KIPWK,,288,
293.0,Charles,Smith,Los Angeles Clippers,All-Rookie Team,1.0,1988-89,,,1610612746,Award,Kia Motors,KIART,,293,
293.0,Charles E.,Smith,USA,Olympic Bronze Medal,,1988,,,,Award,Olympic,Bronze,,293,
296.0,Rick,Fox,Boston Celtics,All-Rookie Team,2.0,1991-92,,,1610612738,Award,Kia Motors,KIART,,296,
296.0,Rick,Fox,Los Angeles Lakers,NBA Champion,,1999-00,,,,Award,Champion,,,296,
296.0,Rick,Fox,Los Angeles Lakers,NBA Champion,,2000-01,,,,Award,Champion,,,296,
296.0,Rick,Fox,Los Angeles Lakers,NBA Champion,,2001-02,,,,Award,Champion,,,296,
297.0,Alanzo,Mourning,USA,Olympic Gold Medal,,2000,,,,Award,Olympic,Gold,,297,
297.0,Alonzo,Mourning,Miami Heat,All-Defensive Team,1.0,1998-99,,,1610612748,Award,Kia Motors,KIADT,,297,
297.0,Alonzo,Mourning,Miami Heat,All-Defensive Team,1.0,1999-00,,,1610612748,Award,Kia Motors,KIADT,,297,
297.0,Alonzo,Mourning,Miami Heat,All-NBA,1.0,1998-99,,,1610612748,Award,Kia Motors,KIANT,,297,
297.0,Alonzo,Mourning,Miami Heat,All-NBA,2.0,1999-00,,,1610612748,Award,Kia Motors,KIANT,,297,
297.0,Alonzo,Mourning,Charlotte Hornets,All-Rookie Team,1.0,1992-93,,,1610612740,Award,Kia Motors,KIART,,297,
297.0,Alonzo,Mourning,,Hall of Fame Inductee,,2014,,,,Award,Hall of Fame,,,297,
297.0,Alonzo,Mourning,Miami Heat,J. Walter Kennedy Citizenship,,2001-02,,,,Award,Kia Motors,KIWKC,,297,
297.0,Alonzo,Mourning,,NBA All-Star,,1993-94,,,,Award,All-Star,,,297,
297.0,Alonzo,Mourning,,NBA All-Star,,1994-95,,,,Award,All-Star,,,297,
297.0,Alonzo,Mourning,,NBA All-Star,,1995-96,,,,Award,All-Star,,,297,
297.0,Alonzo,Mourning,,NBA All-Star,,1996-97,,,,Award,All-Star,,,297,
297.0,Alonzo,Mourning,,NBA All-Star,,1999-00,,,,Award,All-Star,,,297,
297.0,Alonzo,Mourning,,NBA All-Star,,2000-01,,,,Award,All-Star,,,297,
297.0,Alonzo,Mourning,,NBA All-Star,,2001-02,,,,Award,All-Star,,,297,
297.0,Alonzo,Mourning,Miami Heat,NBA Champion,,2005-06,,,,Award,Champion,,,297,
297.0,Alonzo,Mourning,Miami Heat,NBA Defensive Player of the Year,,1998-99,,,,Award,Kia Motors,KDPYR,,297,
297.0,Alonzo,Mourning,Miami Heat,NBA Defensive Player of the Year,,1999-00,,,,Award,Kia Motors,KDPYR,,297,
297.0,Alonzo,Mourning,Miami Heat,NBA Player of the Month,,1999-00,12/01/1999,,,Award,Kia Motors,KIPMO,,297,
297.0,Alonzo,Mourning,New Orleans Hornets,NBA Player of the Week,,1992-93,,1993-04-18T00:00:00,,Award,Kia Motors,KIPWK,,297,
297.0,Alonzo,Mourning,Miami Heat,NBA Player of the Week,,1996-97,,1997-02-16T00:00:00,,Award,Kia Motors,KIPWK,,297,
297.0,Alonzo,Mourning,Miami Heat,NBA Player of the Week,,1997-98,,1998-03-29T00:00:00,,Award,Kia Motors,KIPWK,,297,
297.0,Alonzo,Mourning,Miami Heat,NBA Player of the Week,,1998-99,,1999-03-14T00:00:00,,Award,Kia Motors,KIPWK,,297,
297.0,Alonzo,Mourning,Miami Heat,NBA Player of the Week,,1999-00,,1999-12-13T00:00:00,,Award,Kia Motors,KIPWK,,297,
297.0,Alonzo,Mourning,Miami Heat,NBA Player of the Week,,1999-00,,2000-04-10T00:00:00,,Award,Kia Motors,KIPWK,,297,
297.0,Alonzo,Mourning,Charlotte Hornets,NBA Rookie of the Month,,1992-93,03/01/1993,,,Award,Kia Motors,KIRMO,,297,
297.0,Alonzo,Mourning,Charlotte Hornets,NBA Rookie of the Month,,1992-93,04/01/1993,,,Award,Kia Motors,KIRMO,,297,
299.0,Glenn,Robinson,Milwaukee Bucks,All-Rookie Team,1.0,1994-95,,,1610612749,Award,Kia Motors,KIART,,299,
299.0,Glenn,Robinson,,NBA All-Star,,1999-00,,,,Award,All-Star,,,299,
299.0,Glenn,Robinson,,NBA All-Star,,2000-01,,,,Award,All-Star,,,299,
299.0,Glenn,Robinson,San Antonio Spurs,NBA Champion,,2004-05,,,,Award,Champion,,,299,
299.0,Glenn,Robinson,Milwaukee Bucks,NBA Player of the Week,,1996-97,,1997-01-12T00:00:00,,Award,Kia Motors,KIPWK,,299,
299.0,Glenn,Robinson,Milwaukee Bucks,NBA Player of the Week,,2000-01,,2000-12-17T00:00:00,,Award,Kia Motors,KIPWK,,299,
299.0,Glenn,Robinson,Atlanta Hawks,NBA Player of the Week,,2002-03,,2002-11-03T00:00:00,East,Award,Kia Motors,KIPWK,,299,
299.0,Glenn,Robinson,Milwaukee Bucks,NBA Rookie of the Month,,1994-95,04/01/1995,,,Award,Kia Motors,KIRMO,,299,
299.0,Glenn,Robinson,Milwaukee Bucks,NBA Rookie of the Month,,1994-95,12/01/1994,,,Award,Kia Motors,KIRMO,,299,
302.0,Mookie,Blaylock,Atlanta Hawks,All-Defensive Team,1.0,1993-94,,,1610612737,Award,Kia Motors,KIADT,,302,
302.0,Mookie,Blaylock,Atlanta Hawks,All-Defensive Team,1.0,1994-95,,,1610612737,Award,Kia Motors,KIADT,,302,
302.0,Mookie,Blaylock,Atlanta Hawks,All-Defensive Team,2.0,1995-96,,,1610612737,Award,Kia Motors,KIADT,,302,
302.0,Mookie,Blaylock,Atlanta Hawks,All-Defensive Team,2.0,1996-97,,,1610612737,Award,Kia Motors,KIADT,,302,
302.0,Mookie,Blaylock,Atlanta Hawks,All-Defensive Team,2.0,1997-98,,,1610612737,Award,Kia Motors,KIADT,,302,
302.0,Mookie,Blaylock,Atlanta Hawks,All-Defensive Team,2.0,1998-99,,,1610612737,Award,Kia Motors,KIADT,,302,
302.0,Mookie,Blaylock,,NBA All-Star,,1993-94,,,,Award,All-Star,,,302,
302.0,Mookie,Blaylock,New Jersey Nets,NBA Player of the Week,,1991-92,,1992-04-05T00:00:00,,Award,Kia Motors,KIPWK,,302,
304.0,John,Stockton,Utah Jazz,All-Defensive Team,2.0,1988-89,,,1610612762,Award,Kia Motors,KIADT,,304,
304.0,John,Stockton,Utah Jazz,All-Defensive Team,2.0,1990-91,,,1610612762,Award,Kia Motors,KIADT,,304,
304.0,John,Stockton,Utah Jazz,All-Defensive Team,2.0,1991-92,,,1610612762,Award,Kia Motors,KIADT,,304,
304.0,John,Stockton,Utah Jazz,All-Defensive Team,2.0,1994-95,,,1610612762,Award,Kia Motors,KIADT,,304,
304.0,John,Stockton,Utah Jazz,All-Defensive Team,2.0,1996-97,,,1610612762,Award,Kia Motors,KIADT,,304,
304.0,John,Stockton,Utah Jazz,All-NBA,2.0,1987-88,,,1610612762,Award,Kia Motors,KIANT,,304,
304.0,John,Stockton,Utah Jazz,All-NBA,2.0,1988-89,,,1610612762,Award,Kia Motors,KIANT,,304,
304.0,John,Stockton,Utah Jazz,All-NBA,2.0,1989-90,,,1610612762,Award,Kia Motors,KIANT,,304,
304.0,John,Stockton,Utah Jazz,All-NBA,3.0,1990-91,,,1610612762,Award,Kia Motors,KIANT,,304,
304.0,John,Stockton,Utah Jazz,All-NBA,2.0,1991-92,,,1610612762,Award,Kia Motors,KIANT,,304,
304.0,John,Stockton,Utah Jazz,All-NBA,2.0,1992-93,,,1610612762,Award,Kia Motors,KIANT,,304,
304.0,John,Stockton,Utah Jazz,All-NBA,1.0,1993-94,,,1610612762,Award,Kia Motors,KIANT,,304,
304.0,John,Stockton,Utah Jazz,All-NBA,1.0,1994-95,,,1610612762,Award,Kia Motors,KIANT,,304,
304.0,John,Stockton,Utah Jazz,All-NBA,2.0,1995-96,,,1610612762,Award,Kia Motors,KIANT,,304,
304.0,John,Stockton,Utah Jazz,All-NBA,3.0,1996-97,,,1610612762,Award,Kia Motors,KIANT,,304,
304.0,John,Stockton,Utah Jazz,All-NBA,3.0,1998-99,,,1610612762,Award,Kia Motors,KIANT,,304,
304.0,John,Stockton,,Hall of Fame Inductee,,2009,,,,Award,Hall of Fame,,,304,
304.0,John,Stockton,,NBA All-Star,,1988-89,,,,Award,All-Star,,,304,
304.0,John,Stockton,,NBA All-Star,,1989-90,,,,Award,All-Star,,,304,
304.0,John,Stockton,,NBA All-Star,,1990-91,,,,Award,All-Star,,,304,
304.0,John,Stockton,,NBA All-Star,,1991-92,,,,Award,All-Star,,,304,
304.0,John,Stockton,,NBA All-Star,,1992-93,,,,Award,All-Star,,,304,
304.0,John,Stockton,,NBA All-Star,,1993-94,,,,Award,All-Star,,,304,
304.0,John,Stockton,,NBA All-Star,,1994-95,,,,Award,All-Star,,,304,
304.0,John,Stockton,,NBA All-Star,,1995-96,,,,Award,All-Star,,,304,
304.0,John,Stockton,,NBA All-Star,,1996-97,,,,Award,All-Star,,,304,
304.0,John,Stockton,,NBA All-Star,,1999-00,,,,Award,All-Star,,,304,
304.0,John,Stockton,Utah Jazz,NBA All-Star Most Valuable Player,,1992-93,,,,Award,Kia Motors,KAMVP,,304,
304.0,John,Stockton,Utah Jazz,NBA Player of the Month,,1987-88,02/01/1988,,,Award,Kia Motors,KIPMO,,304,
304.0,John,Stockton,Utah Jazz,NBA Player of the Week,,1987-88,,1988-02-21T00:00:00,,Award,Kia Motors,KIPWK,,304,
304.0,John,Stockton,Utah Jazz,NBA Player of the Week,,1989-90,,1989-11-19T00:00:00,,Award,Kia Motors,KIPWK,,304,
304.0,John,Stockton,Utah Jazz,NBA Player of the Week,,1990-91,,1990-12-09T00:00:00,,Award,Kia Motors,KIPWK,,304,
304.0,John,Stockton,Utah Jazz,NBA Player of the Week,,1991-92,,1992-02-16T00:00:00,,Award,Kia Motors,KIPWK,,304,
304.0,John,Stockton,Utah Jazz,NBA Player of the Week,,1994-95,,1995-01-29T00:00:00,,Award,Kia Motors,KIPWK,,304,
304.0,John,Stockton,Utah Jazz,NBA Player of the Week,,2000-01,,2000-11-06T00:00:00,,Award,Kia Motors,KIPWK,,304,
304.0,John,Stockton,USA,Olympic Gold Medal,,1992,,,,Award,Olympic,Gold,,304,
304.0,John,Stockton,USA,Olympic Gold Medal,,1996,,,,Award,Olympic,Gold,,304,
305.0,Robert,Parish,Boston Celtics,All-NBA,2.0,1981-82,,,1610612738,Award,Kia Motors,KIANT,,305,
305.0,Robert,Parish,Boston Celtics,All-NBA,3.0,1988-89,,,1610612738,Award,Kia Motors,KIANT,,305,
305.0,Robert,Parish,,Hall of Fame Inductee,,2003,,,,Award,Hall of Fame,,,305,
305.0,Robert,Parish,,NBA All-Star,,1980-81,,,,Award,All-Star,,,305,
305.0,Robert,Parish,,NBA All-Star,,1981-82,,,,Award,All-Star,,,305,
305.0,Robert,Parish,,NBA All-Star,,1982-83,,,,Award,All-Star,,,305,
305.0,Robert,Parish,,NBA All-Star,,1983-84,,,,Award,All-Star,,,305,
305.0,Robert,Parish,,NBA All-Star,,1984-85,,,,Award,All-Star,,,305,
305.0,Robert,Parish,,NBA All-Star,,1985-86,,,,Award,All-Star,,,305,
305.0,Robert,Parish,,NBA All-Star,,1986-87,,,,Award,All-Star,,,305,
305.0,Robert,Parish,,NBA All-Star,,1989-90,,,,Award,All-Star,,,305,
305.0,Robert,Parish,,NBA All-Star,,1990-91,,,,Award,All-Star,,,305,
305.0,Robert,Parish,Boston Celtics,NBA Champion,,1980-81,,,,Award,Champion,,,305,
305.0,Robert,Parish,Boston Celtics,NBA Champion,,1983-84,,,,Award,Champion,,,305,
305.0,Robert,Parish,Boston Celtics,NBA Champion,,1985-86,,,,Award,Champion,,,305,
305.0,Robert,Parish,Chicago Bulls,NBA Champion,,1996-97,,,,Award,Champion,,,305,
305.0,Robert,Parish,Boston Celtics,NBA Player of the Week,,1980-81,,1980-11-30T00:00:00,,Award,Kia Motors,KIPWK,,305,
305.0,Robert,Parish,Boston Celtics,NBA Player of the Week,,1981-82,,1982-03-21T00:00:00,,Award,Kia Motors,KIPWK,,305,
305.0,Robert,Parish,Boston Celtics,NBA Player of the Week,,1986-87,,1986-11-16T00:00:00,,Award,Kia Motors,KIPWK,,305,
305.0,Robert,Parish,Boston Celtics,NBA Player of the Week,,1998-99,,1988-12-18T00:00:00,,Award,Kia Motors,KIPWK,,305,
313.0,Vern,Fleming,Indiana Pacers,NBA Player of the Week,,1989-90,,1989-11-12T00:00:00,,Award,Kia Motors,KIPWK,,313,
313.0,Vern,Fleming,USA,Olympic Gold Medal,,1984,,,,Award,Olympic,Gold,,313,
317.0,John,Starks,New York Knicks,All-Defensive Team,2.0,1992-93,,,1610612752,Award,Kia Motors,KIADT,,317,
317.0,John,Starks,,NBA All-Star,,1993-94,,,,Award,All-Star,,,317,
317.0,John,Starks,New York Knicks,NBA Sixth Man of the Year,,1996-97,,,,Award,Sporting News,KISMY,,317,
323.0,Greg,Foster,Los Angeles Lakers,NBA Champion,,2000-01,,,,Award,Champion,,,323,
328.0,Rick,Mahorn,Philadelphia 76ers,All-Defensive Team,2.0,1989-90,,,1610612755,Award,Kia Motors,KIADT,,328,
328.0,Rick,Mahorn,Detroit Pistons,NBA Champion,,1988-89,,,,Award,Champion,,,328,
330.0,Danny,Manning,,NBA All-Star,,1992-93,,,,Award,All-Star,,,330,
330.0,Danny,Manning,,NBA All-Star,,1993-94,,,,Award,All-Star,,,330,
330.0,Danny,Manning,Los Angeles Clippers,NBA Player of the Week,,1991-92,,1992-03-01T00:00:00,,Award,Kia Motors,KIPWK,,330,
330.0,Danny,Manning,Phoenix Suns,NBA Sixth Man of the Year,,1997-98,,,,Award,Kia Motors,KISMY,,330,
330.0,Danny,Manning,USA,Olympic Bronze Medal,,1988,,,,Award,Olympic,Bronze,,330,
335.0,Willie,Anderson,San Antonio Spurs,All-Rookie Team,1.0,1988-89,,,1610612759,Award,Kia Motors,KIART,,335,
335.0,Willie,Anderson,San Antonio Spurs,NBA Rookie of the Month,,1988-89,11/01/1988,,,Award,Kia Motors,KIRMO,,335,
335.0,Willie,Anderson,USA,Olympic Bronze Medal,,1988,,,,Award,Olympic,Bronze,,335,
339.0,Tom,Gugliotta,Washington Bullets,All-Rookie Team,1.0,1992-93,,,1610612764,Award,Kia Motors,KIART,,339,
339.0,Tom,Gugliotta,,NBA All-Star,,1996-97,,,,Award,All-Star,,,339,
344.0,Dana,Barros,,NBA All-Star,,1994-95,,,,Award,All-Star,,,344,
344.0,Dana,Barros,Philadelphia 76ers,NBA Most Improved Player,,1994-95,,,,Award,Kia Motors,KIMIP,,344,
345.0,Terry,Porter,Portland Trail Blazers,J. Walter Kennedy Citizenship,,1992-93,,,,Award,Kia Motors,KIWKC,,345,
345.0,Terry,Porter,,NBA All-Star,,1990-91,,,,Award,All-Star,,,345,
345.0,Terry,Porter,,NBA All-Star,,1992-93,,,,Award,All-Star,,,345,
349.0,Mark,Jackson,New York Knicks,All-Rookie Team,1.0,1987-88,,,1610612752,Award,Kia Motors,KIART,,349,
349.0,Mark,Jackson,,NBA All-Star,,1988-89,,,,Award,All-Star,,,349,
349.0,Mark,Jackson,New York Knicks,NBA Player of the Week,,1991-92,,1992-03-29T00:00:00,,Award,Kia Motors,KIPWK,,349,
349.0,Mark,Jackson,New York Knicks,NBA Rookie of the Month,,1987-88,02/01/1988,,,Award,Kia Motors,KIRMO,,349,
349.0,Mark,Jackson,New York Knicks,NBA Rookie of the Month,,1987-88,11/01/1987,,,Award,Kia Motors,KIRMO,,349,
349.0,Mark,Jackson,New York Knicks,NBA Rookie of the Month,,1987-88,12/01/1987,,,Award,Kia Motors,KIRMO,,349,
349.0,Mark,Jackson,New York Knicks,NBA Rookie of the Year,,1987-88,,,,Award,Kia Motors,KIROY,,349,
349.0,Mark,Jackson,New York Knicks,NBA Sporting News Rookie of the Year,,1987-88,,,,Award,Sporting News,SNROY,,349,
351.0,Stacey,King,Chicago Bulls,All-Rookie Team,2.0,1989-90,,,1610612741,Award,Kia Motors,KIART,,351,
351.0,Stacey,King,Chicago Bulls,NBA Champion,,1990-91,,,,Award,Champion,,,351,
351.0,Stacey,King,Chicago Bulls,NBA Champion,,1991-92,,,,Award,Champion,,,351,
351.0,Stacey,King,Chicago Bulls,NBA Champion,,1992-93,,,,Award,Champion,,,351,
353.0,Darrell,Armstrong,Orlando Magic,NBA Most Improved Player,,1998-99,,,,Award,Kia Motors,KIMIP,,353,
353.0,Darrell,Armstrong,Orlando Magic,NBA Player of the Week,,1998-99,,1999-03-28T00:00:00,,Award,Kia Motors,KIPWK,,353,
353.0,Darrell,Armstrong,Orlando Magic,NBA Player of the Week,,2000-01,,2001-02-04T00:00:00,,Award,Kia Motors,KIPWK,,353,
353.0,Darrell,Armstrong,Orlando Magic,NBA Sixth Man of the Year,,1998-99,,,,Award,Kia Motors,KISMY,,353,
356.0,Chris,Morris,New Jersey Nets,All-Rookie Team,2.0,1988-89,,,1610612751,Award,Kia Motors,KIART,,356,
358.0,Anfernee,Hardaway,Orlando Magic,All-NBA,1.0,1994-95,,,1610612753,Award,Kia Motors,KIANT,,358,
358.0,Anfernee,Hardaway,Orlando Magic,All-NBA,1.0,1995-96,,,1610612753,Award,Kia Motors,KIANT,,358,
358.0,Anfernee,Hardaway,Orlando Magic,All-NBA,3.0,1996-97,,,1610612753,Award,Kia Motors,KIANT,,358,
358.0,Anfernee,Hardaway,Orlando Magic,All-Rookie Team,1.0,1993-94,,,1610612753,Award,Kia Motors,KIART,,358,
358.0,Anfernee,Hardaway,,NBA All-Star,,1994-95,,,,Award,All-Star,,,358,
358.0,Anfernee,Hardaway,,NBA All-Star,,1995-96,,,,Award,All-Star,,,358,
358.0,Anfernee,Hardaway,,NBA All-Star,,1996-97,,,,Award,All-Star,,,358,
358.0,Anfernee,Hardaway,,NBA All-Star,,1997-98,,,,Award,All-Star,,,358,
358.0,Anfernee,Hardaway,Orlando Magic,NBA Player of the Month,,1995-96,11/01/1995,,,Award,Kia Motors,KIPMO,,358,
358.0,Anfernee,Hardaway,Orlando Magic,NBA Player of the Week,,1994-95,,1994-11-27T00:00:00,,Award,Kia Motors,KIPWK,,358,
358.0,Anfernee,Hardaway,Orlando Magic,NBA Player of the Week,,1995-96,,1995-11-12T00:00:00,,Award,Kia Motors,KIPWK,,358,
358.0,Anfernee,Hardaway,Orlando Magic,NBA Rookie of the Month,,1993-94,01/01/1994,,,Award,Kia Motors,KIRMO,,358,
358.0,Anfernee,Hardaway,Orlando Magic,NBA Rookie of the Month,,1993-94,04/01/1994,,,Award,Kia Motors,KIRMO,,358,
358.0,Anfernee,Hardaway,USA,Olympic Gold Medal,,1996,,,,Award,Olympic,Gold,,358,
359.0,Chucky,Brown,Houston Rockets,NBA Champion,,1994-95,,,,Award,Champion,,,359,
361.0,Clifford,Robinson,Phoenix Suns,All-Defensive Team,2.0,1999-00,,,1610612756,Award,Kia Motors,KIADT,,361,
361.0,Clifford,Robinson,Detroit Pistons,All-Defensive Team,2.0,2001-02,,,1610612765,Award,Kia Motors,KIADT,,361,
361.0,Clifford,Robinson,,NBA All-Star,,1993-94,,,,Award,All-Star,,,361,
361.0,Clifford,Robinson,Portland Trail Blazers,NBA Player of the Week,,1995-96,,1996-01-07T00:00:00,,Award,Kia Motors,KIPWK,,361,
361.0,Clifford,Robinson,Portland Trail Blazers,NBA Sixth Man of the Year,,1992-93,,,,Award,Sporting News,KISMY,,361,
363.0,Christian,Laettner,Minnesota Timberwolves,All-Rookie Team,1.0,1992-93,,,1610612750,Award,Kia Motors,KIART,,363,
363.0,Christian,Laettner,,NBA All-Star,,1996-97,,,,Award,All-Star,,,363,
363.0,Christian,Laettner,USA,Olympic Gold Medal,,1992,,,,Award,Olympic,Gold,,363,
364.0,Rex,Chapman,Charlotte Hornets,All-Rookie Team,2.0,1988-89,,,1610612740,Award,Kia Motors,KIART,,364,
365.0,Derrick,McKey,Indiana Pacers,All-Defensive Team,2.0,1994-95,,,1610612754,Award,Kia Motors,KIADT,,365,
365.0,Derrick,McKey,Indiana Pacers,All-Defensive Team,2.0,1995-96,,,1610612754,Award,Kia Motors,KIADT,,365,
365.0,Derrick,McKey,Seattle SuperSonics,All-Rookie Team,1.0,1987-88,,,1610612760,Award,Kia Motors,KIART,,365,
371.0,Terry,Mills,Detroit Pistons,NBA Player of the Week,,1996-97,,1996-12-08T00:00:00,,Award,Kia Motors,KIPWK,,371,
375.0,Isaiah,Rider,Minnesota Timberwolves,All-Rookie Team,1.0,1993-94,,,1610612750,Award,Kia Motors,KIART,,375,
376.0,Eric,Montross,Boston Celtics,All-Rookie Team,2.0,1994-95,,,1610612738,Award,Kia Motors,KIART,,376,
383.0,Kendall,Gill,Charlotte Hornets,All-Rookie Team,1.0,1990-91,,,1610612740,Award,Kia Motors,KIART,,383,
386.0,Elliot,Perry,Phoenix Suns,NBA Player of the Week,,1994-95,,1994-11-20T00:00:00,,Award,Kia Motors,KIPWK,,386,
389.0,Toni,Kukoc,Chicago Bulls,All-Rookie Team,2.0,1993-94,,,1610612741,Award,Kia Motors,KIART,,389,
389.0,Toni,Kukoc,Chicago Bulls,NBA Champion,,1995-96,,,,Award,Champion,,,389,
389.0,Toni,Kukoc,Chicago Bulls,NBA Champion,,1996-97,,,,Award,Champion,,,389,
389.0,Toni,Kukoc,Chicago Bulls,NBA Champion,,1997-98,,,,Award,Champion,,,389,
389.0,Toni,Kukoc,Chicago Bulls,NBA Sixth Man of the Year,,1995-96,,,,Award,Kia Motors,KISMY,,389,
389.0,Toni,Kukoc,Croatia,Olympic Appearance,,1996,,,,Award,Olympic,Appearance,,389,
389.0,Toni,Kukoc,Yugoslavia,Olympic Silver Medal,,1988,,,,Award,Olympic,Silver,,389,
389.0,Toni,Kukoc,Croatia,Olympic Silver Medal,,1992,,,,Award,Olympic,Silver,,389,
393.0,Rod,Strickland,Washington Wizards,All-NBA,2.0,1997-98,,,1610612764,Award,Kia Motors,KIANT,,393,
393.0,Rod,Strickland,New York Knicks,All-Rookie Team,2.0,1988-89,,,1610612752,Award,Kia Motors,KIART,,393,
393.0,Rod,Strickland,Portland Trail Blazers,NBA Player of the Week,,1994-95,,1995-02-26T00:00:00,,Award,Kia Motors,KIPWK,,393,
397.0,Reggie,Miller,Indiana Pacers,All-NBA,3.0,1994-95,,,1610612754,Award,Kia Motors,KIANT,,397,
397.0,Reggie,Miller,Indiana Pacers,All-NBA,3.0,1995-96,,,1610612754,Award,Kia Motors,KIANT,,397,
397.0,Reggie,Miller,Indiana Pacers,All-NBA,3.0,1997-98,,,1610612754,Award,Kia Motors,KIANT,,397,
397.0,Reggie,Miller,,Hall of Fame Inductee,,2012,,,,Award,Hall of Fame,,,397,
397.0,Reggie,Miller,Indiana Pacers,J. Walter Kennedy Citizenship,,2003-04,,,,Award,Kia Motors,KIWKC,,397,
397.0,Reggie,Miller,,NBA All-Star,,1989-90,,,,Award,All-Star,,,397,
397.0,Reggie,Miller,,NBA All-Star,,1994-95,,,,Award,All-Star,,,397,
397.0,Reggie,Miller,,NBA All-Star,,1995-96,,,,Award,All-Star,,,397,
397.0,Reggie,Miller,,NBA All-Star,,1997-98,,,,Award,All-Star,,,397,
397.0,Reggie,Miller,,NBA All-Star,,1999-00,,,,Award,All-Star,,,397,
397.0,Reggie,Miller,Indiana Pacers,NBA Player of the Week,,1990-91,,1991-02-24T00:00:00,,Award,Kia Motors,KIPWK,,397,
397.0,Reggie,Miller,Indiana Pacers,NBA Player of the Week,,1995-96,,1996-01-28T00:00:00,,Award,Kia Motors,KIPWK,,397,
397.0,Reggie,Miller,Indiana Pacers,NBA Player of the Week,,2004-05,,2005-04-03T00:00:00,East,Award,Kia Motors,KIPWK,,397,
397.0,Reggie,Miller,USA,Olympic Gold Medal,,1996,,,,Award,Olympic,Gold,,397,
402.0,Jon,Koncak,USA,Olympic Gold Medal,,1984,,,,Award,Olympic,Gold,,402,
404.0,Kevin,Duckworth,,NBA All-Star,,1988-89,,,,Award,All-Star,,,404,
404.0,Kevin,Duckworth,,NBA All-Star,,1990-91,,,,Award,All-Star,,,404,
404.0,Kevin,Duckworth,Portland Trail Blazers,NBA Most Improved Player,,1987-88,,,,Award,Kia Motors,KIMIP,,404,
406.0,Shaquille,O'Neal,Los Angeles Lakers,All-Defensive Team,2.0,1999-00,,,1610612747,Award,Kia Motors,KIADT,,406,
406.0,Shaquille,O'Neal,Los Angeles Lakers,All-Defensive Team,2.0,2000-01,,,1610612747,Award,Kia Motors,KIADT,,406,
406.0,Shaquille,O'Neal,Los Angeles Lakers,All-Defensive Team,2.0,2002-03,,,1610612747,Award,Kia Motors,KIADT,,406,
406.0,Shaquille,O'Neal,Orlando Magic,All-NBA,3.0,1993-94,,,1610612753,Award,Kia Motors,KIANT,,406,
406.0,Shaquille,O'Neal,Orlando Magic,All-NBA,2.0,1994-95,,,1610612753,Award,Kia Motors,KIANT,,406,
406.0,Shaquille,O'Neal,Orlando Magic,All-NBA,3.0,1995-96,,,1610612753,Award,Kia Motors,KIANT,,406,
406.0,Shaquille,O'Neal,Los Angeles Lakers,All-NBA,3.0,1996-97,,,1610612747,Award,Kia Motors,KIANT,,406,
406.0,Shaquille,O'Neal,Los Angeles Lakers,All-NBA,1.0,1997-98,,,1610612747,Award,Kia Motors,KIANT,,406,
406.0,Shaquille,O'Neal,Los Angeles Lakers,All-NBA,2.0,1998-99,,,1610612747,Award,Kia Motors,KIANT,,406,
406.0,Shaquille,O'Neal,Los Angeles Lakers,All-NBA,1.0,1999-00,,,1610612747,Award,Kia Motors,KIANT,,406,
406.0,Shaquille,O'Neal,Los Angeles Lakers,All-NBA,1.0,2000-01,,,1610612747,Award,Kia Motors,KIANT,,406,
406.0,Shaquille,O'Neal,Los Angeles Lakers,All-NBA,1.0,2001-02,,,1610612747,Award,Kia Motors,KIANT,,406,
406.0,Shaquille,O'Neal,Los Angeles Lakers,All-NBA,1.0,2002-03,,,1610612747,Award,Kia Motors,KIANT,,406,
406.0,Shaquille,O'Neal,Los Angeles Lakers,All-NBA,1.0,2003-04,,,1610612747,Award,Kia Motors,KIANT,,406,
406.0,Shaquille,O'Neal,Miami Heat,All-NBA,1.0,2004-05,,,1610612748,Award,Kia Motors,KIANT,,406,
406.0,Shaquille,O'Neal,Miami Heat,All-NBA,1.0,2005-06,,,1610612748,Award,Kia Motors,KIANT,,406,
406.0,Shaquille,O'Neal,Phoenix Suns,All-NBA,3.0,2008-09,,,1610612756,Award,Kia Motors,KIANT,,406,
406.0,Shaquille,O'Neal,Orlando Magic,All-Rookie Team,1.0,1992-93,,,1610612753,Award,Kia Motors,KIART,,406,
406.0,Shaquille,O'Neal,,Hall of Fame Inductee,,2016,,,,Award,Hall of Fame,,,406,
406.0,Shaquille,O'Neal,Los Angeles Lakers,IBM Award,,1999-00,,,,Award,IBM,IBMAW,,406,
406.0,Shaquille,O'Neal,Los Angeles Lakers,IBM Award,,2000-01,,,,Award,IBM,IBMAW,,406,
406.0,Shaquille,O'Neal,,NBA All-Star,,1992-93,,,,Award,All-Star,,,406,
406.0,Shaquille,O'Neal,,NBA All-Star,,1993-94,,,,Award,All-Star,,,406,
406.0,Shaquille,O'Neal,,NBA All-Star,,1994-95,,,,Award,All-Star,,,406,
406.0,Shaquille,O'Neal,,NBA All-Star,,1995-96,,,,Award,All-Star,,,406,
406.0,Shaquille,O'Neal,,NBA All-Star,,1996-97,,,,Award,All-Star,,,406,
406.0,Shaquille,O'Neal,,NBA All-Star,,1997-98,,,,Award,All-Star,,,406,
406.0,Shaquille,O'Neal,,NBA All-Star,,1999-00,,,,Award,All-Star,,,406,
406.0,Shaquille,O'Neal,,NBA All-Star,,2000-01,,,,Award,All-Star,,,406,
406.0,Shaquille,O'Neal,,NBA All-Star,,2001-02,,,,Award,All-Star,,,406,
406.0,Shaquille,O'Neal,,NBA All-Star,,2002-03,,,,Award,All-Star,,,406,
406.0,Shaquille,O'Neal,,NBA All-Star,,2003-04,,,,Award,All-Star,,,406,
406.0,Shaquille,O'Neal,,NBA All-Star,,2004-05,,,,Award,All-Star,,,406,
406.0,Shaquille,O'Neal,,NBA All-Star,,2005-06,,,,Award,All-Star,,,406,
406.0,Shaquille,O'Neal,,NBA All-Star,,2006-07,,,,Award,All-Star,,,406,
406.0,Shaquille,O'Neal,,NBA All-Star,,2008-09,,,,Award,All-Star,,,406,
406.0,Shaquille,O'Neal,Los Angeles Lakers,NBA All-Star Most Valuable Player,,1999-00,,,,Award,Kia Motors,KAMVP,,406,
406.0,Shaquille,O'Neal,Los Angeles Lakers,NBA All-Star Most Valuable Player,,2003-04,,,,Award,Kia Motors,KAMVP,,406,
406.0,Shaquille,O'Neal,Phoenix Suns,NBA All-Star Most Valuable Player,,2008-09,,,,Award,Kia Motors,KAMVP,,406,
406.0,Shaquille,O'Neal,Los Angeles Lakers,NBA Champion,,1999-00,,,,Award,Champion,,,406,
406.0,Shaquille,O'Neal,Los Angeles Lakers,NBA Champion,,2000-01,,,,Award,Champion,,,406,
406.0,Shaquille,O'Neal,Los Angeles Lakers,NBA Champion,,2001-02,,,,Award,Champion,,,406,
406.0,Shaquille,O'Neal,Miami Heat,NBA Champion,,2005-06,,,,Award,Champion,,,406,
406.0,Shaquille,O'Neal,Los Angeles Lakers,NBA Finals Most Valuable Player,,1999-00,,,,Award,Kia Motors,KFMVP,,406,
406.0,Shaquille,O'Neal,Los Angeles Lakers,NBA Finals Most Valuable Player,,2000-01,,,,Award,Kia Motors,KFMVP,,406,
406.0,Shaquille,O'Neal,Los Angeles Lakers,NBA Finals Most Valuable Player,,2001-02,,,,Award,Kia Motors,KFMVP,,406,
406.0,Shaquille,O'Neal,Los Angeles Lakers,NBA Most Valuable Player,,1999-00,,,,Award,Kia Motors,KIMVP,,406,
406.0,Shaquille,O'Neal,Orlando Magic,NBA Player of the Month,,1993-94,03/01/1994,,,Award,Kia Motors,KIPMO,,406,
406.0,Shaquille,O'Neal,Orlando Magic,NBA Player of the Month,,1993-94,12/01/1993,,,Award,Kia Motors,KIPMO,,406,
406.0,Shaquille,O'Neal,Orlando Magic,NBA Player of the Month,,1994-95,11/01/1994,,,Award,Kia Motors,KIPMO,,406,
406.0,Shaquille,O'Neal,Los Angeles Lakers,NBA Player of the Month,,1996-97,12/01/1996,,,Award,Kia Motors,KIPMO,,406,
406.0,Shaquille,O'Neal,Los Angeles Lakers,NBA Player of the Month,,1997-98,01/01/1998,,,Award,Kia Motors,KIPMO,,406,
406.0,Shaquille,O'Neal,Los Angeles Lakers,NBA Player of the Month,,1997-98,04/01/1998,,,Award,Kia Motors,KIPMO,,406,
406.0,Shaquille,O'Neal,Los Angeles Lakers,NBA Player of the Month,,1999-00,02/01/2000,,,Award,Kia Motors,KIPMO,,406,
406.0,Shaquille,O'Neal,Los Angeles Lakers,NBA Player of the Month,,1999-00,03/01/2000,,,Award,Kia Motors,KIPMO,,406,
406.0,Shaquille,O'Neal,Los Angeles Lakers,NBA Player of the Month,,1999-00,11/01/1999,,,Award,Kia Motors,KIPMO,,406,
406.0,Shaquille,O'Neal,Los Angeles Lakers,NBA Player of the Month,,2000-01,04/01/2001,,,Award,Kia Motors,KIPMO,,406,
406.0,Shaquille,O'Neal,Los Angeles Lakers,NBA Player of the Month,,2002-03,03/01/2003,,West,Award,Kia Motors,KIPMO,,406,
406.0,Shaquille,O'Neal,Miami Heat,NBA Player of the Month,,2004-05,03/01/2005,,East,Award,Kia Motors,KIPMO,,406,
406.0,Shaquille,O'Neal,Orlando Magic,NBA Player of the Week,,1992-93,,1992-11-15T00:00:00,,Award,Kia Motors,KIPWK,,406,
406.0,Shaquille,O'Neal,Orlando Magic,NBA Player of the Week,,1993-94,,1993-12-12T00:00:00,,Award,Kia Motors,KIPWK,,406,
406.0,Shaquille,O'Neal,Orlando Magic,NBA Player of the Week,,1994-95,,1994-12-04T00:00:00,,Award,Kia Motors,KIPWK,,406,
406.0,Shaquille,O'Neal,Orlando Magic,NBA Player of the Week,,1994-95,,1995-03-05T00:00:00,,Award,Kia Motors,KIPWK,,406,
406.0,Shaquille,O'Neal,Orlando Magic,NBA Player of the Week,,1995-96,,1996-03-03T00:00:00,,Award,Kia Motors,KIPWK,,406,
406.0,Shaquille,O'Neal,Los Angeles Lakers,NBA Player of the Week,,1996-97,,1996-12-15T00:00:00,,Award,Kia Motors,KIPWK,,406,
406.0,Shaquille,O'Neal,Los Angeles Lakers,NBA Player of the Week,,1997-98,,1998-03-22T00:00:00,,Award,Kia Motors,KIPWK,,406,
406.0,Shaquille,O'Neal,Los Angeles Lakers,NBA Player of the Week,,1999-00,,1999-12-05T00:00:00,,Award,Kia Motors,KIPWK,,406,
406.0,Shaquille,O'Neal,Los Angeles Lakers,NBA Player of the Week,,1999-00,,2000-02-22T00:00:00,,Award,Kia Motors,KIPWK,,406,
406.0,Shaquille,O'Neal,Los Angeles Lakers,NBA Player of the Week,,1999-00,,2000-03-13T00:00:00,,Award,Kia Motors,KIPWK,,406,
406.0,Shaquille,O'Neal,Los Angeles Lakers,NBA Player of the Week,,2000-01,,2001-04-08T00:00:00,,Award,Kia Motors,KIPWK,,406,
406.0,Shaquille,O'Neal,Los Angeles Lakers,NBA Player of the Week,,2001-02,,2002-02-03T00:00:00,West,Award,Kia Motors,KIPWK,,406,
406.0,Shaquille,O'Neal,Los Angeles Lakers,NBA Player of the Week,,2001-02,,2002-02-24T00:00:00,West,Award,Kia Motors,KIPWK,,406,
406.0,Shaquille,O'Neal,Los Angeles Lakers,NBA Player of the Week,,2001-02,,2002-03-10T00:00:00,West,Award,Kia Motors,KIPWK,,406,
406.0,Shaquille,O'Neal,Los Angeles Lakers,NBA Player of the Week,,2002-03,,2003-03-09T00:00:00,West,Award,Kia Motors,KIPWK,,406,
406.0,Shaquille,O'Neal,Los Angeles Lakers,NBA Player of the Week,,2002-03,,2003-04-06T00:00:00,West,Award,Kia Motors,KIPWK,,406,
406.0,Shaquille,O'Neal,Los Angeles Lakers,NBA Player of the Week,,2003-04,,2003-12-07T00:00:00,West,Award,Kia Motors,KIPWK,,406,
406.0,Shaquille,O'Neal,Los Angeles Lakers,NBA Player of the Week,,2003-04,,2004-03-21T00:00:00,West,Award,Kia Motors,KIPWK,,406,
406.0,Shaquille,O'Neal,Miami Heat,NBA Player of the Week,,2004-05,,2004-12-19T00:00:00,East,Award,Kia Motors,KIPWK,,406,
406.0,Shaquille,O'Neal,Orlando Magic,NBA Rookie of the Month,,1992-93,01/01/1993,,,Award,Kia Motors,KIRMO,,406,
406.0,Shaquille,O'Neal,Orlando Magic,NBA Rookie of the Month,,1992-93,02/01/1993,,,Award,Kia Motors,KIRMO,,406,
406.0,Shaquille,O'Neal,Orlando Magic,NBA Rookie of the Month,,1992-93,11/01/1992,,,Award,Kia Motors,KIRMO,,406,
406.0,Shaquille,O'Neal,Orlando Magic,NBA Rookie of the Month,,1992-93,12/01/1992,,,Award,Kia Motors,KIRMO,,406,
406.0,Shaquille,O'Neal,Orlando Magic,NBA Rookie of the Year,,1992-93,,,,Award,Kia Motors,KIROY,,406,
406.0,Shaquille,O'Neal,Los Angeles Lakers,NBA Sporting News Most Valuable Player of the Year,,1999-00,,,,Award,Sporting News,SNMVP,,406,
406.0,Shaquille,O'Neal,Miami Heat,NBA Sporting News Most Valuable Player of the Year,,2004-05,,,,Award,Sporting News,SNMVP,,406,
406.0,Shaquille,O'Neal,Orlando Magic,NBA Sporting News Rookie of the Year,,1992-93,,,,Award,Sporting News,SNROY,,406,
406.0,Shaquille,O'Neal,USA,Olympic Gold Medal,,1996,,,,Award,Olympic,Gold,,406,
412.0,Sharone,Wright,Philadelphia 76ers,All-Rookie Team,2.0,1994-95,,,1610612755,Award,Kia Motors,KIART,,412,
416.0,Willie,Burton,Miami Heat,All-Rookie Team,2.0,1990-91,,,1610612748,Award,Kia Motors,KIART,,416,
418.0,Scott,Brooks,Houston Rockets,NBA Champion,,1993-94,,,,Award,Champion,,,418,
420.0,Jayson,Williams,,NBA All-Star,,1997-98,,,,Award,All-Star,,,420,
420.0,Jayson,Williams,New Jersey Nets,NBA Player of the Week,,1997-98,,1998-01-25T00:00:00,,Award,Kia Motors,KIPWK,,420,
422.0,Avery,Johnson,San Antonio Spurs,NBA Champion,,1998-99,,,,Award,Champion,,,422,
422.0,Avery,Johnson,San Antonio Spurs,NBA Sportsmanship,,1997-98,,,,Award,Kia Motors,KSPRT,,422,
423.0,Chris,Gatling,,NBA All-Star,,1996-97,,,,Award,All-Star,,,423,
423.0,Chris,Gatling,Miami Heat,NBA Player of the Week,,1995-96,,1996-03-24T00:00:00,,Award,Kia Motors,KIPWK,,423,
428.0,Sherman,Douglas,Miami Heat,All-Rookie Team,1.0,1989-90,,,1610612748,Award,Kia Motors,KIART,,428,
431.0,Shawn,Kemp,Seattle SuperSonics,All-NBA,2.0,1993-94,,,1610612760,Award,Kia Motors,KIANT,,431,
431.0,Shawn,Kemp,Seattle SuperSonics,All-NBA,2.0,1994-95,,,1610612760,Award,Kia Motors,KIANT,,431,
431.0,Shawn,Kemp,Seattle SuperSonics,All-NBA,2.0,1995-96,,,1610612760,Award,Kia Motors,KIANT,,431,
431.0,Shawn,Kemp,,NBA All-Star,,1992-93,,,,Award,All-Star,,,431,
431.0,Shawn,Kemp,,NBA All-Star,,1993-94,,,,Award,All-Star,,,431,
431.0,Shawn,Kemp,,NBA All-Star,,1994-95,,,,Award,All-Star,,,431,
431.0,Shawn,Kemp,,NBA All-Star,,1995-96,,,,Award,All-Star,,,431,
431.0,Shawn,Kemp,,NBA All-Star,,1996-97,,,,Award,All-Star,,,431,
431.0,Shawn,Kemp,,NBA All-Star,,1997-98,,,,Award,All-Star,,,431,
431.0,Shawn,Kemp,Seattle SuperSonics,NBA Player of the Week,,1992-93,,1993-01-10T00:00:00,,Award,Kia Motors,KIPWK,,431,
431.0,Shawn,Kemp,Seattle SuperSonics,NBA Player of the Week,,1993-94,,1994-02-27T00:00:00,,Award,Kia Motors,KIPWK,,431,
431.0,Shawn,Kemp,Seattle SuperSonics,NBA Player of the Week,,1993-94,,1994-04-03T00:00:00,,Award,Kia Motors,KIPWK,,431,
431.0,Shawn,Kemp,Seattle SuperSonics,NBA Player of the Week,,1995-96,,1995-11-26T00:00:00,,Award,Kia Motors,KIPWK,,431,
431.0,Shawn,Kemp,Seattle SuperSonics,NBA Player of the Week,,1995-96,,1996-02-25T00:00:00,,Award,Kia Motors,KIPWK,,431,
432.0,Pete,Chilcutt,Houston Rockets,NBA Champion,,1994-95,,,,Award,Champion,,,432,
433.0,Buck,Williams,New Jersey Nets,All-Defensive Team,2.0,1987-88,,,1610612751,Award,Kia Motors,KIADT,,433,
433.0,Buck,Williams,Portland Trail Blazers,All-Defensive Team,1.0,1989-90,,,1610612757,Award,Kia Motors,KIADT,,433,
433.0,Buck,Williams,Portland Trail Blazers,All-Defensive Team,1.0,1990-91,,,1610612757,Award,Kia Motors,KIADT,,433,
433.0,Buck,Williams,Portland Trail Blazers,All-Defensive Team,2.0,1991-92,,,1610612757,Award,Kia Motors,KIADT,,433,
433.0,Buck,Williams,New Jersey Nets,All-NBA,2.0,1982-83,,,1610612751,Award,Kia Motors,KIANT,,433,
433.0,Buck,Williams,New Jersey Nets,All-Rookie Team,1.0,1981-82,,,1610612751,Award,Kia Motors,KIART,,433,
433.0,Buck,Williams,,NBA All-Star,,1981-82,,,,Award,All-Star,,,433,
433.0,Buck,Williams,,NBA All-Star,,1982-83,,,,Award,All-Star,,,433,
433.0,Buck,Williams,,NBA All-Star,,1985-86,,,,Award,All-Star,,,433,
433.0,Buck,Williams,New Jersey Nets,NBA Player of the Week,,1982-83,,1982-12-05T00:00:00,,Award,Kia Motors,KIPWK,,433,
433.0,Buck,Williams,New Jersey Nets,NBA Player of the Week,,1983-84,,1984-01-22T00:00:00,,Award,Kia Motors,KIPWK,,433,
433.0,Buck,Williams,New Jersey Nets,NBA Player of the Week,,1985-86,,1985-11-10T00:00:00,,Award,Kia Motors,KIPWK,,433,
433.0,Buck,Williams,New Jersey Nets,NBA Rookie of the Month,,1981-82,02/01/1982,,,Award,Kia Motors,KIRMO,,433,
433.0,Buck,Williams,New Jersey Nets,NBA Rookie of the Year,,1981-82,,,,Award,Kia Motors,KIROY,,433,
436.0,Juwan,Howard,Washington Bullets,All-NBA,3.0,1995-96,,,1610612764,Award,Kia Motors,KIANT,,436,
436.0,Juwan,Howard,Washington Bullets,All-Rookie Team,2.0,1994-95,,,1610612764,Award,Kia Motors,KIART,,436,
436.0,Juwan,Howard,,NBA All-Star,,1995-96,,,,Award,All-Star,,,436,
436.0,Juwan,Howard,Miami Heat,NBA Champion,,2011-12,,,,Award,Champion,,,436,
436.0,Juwan,Howard,Miami Heat,NBA Champion,,2012-13,,,,Award,Champion,,,436,
436.0,Juwan,Howard,Washington Bullets,NBA Player of the Month,,1995-96,04/01/1996,,,Award,Kia Motors,KIPMO,,436,
436.0,Juwan,Howard,Washington Bullets,NBA Player of the Week,,1995-96,,1996-04-14T00:00:00,,Award,Kia Motors,KIPWK,,436,
436.0,Juwan,Howard,Washington Bullets,NBA Rookie of the Month,,1994-95,02/01/1995,,,Award,Kia Motors,KIRMO,,436,
440.0,Zan,Tabak,Houston Rockets,NBA Champion,,1994-95,,,,Award,Champion,,,440,
440.0,Zan,Tabak,Croatia,Olympic Appearance,,1996,,,,Award,Olympic,Appearance,,440,
440.0,Zan,Tabak,Croatia,Olympic Silver Medal,,1992,,,,Award,Olympic,Silver,,440,
442.0,Pervis,Ellison,Washington Wizards,NBA Most Improved Player,,1991-92,,,,Award,Kia Motors,KIMIP,,442,
442.0,Pervis,Ellison,Washington Wizards,NBA Player of the Week,,1991-92,,1991-12-22T00:00:00,,Award,Kia Motors,KIPWK,,442,
445.0,Wesley,Person,Phoenix Suns,All-Rookie Team,2.0,1994-95,,,1610612756,Award,Kia Motors,KIART,,445,
445.0,Wesley,Person,Cleveland Cavaliers,NBA Player of the Week,,1997-98,,1997-12-07T00:00:00,,Award,Kia Motors,KIPWK,,445,
446.0,Lucious,Harris,New Jersey Nets,NBA Player of the Week,,2002-03,,2002-12-29T00:00:00,East,Award,Kia Motors,KIPWK,,446,
452.0,Vin,Baker,Milwaukee Bucks,All-NBA,3.0,1996-97,,,1610612749,Award,Kia Motors,KIANT,,452,
452.0,Vin,Baker,Seattle SuperSonics,All-NBA,2.0,1997-98,,,1610612760,Award,Kia Motors,KIANT,,452,
452.0,Vin,Baker,Milwaukee Bucks,All-Rookie Team,1.0,1993-94,,,1610612749,Award,Kia Motors,KIART,,452,
452.0,Vin,Baker,,NBA All-Star,,1994-95,,,,Award,All-Star,,,452,
452.0,Vin,Baker,,NBA All-Star,,1995-96,,,,Award,All-Star,,,452,
452.0,Vin,Baker,,NBA All-Star,,1996-97,,,,Award,All-Star,,,452,
452.0,Vin,Baker,,NBA All-Star,,1997-98,,,,Award,All-Star,,,452,
452.0,Vin,Baker,Milwaukee Bucks,NBA Rookie of the Month,,1993-94,02/01/1994,,,Award,Kia Motors,KIRMO,,452,
452.0,Vin,Baker,USA,Olympic Gold Medal,,2000,,,,Award,Olympic,Gold,,452,
456.0,Chuck,Person,Indiana Pacers,All-Rookie Team,1.0,1986-87,,,1610612754,Award,Kia Motors,KIART,,456,
456.0,Chuck,Person,Indiana Pacers,NBA Player of the Week,,1988-89,,1989-03-05T00:00:00,,Award,Kia Motors,KIPWK,,456,
456.0,Chuck,Person,Indiana Pacers,NBA Rookie of the Month,,1986-87,02/01/1987,,,Award,Kia Motors,KIRMO,,456,
456.0,Chuck,Person,Indiana Pacers,NBA Rookie of the Month,,1986-87,11/01/1986,,,Award,Kia Motors,KIRMO,,456,
456.0,Chuck,Person,Indiana Pacers,NBA Rookie of the Year,,1986-87,,,,Award,Kia Motors,KIROY,,456,
456.0,Chuck,Person,Indiana Pacers,NBA Sporting News Rookie of the Year,,1986-87,,,,Award,Sporting News,SNROY,,456,
462.0,JR,Reid,Charlotte Hornets,All-Rookie Team,2.0,1989-90,,,1610612740,Award,Kia Motors,KIART,,462,
462.0,JR,Reid,USA,Olympic Bronze Medal,,1988,,,,Award,Olympic,Bronze,,462,
467.0,Jason,Kidd,Phoenix Suns,All-Defensive Team,1.0,1998-99,,,1610612756,Award,Kia Motors,KIADT,,467,
467.0,Jason,Kidd,Phoenix Suns,All-Defensive Team,2.0,1999-00,,,1610612756,Award,Kia Motors,KIADT,,467,
467.0,Jason,Kidd,Phoenix Suns,All-Defensive Team,1.0,2000-01,,,1610612756,Award,Kia Motors,KIADT,,467,
467.0,Jason,Kidd,New Jersey Nets,All-Defensive Team,1.0,2001-02,,,1610612751,Award,Kia Motors,KIADT,,467,
467.0,Jason,Kidd,New Jersey Nets,All-Defensive Team,2.0,2002-03,,,1610612751,Award,Kia Motors,KIADT,,467,
467.0,Jason,Kidd,New Jersey Nets,All-Defensive Team,2.0,2003-04,,,1610612751,Award,Kia Motors,KIADT,,467,
467.0,Jason,Kidd,New Jersey Nets,All-Defensive Team,2.0,2004-05,,,1610612751,Award,Kia Motors,KIADT,,467,
467.0,Jason,Kidd,New Jersey Nets,All-Defensive Team,1.0,2005-06,,,1610612751,Award,Kia Motors,KIADT,,467,
467.0,Jason,Kidd,New Jersey Nets,All-Defensive Team,2.0,2006-07,,,1610612751,Award,Kia Motors,KIADT,,467,
467.0,Jason,Kidd,Phoenix Suns,All-NBA,1.0,1998-99,,,1610612756,Award,Kia Motors,KIANT,,467,
467.0,Jason,Kidd,Phoenix Suns,All-NBA,1.0,1999-00,,,1610612756,Award,Kia Motors,KIANT,,467,
467.0,Jason,Kidd,Phoenix Suns,All-NBA,1.0,2000-01,,,1610612756,Award,Kia Motors,KIANT,,467,
467.0,Jason,Kidd,New Jersey Nets,All-NBA,1.0,2001-02,,,1610612751,Award,Kia Motors,KIANT,,467,
467.0,Jason,Kidd,New Jersey Nets,All-NBA,2.0,2002-03,,,1610612751,Award,Kia Motors,KIANT,,467,
467.0,Jason,Kidd,New Jersey Nets,All-NBA,1.0,2003-04,,,1610612751,Award,Kia Motors,KIANT,,467,
467.0,Jason,Kidd,Dallas Mavericks,All-Rookie Team,1.0,1994-95,,,1610612742,Award,Kia Motors,KIART,,467,
467.0,Jason,Kidd,,Hall of Fame Inductee,,2018,,,,Award,Hall of Fame,,,467,
467.0,Jason,Kidd,,NBA All-Star,,1995-96,,,,Award,All-Star,,,467,
467.0,Jason,Kidd,,NBA All-Star,,1997-98,,,,Award,All-Star,,,467,
467.0,Jason,Kidd,,NBA All-Star,,1999-00,,,,Award,All-Star,,,467,
467.0,Jason,Kidd,,NBA All-Star,,2000-01,,,,Award,All-Star,,,467,
467.0,Jason,Kidd,,NBA All-Star,,2001-02,,,,Award,All-Star,,,467,
467.0,Jason,Kidd,,NBA All-Star,,2002-03,,,,Award,All-Star,,,467,
467.0,Jason,Kidd,,NBA All-Star,,2003-04,,,,Award,All-Star,,,467,
467.0,Jason,Kidd,,NBA All-Star,,2006-07,,,,Award,All-Star,,,467,
467.0,Jason,Kidd,,NBA All-Star,,2007-08,,,,Award,All-Star,,,467,
467.0,Jason,Kidd,,NBA All-Star,,2009-10,,,,Award,All-Star,,,467,
467.0,Jason,Kidd,Dallas Mavericks,NBA Champion,,2010-11,,,,Award,Champion,,,467,
467.0,Jason,Kidd,Phoenix Suns,NBA Player of the Month,,1998-99,04/01/1999,,,Award,Kia Motors,KIPMO,,467,
467.0,Jason,Kidd,New Jersey Nets,NBA Player of the Month,,2001-02,11/01/2001,,East,Award,Kia Motors,KIPMO,,467,
467.0,Jason,Kidd,New Jersey Nets,NBA Player of the Month,,2002-03,12/01/2002,,East,Award,Kia Motors,KIPMO,,467,
467.0,Jason,Kidd,Dallas Mavericks,NBA Player of the Week,,1994-95,,1995-03-19T00:00:00,,Award,Kia Motors,KIPWK,,467,
467.0,Jason,Kidd,Dallas Mavericks,NBA Player of the Week,,1995-96,,1996-02-04T00:00:00,,Award,Kia Motors,KIPWK,,467,
467.0,Jason,Kidd,Phoenix Suns,NBA Player of the Week,,1997-98,,1998-03-15T00:00:00,,Award,Kia Motors,KIPWK,,467,
467.0,Jason,Kidd,Phoenix Suns,NBA Player of the Week,,1997-98,,1998-04-19T00:00:00,,Award,Kia Motors,KIPWK,,467,
467.0,Jason,Kidd,Phoenix Suns,NBA Player of the Week,,1998-99,,1999-04-18T00:00:00,,Award,Kia Motors,KIPWK,,467,
467.0,Jason,Kidd,Phoenix Suns,NBA Player of the Week,,1999-00,,1999-12-20T00:00:00,,Award,Kia Motors,KIPWK,,467,
467.0,Jason,Kidd,Phoenix Suns,NBA Player of the Week,,2000-01,,2001-04-01T00:00:00,,Award,Kia Motors,KIPWK,,467,
467.0,Jason,Kidd,New Jersey Nets,NBA Player of the Week,,2001-02,,2001-12-30T00:00:00,East,Award,Kia Motors,KIPWK,,467,
467.0,Jason,Kidd,New Jersey Nets,NBA Player of the Week,,2001-02,,2002-02-03T00:00:00,East,Award,Kia Motors,KIPWK,,467,
467.0,Jason,Kidd,New Jersey Nets,NBA Player of the Week,,2001-02,,2002-03-24T00:00:00,East,Award,Kia Motors,KIPWK,,467,
467.0,Jason,Kidd,New Jersey Nets,NBA Player of the Week,,2002-03,,2002-12-22T00:00:00,East,Award,Kia Motors,KIPWK,,467,
467.0,Jason,Kidd,New Jersey Nets,NBA Player of the Week,,2002-03,,2003-04-06T00:00:00,East,Award,Kia Motors,KIPWK,,467,
467.0,Jason,Kidd,New Jersey Nets,NBA Player of the Week,,2003-04,,2003-12-28T00:00:00,East,Award,Kia Motors,KIPWK,,467,
467.0,Jason,Kidd,New Jersey Nets,NBA Player of the Week,,2003-04,,2004-02-01T00:00:00,East,Award,Kia Motors,KIPWK,,467,
467.0,Jason,Kidd,New Jersey Nets,NBA Player of the Week,,2004-05,,2005-04-17T00:00:00,East,Award,Kia Motors,KIPWK,,467,
467.0,Jason,Kidd,New Jersey Nets,NBA Player of the Week,,2006-07,,2007-03-18T00:00:00,East,Award,Kia Motors,KIPWK,,467,
467.0,Jason,Kidd,Dallas Mavericks,NBA Player of the Week,,2008-09,,2009-04-06T00:00:00,West,Award,Kia Motors,KIPWK,,467,
467.0,Jason,Kidd,Dallas Mavericks,NBA Rookie of the Month,,1994-95,03/01/1995,,,Award,Kia Motors,KIRMO,,467,
467.0,Jason,Kidd,Dallas Mavericks,NBA Rookie of the Year,,1994-95,,,,Award,Kia Motors,KIROY,,467,
467.0,Jason,Kidd,Dallas Mavericks,NBA Sportsmanship,,2011-12,,,,Award,Kia Motors,KSPRT,,467,
467.0,Jason,Kidd,New York Knicks,NBA Sportsmanship,,2012-13,,,,Award,Kia Motors,KSPRT,,467,
467.0,Jason,Kidd,USA,Olympic Gold Medal,,2000,,,,Award,Olympic,Gold,,467,
467.0,Jason,Kidd,USA,Olympic Gold Medal,,2008,,,,Award,Olympic,Gold,,467,
469.0,Jamal,Mashburn,New Orleans Hornets,All-NBA,3.0,2002-03,,,1610612740,Award,Kia Motors,KIANT,,469,
469.0,Jamal,Mashburn,Dallas Mavericks,All-Rookie Team,1.0,1993-94,,,1610612742,Award,Kia Motors,KIART,,469,
469.0,Jamal,Mashburn,,NBA All-Star,,2002-03,,,,Award,All-Star,,,469,
469.0,Jamal,Mashburn,New Orleans Hornets,NBA Player of the Month,,2002-03,02/01/2003,,West,Award,Kia Motors,KIPMO,,469,
469.0,Jamal,Mashburn,Dallas Mavericks,NBA Player of the Week,,1994-95,,1994-12-11T00:00:00,,Award,Kia Motors,KIPWK,,469,
470.0,Doc,Rivers,Atlanta Hawks,J. Walter Kennedy Citizenship,,1989-90,,,,Award,Kia Motors,KIWKC,,470,
470.0,Doc,Rivers,,NBA All-Star,,1987-88,,,,Award,All-Star,,,470,
672.0,Matt,Bullard,Houston Rockets,NBA Champion,,1993-94,,,,Award,Champion,,,672,
673.0,Alan,Henderson,Atlanta Hawks,NBA Most Improved Player,,1997-98,,,,Award,Kia Motors,KIMIP,,673,
679.0,Jason,Caffey,Chicago Bulls,NBA Champion,,1996-97,,,,Award,Champion,,,679,
686.0,Antonio,McDyess,Denver Nuggets,All-NBA,3.0,1998-99,,,1610612743,Award,Kia Motors,KIANT,,686,
686.0,Antonio,McDyess,Denver Nuggets,All-Rookie Team,1.0,1995-96,,,1610612743,Award,Kia Motors,KIART,,686,
686.0,Antonio,McDyess,,NBA All-Star,,2000-01,,,,Award,All-Star,,,686,
686.0,Antonio,McDyess,Denver Nuggets,NBA Player of the Week,,1998-99,,1999-02-28T00:00:00,,Award,Kia Motors,KIPWK,,686,
686.0,Antonio,McDyess,Denver Nuggets,NBA Player of the Week,,2000-01,,2000-12-03T00:00:00,,Award,Kia Motors,KIPWK,,686,
686.0,Antonio,McDyess,USA,Olympic Gold Medal,,2000,,,,Award,Olympic,Gold,,686,
689.0,Theo,Ratliff,Philadelphia 76ers,All-Defensive Team,2.0,1998-99,,,1610612755,Award,Kia Motors,KIADT,,689,
689.0,Theo,Ratliff,Portland Trail Blazers,All-Defensive Team,2.0,2003-04,,,1610612757,Award,Kia Motors,KIADT,,689,
689.0,Theo,Ratliff,,NBA All-Star,,2000-01,,,,Award,All-Star,,,689,
693.0,Joe,Smith,Golden State Warriors,All-Rookie Team,1.0,1995-96,,,1610612744,Award,Kia Motors,KIART,,693,
693.0,Joe,Smith,Golden State Warriors,NBA Rookie of the Month,,1995-96,02/01/1996,,,Award,Kia Motors,KIRMO,,693,
693.0,Joe,Smith,Golden State Warriors,NBA Rookie of the Month,,1995-96,12/01/1995,,,Award,Kia Motors,KIRMO,,693,
699.0,Brent,Barry,Los Angeles Clippers,All-Rookie Team,2.0,1995-96,,,1610612746,Award,Kia Motors,KIART,,699,
699.0,Brent,Barry,San Antonio Spurs,NBA Champion,,2004-05,,,,Award,Champion,,,699,
699.0,Brent,Barry,San Antonio Spurs,NBA Champion,,2006-07,,,,Award,Champion,,,699,
702.0,Voshon,Lenard,Denver Nuggets,NBA Player of the Week,,2003-04,,2003-11-30T00:00:00,West,Award,Kia Motors,KIPWK,,702,
703.0,Kurt,Thomas,New York Knicks,NBA Player of the Week,,2001-02,,2002-03-10T00:00:00,East,Award,Kia Motors,KIPWK,,703,
708.0,Kevin,Garnett,Minnesota Timberwolves,All-Defensive Team,1.0,1999-00,,,1610612750,Award,Kia Motors,KIADT,,708,
708.0,Kevin,Garnett,Minnesota Timberwolves,All-Defensive Team,1.0,2000-01,,,1610612750,Award,Kia Motors,KIADT,,708,
708.0,Kevin,Garnett,Minnesota Timberwolves,All-Defensive Team,1.0,2001-02,,,1610612750,Award,Kia Motors,KIADT,,708,
708.0,Kevin,Garnett,Minnesota Timberwolves,All-Defensive Team,1.0,2002-03,,,1610612750,Award,Kia Motors,KIADT,,708,
708.0,Kevin,Garnett,Minnesota Timberwolves,All-Defensive Team,1.0,2003-04,,,1610612750,Award,Kia Motors,KIADT,,708,
708.0,Kevin,Garnett,Minnesota Timberwolves,All-Defensive Team,1.0,2004-05,,,1610612750,Award,Kia Motors,KIADT,,708,
708.0,Kevin,Garnett,Minnesota Timberwolves,All-Defensive Team,2.0,2005-06,,,1610612750,Award,Kia Motors,KIADT,,708,
708.0,Kevin,Garnett,Minnesota Timberwolves,All-Defensive Team,2.0,2006-07,,,1610612750,Award,Kia Motors,KIADT,,708,
708.0,Kevin,Garnett,Boston Celtics,All-Defensive Team,1.0,2007-08,,,1610612738,Award,Kia Motors,KIADT,,708,
708.0,Kevin,Garnett,Boston Celtics,All-Defensive Team,1.0,2008-09,,,1610612738,Award,Kia Motors,KIADT,,708,
708.0,Kevin,Garnett,Boston Celtics,All-Defensive Team,1.0,2010-11,,,1610612738,Award,Kia Motors,KIADT,,708,
708.0,Kevin,Garnett,Boston Celtics,All-Defensive Team,2.0,2011-12,,,1610612738,Award,Kia Motors,KIADT,,708,
708.0,Kevin,Garnett,Minnesota Timberwolves,All-NBA,3.0,1998-99,,,1610612750,Award,Kia Motors,KIANT,,708,
708.0,Kevin,Garnett,Minnesota Timberwolves,All-NBA,1.0,1999-00,,,1610612750,Award,Kia Motors,KIANT,,708,
708.0,Kevin,Garnett,Minnesota Timberwolves,All-NBA,2.0,2000-01,,,1610612750,Award,Kia Motors,KIANT,,708,
708.0,Kevin,Garnett,Minnesota Timberwolves,All-NBA,2.0,2001-02,,,1610612750,Award,Kia Motors,KIANT,,708,
708.0,Kevin,Garnett,Minnesota Timberwolves,All-NBA,1.0,2002-03,,,1610612750,Award,Kia Motors,KIANT,,708,
708.0,Kevin,Garnett,Minnesota Timberwolves,All-NBA,1.0,2003-04,,,1610612750,Award,Kia Motors,KIANT,,708,
708.0,Kevin,Garnett,Minnesota Timberwolves,All-NBA,2.0,2004-05,,,1610612750,Award,Kia Motors,KIANT,,708,
708.0,Kevin,Garnett,Minnesota Timberwolves,All-NBA,3.0,2006-07,,,1610612750,Award,Kia Motors,KIANT,,708,
708.0,Kevin,Garnett,Boston Celtics,All-NBA,1.0,2007-08,,,1610612738,Award,Kia Motors,KIANT,,708,
708.0,Kevin,Garnett,Minnesota Timberwolves,All-Rookie Team,2.0,1995-96,,,1610612750,Award,Kia Motors,KIART,,708,
708.0,Kevin,Garnett,Minnesota Timberwolves,J. Walter Kennedy Citizenship,,2005-06,,,,Award,Kia Motors,KIWKC,,708,
708.0,Kevin,Garnett,,NBA All-Star,,1996-97,,,,Award,All-Star,,,708,
708.0,Kevin,Garnett,,NBA All-Star,,1997-98,,,,Award,All-Star,,,708,
708.0,Kevin,Garnett,,NBA All-Star,,1999-00,,,,Award,All-Star,,,708,
708.0,Kevin,Garnett,,NBA All-Star,,2000-01,,,,Award,All-Star,,,708,
708.0,Kevin,Garnett,,NBA All-Star,,2001-02,,,,Award,All-Star,,,708,
708.0,Kevin,Garnett,,NBA All-Star,,2002-03,,,,Award,All-Star,,,708,
708.0,Kevin,Garnett,,NBA All-Star,,2003-04,,,,Award,All-Star,,,708,
708.0,Kevin,Garnett,,NBA All-Star,,2004-05,,,,Award,All-Star,,,708,
708.0,Kevin,Garnett,,NBA All-Star,,2005-06,,,,Award,All-Star,,,708,
708.0,Kevin,Garnett,,NBA All-Star,,2006-07,,,,Award,All-Star,,,708,
708.0,Kevin,Garnett,,NBA All-Star,,2007-08,,,,Award,All-Star,,,708,
708.0,Kevin,Garnett,,NBA All-Star,,2008-09,,,,Award,All-Star,,,708,
708.0,Kevin,Garnett,,NBA All-Star,,2009-10,,,,Award,All-Star,,,708,
708.0,Kevin,Garnett,,NBA All-Star,,2010-11,,,,Award,All-Star,,,708,
708.0,Kevin,Garnett,,NBA All-Star,,2012-13,,,,Award,All-Star,,,708,
708.0,Kevin,Garnett,Minnesota Timberwolves,NBA All-Star Most Valuable Player,,2002-03,,,,Award,Kia Motors,KAMVP,,708,
708.0,Kevin,Garnett,Boston Celtics,NBA Champion,,2007-08,,,,Award,Champion,,,708,
708.0,Kevin,Garnett,Boston Celtics,NBA Defensive Player of the Year,,2007-08,,,,Award,Kia Motors,KDPYR,,708,
708.0,Kevin,Garnett,Minnesota Timberwolves,NBA Most Valuable Player,,2003-04,,,,Award,Kia Motors,KIMVP,,708,
708.0,Kevin,Garnett,Minnesota Timberwolves,NBA Player of the Month,,1999-00,01/01/2000,,,Award,Kia Motors,KIPMO,,708,
708.0,Kevin,Garnett,Minnesota Timberwolves,NBA Player of the Month,,2001-02,02/01/2002,,West,Award,Kia Motors,KIPMO,,708,
708.0,Kevin,Garnett,Minnesota Timberwolves,NBA Player of the Month,,2002-03,02/01/2003,,West,Award,Kia Motors,KIPMO,,708,
708.0,Kevin,Garnett,Minnesota Timberwolves,NBA Player of the Month,,2002-03,04/01/2003,,West,Award,Kia Motors,KIPMO,,708,
708.0,Kevin,Garnett,Minnesota Timberwolves,NBA Player of the Month,,2003-04,01/01/2004,,West,Award,Kia Motors,KIPMO,,708,
708.0,Kevin,Garnett,Minnesota Timberwolves,NBA Player of the Month,,2003-04,02/01/2004,,West,Award,Kia Motors,KIPMO,,708,
708.0,Kevin,Garnett,Minnesota Timberwolves,NBA Player of the Month,,2003-04,04/01/2004,,West,Award,Kia Motors,KIPMO,,708,
708.0,Kevin,Garnett,Minnesota Timberwolves,NBA Player of the Month,,2003-04,12/01/2003,,West,Award,Kia Motors,KIPMO,,708,
708.0,Kevin,Garnett,Minnesota Timberwolves,NBA Player of the Month,,2004-05,03/01/2005,,West,Award,Kia Motors,KIPMO,,708,
708.0,Kevin,Garnett,Minnesota Timberwolves,NBA Player of the Week,,1998-99,,1999-04-04T00:00:00,,Award,Kia Motors,KIPWK,,708,
708.0,Kevin,Garnett,Minnesota Timberwolves,NBA Player of the Week,,1999-00,,1999-11-14T00:00:00,,Award,Kia Motors,KIPWK,,708,
708.0,Kevin,Garnett,Minnesota Timberwolves,NBA Player of the Week,,1999-00,,1999-12-27T00:00:00,,Award,Kia Motors,KIPWK,,708,
708.0,Kevin,Garnett,Minnesota Timberwolves,NBA Player of the Week,,1999-00,,2000-03-27T00:00:00,,Award,Kia Motors,KIPWK,,708,
708.0,Kevin,Garnett,Minnesota Timberwolves,NBA Player of the Week,,2000-01,,2000-11-19T00:00:00,,Award,Kia Motors,KIPWK,,708,
708.0,Kevin,Garnett,Minnesota Timberwolves,NBA Player of the Week,,2001-02,,2001-11-18T00:00:00,West,Award,Kia Motors,KIPWK,,708,
708.0,Kevin,Garnett,Minnesota Timberwolves,NBA Player of the Week,,2001-02,,2002-01-13T00:00:00,West,Award,Kia Motors,KIPWK,,708,
708.0,Kevin,Garnett,Minnesota Timberwolves,NBA Player of the Week,,2002-03,,2002-11-24T00:00:00,West,Award,Kia Motors,KIPWK,,708,
708.0,Kevin,Garnett,Minnesota Timberwolves,NBA Player of the Week,,2003-04,,2003-11-23T00:00:00,West,Award,Kia Motors,KIPWK,,708,
708.0,Kevin,Garnett,Minnesota Timberwolves,NBA Player of the Week,,2003-04,,2003-12-21T00:00:00,West,Award,Kia Motors,KIPWK,,708,
708.0,Kevin,Garnett,Minnesota Timberwolves,NBA Player of the Week,,2003-04,,2004-01-25T00:00:00,West,Award,Kia Motors,KIPWK,,708,
708.0,Kevin,Garnett,Minnesota Timberwolves,NBA Player of the Week,,2003-04,,2004-02-01T00:00:00,West,Award,Kia Motors,KIPWK,,708,
708.0,Kevin,Garnett,Minnesota Timberwolves,NBA Player of the Week,,2004-05,,2004-11-07T00:00:00,West,Award,Kia Motors,KIPWK,,708,
708.0,Kevin,Garnett,Minnesota Timberwolves,NBA Player of the Week,,2005-06,,2006-01-15T00:00:00,West,Award,Kia Motors,KIPWK,,708,
708.0,Kevin,Garnett,Minnesota Timberwolves,NBA Player of the Week,,2006-07,,2007-01-07T00:00:00,West,Award,Kia Motors,KIPWK,,708,
708.0,Kevin,Garnett,Boston Celtics,NBA Player of the Week,,2007-08,,2007-11-11T00:00:00,East,Award,Kia Motors,KIPWK,,708,
708.0,Kevin,Garnett,Boston Celtics,NBA Player of the Week,,2007-08,,2008-03-23T00:00:00,East,Award,Kia Motors,KIPWK,,708,
708.0,Kevin,Garnett,Boston Celtics,NBA Player of the Week,,2007-08,,2008-04-13T00:00:00,East,Award,Kia Motors,KIPWK,,708,
708.0,Kevin,Garnett,Boston Celtics,NBA Player of the Week,,2009-10,,2009-12-07T00:00:00,East,Award,Kia Motors,KIPWK,,708,
708.0,Kevin,Garnett,Boston Celtics,NBA Player of the Week,,2011-12,,2012-04-09T00:00:00,East,Award,Kia Motors,KIPWK,,708,
708.0,Kevin,Garnett,Minnesota Timberwolves,NBA Sporting News Most Valuable Player of the Year,,2003-04,,,,Award,Sporting News,SNMVP,,708,
708.0,Kevin,Garnett,USA,Olympic Gold Medal,,2000,,,,Award,Olympic,Gold,,708,
711.0,Jerry,Stackhouse,Philadelphia 76ers,All-Rookie Team,1.0,1995-96,,,1610612755,Award,Kia Motors,KIART,,711,
711.0,Jerry,Stackhouse,,NBA All-Star,,1999-00,,,,Award,All-Star,,,711,
711.0,Jerry,Stackhouse,,NBA All-Star,,2000-01,,,,Award,All-Star,,,711,
711.0,Jerry,Stackhouse,Washington Wizards,NBA Player of the Week,,2002-03,,2002-11-10T00:00:00,East,Award,Kia Motors,KIPWK,,711,
711.0,Jerry,Stackhouse,Philadelphia 76ers,NBA Rookie of the Month,,1995-96,03/01/1996,,,Award,Kia Motors,KIRMO,,711,
714.0,Michael,Finley,Phoenix Suns,All-Rookie Team,1.0,1995-96,,,1610612756,Award,Kia Motors,KIART,,714,
714.0,Michael,Finley,,NBA All-Star,,1999-00,,,,Award,All-Star,,,714,
714.0,Michael,Finley,,NBA All-Star,,2000-01,,,,Award,All-Star,,,714,
714.0,Michael,Finley,San Antonio Spurs,NBA Champion,,2006-07,,,,Award,Champion,,,714,
714.0,Michael,Finley,Dallas Mavericks,NBA Player of the Month,,2002-03,11/01/2002,,West,Award,Kia Motors,KIPMO,,714,
714.0,Michael,Finley,Dallas Mavericks,NBA Player of the Week,,1999-00,,2000-02-07T00:00:00,,Award,Kia Motors,KIPWK,,714,
714.0,Michael,Finley,Dallas Mavericks,NBA Player of the Week,,2003-04,,2004-01-18T00:00:00,East,Award,Kia Motors,KIPWK,,714,
716.0,Rumeal,Robinson,New Jersey Nets,NBA Player of the Week,,1992-93,,1993-03-14T00:00:00,,Award,Kia Motors,KIPWK,,716,
717.0,Arvydas,Sabonis,Portland Trail Blazers,All-Rookie Team,1.0,1995-96,,,1610612757,Award,Kia Motors,KIART,,717,
717.0,Arvydas,Sabonis,,Hall of Fame Inductee,,2011,,,,Award,Hall of Fame,,,717,
717.0,Arvydas,Sabonis,Portland Trail Blazers,NBA Player of the Week,,1995-96,,1996-03-31T00:00:00,,Award,Kia Motors,KIPWK,,717,
717.0,Arvydas,Sabonis,Portland Trail Blazers,NBA Rookie of the Month,,1995-96,04/01/1996,,,Award,Kia Motors,KIRMO,,717,
717.0,Arvydas,Sabonis,Lithuania,Olympic Bronze Medal,,1992,,,,Award,Olympic,Bronze,,717,
717.0,Arvydas,Sabonis,Lithuania,Olympic Bronze Medal,,1996,,,,Award,Olympic,Bronze,,717,
717.0,Arvydas,Sabonis,Soviet Union,Olympic Gold Medal,,1988,,,,Award,Olympic,Gold,,717,
721.0,Tyus,Edney,Sacramento Kings,All-Rookie Team,2.0,1995-96,,,1610612758,Award,Kia Motors,KIART,,721,
722.0,Corliss,Williamson,Detroit Pistons,NBA Champion,,2003-04,,,,Award,Champion,,,722,
722.0,Corliss,Williamson,Detroit Pistons,NBA Sixth Man of the Year,,2001-02,,,,Award,Sporting News,KISMY,,722,
727.0,Eric,Snow,Philadelphia 76ers,All-Defensive Team,2.0,2002-03,,,1610612755,Award,Kia Motors,KIADT,,727,
727.0,Eric,Snow,Cleveland Cavaliers,J. Walter Kennedy Citizenship,,2004-05,,,,Award,Kia Motors,KIWKC,,727,
727.0,Eric,Snow,Philadelphia 76ers,NBA Sportsmanship,,1999-00,,,,Award,Kia Motors,KSPRT,,727,
735.0,Bryant,Reeves,Vancouver Grizzlies,All-Rookie Team,2.0,1995-96,,,1610612763,Award,Kia Motors,KIART,,735,
739.0,Rasheed,Wallace,Washington Bullets,All-Rookie Team,2.0,1995-96,,,1610612764,Award,Kia Motors,KIART,,739,
739.0,Rasheed,Wallace,,NBA All-Star,,1999-00,,,,Award,All-Star,,,739,
739.0,Rasheed,Wallace,,NBA All-Star,,2000-01,,,,Award,All-Star,,,739,
739.0,Rasheed,Wallace,,NBA All-Star,,2005-06,,,,Award,All-Star,,,739,
739.0,Rasheed,Wallace,,NBA All-Star,,2007-08,,,,Award,All-Star,,,739,
739.0,Rasheed,Wallace,Detroit Pistons,NBA Champion,,2003-04,,,,Award,Champion,,,739,
739.0,Rasheed,Wallace,Portland Trail Blazers,NBA Player of the Week,,2001-02,,2002-03-03T00:00:00,West,Award,Kia Motors,KIPWK,,739,
753.0,Randy,Brown,Chicago Bulls,NBA Champion,,1995-96,,,,Award,Champion,,,753,
753.0,Randy,Brown,Chicago Bulls,NBA Champion,,1996-97,,,,Award,Champion,,,753,
753.0,Randy,Brown,Chicago Bulls,NBA Champion,,1997-98,,,,Award,Champion,,,753,
757.0,Damon,Stoudamire,Toronto Raptors,All-Rookie Team,1.0,1995-96,,,1610612761,Award,Kia Motors,KIART,,757,
757.0,Damon,Stoudamire,Toronto Raptors,NBA Rookie of the Year,,1995-96,,,,Award,Kia Motors,KIROY,,757,
757.0,Damon,Stoudamire,Toronto Raptors,NBA Sporting News Rookie of the Year,,1995-96,,,,Award,Sporting News,SNROY,,757,
757.0,Damon,Stoudemire,Toronto Raptors,NBA Rookie of the Month,,1995-96,01/01/1996,,,Award,Kia Motors,KIRMO,,757,
757.0,Damon,Stoudemire,Toronto Raptors,NBA Rookie of the Month,,1995-96,11/01/1995,,,Award,Kia Motors,KIRMO,,757,
760.0,Jerome,Kersey,San Antonio Spurs,NBA Champion,,1998-99,,,,Award,Champion,,,760,
762.0,Dudley,Bradley,Indiana Pacers,All-Defensive Team,2.0,1980-81,,,1610612754,Award,Kia Motors,KIADT,,762,
762.0,Shawn,Bradley,Philadelphia 76ers,All-Rookie Team,2.0,1993-94,,,1610612755,Award,Kia Motors,KIART,,762,
763.0,Tony,Massenburg,San Antonio Spurs,NBA Champion,,2004-05,,,,Award,Champion,,,763,
764.0,David,Robinson,San Antonio Spurs,All-Defensive Team,2.0,1989-90,,,1610612759,Award,Kia Motors,KIADT,,764,
764.0,David,Robinson,San Antonio Spurs,All-Defensive Team,1.0,1990-91,,,1610612759,Award,Kia Motors,KIADT,,764,
764.0,David,Robinson,San Antonio Spurs,All-Defensive Team,1.0,1991-92,,,1610612759,Award,Kia Motors,KIADT,,764,
764.0,David,Robinson,San Antonio Spurs,All-Defensive Team,2.0,1992-93,,,1610612759,Award,Kia Motors,KIADT,,764,
764.0,David,Robinson,San Antonio Spurs,All-Defensive Team,2.0,1993-94,,,1610612759,Award,Kia Motors,KIADT,,764,
764.0,David,Robinson,San Antonio Spurs,All-Defensive Team,1.0,1994-95,,,1610612759,Award,Kia Motors,KIADT,,764,
764.0,David,Robinson,San Antonio Spurs,All-Defensive Team,1.0,1995-96,,,1610612759,Award,Kia Motors,KIADT,,764,
764.0,David,Robinson,San Antonio Spurs,All-Defensive Team,2.0,1997-98,,,1610612759,Award,Kia Motors,KIADT,,764,
764.0,David,Robinson,San Antonio Spurs,All-NBA,3.0,1989-90,,,1610612759,Award,Kia Motors,KIANT,,764,
764.0,David,Robinson,San Antonio Spurs,All-NBA,1.0,1990-91,,,1610612759,Award,Kia Motors,KIANT,,764,
764.0,David,Robinson,San Antonio Spurs,All-NBA,1.0,1991-92,,,1610612759,Award,Kia Motors,KIANT,,764,
764.0,David,Robinson,San Antonio Spurs,All-NBA,3.0,1992-93,,,1610612759,Award,Kia Motors,KIANT,,764,
764.0,David,Robinson,San Antonio Spurs,All-NBA,2.0,1993-94,,,1610612759,Award,Kia Motors,KIANT,,764,
764.0,David,Robinson,San Antonio Spurs,All-NBA,1.0,1994-95,,,1610612759,Award,Kia Motors,KIANT,,764,
764.0,David,Robinson,San Antonio Spurs,All-NBA,1.0,1995-96,,,1610612759,Award,Kia Motors,KIANT,,764,
764.0,David,Robinson,San Antonio Spurs,All-NBA,2.0,1997-98,,,1610612759,Award,Kia Motors,KIANT,,764,
764.0,David,Robinson,San Antonio Spurs,All-NBA,3.0,1999-00,,,1610612759,Award,Kia Motors,KIANT,,764,
764.0,David,Robinson,San Antonio Spurs,All-NBA,3.0,2000-01,,,1610612759,Award,Kia Motors,KIANT,,764,
764.0,David,Robinson,San Antonio Spurs,All-Rookie Team,1.0,1989-90,,,1610612759,Award,Kia Motors,KIART,,764,
764.0,David,Robinson,,Hall of Fame Inductee,,2009,,,,Award,Hall of Fame,,,764,
764.0,David,Robinson,San Antonio Spurs,IBM Award,,1989-90,,,,Award,IBM,IBMAW,,764,
764.0,David,Robinson,San Antonio Spurs,IBM Award,,1990-91,,,,Award,IBM,IBMAW,,764,
764.0,David,Robinson,San Antonio Spurs,IBM Award,,1993-94,,,,Award,IBM,IBMAW,,764,
764.0,David,Robinson,San Antonio Spurs,IBM Award,,1994-95,,,,Award,IBM,IBMAW,,764,
764.0,David,Robinson,San Antonio Spurs,IBM Award,,1995-96,,,,Award,IBM,IBMAW,,764,
764.0,David,Robinson,San Antonio Spurs,J. Walter Kennedy Citizenship,,2002-03,,,,Award,Kia Motors,KIWKC,,764,
764.0,David,Robinson,,NBA All-Star,,1989-90,,,,Award,All-Star,,,764,
764.0,David,Robinson,,NBA All-Star,,1990-91,,,,Award,All-Star,,,764,
764.0,David,Robinson,,NBA All-Star,,1991-92,,,,Award,All-Star,,,764,
764.0,David,Robinson,,NBA All-Star,,1992-93,,,,Award,All-Star,,,764,
764.0,David,Robinson,,NBA All-Star,,1993-94,,,,Award,All-Star,,,764,
764.0,David,Robinson,,NBA All-Star,,1994-95,,,,Award,All-Star,,,764,
764.0,David,Robinson,,NBA All-Star,,1995-96,,,,Award,All-Star,,,764,
764.0,David,Robinson,,NBA All-Star,,1997-98,,,,Award,All-Star,,,764,
764.0,David,Robinson,,NBA All-Star,,1999-00,,,,Award,All-Star,,,764,
764.0,David,Robinson,,NBA All-Star,,2000-01,,,,Award,All-Star,,,764,
764.0,David,Robinson,San Antonio Spurs,NBA Champion,,1998-99,,,,Award,Champion,,,764,
764.0,David,Robinson,San Antonio Spurs,NBA Champion,,2002-03,,,,Award,Champion,,,764,
764.0,David,Robinson,San Antonio Spurs,NBA Defensive Player of the Year,,1991-92,,,,Award,Kia Motors,KDPYR,,764,
764.0,David,Robinson,San Antonio Spurs,NBA Most Valuable Player,,1994-95,,,,Award,Kia Motors,KIMVP,,764,
764.0,David,Robinson,San Antonio Spurs,NBA Player of the Month,,1990-91,01/01/1991,,,Award,Kia Motors,KIPMO,,764,
764.0,David,Robinson,San Antonio Spurs,NBA Player of the Month,,1993-94,02/01/1994,,,Award,Kia Motors,KIPMO,,764,
764.0,David,Robinson,San Antonio Spurs,NBA Player of the Month,,1994-95,03/01/1995,,,Award,Kia Motors,KIPMO,,764,
764.0,David,Robinson,San Antonio Spurs,NBA Player of the Month,,1995-96,03/01/1996,,,Award,Kia Motors,KIPMO,,764,
764.0,David,Robinson,San Antonio Spurs,NBA Player of the Week,,1989-90,,1990-02-25T00:00:00,,Award,Kia Motors,KIPWK,,764,
764.0,David,Robinson,San Antonio Spurs,NBA Player of the Week,,1989-90,,1990-03-25T00:00:00,,Award,Kia Motors,KIPWK,,764,
764.0,David,Robinson,San Antonio Spurs,NBA Player of the Week,,1989-90,,1990-04-22T00:00:00,,Award,Kia Motors,KIPWK,,764,
764.0,David,Robinson,San Antonio Spurs,NBA Player of the Week,,1991-92,,1991-12-01T00:00:00,,Award,Kia Motors,KIPWK,,764,
764.0,David,Robinson,San Antonio Spurs,NBA Player of the Week,,1992-93,,1992-11-29T00:00:00,,Award,Kia Motors,KIPWK,,764,
764.0,David,Robinson,San Antonio Spurs,NBA Player of the Week,,1992-93,,1993-01-03T00:00:00,,Award,Kia Motors,KIPWK,,764,
764.0,David,Robinson,San Antonio Spurs,NBA Player of the Week,,1993-94,,1993-12-05T00:00:00,,Award,Kia Motors,KIPWK,,764,
764.0,David,Robinson,San Antonio Spurs,NBA Player of the Week,,1993-94,,1994-02-06T00:00:00,,Award,Kia Motors,KIPWK,,764,
764.0,David,Robinson,San Antonio Spurs,NBA Player of the Week,,1993-94,,1994-02-20T00:00:00,,Award,Kia Motors,KIPWK,,764,
764.0,David,Robinson,San Antonio Spurs,NBA Player of the Week,,1993-94,,1994-03-06T00:00:00,,Award,Kia Motors,KIPWK,,764,
764.0,David,Robinson,San Antonio Spurs,NBA Player of the Week,,1993-94,,1994-04-24T00:00:00,,Award,Kia Motors,KIPWK,,764,
764.0,David,Robinson,San Antonio Spurs,NBA Player of the Week,,1994-95,,1995-04-02T00:00:00,,Award,Kia Motors,KIPWK,,764,
764.0,David,Robinson,San Antonio Spurs,NBA Player of the Week,,1995-96,,1996-01-14T00:00:00,,Award,Kia Motors,KIPWK,,764,
764.0,David,Robinson,San Antonio Spurs,NBA Player of the Week,,1997-98,,1997-12-28T00:00:00,,Award,Kia Motors,KIPWK,,764,
764.0,David,Robinson,San Antonio Spurs,NBA Rookie of the Month,,1989-90,01/01/1990,,,Award,Kia Motors,KIRMO,,764,
764.0,David,Robinson,San Antonio Spurs,NBA Rookie of the Month,,1989-90,02/01/1990,,,Award,Kia Motors,KIRMO,,764,
764.0,David,Robinson,San Antonio Spurs,NBA Rookie of the Month,,1989-90,03/01/1990,,,Award,Kia Motors,KIRMO,,764,
764.0,David,Robinson,San Antonio Spurs,NBA Rookie of the Month,,1989-90,04/01/1990,,,Award,Kia Motors,KIRMO,,764,
764.0,David,Robinson,San Antonio Spurs,NBA Rookie of the Month,,1989-90,11/01/1989,,,Award,Kia Motors,KIRMO,,764,
764.0,David,Robinson,San Antonio Spurs,NBA Rookie of the Month,,1989-90,12/01/1989,,,Award,Kia Motors,KIRMO,,764,
764.0,David,Robinson,San Antonio Spurs,NBA Rookie of the Year,,1989-90,,,,Award,Kia Motors,KIROY,,764,
764.0,David,Robinson,San Antonio Spurs,NBA Sporting News Most Valuable Player of the Year,,1994-95,,,,Award,Sporting News,SNMVP,,764,
764.0,David,Robinson,San Antonio Spurs,NBA Sporting News Rookie of the Year,,1989-90,,,,Award,Sporting News,SNROY,,764,
764.0,David,Robinson,San Antonio Spurs,NBA Sportsmanship,,2000-01,,,,Award,Kia Motors,KSPRT,,764,
764.0,David,Robinson,USA,Olympic Bronze Medal,,1988,,,,Award,Olympic,Bronze,,764,
764.0,David,Robinson,USA,Olympic Gold Medal,,1992,,,,Award,Olympic,Gold,,764,
764.0,David,Robinson,USA,Olympic Gold Medal,,1996,,,,Award,Olympic,Gold,,764,
765.0,Hersey,Hawkins,Philadelphia 76ers,All-Rookie Team,1.0,1988-89,,,1610612755,Award,Kia Motors,KIART,,765,
765.0,Hersey,Hawkins,,NBA All-Star,,1990-91,,,,Award,All-Star,,,765,
765.0,Hersey,Hawkins,Seattle SuperSonics,NBA Sportsmanship,,1998-99,,,,Award,Kia Motors,KSPRT,,765,
765.0,Hersey,Hawkins,USA,Olympic Bronze Medal,,1988,,,,Award,Olympic,Bronze,,765,
769.0,B.J.,Armstrong,,NBA All-Star,,1993-94,,,,Award,All-Star,,,769,
769.0,B.J.,Armstrong,Chicago Bulls,NBA Champion,,1990-91,,,,Award,Champion,,,769,
769.0,B.J.,Armstrong,Chicago Bulls,NBA Champion,,1991-92,,,,Award,Champion,,,769,
769.0,B.J.,Armstrong,Chicago Bulls,NBA Champion,,1992-93,,,,Award,Champion,,,769,
779.0,Glen,Rice,Charlotte Hornets,All-NBA,2.0,1996-97,,,1610612740,Award,Kia Motors,KIANT,,779,
779.0,Glen,Rice,Charlotte Hornets,All-NBA,3.0,1997-98,,,1610612740,Award,Kia Motors,KIANT,,779,
779.0,Glen,Rice,Miami Heat,All-Rookie Team,2.0,1989-90,,,1610612748,Award,Kia Motors,KIART,,779,
779.0,Glen,Rice,,NBA All-Star,,1995-96,,,,Award,All-Star,,,779,
779.0,Glen,Rice,,NBA All-Star,,1996-97,,,,Award,All-Star,,,779,
779.0,Glen,Rice,,NBA All-Star,,1997-98,,,,Award,All-Star,,,779,
779.0,Glen,Rice,Charlotte Hornets,NBA All-Star Most Valuable Player,,1996-97,,,,Award,Kia Motors,KAMVP,,779,
779.0,Glen,Rice,Los Angeles Lakers,NBA Champion,,1999-00,,,,Award,Champion,,,779,
779.0,Glen,Rice,Miami Heat,NBA Player of the Month,,1991-92,04/01/1992,,,Award,Kia Motors,KIPMO,,779,
779.0,Glen,Rice,Charlotte Hornets,NBA Player of the Month,,1996-97,02/01/1997,,,Award,Kia Motors,KIPMO,,779,
779.0,Glen,Rice,Miami Heat,NBA Player of the Week,,1993-94,,1993-11-28T00:00:00,,Award,Kia Motors,KIPWK,,779,
779.0,Glen,Rice,New Orleans Hornets,NBA Player of the Week,,1996-97,,1997-01-05T00:00:00,,Award,Kia Motors,KIPWK,,779,
779.0,Glen,Rice,New Orleans Hornets,NBA Player of the Week,,1996-97,,1997-02-02T00:00:00,,Award,Kia Motors,KIPWK,,779,
779.0,Glen,Rice,New Orleans Hornets,NBA Player of the Week,,1997-98,,1997-12-14T00:00:00,,Award,Kia Motors,KIPWK,,779,
781.0,Will,Perdue,Chicago Bulls,NBA Champion,,1990-91,,,,Award,Champion,,,781,
781.0,Will,Perdue,Chicago Bulls,NBA Champion,,1991-92,,,,Award,Champion,,,781,
781.0,Will,Perdue,Chicago Bulls,NBA Champion,,1992-93,,,,Award,Champion,,,781,
781.0,Will,Perdue,San Antonio Spurs,NBA Champion,,1998-99,,,,Award,Champion,,,781,
782.0,Mitch,Richmond,Sacramento Kings,All-NBA,2.0,1993-94,,,1610612758,Award,Kia Motors,KIANT,,782,
782.0,Mitch,Richmond,Sacramento Kings,All-NBA,2.0,1994-95,,,1610612758,Award,Kia Motors,KIANT,,782,
782.0,Mitch,Richmond,Sacramento Kings,All-NBA,3.0,1995-96,,,1610612758,Award,Kia Motors,KIANT,,782,
782.0,Mitch,Richmond,Sacramento Kings,All-NBA,2.0,1996-97,,,1610612758,Award,Kia Motors,KIANT,,782,
782.0,Mitch,Richmond,Sacramento Kings,All-NBA,3.0,1997-98,,,1610612758,Award,Kia Motors,KIANT,,782,
782.0,Mitch,Richmond,Golden State Warriors,All-Rookie Team,1.0,1988-89,,,1610612744,Award,Kia Motors,KIART,,782,
782.0,Mitch,Richmond,,Hall of Fame Inductee,,2014,,,,Award,Hall of Fame,,,782,
782.0,Mitch,Richmond,,NBA All-Star,,1992-93,,,,Award,All-Star,,,782,
782.0,Mitch,Richmond,,NBA All-Star,,1993-94,,,,Award,All-Star,,,782,
782.0,Mitch,Richmond,,NBA All-Star,,1994-95,,,,Award,All-Star,,,782,
782.0,Mitch,Richmond,,NBA All-Star,,1995-96,,,,Award,All-Star,,,782,
782.0,Mitch,Richmond,,NBA All-Star,,1996-97,,,,Award,All-Star,,,782,
782.0,Mitch,Richmond,,NBA All-Star,,1997-98,,,,Award,All-Star,,,782,
782.0,Mitch,Richmond,Sacramento Kings,NBA All-Star Most Valuable Player,,1994-95,,,,Award,Kia Motors,KAMVP,,782,
782.0,Mitch,Richmond,Los Angeles Lakers,NBA Champion,,2001-02,,,,Award,Champion,,,782,
782.0,Mitch,Richmond,Golden State Warriors,NBA Player of the Week,,1990-91,,1991-03-24T00:00:00,,Award,Kia Motors,KIPWK,,782,
782.0,Mitch,Richmond,Sacramento Kings,NBA Player of the Week,,1996-97,,1997-01-26T00:00:00,,Award,Kia Motors,KIPWK,,782,
782.0,Mitch,Richmond,Golden State Warriors,NBA Rookie of the Month,,1988-89,01/01/1989,,,Award,Kia Motors,KIRMO,,782,
782.0,Mitch,Richmond,Golden State Warriors,NBA Rookie of the Month,,1988-89,03/01/1989,,,Award,Kia Motors,KIRMO,,782,
782.0,Mitch,Richmond,Golden State Warriors,NBA Rookie of the Month,,1988-89,12/01/1988,,,Award,Kia Motors,KIRMO,,782,
782.0,Mitch,Richmond,Golden State Warriors,NBA Rookie of the Year,,1988-89,,,,Award,Kia Motors,KIROY,,782,
782.0,Mitch,Richmond,Golden State Warriors,NBA Sporting News Rookie of the Year,,1988-89,,,,Award,Sporting News,SNROY,,782,
782.0,Mitch,Richmond,USA,Olympic Bronze Medal,,1988,,,,Award,Olympic,Bronze,,782,
782.0,Mitch,Richmond,USA,Olympic Gold Medal,,1996,,,,Award,Olympic,Gold,,782,
786.0,Gerald,Wilkins,New York Knicks,NBA Player of the Week,,1990-91,,1991-03-03T00:00:00,,Award,Kia Motors,KIPWK,,786,
787.0,Charles,Barkley,Philadelphia 76ers,All-NBA,2.0,1985-86,,,1610612755,Award,Kia Motors,KIANT,,787,
787.0,Charles,Barkley,Philadelphia 76ers,All-NBA,2.0,1986-87,,,1610612755,Award,Kia Motors,KIANT,,787,
787.0,Charles,Barkley,Philadelphia 76ers,All-NBA,1.0,1987-88,,,1610612755,Award,Kia Motors,KIANT,,787,
787.0,Charles,Barkley,Philadelphia 76ers,All-NBA,1.0,1988-89,,,1610612755,Award,Kia Motors,KIANT,,787,
787.0,Charles,Barkley,Philadelphia 76ers,All-NBA,1.0,1989-90,,,1610612755,Award,Kia Motors,KIANT,,787,
787.0,Charles,Barkley,Philadelphia 76ers,All-NBA,1.0,1990-91,,,1610612755,Award,Kia Motors,KIANT,,787,
787.0,Charles,Barkley,Philadelphia 76ers,All-NBA,2.0,1991-92,,,1610612755,Award,Kia Motors,KIANT,,787,
787.0,Charles,Barkley,Phoenix Suns,All-NBA,1.0,1992-93,,,1610612756,Award,Kia Motors,KIANT,,787,
787.0,Charles,Barkley,Phoenix Suns,All-NBA,2.0,1993-94,,,1610612756,Award,Kia Motors,KIANT,,787,
787.0,Charles,Barkley,Phoenix Suns,All-NBA,2.0,1994-95,,,1610612756,Award,Kia Motors,KIANT,,787,
787.0,Charles,Barkley,Phoenix Suns,All-NBA,3.0,1995-96,,,1610612756,Award,Kia Motors,KIANT,,787,
787.0,Charles,Barkley,Philadelphia 76ers,All-Rookie Team,1.0,1984-85,,,1610612755,Award,Kia Motors,KIART,,787,
787.0,Charles,Barkley,,Hall of Fame Inductee,,2006,,,,Award,Hall of Fame,,,787,
787.0,Charles,Barkley,Philadelphia 76ers,IBM Award,,1985-86,,,,Award,IBM,IBMAW,,787,
787.0,Charles,Barkley,Philadelphia 76ers,IBM Award,,1986-87,,,,Award,IBM,IBMAW,,787,
787.0,Charles,Barkley,Philadelphia 76ers,IBM Award,,1987-88,,,,Award,IBM,IBMAW,,787,
787.0,Charles,Barkley,,NBA All-Star,,1986-87,,,,Award,All-Star,,,787,
787.0,Charles,Barkley,,NBA All-Star,,1987-88,,,,Award,All-Star,,,787,
787.0,Charles,Barkley,,NBA All-Star,,1988-89,,,,Award,All-Star,,,787,
787.0,Charles,Barkley,,NBA All-Star,,1989-90,,,,Award,All-Star,,,787,
787.0,Charles,Barkley,,NBA All-Star,,1990-91,,,,Award,All-Star,,,787,
787.0,Charles,Barkley,,NBA All-Star,,1991-92,,,,Award,All-Star,,,787,
787.0,Charles,Barkley,,NBA All-Star,,1992-93,,,,Award,All-Star,,,787,
787.0,Charles,Barkley,,NBA All-Star,,1993-94,,,,Award,All-Star,,,787,
787.0,Charles,Barkley,,NBA All-Star,,1994-95,,,,Award,All-Star,,,787,
787.0,Charles,Barkley,,NBA All-Star,,1995-96,,,,Award,All-Star,,,787,
787.0,Charles,Barkley,,NBA All-Star,,1996-97,,,,Award,All-Star,,,787,
787.0,Charles,Barkley,Philadelphia 76ers,NBA All-Star Most Valuable Player,,1990-91,,,,Award,Kia Motors,KAMVP,,787,
787.0,Charles,Barkley,Phoenix Suns,NBA Most Valuable Player,,1992-93,,,,Award,Kia Motors,KIMVP,,787,
787.0,Charles,Barkley,Philadelphia 76ers,NBA Player of the Month,,1986-87,01/01/1987,,,Award,Kia Motors,KIPMO,,787,
787.0,Charles,Barkley,Philadelphia 76ers,NBA Player of the Month,,1988-89,11/01/1988,,,Award,Kia Motors,KIPMO,,787,
787.0,Charles,Barkley,Phoenix Suns,NBA Player of the Month,,1992-93,12/01/1992,,,Award,Kia Motors,KIPMO,,787,
787.0,Charles,Barkley,Phoenix Suns,NBA Player of the Month,,1995-96,02/01/1996,,,Award,Kia Motors,KIPMO,,787,
787.0,Charles,Barkley,Philadelphia 76ers,NBA Player of the Week,,1985-86,,1986-01-26T00:00:00,,Award,Kia Motors,KIPWK,,787,
787.0,Charles,Barkley,Philadelphia 76ers,NBA Player of the Week,,1985-86,,1986-03-02T00:00:00,,Award,Kia Motors,KIPWK,,787,
787.0,Charles,Barkley,Philadelphia 76ers,NBA Player of the Week,,1985-86,,1986-03-30T00:00:00,,Award,Kia Motors,KIPWK,,787,
787.0,Charles,Barkley,Philadelphia 76ers,NBA Player of the Week,,1987-88,,1988-03-20T00:00:00,,Award,Kia Motors,KIPWK,,787,
787.0,Charles,Barkley,Philadelphia 76ers,NBA Player of the Week,,1989-90,,1990-04-08T00:00:00,,Award,Kia Motors,KIPWK,,787,
787.0,Charles,Barkley,Philadelphia 76ers,NBA Player of the Week,,1990-91,,1990-11-25T00:00:00,,Award,Kia Motors,KIPWK,,787,
787.0,Charles,Barkley,Phoenix Suns,NBA Player of the Week,,1992-93,,1992-12-13T00:00:00,,Award,Kia Motors,KIPWK,,787,
787.0,Charles,Barkley,Phoenix Suns,NBA Player of the Week,,1992-93,,1993-04-04T00:00:00,,Award,Kia Motors,KIPWK,,787,
787.0,Charles,Barkley,Phoenix Suns,NBA Player of the Week,,1993-94,,1993-11-21T00:00:00,,Award,Kia Motors,KIPWK,,787,
787.0,Charles,Barkley,Phoenix Suns,NBA Player of the Week,,1994-95,,1995-02-19T00:00:00,,Award,Kia Motors,KIPWK,,787,
787.0,Charles,Barkley,Houston Rockets,NBA Player of the Week,,1996-97,,1996-11-24T00:00:00,,Award,Kia Motors,KIPWK,,787,
787.0,Charles,Barkley,Philadelphia 76ers,NBA Sporting News Most Valuable Player of the Year,,1989-90,,,,Award,Sporting News,SNMVP,,787,
787.0,Charles,Barkley,Phoenix Suns,NBA Sporting News Most Valuable Player of the Year,,1992-93,,,,Award,Sporting News,SNMVP,,787,
787.0,Charles,Barkley,USA,Olympic Gold Medal,,1992,,,,Award,Olympic,Gold,,787,
787.0,Charles,Barkley,USA,Olympic Gold Medal,,1996,,,,Award,Olympic,Gold,,787,
788.0,Kevin,Willis,Atlanta Hawks,All-NBA,3.0,1991-92,,,1610612737,Award,Kia Motors,KIANT,,788,
788.0,Kevin,Willis,,NBA All-Star,,1991-92,,,,Award,All-Star,,,788,
788.0,Kevin,Willis,San Antonio Spurs,NBA Champion,,2002-03,,,,Award,Champion,,,788,
788.0,Kevin,Willis,Atlanta Hawks,NBA Player of the Week,,1991-92,,1991-11-24T00:00:00,,Award,Kia Motors,KIPWK,,788,
788.0,Kevin,Willis,Atlanta Hawks,NBA Player of the Week,,1993-94,,1994-03-27T00:00:00,,Award,Kia Motors,KIPWK,,788,
891.0,Charles,Oakley,New York Knicks,All-Defensive Team,1.0,1993-94,,,1610612752,Award,Kia Motors,KIADT,,891,
891.0,Charles,Oakley,New York Knicks,All-Defensive Team,2.0,1997-98,,,1610612752,Award,Kia Motors,KIADT,,891,
891.0,Charles,Oakley,Chicago Bulls,All-Rookie Team,1.0,1985-86,,,1610612741,Award,Kia Motors,KIART,,891,
891.0,Charles,Oakley,,NBA All-Star,,1993-94,,,,Award,All-Star,,,891,
891.0,Charles,Oakley,Chicago Bulls,NBA Rookie of the Month,,1985-86,02/01/1986,,,Award,Kia Motors,KIRMO,,891,
893.0,Michael,Jordan,Chicago Bulls,All-Defensive Team,1.0,1987-88,,,1610612741,Award,Kia Motors,KIADT,,893,
893.0,Michael,Jordan,Chicago Bulls,All-Defensive Team,1.0,1988-89,,,1610612741,Award,Kia Motors,KIADT,,893,
893.0,Michael,Jordan,Chicago Bulls,All-Defensive Team,1.0,1989-90,,,1610612741,Award,Kia Motors,KIADT,,893,
893.0,Michael,Jordan,Chicago Bulls,All-Defensive Team,1.0,1990-91,,,1610612741,Award,Kia Motors,KIADT,,893,
893.0,Michael,Jordan,Chicago Bulls,All-Defensive Team,1.0,1991-92,,,1610612741,Award,Kia Motors,KIADT,,893,
893.0,Michael,Jordan,Chicago Bulls,All-Defensive Team,1.0,1992-93,,,1610612741,Award,Kia Motors,KIADT,,893,
893.0,Michael,Jordan,Chicago Bulls,All-Defensive Team,1.0,1995-96,,,1610612741,Award,Kia Motors,KIADT,,893,
893.0,Michael,Jordan,Chicago Bulls,All-Defensive Team,1.0,1996-97,,,1610612741,Award,Kia Motors,KIADT,,893,
893.0,Michael,Jordan,Chicago Bulls,All-Defensive Team,1.0,1997-98,,,1610612741,Award,Kia Motors,KIADT,,893,
893.0,Michael,Jordan,Chicago Bulls,All-NBA,2.0,1984-85,,,1610612741,Award,Kia Motors,KIANT,,893,
893.0,Michael,Jordan,Chicago Bulls,All-NBA,1.0,1986-87,,,1610612741,Award,Kia Motors,KIANT,,893,
893.0,Michael,Jordan,Chicago Bulls,All-NBA,1.0,1987-88,,,1610612741,Award,Kia Motors,KIANT,,893,
893.0,Michael,Jordan,Chicago Bulls,All-NBA,1.0,1988-89,,,1610612741,Award,Kia Motors,KIANT,,893,
893.0,Michael,Jordan,Chicago Bulls,All-NBA,1.0,1989-90,,,1610612741,Award,Kia Motors,KIANT,,893,
893.0,Michael,Jordan,Chicago Bulls,All-NBA,1.0,1990-91,,,1610612741,Award,Kia Motors,KIANT,,893,
893.0,Michael,Jordan,Chicago Bulls,All-NBA,1.0,1991-92,,,1610612741,Award,Kia Motors,KIANT,,893,
893.0,Michael,Jordan,Chicago Bulls,All-NBA,1.0,1992-93,,,1610612741,Award,Kia Motors,KIANT,,893,
893.0,Michael,Jordan,Chicago Bulls,All-NBA,1.0,1995-96,,,1610612741,Award,Kia Motors,KIANT,,893,
893.0,Michael,Jordan,Chicago Bulls,All-NBA,1.0,1996-97,,,1610612741,Award,Kia Motors,KIANT,,893,
893.0,Michael,Jordan,Chicago Bulls,All-NBA,1.0,1997-98,,,1610612741,Award,Kia Motors,KIANT,,893,
893.0,Michael,Jordan,Chicago Bulls,All-Rookie Team,1.0,1984-85,,,1610612741,Award,Kia Motors,KIART,,893,
893.0,Michael,Jordan,,Hall of Fame Inductee,,2009,,,,Award,Hall of Fame,,,893,
893.0,Michael,Jordan,Chicago Bulls,IBM Award,,1984-85,,,,Award,IBM,IBMAW,,893,
893.0,Michael,Jordan,Chicago Bulls,IBM Award,,1988-89,,,,Award,IBM,IBMAW,,893,
893.0,Michael,Jordan,,NBA All-Star,,1984-85,,,,Award,All-Star,,,893,
893.0,Michael,Jordan,,NBA All-Star,,1985-86,,,,Award,All-Star,,,893,
893.0,Michael,Jordan,,NBA All-Star,,1986-87,,,,Award,All-Star,,,893,
893.0,Michael,Jordan,,NBA All-Star,,1987-88,,,,Award,All-Star,,,893,
893.0,Michael,Jordan,,NBA All-Star,,1988-89,,,,Award,All-Star,,,893,
893.0,Michael,Jordan,,NBA All-Star,,1989-90,,,,Award,All-Star,,,893,
893.0,Michael,Jordan,,NBA All-Star,,1990-91,,,,Award,All-Star,,,893,
893.0,Michael,Jordan,,NBA All-Star,,1991-92,,,,Award,All-Star,,,893,
893.0,Michael,Jordan,,NBA All-Star,,1992-93,,,,Award,All-Star,,,893,
893.0,Michael,Jordan,,NBA All-Star,,1995-96,,,,Award,All-Star,,,893,
893.0,Michael,Jordan,,NBA All-Star,,1996-97,,,,Award,All-Star,,,893,
893.0,Michael,Jordan,,NBA All-Star,,1997-98,,,,Award,All-Star,,,893,
893.0,Michael,Jordan,,NBA All-Star,,2001-02,,,,Award,All-Star,,,893,
893.0,Michael,Jordan,,NBA All-Star,,2002-03,,,,Award,All-Star,,,893,
893.0,Michael,Jordan,Chicago Bulls,NBA All-Star Most Valuable Player,,1987-88,,,,Award,Kia Motors,KAMVP,,893,
893.0,Michael,Jordan,Chicago Bulls,NBA All-Star Most Valuable Player,,1995-96,,,,Award,Kia Motors,KAMVP,,893,
893.0,Michael,Jordan,Chicago Bulls,NBA All-Star Most Valuable Player,,1997-98,,,,Award,Kia Motors,KAMVP,,893,
893.0,Michael,Jordan,Chicago Bulls,NBA Champion,,1990-91,,,,Award,Champion,,,893,
893.0,Michael,Jordan,Chicago Bulls,NBA Champion,,1991-92,,,,Award,Champion,,,893,
893.0,Michael,Jordan,Chicago Bulls,NBA Champion,,1992-93,,,,Award,Champion,,,893,
893.0,Michael,Jordan,Chicago Bulls,NBA Champion,,1995-96,,,,Award,Champion,,,893,
893.0,Michael,Jordan,Chicago Bulls,NBA Champion,,1996-97,,,,Award,Champion,,,893,
893.0,Michael,Jordan,Chicago Bulls,NBA Champion,,1997-98,,,,Award,Champion,,,893,
893.0,Michael,Jordan,Chicago Bulls,NBA Defensive Player of the Year,,1987-88,,,,Award,Kia Motors,KDPYR,,893,
893.0,Michael,Jordan,Chicago Bulls,NBA Finals Most Valuable Player,,1990-91,,,,Award,Kia Motors,KFMVP,,893,
893.0,Michael,Jordan,Chicago Bulls,NBA Finals Most Valuable Player,,1991-92,,,,Award,Kia Motors,KFMVP,,893,
893.0,Michael,Jordan,Chicago Bulls,NBA Finals Most Valuable Player,,1992-93,,,,Award,Kia Motors,KFMVP,,893,
893.0,Michael,Jordan,Chicago Bulls,NBA Finals Most Valuable Player,,1995-96,,,,Award,Kia Motors,KFMVP,,893,
893.0,Michael,Jordan,Chicago Bulls,NBA Finals Most Valuable Player,,1996-97,,,,Award,Kia Motors,KFMVP,,893,
893.0,Michael,Jordan,Chicago Bulls,NBA Finals Most Valuable Player,,1997-98,,,,Award,Kia Motors,KFMVP,,893,
893.0,Michael,Jordan,Chicago Bulls,NBA Most Valuable Player,,1987-88,,,,Award,Kia Motors,KIMVP,,893,
893.0,Michael,Jordan,Chicago Bulls,NBA Most Valuable Player,,1990-91,,,,Award,Kia Motors,KIMVP,,893,
893.0,Michael,Jordan,Chicago Bulls,NBA Most Valuable Player,,1991-92,,,,Award,Kia Motors,KIMVP,,893,
893.0,Michael,Jordan,Chicago Bulls,NBA Most Valuable Player,,1995-96,,,,Award,Kia Motors,KIMVP,,893,
893.0,Michael,Jordan,Chicago Bulls,NBA Most Valuable Player,,1997-98,,,,Award,Kia Motors,KIMVP,,893,
893.0,Michael,Jordan,Chicago Bulls,NBA Player of the Month,,1986-87,02/01/1987,,,Award,Kia Motors,KIPMO,,893,
893.0,Michael,Jordan,Chicago Bulls,NBA Player of the Month,,1986-87,11/01/1986,,,Award,Kia Motors,KIPMO,,893,
893.0,Michael,Jordan,Chicago Bulls,NBA Player of the Month,,1987-88,01/01/1988,,,Award,Kia Motors,KIPMO,,893,
893.0,Michael,Jordan,Chicago Bulls,NBA Player of the Month,,1987-88,11/01/1987,,,Award,Kia Motors,KIPMO,,893,
893.0,Michael,Jordan,Chicago Bulls,NBA Player of the Month,,1988-89,03/01/1989,,,Award,Kia Motors,KIPMO,,893,
893.0,Michael,Jordan,Chicago Bulls,NBA Player of the Month,,1988-89,12/01/1988,,,Award,Kia Motors,KIPMO,,893,
893.0,Michael,Jordan,Chicago Bulls,NBA Player of the Month,,1989-90,03/01/1990,,,Award,Kia Motors,KIPMO,,893,
893.0,Michael,Jordan,Chicago Bulls,NBA Player of the Month,,1989-90,12/01/1989,,,Award,Kia Motors,KIPMO,,893,
893.0,Michael,Jordan,Chicago Bulls,NBA Player of the Month,,1990-91,03/01/1991,,,Award,Kia Motors,KIPMO,,893,
893.0,Michael,Jordan,Chicago Bulls,NBA Player of the Month,,1990-91,04/01/1991,,,Award,Kia Motors,KIPMO,,893,
893.0,Michael,Jordan,Chicago Bulls,NBA Player of the Month,,1991-92,03/01/1992,,,Award,Kia Motors,KIPMO,,893,
893.0,Michael,Jordan,Chicago Bulls,NBA Player of the Month,,1992-93,11/01/1992,,,Award,Kia Motors,KIPMO,,893,
893.0,Michael,Jordan,Chicago Bulls,NBA Player of the Month,,1995-96,01/01/1996,,,Award,Kia Motors,KIPMO,,893,
893.0,Michael,Jordan,Chicago Bulls,NBA Player of the Month,,1996-97,11/01/1996,,,Award,Kia Motors,KIPMO,,893,
893.0,Michael,Jordan,Chicago Bulls,NBA Player of the Month,,1997-98,03/01/1998,,,Award,Kia Motors,KIPMO,,893,
893.0,Michael,Jordan,Chicago Bulls,NBA Player of the Month,,1997-98,12/01/1997,,,Award,Kia Motors,KIPMO,,893,
893.0,Michael,Jordan,Chicago Bulls,NBA Player of the Week,,1984-85,,1985-01-20T00:00:00,,Award,Kia Motors,KIPWK,,893,
893.0,Michael,Jordan,Chicago Bulls,NBA Player of the Week,,1986-87,,1986-11-09T00:00:00,,Award,Kia Motors,KIPWK,,893,
893.0,Michael,Jordan,Chicago Bulls,NBA Player of the Week,,1986-87,,1987-03-01T00:00:00,,Award,Kia Motors,KIPWK,,893,
893.0,Michael,Jordan,Chicago Bulls,NBA Player of the Week,,1986-87,,1987-04-12T00:00:00,,Award,Kia Motors,KIPWK,,893,
893.0,Michael,Jordan,Chicago Bulls,NBA Player of the Week,,1987-88,,1988-01-24T00:00:00,,Award,Kia Motors,KIPWK,,893,
893.0,Michael,Jordan,Chicago Bulls,NBA Player of the Week,,1987-88,,1988-03-27T00:00:00,,Award,Kia Motors,KIPWK,,893,
893.0,Michael,Jordan,Chicago Bulls,NBA Player of the Week,,1987-88,,1988-04-03T00:00:00,,Award,Kia Motors,KIPWK,,893,
893.0,Michael,Jordan,Chicago Bulls,NBA Player of the Week,,1988-89,,1988-11-20T00:00:00,,Award,Kia Motors,KIPWK,,893,
893.0,Michael,Jordan,Chicago Bulls,NBA Player of the Week,,1988-89,,1989-01-15T00:00:00,,Award,Kia Motors,KIPWK,,893,
893.0,Michael,Jordan,Chicago Bulls,NBA Player of the Week,,1988-89,,1989-03-26T00:00:00,,Award,Kia Motors,KIPWK,,893,
893.0,Michael,Jordan,Chicago Bulls,NBA Player of the Week,,1988-89,,1989-04-02T00:00:00,,Award,Kia Motors,KIPWK,,893,
893.0,Michael,Jordan,Chicago Bulls,NBA Player of the Week,,1989-90,,1989-12-10T00:00:00,,Award,Kia Motors,KIPWK,,893,
893.0,Michael,Jordan,Chicago Bulls,NBA Player of the Week,,1989-90,,1990-04-01T00:00:00,,Award,Kia Motors,KIPWK,,893,
893.0,Michael,Jordan,Chicago Bulls,NBA Player of the Week,,1990-91,,1990-12-02T00:00:00,,Award,Kia Motors,KIPWK,,893,
893.0,Michael,Jordan,Chicago Bulls,NBA Player of the Week,,1990-91,,1990-12-25T00:00:00,,Award,Kia Motors,KIPWK,,893,
893.0,Michael,Jordan,Chicago Bulls,NBA Player of the Week,,1991-92,,1992-01-12T00:00:00,,Award,Kia Motors,KIPWK,,893,
893.0,Michael,Jordan,Chicago Bulls,NBA Player of the Week,,1992-93,,1992-11-22T00:00:00,,Award,Kia Motors,KIPWK,,893,
893.0,Michael,Jordan,Chicago Bulls,NBA Player of the Week,,1995-96,,1995-12-24T00:00:00,,Award,Kia Motors,KIPWK,,893,
893.0,Michael,Jordan,Chicago Bulls,NBA Player of the Week,,1995-96,,1996-01-21T00:00:00,,Award,Kia Motors,KIPWK,,893,
893.0,Michael,Jordan,Chicago Bulls,NBA Player of the Week,,1995-96,,1996-03-10T00:00:00,,Award,Kia Motors,KIPWK,,893,
893.0,Michael,Jordan,Chicago Bulls,NBA Player of the Week,,1997-98,,1997-11-23T00:00:00,,Award,Kia Motors,KIPWK,,893,
893.0,Michael,Jordan,Chicago Bulls,NBA Player of the Week,,1997-98,,1997-12-21T00:00:00,,Award,Kia Motors,KIPWK,,893,
893.0,Michael,Jordan,Chicago Bulls,NBA Player of the Week,,1997-98,,1998-04-05T00:00:00,,Award,Kia Motors,KIPWK,,893,
893.0,Michael,Jordan,Washington Wizards,NBA Player of the Week,,2002-03,,2003-01-05T00:00:00,East,Award,Kia Motors,KIPWK,,893,
893.0,Michael,Jordan,Washington Wizards,NBA Player of the Week,,2002-03,,2003-03-02T00:00:00,East,Award,Kia Motors,KIPWK,,893,
893.0,Michael,Jordan,Chicago Bulls,NBA Rookie of the Month,,1984-85,01/01/1985,,,Award,Kia Motors,KIRMO,,893,
893.0,Michael,Jordan,Chicago Bulls,NBA Rookie of the Month,,1984-85,03/01/1985,,,Award,Kia Motors,KIRMO,,893,
893.0,Michael,Jordan,Chicago Bulls,NBA Rookie of the Month,,1984-85,11/01/1984,,,Award,Kia Motors,KIRMO,,893,
893.0,Michael,Jordan,Chicago Bulls,NBA Rookie of the Year,,1984-85,,,,Award,Kia Motors,KIROY,,893,
893.0,Michael,Jordan,Chicago Bulls,NBA Sporting News Most Valuable Player of the Year,,1987-88,,,,Award,Sporting News,SNMVP,,893,
893.0,Michael,Jordan,Chicago Bulls,NBA Sporting News Most Valuable Player of the Year,,1988-89,,,,Award,Sporting News,SNMVP,,893,
893.0,Michael,Jordan,Chicago Bulls,NBA Sporting News Most Valuable Player of the Year,,1990-91,,,,Award,Sporting News,SNMVP,,893,
893.0,Michael,Jordan,Chicago Bulls,NBA Sporting News Most Valuable Player of the Year,,1991-92,,,,Award,Sporting News,SNMVP,,893,
893.0,Michael,Jordan,Chicago Bulls,NBA Sporting News Most Valuable Player of the Year,,1995-96,,,,Award,Sporting News,SNMVP,,893,
893.0,Michael,Jordan,Chicago Bulls,NBA Sporting News Most Valuable Player of the Year,,1996-97,,,,Award,Sporting News,SNMVP,,893,
893.0,Michael,Jordan,Chicago Bulls,NBA Sporting News Most Valuable Player of the Year,,1997-98,,,,Award,Sporting News,SNMVP,,893,
893.0,Michael,Jordan,Chicago Bulls,NBA Sporting News Rookie of the Year,,1984-85,,,,Award,Sporting News,SNROY,,893,
893.0,Michael,Jordan,USA,Olympic Gold Medal,,1984,,,,Award,Olympic,Gold,,893,
893.0,Michael,Jordan,USA,Olympic Gold Medal,,1992,,,,Award,Olympic,Gold,,893,
894.0,Ricky,Pierce,,NBA All-Star,,1990-91,,,,Award,All-Star,,,894,
894.0,Ricky,Pierce,Milwaukee Bucks,NBA Player of the Week,,1990-91,,1990-12-30T00:00:00,,Award,Kia Motors,KIPWK,,894,
894.0,Ricky,Pierce,Milwaukee Bucks,NBA Sixth Man of the Year,,1986-87,,,,Award,Sporting News,KISMY,,894,
894.0,Ricky,Pierce,Milwaukee Bucks,NBA Sixth Man of the Year,,1989-90,,,,Award,Sporting News,KISMY,,894,
896.0,Tim,Hardaway,Golden State Warriors,All-NBA,2.0,1991-92,,,1610612744,Award,Kia Motors,KIANT,,896,
896.0,Tim,Hardaway,Golden State Warriors,All-NBA,3.0,1992-93,,,1610612744,Award,Kia Motors,KIANT,,896,
896.0,Tim,Hardaway,Miami Heat,All-NBA,1.0,1996-97,,,1610612748,Award,Kia Motors,KIANT,,896,
896.0,Tim,Hardaway,Miami Heat,All-NBA,2.0,1997-98,,,1610612748,Award,Kia Motors,KIANT,,896,
896.0,Tim,Hardaway,Miami Heat,All-NBA,2.0,1998-99,,,1610612748,Award,Kia Motors,KIANT,,896,
896.0,Tim,Hardaway,Golden State Warriors,All-Rookie Team,1.0,1989-90,,,1610612744,Award,Kia Motors,KIART,,896,
896.0,Tim,Hardaway,,NBA All-Star,,1990-91,,,,Award,All-Star,,,896,
896.0,Tim,Hardaway,,NBA All-Star,,1991-92,,,,Award,All-Star,,,896,
896.0,Tim,Hardaway,,NBA All-Star,,1992-93,,,,Award,All-Star,,,896,
896.0,Tim,Hardaway,,NBA All-Star,,1996-97,,,,Award,All-Star,,,896,
896.0,Tim,Hardaway,,NBA All-Star,,1997-98,,,,Award,All-Star,,,896,
896.0,Tim,Hardaway,Golden State Warriors,NBA Player of the Week,,1989-90,,1990-02-04T00:00:00,,Award,Kia Motors,KIPWK,,896,
896.0,Tim,Hardaway,Golden State Warriors,NBA Player of the Week,,1990-91,,1991-01-20T00:00:00,,Award,Kia Motors,KIPWK,,896,
896.0,Tim,Hardaway,Golden State Warriors,NBA Player of the Week,,1991-92,,1992-01-19T00:00:00,,Award,Kia Motors,KIPWK,,896,
896.0,Tim,Hardaway,Golden State Warriors,NBA Player of the Week,,1991-92,,1992-02-23T00:00:00,,Award,Kia Motors,KIPWK,,896,
896.0,Tim,Hardaway,Golden State Warriors,NBA Player of the Week,,1994-95,,1994-11-13T00:00:00,,Award,Kia Motors,KIPWK,,896,
896.0,Tim,Hardaway,Miami Heat,NBA Player of the Week,,1996-97,,1996-12-29T00:00:00,,Award,Kia Motors,KIPWK,,896,
896.0,Tim,Hardaway,USA,Olympic Gold Medal,,2000,,,,Award,Olympic,Gold,,896,
898.0,Blue,Edwards,Utah Jazz,All-Rookie Team,2.0,1989-90,,,1610612762,Award,Kia Motors,KIART,,898,
899.0,Mark,Price,Cleveland Cavaliers,All-NBA,3.0,1988-89,,,1610612739,Award,Kia Motors,KIANT,,899,
899.0,Mark,Price,Cleveland Cavaliers,All-NBA,3.0,1991-92,,,1610612739,Award,Kia Motors,KIANT,,899,
899.0,Mark,Price,Cleveland Cavaliers,All-NBA,1.0,1992-93,,,1610612739,Award,Kia Motors,KIANT,,899,
899.0,Mark,Price,Cleveland Cavaliers,All-NBA,3.0,1993-94,,,1610612739,Award,Kia Motors,KIANT,,899,
899.0,Mark,Price,,NBA All-Star,,1988-89,,,,Award,All-Star,,,899,
899.0,Mark,Price,,NBA All-Star,,1991-92,,,,Award,All-Star,,,899,
899.0,Mark,Price,,NBA All-Star,,1992-93,,,,Award,All-Star,,,899,
899.0,Mark,Price,,NBA All-Star,,1993-94,,,,Award,All-Star,,,899,
901.0,Otis,Thorpe,,NBA All-Star,,1991-92,,,,Award,All-Star,,,901,
901.0,Otis,Thorpe,Houston Rockets,NBA Champion,,1993-94,,,,Award,Champion,,,901,
901.0,Otis,Thorpe,Sacramento Kings,NBA Player of the Week,,1986-87,,1987-01-18T00:00:00,,Award,Kia Motors,KIPWK,,901,
901.0,Otis,Thorpe,Houston Rockets,NBA Player of the Week,,1990-91,,1991-02-03T00:00:00,,Award,Kia Motors,KIPWK,,901,
902.0,Bimbo,Coles,USA,Olympic Bronze Medal,,1988,,,,Award,Olympic,Bronze,,902,
904.0,Chris,Mullin,Golden State Warriors,All-NBA,2.0,1988-89,,,1610612744,Award,Kia Motors,KIANT,,904,
904.0,Chris,Mullin,Golden State Warriors,All-NBA,3.0,1989-90,,,1610612744,Award,Kia Motors,KIANT,,904,
904.0,Chris,Mullin,Golden State Warriors,All-NBA,2.0,1990-91,,,1610612744,Award,Kia Motors,KIANT,,904,
904.0,Chris,Mullin,Golden State Warriors,All-NBA,1.0,1991-92,,,1610612744,Award,Kia Motors,KIANT,,904,
904.0,Chris,Mullin,,Hall of Fame Inductee,,2011,,,,Award,Hall of Fame,,,904,
904.0,Chris,Mullin,,NBA All-Star,,1988-89,,,,Award,All-Star,,,904,
904.0,Chris,Mullin,,NBA All-Star,,1989-90,,,,Award,All-Star,,,904,
904.0,Chris,Mullin,,NBA All-Star,,1990-91,,,,Award,All-Star,,,904,
904.0,Chris,Mullin,,NBA All-Star,,1991-92,,,,Award,All-Star,,,904,
904.0,Chris,Mullin,,NBA All-Star,,1992-93,,,,Award,All-Star,,,904,
904.0,Chris,Mullin,Golden State Warriors,NBA Player of the Month,,1988-89,01/01/1989,,,Award,Kia Motors,KIPMO,,904,
904.0,Chris,Mullin,Golden State Warriors,NBA Player of the Month,,1990-91,11/01/1990,,,Award,Kia Motors,KIPMO,,904,
904.0,Chris,Mullin,Golden State Warriors,NBA Player of the Week,,1988-89,,1989-01-22T00:00:00,,Award,Kia Motors,KIPWK,,904,
904.0,Chris,Mullin,Golden State Warriors,NBA Player of the Week,,1989-90,,1989-12-17T00:00:00,,Award,Kia Motors,KIPWK,,904,
904.0,Chris,Mullin,Golden State Warriors,NBA Player of the Week,,1990-91,,1990-11-11T00:00:00,,Award,Kia Motors,KIPWK,,904,
904.0,Chris,Mullin,Golden State Warriors,NBA Player of the Week,,1991-92,,1991-11-10T00:00:00,,Award,Kia Motors,KIPWK,,904,
904.0,Chris,Mullin,USA,Olympic Gold Medal,,1984,,,,Award,Olympic,Gold,,904,
904.0,Chris,Mullin,USA,Olympic Gold Medal,,1992,,,,Award,Olympic,Gold,,904,
905.0,Dale,Davis,,NBA All-Star,,1999-00,,,,Award,All-Star,,,905,
913.0,Larry,Johnson,Charlotte Hornets,All-NBA,2.0,1992-93,,,1610612740,Award,Kia Motors,KIANT,,913,
913.0,Larry,Johnson,Charlotte Hornets,All-Rookie Team,1.0,1991-92,,,1610612740,Award,Kia Motors,KIART,,913,
913.0,Larry,Johnson,,NBA All-Star,,1992-93,,,,Award,All-Star,,,913,
913.0,Larry,Johnson,,NBA All-Star,,1994-95,,,,Award,All-Star,,,913,
913.0,Larry,Johnson,Charlotte Hornets,NBA Player of the Week,,1991-92,,1992-03-22T00:00:00,,Award,Kia Motors,KIPWK,,913,
913.0,Larry,Johnson,New Orleans Hornets,NBA Player of the Week,,1992-93,,1993-02-14T00:00:00,,Award,Kia Motors,KIPWK,,913,
913.0,Larry,Johnson,New Orleans Hornets,NBA Player of the Week,,1992-93,,1993-04-25T00:00:00,,Award,Kia Motors,KIPWK,,913,
913.0,Larry,Johnson,New Orleans Hornets,NBA Player of the Week,,1994-95,,1995-01-15T00:00:00,,Award,Kia Motors,KIPWK,,913,
913.0,Larry,Johnson,Charlotte Hornets,NBA Rookie of the Month,,1991-92,02/01/1992,,,Award,Kia Motors,KIRMO,,913,
913.0,Larry,Johnson,Charlotte Hornets,NBA Rookie of the Month,,1991-92,03/01/1992,,,Award,Kia Motors,KIRMO,,913,
913.0,Larry,Johnson,Charlotte Hornets,NBA Rookie of the Month,,1991-92,12/01/1991,,,Award,Kia Motors,KIRMO,,913,
913.0,Larry,Johnson,Charlotte Hornets,NBA Rookie of the Year,,1991-92,,,,Award,Kia Motors,KIROY,,913,
913.0,Larry,Johnson,Charlotte Hornets,NBA Sporting News Rookie of the Year,,1991-92,,,,Award,Sporting News,SNROY,,913,
914.0,Stanley,Roberts,Orlando Magic,All-Rookie Team,2.0,1991-92,,,1610612753,Award,Kia Motors,KIART,,914,
915.0,Rodney,Rogers,Phoenix Suns,NBA Sixth Man of the Year,,1999-00,,,,Award,Sporting News,KISMY,,915,
919.0,Loy,Vaught,Los Angeles Clippers,NBA Player of the Week,,1996-97,,1997-03-02T00:00:00,,Award,Kia Motors,KIPWK,,919,
920.0,A.C.,Green,,NBA All-Star,,1989-90,,,,Award,All-Star,,,920,
920.0,A.C.,Green,Los Angeles Lakers,NBA Champion,,1986-87,,,,Award,Champion,,,920,
920.0,A.C.,Green,Los Angeles Lakers,NBA Champion,,1987-88,,,,Award,Champion,,,920,
920.0,A.C.,Green,Los Angeles Lakers,NBA Champion,,1999-00,,,,Award,Champion,,,920,
920.0,AC,Green,Los Angeles Lakers,All-Defensive Team,2.0,1988-89,,,1610612747,Award,Kia Motors,KIADT,,920,
921.0,Brad,Daugherty,Cleveland Cavaliers,All-NBA,3.0,1991-92,,,1610612739,Award,Kia Motors,KIANT,,921,
921.0,Brad,Daugherty,Cleveland Cavaliers,All-Rookie Team,1.0,1986-87,,,1610612739,Award,Kia Motors,KIART,,921,
921.0,Brad,Daugherty,,NBA All-Star,,1987-88,,,,Award,All-Star,,,921,
921.0,Brad,Daugherty,,NBA All-Star,,1988-89,,,,Award,All-Star,,,921,
921.0,Brad,Daugherty,,NBA All-Star,,1990-91,,,,Award,All-Star,,,921,
921.0,Brad,Daugherty,,NBA All-Star,,1991-92,,,,Award,All-Star,,,921,
921.0,Brad,Daugherty,,NBA All-Star,,1992-93,,,,Award,All-Star,,,921,
921.0,Brad,Daugherty,Cleveland Cavaliers,NBA Player of the Week,,1991-92,,1991-11-17T00:00:00,,Award,Kia Motors,KIPWK,,921,
921.0,Brad,Daugherty,Cleveland Cavaliers,NBA Rookie of the Month,,1986-87,03/01/1987,,,Award,Kia Motors,KIRMO,,921,
922.0,Elden,Campbell,Detroit Pistons,NBA Champion,,2003-04,,,,Award,Champion,,,922,
923.0,Donyell,Marshall,Golden State Warriors,All-Rookie Team,2.0,1994-95,,,1610612744,Award,Kia Motors,KIART,,923,
926.0,Alvin,Robertson,Seattle SuperSonics,All-Defensive Team,2.0,1985-86,,,1610612760,Award,Kia Motors,KIADT,,926,
926.0,Alvin,Robertson,San Antonio Spurs,All-Defensive Team,1.0,1986-87,,,1610612759,Award,Kia Motors,KIADT,,926,
926.0,Alvin,Robertson,San Antonio Spurs,All-Defensive Team,2.0,1987-88,,,1610612759,Award,Kia Motors,KIADT,,926,
926.0,Alvin,Robertson,San Antonio Spurs,All-Defensive Team,2.0,1988-89,,,1610612759,Award,Kia Motors,KIADT,,926,
926.0,Alvin,Robertson,Milwaukee Bucks,All-Defensive Team,2.0,1989-90,,,1610612749,Award,Kia Motors,KIADT,,926,
926.0,Alvin,Robertson,Milwaukee Bucks,All-Defensive Team,1.0,1990-91,,,1610612749,Award,Kia Motors,KIADT,,926,
926.0,Alvin,Robertson,San Antonio Spurs,All-NBA,2.0,1985-86,,,1610612759,Award,Kia Motors,KIANT,,926,
926.0,Alvin,Robertson,,NBA All-Star,,1985-86,,,,Award,All-Star,,,926,
926.0,Alvin,Robertson,,NBA All-Star,,1986-87,,,,Award,All-Star,,,926,
926.0,Alvin,Robertson,,NBA All-Star,,1987-88,,,,Award,All-Star,,,926,
926.0,Alvin,Robertson,,NBA All-Star,,1990-91,,,,Award,All-Star,,,926,
926.0,Alvin,Robertson,San Antonio Spurs,NBA Defensive Player of the Year,,1985-86,,,,Award,Kia Motors,KDPYR,,926,
926.0,Alvin,Robertson,San Antonio Spurs,NBA Most Improved Player,,1985-86,,,,Award,Kia Motors,KIMIP,,926,
926.0,Alvin,Robertson,San Antonio Spurs,NBA Player of the Month,,1985-86,12/01/1985,,,Award,Kia Motors,KIPMO,,926,
926.0,Alvin,Robertson,San Antonio Spurs,NBA Player of the Week,,1985-86,,1985-12-15T00:00:00,,Award,Kia Motors,KIPWK,,926,
926.0,Alvin,Robertson,San Antonio Spurs,NBA Player of the Week,,1986-87,,1986-11-23T00:00:00,,Award,Kia Motors,KIPWK,,926,
926.0,Alvin,Robertson,Milwaukee Bucks,NBA Player of the Week,,1989-90,,1990-01-21T00:00:00,,Award,Kia Motors,KIPWK,,926,
926.0,Alvin,Robertson,USA,Olympic Gold Medal,,1984,,,,Award,Olympic,Gold,,926,
927.0,John,Salley,Detroit Pistons,NBA Champion,,1988-89,,,,Award,Champion,,,927,
927.0,John,Salley,Detroit Pistons,NBA Champion,,1989-90,,,,Award,Champion,,,927,
927.0,John,Salley,Chicago Bulls,NBA Champion,,1995-96,,,,Award,Champion,,,927,
927.0,John,Salley,Los Angeles Lakers,NBA Champion,,1999-00,,,,Award,Champion,,,927,
931.0,Don,MacLean,Washington Bullets,NBA Most Improved Player,,1993-94,,,,Award,Kia Motors,KIMIP,,931,
932.0,Oliver,Miller,Phoenix Suns,NBA Player of the Week,,1993-94,,1994-01-02T00:00:00,,Award,Kia Motors,KIPWK,,932,
1630163.0,Lamelo,Ball,Charlotte Hornets,All-Rookie Team,1,2020-21,,,East,Award,Kia Motors,KIART,,1630163,LaMelo Ball
1630163.0,LaMelo,Ball,,NBA All-Star,,2021-22,,,,Award,All-Star,,,1630163,LaMelo Ball
1630163.0,Lamelo,Ball,Charlotte Hornets,NBA Rookie of the Month,,2020-21,1/1/2021,,East,Award,Kia Motors,KIRMO,,1630163,LaMelo Ball
1630163.0,Lamelo,Ball,Charlotte Hornets,NBA Rookie of the Month,,2020-21,2/1/2021,,East,Award,Kia Motors,KIRMO,,1630163,LaMelo Ball
1630163.0,Lamelo,Ball,Charlotte Hornets,NBA Rookie of the Month,,2020-21,3/1/2021,,East,Award,Kia Motors,KIRMO,,1630163,LaMelo Ball
1630163.0,Lamelo,Ball,Charlotte Hornets,NBA Rookie of the Year,,2020-21,,,East,Award,Kia Motors,KIROY,,1630163,LaMelo Ball
1628366.0,Lonzo,Ball,Los Angeles Lakers,All-Rookie Team,2,2017-18,,,West,Award,Kia Motors,KIART,,1628366,Lonzo Ball
76091.0,Greg,Ballard,Washington Bullets,NBA Champion,,1977-78,,,,Award,Champion,,,76091,Greg Ballard
76091.0,Greg,Ballard,Washington Wizards,NBA Player of the Week,,1979-80,,1980-01-13T00:00:00,,Award,Kia Motors,KIPWK,,76091,Greg Ballard
76091.0,Greg,Ballard,Washington Wizards,NBA Player of the Week,,1981-82,,1982-01-24T00:00:00,,Award,Kia Motors,KIPWK,,76091,Greg Ballard
1631094.0,Paolo,Banchero,Orlando Magic,All-Rookie Team,1,2022-23,,,East,Award,Kia Motors,KIART,,1631094,Paolo Banchero
1631094.0,Paolo,Banchero,,NBA All-Star,,2023-24,,,,Award,All-Star,,,1631094,Paolo Banchero
1631094.0,Paolo,Banchero,Orlando Magic,NBA Player of the Week,,2023-24,,2023-11-20T00:00:00,East,Award,Kia Motors,KIPWK,,1631094,Paolo Banchero
1631094.0,Paolo,Banchero,Orlando Magic,NBA Player of the Week,,2024-25,,2025-03-24T00:00:00,East,Award,Kia Motors,KIPWK,,1631094,Paolo Banchero
1631094.0,Paolo,Banchero,Orlando Magic,NBA Rookie of the Month,,2022-23,1/1/2023,,East,Award,Kia Motors,KIRMO,,1631094,Paolo Banchero
1631094.0,Paolo,Banchero,Orlando Magic,NBA Rookie of the Month,,2022-23,12/1/2022,,East,Award,Kia Motors,KIRMO,,1631094,Paolo Banchero
1631094.0,Paolo,Banchero,Orlando Magic,NBA Rookie of the Month,,2022-23,2/1/2023,,East,Award,Kia Motors,KIRMO,,1631094,Paolo Banchero
1631094.0,Paolo,Banchero,Orlando Magic,NBA Rookie of the Month,,2022-23,3/1/2023,,East,Award,Kia Motors,KIRMO,,1631094,Paolo Banchero
1631094.0,Paolo,Banchero,Orlando Magic,NBA Rookie of the Year,,2022-23,,,East,Award,Kia Motors,KIROY,,1631094,Paolo Banchero
1630217.0,Desmond,Bane,Memphis Grizzlies,All-Rookie Team,2,2020-21,,,West,Award,Kia Motors,KIART,,1630217,Desmond Bane
76095.0,Mike,Bantom,Phoenix Suns,All-Rookie Team,1,1973-74,,,1610612756,Award,Kia Motors,KIART,,76095,Mike Bantom
76095.0,Mike,Bantom,USA,Olympic Silver Medal,,1972,,,,Award,Olympic,Silver,,76095,Mike Bantom
2571.0,Leandro,Barbosa,Golden State Warriors,NBA Champion,,2014-15,,,,Award,Champion,,,2571,Leandro Barbosa
2571.0,Leandro,Barbosa,Phoenix Suns,NBA Sixth Man of the Year,,2006-07,,,,Award,Kia Motors,KISMY,,2571,Leandro Barbosa
2571.0,Leandro,Barbosa,Brazil,Olympic Appearance,,2012,,,,Award,Olympic,Appearance,,2571,Leandro Barbosa
200826.0,J.J.,Barea,Dallas Mavericks,NBA Champion,,2010-11,,,,Award,Champion,,,200826,J.J. Barea
200826.0,J.J.,Barea,Dallas Mavericks,NBA Player of the Week,,2015-16,,2016-04-04T00:00:00,West,Award,Kia Motors,KIPWK,,200826,J.J. Barea
200745.0,Andrea,Bargnani,Toronto Raptors,All-Rookie Team,1,2006-07,,,1610612761,Award,Kia Motors,KIART,,200745,Andrea Bargnani
200745.0,Andrea,Bargnani,Toronto Raptors,NBA Rookie of the Month,,2006-07,01/01/2007,,East,Award,Kia Motors,KIRMO,,200745,Andrea Bargnani
200745.0,Andrea,Bargnani,Toronto Raptors,NBA Rookie of the Month,,2006-07,02/01/2007,,East,Award,Kia Motors,KIRMO,,200745,Andrea Bargnani
787.0,Charles,Barkley,Philadelphia 76ers,All-NBA,2,1985-86,,,1610612755,Award,Kia Motors,KIANT,,787,Charles Barkley
787.0,Charles,Barkley,Philadelphia 76ers,All-NBA,2,1986-87,,,1610612755,Award,Kia Motors,KIANT,,787,Charles Barkley
787.0,Charles,Barkley,Philadelphia 76ers,All-NBA,1,1987-88,,,1610612755,Award,Kia Motors,KIANT,,787,Charles Barkley
787.0,Charles,Barkley,Philadelphia 76ers,All-NBA,1,1988-89,,,1610612755,Award,Kia Motors,KIANT,,787,Charles Barkley
787.0,Charles,Barkley,Philadelphia 76ers,All-NBA,1,1989-90,,,1610612755,Award,Kia Motors,KIANT,,787,Charles Barkley
787.0,Charles,Barkley,Philadelphia 76ers,All-NBA,1,1990-91,,,1610612755,Award,Kia Motors,KIANT,,787,Charles Barkley
787.0,Charles,Barkley,Philadelphia 76ers,All-NBA,2,1991-92,,,1610612755,Award,Kia Motors,KIANT,,787,Charles Barkley
787.0,Charles,Barkley,Phoenix Suns,All-NBA,1,1992-93,,,1610612756,Award,Kia Motors,KIANT,,787,Charles Barkley
787.0,Charles,Barkley,Phoenix Suns,All-NBA,2,1993-94,,,1610612756,Award,Kia Motors,KIANT,,787,Charles Barkley
787.0,Charles,Barkley,Phoenix Suns,All-NBA,2,1994-95,,,1610612756,Award,Kia Motors,KIANT,,787,Charles Barkley
787.0,Charles,Barkley,Phoenix Suns,All-NBA,3,1995-96,,,1610612756,Award,Kia Motors,KIANT,,787,Charles Barkley
787.0,Charles,Barkley,Philadelphia 76ers,All-Rookie Team,1,1984-85,,,1610612755,Award,Kia Motors,KIART,,787,Charles Barkley
787.0,Charles,Barkley,,Hall of Fame Inductee,,2006,,,,Award,Hall of Fame,,,787,Charles Barkley
787.0,Charles,Barkley,Philadelphia 76ers,IBM Award,,1985-86,,,,Award,IBM,IBMAW,,787,Charles Barkley
787.0,Charles,Barkley,Philadelphia 76ers,IBM Award,,1986-87,,,,Award,IBM,IBMAW,,787,Charles Barkley
787.0,Charles,Barkley,Philadelphia 76ers,IBM Award,,1987-88,,,,Award,IBM,IBMAW,,787,Charles Barkley
787.0,Charles,Barkley,,NBA All-Star,,1986-87,,,,Award,All-Star,,,787,Charles Barkley
787.0,Charles,Barkley,,NBA All-Star,,1987-88,,,,Award,All-Star,,,787,Charles Barkley
787.0,Charles,Barkley,,NBA All-Star,,1988-89,,,,Award,All-Star,,,787,Charles Barkley
787.0,Charles,Barkley,,NBA All-Star,,1989-90,,,,Award,All-Star,,,787,Charles Barkley
787.0,Charles,Barkley,,NBA All-Star,,1990-91,,,,Award,All-Star,,,787,Charles Barkley
787.0,Charles,Barkley,,NBA All-Star,,1991-92,,,,Award,All-Star,,,787,Charles Barkley
787.0,Charles,Barkley,,NBA All-Star,,1992-93,,,,Award,All-Star,,,787,Charles Barkley
787.0,Charles,Barkley,,NBA All-Star,,1993-94,,,,Award,All-Star,,,787,Charles Barkley
787.0,Charles,Barkley,,NBA All-Star,,1994-95,,,,Award,All-Star,,,787,Charles Barkley
787.0,Charles,Barkley,,NBA All-Star,,1995-96,,,,Award,All-Star,,,787,Charles Barkley
787.0,Charles,Barkley,,NBA All-Star,,1996-97,,,,Award,All-Star,,,787,Charles Barkley
787.0,Charles,Barkley,Philadelphia 76ers,NBA All-Star Most Valuable Player,,1990-91,,,,Award,Kia Motors,KAMVP,,787,Charles Barkley
787.0,Charles,Barkley,Phoenix Suns,NBA Most Valuable Player,,1992-93,,,,Award,Kia Motors,KIMVP,,787,Charles Barkley
787.0,Charles,Barkley,Philadelphia 76ers,NBA Player of the Month,,1986-87,01/01/1987,,,Award,Kia Motors,KIPMO,,787,Charles Barkley
787.0,Charles,Barkley,Philadelphia 76ers,NBA Player of the Month,,1988-89,11/01/1988,,,Award,Kia Motors,KIPMO,,787,Charles Barkley
787.0,Charles,Barkley,Phoenix Suns,NBA Player of the Month,,1992-93,12/01/1992,,,Award,Kia Motors,KIPMO,,787,Charles Barkley
787.0,Charles,Barkley,Phoenix Suns,NBA Player of the Month,,1995-96,02/01/1996,,,Award,Kia Motors,KIPMO,,787,Charles Barkley
787.0,Charles,Barkley,Philadelphia 76ers,NBA Player of the Week,,1985-86,,1986-01-26T00:00:00,,Award,Kia Motors,KIPWK,,787,Charles Barkley
787.0,Charles,Barkley,Philadelphia 76ers,NBA Player of the Week,,1985-86,,1986-03-02T00:00:00,,Award,Kia Motors,KIPWK,,787,Charles Barkley
787.0,Charles,Barkley,Philadelphia 76ers,NBA Player of the Week,,1985-86,,1986-03-30T00:00:00,,Award,Kia Motors,KIPWK,,787,Charles Barkley
787.0,Charles,Barkley,Philadelphia 76ers,NBA Player of the Week,,1987-88,,1988-03-20T00:00:00,,Award,Kia Motors,KIPWK,,787,Charles Barkley
787.0,Charles,Barkley,Philadelphia 76ers,NBA Player of the Week,,1989-90,,1990-04-08T00:00:00,,Award,Kia Motors,KIPWK,,787,Charles Barkley
787.0,Charles,Barkley,Philadelphia 76ers,NBA Player of the Week,,1990-91,,1990-11-25T00:00:00,,Award,Kia Motors,KIPWK,,787,Charles Barkley
787.0,Charles,Barkley,Phoenix Suns,NBA Player of the Week,,1992-93,,1992-12-13T00:00:00,,Award,Kia Motors,KIPWK,,787,Charles Barkley
787.0,Charles,Barkley,Phoenix Suns,NBA Player of the Week,,1992-93,,1993-04-04T00:00:00,,Award,Kia Motors,KIPWK,,787,Charles Barkley
787.0,Charles,Barkley,Phoenix Suns,NBA Player of the Week,,1993-94,,1993-11-21T00:00:00,,Award,Kia Motors,KIPWK,,787,Charles Barkley
787.0,Charles,Barkley,Phoenix Suns,NBA Player of the Week,,1994-95,,1995-02-19T00:00:00,,Award,Kia Motors,KIPWK,,787,Charles Barkley
787.0,Charles,Barkley,Houston Rockets,NBA Player of the Week,,1996-97,,1996-11-24T00:00:00,,Award,Kia Motors,KIPWK,,787,Charles Barkley
787.0,Charles,Barkley,Philadelphia 76ers,NBA Sporting News Most Valuable Player of the Year,,1989-90,,,,Award,Sporting News,SNMVP,,787,Charles Barkley
787.0,Charles,Barkley,Phoenix Suns,NBA Sporting News Most Valuable Player of the Year,,1992-93,,,,Award,Sporting News,SNMVP,,787,Charles Barkley
787.0,Charles,Barkley,USA,Olympic Gold Medal,,1992,,,,Award,Olympic,Gold,,787,Charles Barkley
787.0,Charles,Barkley,USA,Olympic Gold Medal,,1996,,,,Award,Olympic,Gold,,787,Charles Barkley
76102.0,Don,Barksdale,,NBA All-Star,,1952-53,,,,Award,All-Star,,,76102,Don Barksdale
203084.0,Harrison,Barnes,Golden State Warriors,All-Rookie Team,1,2012-13,,,1610612744,Award,Kia Motors,KIART,,203084,Harrison Barnes
203084.0,Harrison,Barnes,Golden State Warriors,NBA Champion,,2014-15,,,,Award,Champion,,,203084,Harrison Barnes
203084.0,Harrison,Barnes,San Antonio Spurs,NBA Player of the Week,,2024-25,,2024-11-18T00:00:00,West,Award,Kia Motors,KIPWK,,203084,Harrison Barnes
203084.0,Harrison,Barnes,USA,Olympic Gold Medal,,2016,,,,Award,Olympic,Gold,,203084,Harrison Barnes
76105.0,Jim,Barnes,New York Knicks,All-Rookie Team,1,1964-65,,,1610612752,Award,Kia Motors,KIART,,76105,Jim Barnes
76105.0,Jim,Barnes,Boston Celtics,NBA Champion,,1968-69,,,,Award,Champion,,,76105,Jim Barnes
76105.0,Jim,Barnes,USA,Olympic Gold Medal,,1964,,,,Award,Olympic,Gold,,76105,Jim Barnes
2440.0,Matt,Barnes,Golden State Warriors,NBA Champion,,2016-17,,,,Award,Champion,,,2440,Matt Barnes
1630567.0,Scottie,Barnes,Toronto Raptors,All-Rookie Team,1,2021-22,,,East,Award,Kia Motors,KIART,,1630567,Scottie Barnes
1630567.0,Scottie,Barnes,,NBA All-Star,,2023-24,,,,Award,All-Star,,,1630567,Scottie Barnes
1630567.0,Scottie,Barnes,,NBA All-Star,,2025-26,,,,Award,All-Star,,,1630567,Scottie Barnes
1630567.0,Scottie,Barnes,Toronto Raptors,NBA Defensive Player of the Month,,2025-26,11/1/2025,,East,Award,Kia Motors,KIRMO,,1630567,Scottie Barnes
1630567.0,Scottie,Barnes,Toronto Raptors,NBA Player of the Week,,2024-25,,2025-01-20T00:00:00,East,Award,Kia Motors,KIPWK,,1630567,Scottie Barnes
1630567.0,Scottie,Barnes,Toronto Raptors,NBA Player of the Week,,2025-26,,2026-01-05T00:00:00,East,Award,Kia Motors,KIPWK,,1630567,Scottie Barnes
1630567.0,Scottie,Barnes,Toronto Raptors,NBA Rookie of the Month,,2021-22,2/1/2022,,East,Award,Kia Motors,KIRMO,,1630567,Scottie Barnes
1630567.0,Scottie,Barnes,Toronto Raptors,NBA Rookie of the Month,,2021-22,3/1/2022,,East,Award,Kia Motors,KIRMO,,1630567,Scottie Barnes
1630567.0,Scottie,Barnes,Toronto Raptors,NBA Rookie of the Year,,2021-22,,,East,Award,Kia Motors,KIROY,,1630567,Scottie Barnes
76107.0,Dick,Barnett,,NBA All-Star,,1967-68,,,,Award,All-Star,,,76107,Dick Barnett
76107.0,Dick,Barnett,New York Knicks,NBA Champion,,1969-70,,,,Award,Champion,,,76107,Dick Barnett
76107.0,Dick,Barnett,New York Knicks,NBA Champion,,1972-73,,,,Award,Champion,,,76107,Dick Barnett
76110.0,Leo,Barnhorst,,NBA All-Star,,1951-52,,,,Award,All-Star,,,76110,Leo Barnhorst
76110.0,Leo,Barnhorst,,NBA All-Star,,1952-53,,,,Award,All-Star,,,76110,Leo Barnhorst
344.0,Dana,Barros,,NBA All-Star,,1994-95,,,,Award,All-Star,,,344,Dana Barros
344.0,Dana,Barros,Philadelphia 76ers,NBA Most Improved Player,,1994-95,,,,Award,Kia Motors,KIMIP,,344,Dana Barros
699.0,Brent,Barry,Los Angeles Clippers,All-Rookie Team,2,1995-96,,,1610612746,Award,Kia Motors,KIART,,699,Brent Barry
699.0,Brent,Barry,San Antonio Spurs,NBA Champion,,2004-05,,,,Award,Champion,,,699,Brent Barry
699.0,Brent,Barry,San Antonio Spurs,NBA Champion,,2006-07,,,,Award,Champion,,,699,Brent Barry
600013.0,Rick,Barry,San Francisco Warriors,All-NBA,1,1965-66,,,1610612744,Award,Kia Motors,KIANT,,600013,Rick Barry
600013.0,Rick,Barry,San Francisco Warriors,All-NBA,1,1966-67,,,1610612744,Award,Kia Motors,KIANT,,600013,Rick Barry
600013.0,Rick,Barry,Golden State Warriors,All-NBA,2,1972-73,,,1610612744,Award,Kia Motors,KIANT,,600013,Rick Barry
600013.0,Rick,Barry,Golden State Warriors,All-NBA,1,1973-74,,,1610612744,Award,Kia Motors,KIANT,,600013,Rick Barry
600013.0,Rick,Barry,Golden State Warriors,All-NBA,1,1974-75,,,1610612744,Award,Kia Motors,KIANT,,600013,Rick Barry
600013.0,Rick,Barry,Golden State Warriors,All-NBA,1,1975-76,,,1610612744,Award,Kia Motors,KIANT,,600013,Rick Barry
600013.0,Rick,Barry,San Francisco Warriors,All-Rookie Team,1,1965-66,,,1610612744,Award,Kia Motors,KIART,,600013,Rick Barry
600013.0,Rick,Barry,,Hall of Fame Inductee,,1987,,,,Award,Hall of Fame,,,600013,Rick Barry
600013.0,Rick,Barry,,NBA All-Star,,1965-66,,,,Award,All-Star,,,600013,Rick Barry
600013.0,Rick,Barry,,NBA All-Star,,1966-67,,,,Award,All-Star,,,600013,Rick Barry
600013.0,Rick,Barry,,NBA All-Star,,1972-73,,,,Award,All-Star,,,600013,Rick Barry
600013.0,Rick,Barry,,NBA All-Star,,1973-74,,,,Award,All-Star,,,600013,Rick Barry
600013.0,Rick,Barry,,NBA All-Star,,1974-75,,,,Award,All-Star,,,600013,Rick Barry
600013.0,Rick,Barry,,NBA All-Star,,1975-76,,,,Award,All-Star,,,600013,Rick Barry
600013.0,Rick,Barry,,NBA All-Star,,1976-77,,,,Award,All-Star,,,600013,Rick Barry
600013.0,Rick,Barry,,NBA All-Star,,1977-78,,,,Award,All-Star,,,600013,Rick Barry
600013.0,Rick,Barry,San Francisco Warriors,NBA All-Star Most Valuable Player,,1966-67,,,,Award,Kia Motors,KAMVP,,600013,Rick Barry
600013.0,Rick,Barry,Golden State Warriors,NBA Champion,,1974-75,,,,Award,Champion,,,600013,Rick Barry
600013.0,Rick,Barry,Golden State Warriors,NBA Finals Most Valuable Player,,1974-75,,,,Award,Kia Motors,KFMVP,,600013,Rick Barry
600013.0,Rick,Barry,Houston Rockets,NBA Player of the Week,,1979-80,,1980-02-10T00:00:00,,Award,Kia Motors,KIPWK,,600013,Rick Barry
600013.0,Rick,Barry,San Francisco Warriors,NBA Rookie of the Year,,1965-66,,,,Award,Kia Motors,KIROY,,600013,Rick Barry
600013.0,Rick,Barry,San Francisco Warriors,NBA Sporting News Rookie of the Year,,1965-66,,,,Award,Sporting News,SNROY,,600013,Rick Barry
76121.0,Billy Ray,Bates,Portland Trail Blazers,NBA Player of the Week,,1979-80,,1980-03-23T00:00:00,,Award,Kia Motors,KIPWK,,76121,Billyray Bates
76121.0,Billy Ray,Bates,Portland Trail Blazers,NBA Player of the Week,,1981-82,,1982-04-11T00:00:00,,Award,Kia Motors,KIPWK,,76121,Billyray Bates
2203.0,Shane,Battier,Houston Rockets,All-Defensive Team,2,2007-08,,,1610612745,Award,Kia Motors,KIADT,,2203,Shane Battier
2203.0,Shane,Battier,Houston Rockets,All-Defensive Team,2,2008-09,,,1610612745,Award,Kia Motors,KIADT,,2203,Shane Battier
2203.0,Shane,Battier,Memphis Grizzlies,All-Rookie Team,1,2001-02,,,1610612763,Award,Kia Motors,KIART,,2203,Shane Battier
2203.0,Shane,Battier,Miami Heat,NBA Champion,,2011-12,,,,Award,Champion,,,2203,Shane Battier
2203.0,Shane,Battier,Miami Heat,NBA Champion,,2012-13,,,,Award,Champion,,,2203,Shane Battier
2203.0,Shane,Battier,Memphis Grizzlies,NBA Rookie of the Month,,2001-02,12/01/2001,,West,Award,Kia Motors,KIRMO,,2203,Shane Battier
201587.0,Nicolas,Batum,Charlotte Hornets,NBA Player of the Week,,2015-16,,2015-11-16T00:00:00,East,Award,Kia Motors,KIPWK,,201587,Nicolas Batum
201587.0,Nicolas,Batum,France,Olympic Appearance,,2012,,,,Award,Olympic,Appearance,,201587,Nicolas Batum
201587.0,Nicolas,Batum,France,Olympic Silver Medal,,2024,,,,Award,Olympic,Silver,,201587,Nicolas Batum
76126.0,Frank,Baumholtz,Cleveland Rebels,All-NBA,2,1946-47,,,1610610026,Award,Kia Motors,KIANT,,76126,Frankie Baumholtz
76127.0,Elgin,Baylor,Minneapolis Lakers,All-NBA,1,1958-59,,,1610612747,Award,Kia Motors,KIANT,,76127,Elgin Baylor
76127.0,Elgin,Baylor,Minneapolis Lakers,All-NBA,1,1959-60,,,1610612747,Award,Kia Motors,KIANT,,76127,Elgin Baylor
76127.0,Elgin,Baylor,Los Angeles Lakers,All-NBA,1,1960-61,,,1610612747,Award,Kia Motors,KIANT,,76127,Elgin Baylor
76127.0,Elgin,Baylor,Los Angeles Lakers,All-NBA,1,1961-62,,,1610612747,Award,Kia Motors,KIANT,,76127,Elgin Baylor
76127.0,Elgin,Baylor,Los Angeles Lakers,All-NBA,1,1962-63,,,1610612747,Award,Kia Motors,KIANT,,76127,Elgin Baylor
76127.0,Elgin,Baylor,Los Angeles Lakers,All-NBA,1,1963-64,,,1610612747,Award,Kia Motors,KIANT,,76127,Elgin Baylor
76127.0,Elgin,Baylor,Los Angeles Lakers,All-NBA,1,1964-65,,,1610612747,Award,Kia Motors,KIANT,,76127,Elgin Baylor
76127.0,Elgin,Baylor,Los Angeles Lakers,All-NBA,1,1966-67,,,1610612747,Award,Kia Motors,KIANT,,76127,Elgin Baylor
76127.0,Elgin,Baylor,Los Angeles Lakers,All-NBA,1,1967-68,,,1610612747,Award,Kia Motors,KIANT,,76127,Elgin Baylor
76127.0,Elgin,Baylor,Los Angeles Lakers,All-NBA,1,1968-69,,,1610612747,Award,Kia Motors,KIANT,,76127,Elgin Baylor
76127.0,Elgin,Baylor,,Hall of Fame Inductee,,1977,,,,Award,Hall of Fame,,,76127,Elgin Baylor
76127.0,Elgin,Baylor,,NBA All-Star,,1958-59,,,,Award,All-Star,,,76127,Elgin Baylor
76127.0,Elgin,Baylor,,NBA All-Star,,1959-60,,,,Award,All-Star,,,76127,Elgin Baylor
76127.0,Elgin,Baylor,,NBA All-Star,,1960-61,,,,Award,All-Star,,,76127,Elgin Baylor
76127.0,Elgin,Baylor,,NBA All-Star,,1961-62,,,,Award,All-Star,,,76127,Elgin Baylor
76127.0,Elgin,Baylor,,NBA All-Star,,1962-63,,,,Award,All-Star,,,76127,Elgin Baylor
76127.0,Elgin,Baylor,,NBA All-Star,,1963-64,,,,Award,All-Star,,,76127,Elgin Baylor
76127.0,Elgin,Baylor,,NBA All-Star,,1964-65,,,,Award,All-Star,,,76127,Elgin Baylor
76127.0,Elgin,Baylor,,NBA All-Star,,1966-67,,,,Award,All-Star,,,76127,Elgin Baylor
76127.0,Elgin,Baylor,,NBA All-Star,,1967-68,,,,Award,All-Star,,,76127,Elgin Baylor
76127.0,Elgin,Baylor,,NBA All-Star,,1968-69,,,,Award,All-Star,,,76127,Elgin Baylor
76127.0,Elgin,Baylor,,NBA All-Star,,1969-70,,,,Award,All-Star,,,76127,Elgin Baylor
76127.0,Elgin,Baylor,Minneapolis Lakers,NBA All-Star Most Valuable Player,,1958-59,,,,Award,Kia Motors,KAMVP,,76127,Elgin Baylor
76127.0,Elgin,Baylor,Minneapolis Lakers,NBA Rookie of the Year,,1958-59,,,,Award,Kia Motors,KIROY,,76127,Elgin Baylor
76127.0,Elgin,Baylor,Minneapolis Lakers,NBA Sporting News Rookie of the Year,,1958-59,,,,Award,Sporting News,SNROY,,76127,Elgin Baylor
203382.0,Aron,Baynes,San Antonio Spurs,NBA Champion,,2013-14,,,,Award,Champion,,,203382,Aron Baynes
76128.0,Sergey,Bazarevich,Unified Team (former Soviet Union),Olympic Appearance,,1992,,,,Award,Olympic,Appearance,,76128,Sergei Bazarevich
76128.0,Sergey,Bazarevich,Russia,Olympic Appearance,,2000,,,,Award,Olympic,Appearance,,76128,Sergei Bazarevich
203078.0,Bradley,Beal,Washington Wizards,All-NBA,3,2020-21,,,East,Award,Kia Motors,KIANT,,203078,Bradley Beal
203078.0,Bradley,Beal,Washington Wizards,All-Rookie Team,1,2012-13,,,1610612764,Award,Kia Motors,KIART,,203078,Bradley Beal
203078.0,Bradley,Beal,,NBA All-Star,,2017-18,,,,Award,All-Star,,,203078,Bradley Beal
203078.0,Bradley,Beal,,NBA All-Star,,2018-19,,,,Award,All-Star,,,203078,Bradley Beal
203078.0,Bradley,Beal,,NBA All-Star,,2020-21,,,,Award,All-Star,,,203078,Bradley Beal
203078.0,Bradley,Beal,Washington Wizards,NBA Player of the Week,,2017-18,,2017-12-25T00:00:00,East,Award,Kia Motors,KIPWK,,203078,Bradley Beal
203078.0,Bradley,Beal,Washington Wizards,NBA Player of the Week,,2018-19,,2018-12-03T00:00:00,East,Award,Kia Motors,KIPWK,,203078,Bradley Beal
203078.0,Bradley,Beal,Washington Wizards,NBA Player of the Week,,2018-19,,2019-03-11T00:00:00,East,Award,Kia Motors,KIPWK,,203078,Bradley Beal
203078.0,Bradley,Beal,Washington Wizards,NBA Player of the Week,,2020-21,,2021-04-19T00:00:00,East,Award,Kia Motors,KIPWK,,203078,Bradley Beal
203078.0,Bradley,Beal,Washington Wizards,NBA Rookie of the Month,,2012-13,01/01/2013,,East,Award,Kia Motors,KIRMO,,203078,Bradley Beal
203078.0,Bradley,Beal,Washington Wizards,NBA Rookie of the Month,,2012-13,12/01/2012,,East,Award,Kia Motors,KIRMO,,203078,Bradley Beal
76130.0,Butch,Beard,,NBA All-Star,,1971-72,,,,Award,All-Star,,,76130,Butch Beard
76130.0,Butch,Beard,Golden State Warriors,NBA Champion,,1974-75,,,,Award,Champion,,,76130,Butch Beard
76131.0,Ralph,Beard,Indianapolis Olympians,All-NBA,2,1949-50,,,1610610030,Award,Kia Motors,KIANT,,76131,Ralph Beard
76131.0,Ralph,Beard,Indianapolis Olympians,All-NBA,1,1950-51,,,1610610030,Award,Kia Motors,KIANT,,76131,Ralph Beard
76131.0,Ralph,Beard,,NBA All-Star,,1950-51,,,,Award,All-Star,,,76131,Ralph Beard
201563.0,Michael,Beasley,Miami Heat,All-Rookie Team,1,2008-09,,,1610612748,Award,Kia Motors,KIART,,201563,Michael Beasley
201563.0,Michael,Beasley,Miami Heat,NBA Rookie of the Month,,2008-09,04/01/2009,,East,Award,Kia Motors,KIRMO,,201563,Michael Beasley
76133.0,Zelmo,Beaty,St. Louis Hawks,All-Rookie Team,1,1962-63,,,1610612737,Award,Kia Motors,KIART,,76133,Zelmo Beaty
76133.0,Zelmo,Beaty,,Hall of Fame Inductee,,2016,,,,Award,Hall of Fame,,,76133,Zelmo Beaty
76133.0,Zelmo,Beaty,,NBA All-Star,,1965-66,,,,Award,All-Star,,,76133,Zelmo Beaty
76133.0,Zelmo,Beaty,,NBA All-Star,,1967-68,,,,Award,All-Star,,,76133,Zelmo Beaty
201958.0,Rodrigue,Beaubois,Dallas Mavericks,NBA Champion,,2010-11,,,,Award,Champion,,,201958,Rodrigue Beaubois
76136.0,Ernie,Beck,Philadelphia Warriors,NBA Champion,,1955-56,,,,Award,Champion,,,76136,Ernie Beck
76138.0,William,Bedford,Detroit Pistons,NBA Champion,,1989-90,,,,Award,Champion,,,76138,William Bedford
76140.0,Ron,Behagen,Kansas City-Omaha Kings,All-Rookie Team,1,1973-74,,,1610612758,Award,Kia Motors,KIART,,76140,Ron Behagen
201158.0,Marco,Belinelli,San Antonio Spurs,NBA Champion,,2013-14,,,,Award,Champion,,,201158,Marco Belinelli
1628395.0,Jordan,Bell,Golden State Warriors,NBA Champion,,2017-18,,,,Award,Champion,,,1628395,Jordan Bell
1952.0,Raja,Bell,Phoenix Suns,All-Defensive Team,1,2006-07,,,1610612756,Award,Kia Motors,KIADT,,1952,Raja Bell
1952.0,Raja,Bell,Phoenix Suns,All-Defensive Team,2,2007-08,,,1610612756,Award,Kia Motors,KIADT,,1952,Raja Bell
76144.0,Walt,Bellamy,,Hall of Fame Inductee,,1993,,,,Award,Hall of Fame,,,76144,Walt Bellamy
76144.0,Walt,Bellamy,,NBA All-Star,,1961-62,,,,Award,All-Star,,,76144,Walt Bellamy
76144.0,Walt,Bellamy,,NBA All-Star,,1962-63,,,,Award,All-Star,,,76144,Walt Bellamy
76144.0,Walt,Bellamy,,NBA All-Star,,1963-64,,,,Award,All-Star,,,76144,Walt Bellamy
76144.0,Walt,Bellamy,,NBA All-Star,,1964-65,,,,Award,All-Star,,,76144,Walt Bellamy
76144.0,Walt,Bellamy,Chicago Packers,NBA Rookie of the Year,,1961-62,,,,Award,Kia Motors,KIROY,,76144,Walt Bellamy
76144.0,Walt,Bellamy,Chicago Packers,NBA Sporting News Rookie of the Year,,1961-62,,,,Award,Sporting News,SNROY,,76144,Walt Bellamy
76144.0,Walt,Bellamy,USA,Olympic Gold Medal,,1960,,,,Award,Olympic,Gold,,76144,Walt Bellamy
104.0,Benoit,Benjamin,Los Angeles Clippers,NBA Rookie of the Month,,1985-86,03/01/1986,,,Award,Kia Motors,KIRMO,,104,Benoit Benjamin
76154.0,Kent,Benson,Detroit Pistons,J. Walter Kennedy Citizenship,,1981-82,,,,Award,Kia Motors,KIWKC,,76154,Kent Benson
201976.0,Patrick,Bevereley,Houston Rockets,All-Defensive Team,1,2016-17,,,West,Award,Kia Motors,KIADT,,201976,Patrick Beverley
201976.0,Patrick,Beverley,Houston Rockets,All-Defensive Team,2,2013-14,,,1610612745,Award,Kia Motors,KIADT,,201976,Patrick Beverley
201976.0,Patrick,Beverley,LA Clippers,All-Defensive Team,2,2019-20,,,West,Award,Kia Motors,KIADT,,201976,Patrick Beverley
1630180.0,Saddiq,Bey,Detroit Pistons,All-Rookie Team,1,2020-21,,,East,Award,Kia Motors,KIART,,1630180,Saddiq Bey
1630180.0,Saddiq,Bey,Detroit Pistons,NBA Player of the Week,,2020-21,,2021-02-08T00:00:00,East,Award,Kia Motors,KIPWK,,1630180,Saddiq Bey
76162.0,Henry,Bibby,New York Knicks,NBA Champion,,1972-73,,,,Award,Champion,,,76162,Henry Bibby
1710.0,Mike,Bibby,Vancouver Grizzlies,All-Rookie Team,1,1998-99,,,1610612763,Award,Kia Motors,KIART,,1710,Mike Bibby
1710.0,Mike,Bibby,Sacramento Kings,NBA Player of the Week,,2004-05,,2005-02-27T00:00:00,West,Award,Kia Motors,KIPWK,,1710,Mike Bibby
1710.0,Mike,Bibby,Sacramento Kings,NBA Player of the Week,,2005-06,,2006-03-12T00:00:00,West,Award,Kia Motors,KIPWK,,1710,Mike Bibby
1497.0,Chauncey,Billups,Detroit Pistons,All-Defensive Team,2,2004-05,,,1610612765,Award,Kia Motors,KIADT,,1497,Chauncey Billups
1497.0,Chauncey,Billups,Detroit Pistons,All-Defensive Team,2,2005-06,,,1610612765,Award,Kia Motors,KIADT,,1497,Chauncey Billups
1497.0,Chauncey,Billups,Detroit Pistons,All-NBA,2,2005-06,,,1610612765,Award,Kia Motors,KIANT,,1497,Chauncey Billups
1497.0,Chauncey,Billups,Detroit Pistons,All-NBA,3,2006-07,,,1610612765,Award,Kia Motors,KIANT,,1497,Chauncey Billups
1497.0,Chauncey,Billups,Denver Nuggets,All-NBA,3,2008-09,,,1610612743,Award,Kia Motors,KIANT,,1497,Chauncey Billups
1497.0,Chauncey,Billups,Detroit Pistons,J. Walter Kennedy Citizenship,,2007-08,,,,Award,Kia Motors,KIWKC,,1497,Chauncey Billups
1497.0,Chauncey,Billups,,NBA All-Star,,2005-06,,,,Award,All-Star,,,1497,Chauncey Billups
1497.0,Chauncey,Billups,,NBA All-Star,,2006-07,,,,Award,All-Star,,,1497,Chauncey Billups
1497.0,Chauncey,Billups,,NBA All-Star,,2007-08,,,,Award,All-Star,,,1497,Chauncey Billups
1497.0,Chauncey,Billups,,NBA All-Star,,2008-09,,,,Award,All-Star,,,1497,Chauncey Billups
1497.0,Chauncey,Billups,,NBA All-Star,,2009-10,,,,Award,All-Star,,,1497,Chauncey Billups
1497.0,Chauncey,Billups,Detroit Pistons,NBA Champion,,2003-04,,,,Award,Champion,,,1497,Chauncey Billups
1497.0,Chauncey,Billups,Detroit Pistons,NBA Finals Most Valuable Player,,2003-04,,,,Award,Kia Motors,KFMVP,,1497,Chauncey Billups
1497.0,Chauncey,Billups,Detroit Pistons,NBA Player of the Month,,2005-06,01/01/2006,,East,Award,Kia Motors,KIPMO,,1497,Chauncey Billups
1497.0,Chauncey,Billups,Detroit Pistons,NBA Player of the Month,,2006-07,02/01/2007,,East,Award,Kia Motors,KIPMO,,1497,Chauncey Billups
1497.0,Chauncey,Billups,Detroit Pistons,NBA Player of the Week,,2002-03,,2003-02-02T00:00:00,East,Award,Kia Motors,KIPWK,,1497,Chauncey Billups
1497.0,Chauncey,Billups,Detroit Pistons,NBA Player of the Week,,2003-04,,2003-11-23T00:00:00,East,Award,Kia Motors,KIPWK,,1497,Chauncey Billups
1497.0,Chauncey,Billups,Detroit Pistons,NBA Player of the Week,,2004-05,,2005-03-20T00:00:00,East,Award,Kia Motors,KIPWK,,1497,Chauncey Billups
1497.0,Chauncey,Billups,Denver Nuggets,NBA Player of the Week,,2008-09,,2008-11-17T00:00:00,West,Award,Kia Motors,KIPWK,,1497,Chauncey Billups
1497.0,Chauncey,Billups,Denver Nuggets,NBA Player of the Week,,2009-10,,2010-01-26T00:00:00,West,Award,Kia Motors,KIPWK,,1497,Chauncey Billups
1497.0,Chauncey,Billups,Denver Nuggets,NBA Player of the Week,,2010-11,,2011-01-03T00:00:00,West,Award,Kia Motors,KIPWK,,1497,Chauncey Billups
1497.0,Chauncey,Billups,Denver Nuggets,NBA Sportsmanship,,2008-09,,,,Award,Kia Motors,KSPRT,,1497,Chauncey Billups
76166.0,Dave,Bing,Detroit Pistons,All-NBA,1,1967-68,,,1610612765,Award,Kia Motors,KIANT,,76166,Dave Bing
76166.0,Dave,Bing,Detroit Pistons,All-NBA,1,1970-71,,,1610612765,Award,Kia Motors,KIANT,,76166,Dave Bing
76166.0,Dave,Bing,Detroit Pistons,All-NBA,2,1973-74,,,1610612765,Award,Kia Motors,KIANT,,76166,Dave Bing
76166.0,Dave,Bing,Detroit Pistons,All-Rookie Team,1,1966-67,,,1610612765,Award,Kia Motors,KIART,,76166,Dave Bing
76166.0,Dave,Bing,,Hall of Fame Inductee,,1990,,,,Award,Hall of Fame,,,76166,Dave Bing
76166.0,Dave,Bing,Washington Bullets,J. Walter Kennedy Citizenship,,1976-77,,,,Award,Kia Motors,KIWKC,,76166,Dave Bing
76166.0,Dave,Bing,,NBA All-Star,,1967-68,,,,Award,All-Star,,,76166,Dave Bing
76166.0,Dave,Bing,,NBA All-Star,,1968-69,,,,Award,All-Star,,,76166,Dave Bing
76166.0,Dave,Bing,,NBA All-Star,,1970-71,,,,Award,All-Star,,,76166,Dave Bing
76166.0,Dave,Bing,,NBA All-Star,,1972-73,,,,Award,All-Star,,,76166,Dave Bing
76166.0,Dave,Bing,,NBA All-Star,,1973-74,,,,Award,All-Star,,,76166,Dave Bing
76166.0,Dave,Bing,,NBA All-Star,,1974-75,,,,Award,All-Star,,,76166,Dave Bing
76166.0,Dave,Bing,,NBA All-Star,,1975-76,,,,Award,All-Star,,,76166,Dave Bing
76166.0,Dave,Bing,Washington Bullets,NBA All-Star Most Valuable Player,,1975-76,,,,Award,Kia Motors,KAMVP,,76166,Dave Bing
76166.0,Dave,Bing,Detroit Pistons,NBA Rookie of the Year,,1966-67,,,,Award,Kia Motors,KIROY,,76166,Dave Bing
76166.0,Dave,Bing,Detroit Pistons,NBA Sporting News Rookie of the Year,,1966-67,,,,Award,Sporting News,SNROY,,76166,Dave Bing
1449.0,Larry,Bird,Boston Celtics,All-Defensive Team,2,1981-82,,,1610612738,Award,Kia Motors,KIADT,,1449,Larry Bird
1449.0,Larry,Bird,Boston Celtics,All-Defensive Team,2,1982-83,,,1610612738,Award,Kia Motors,KIADT,,1449,Larry Bird
1449.0,Larry,Bird,Boston Celtics,All-Defensive Team,2,1983-84,,,1610612738,Award,Kia Motors,KIADT,,1449,Larry Bird
1449.0,Larry,Bird,Boston Celtics,All-NBA,1,1979-80,,,1610612738,Award,Kia Motors,KIANT,,1449,Larry Bird
1449.0,Larry,Bird,Boston Celtics,All-NBA,1,1980-81,,,1610612738,Award,Kia Motors,KIANT,,1449,Larry Bird
1449.0,Larry,Bird,Boston Celtics,All-NBA,1,1981-82,,,1610612738,Award,Kia Motors,KIANT,,1449,Larry Bird
1449.0,Larry,Bird,Boston Celtics,All-NBA,1,1982-83,,,1610612738,Award,Kia Motors,KIANT,,1449,Larry Bird
1449.0,Larry,Bird,Boston Celtics,All-NBA,1,1983-84,,,1610612738,Award,Kia Motors,KIANT,,1449,Larry Bird
1449.0,Larry,Bird,Boston Celtics,All-NBA,1,1984-85,,,1610612738,Award,Kia Motors,KIANT,,1449,Larry Bird
1449.0,Larry,Bird,Boston Celtics,All-NBA,1,1985-86,,,1610612738,Award,Kia Motors,KIANT,,1449,Larry Bird
1449.0,Larry,Bird,Boston Celtics,All-NBA,1,1986-87,,,1610612738,Award,Kia Motors,KIANT,,1449,Larry Bird
1449.0,Larry,Bird,Boston Celtics,All-NBA,1,1987-88,,,1610612738,Award,Kia Motors,KIANT,,1449,Larry Bird
1449.0,Larry,Bird,Boston Celtics,All-NBA,2,1989-90,,,1610612738,Award,Kia Motors,KIANT,,1449,Larry Bird
1449.0,Larry,Bird,Boston Celtics,All-Rookie Team,1,1979-80,,,1610612738,Award,Kia Motors,KIART,,1449,Larry Bird
1449.0,Larry,Bird,,Hall of Fame Inductee,,1998,,,,Award,Hall of Fame,,,1449,Larry Bird
1449.0,Larry,Bird,,NBA All-Star,,1979-80,,,,Award,All-Star,,,1449,Larry Bird
1449.0,Larry,Bird,,NBA All-Star,,1980-81,,,,Award,All-Star,,,1449,Larry Bird
1449.0,Larry,Bird,,NBA All-Star,,1981-82,,,,Award,All-Star,,,1449,Larry Bird
1449.0,Larry,Bird,,NBA All-Star,,1982-83,,,,Award,All-Star,,,1449,Larry Bird
1449.0,Larry,Bird,,NBA All-Star,,1983-84,,,,Award,All-Star,,,1449,Larry Bird
1449.0,Larry,Bird,,NBA All-Star,,1984-85,,,,Award,All-Star,,,1449,Larry Bird
1449.0,Larry,Bird,,NBA All-Star,,1985-86,,,,Award,All-Star,,,1449,Larry Bird
1449.0,Larry,Bird,,NBA All-Star,,1986-87,,,,Award,All-Star,,,1449,Larry Bird
1449.0,Larry,Bird,,NBA All-Star,,1987-88,,,,Award,All-Star,,,1449,Larry Bird
1449.0,Larry,Bird,,NBA All-Star,,1989-90,,,,Award,All-Star,,,1449,Larry Bird
1449.0,Larry,Bird,,NBA All-Star,,1990-91,,,,Award,All-Star,,,1449,Larry Bird
1449.0,Larry,Bird,,NBA All-Star,,1991-92,,,,Award,All-Star,,,1449,Larry Bird
1449.0,Larry,Bird,Boston Celtics,NBA All-Star Most Valuable Player,,1981-82,,,,Award,Kia Motors,KAMVP,,1449,Larry Bird
1449.0,Larry,Bird,Boston Celtics,NBA Champion,,1980-81,,,,Award,Champion,,,1449,Larry Bird
1449.0,Larry,Bird,Boston Celtics,NBA Champion,,1983-84,,,,Award,Champion,,,1449,Larry Bird
1449.0,Larry,Bird,Boston Celtics,NBA Champion,,1985-86,,,,Award,Champion,,,1449,Larry Bird
1449.0,Larry,Bird,Boston Celtics,NBA Finals Most Valuable Player,,1983-84,,,,Award,Kia Motors,KFMVP,,1449,Larry Bird
1449.0,Larry,Bird,Boston Celtics,NBA Finals Most Valuable Player,,1985-86,,,,Award,Kia Motors,KFMVP,,1449,Larry Bird
1449.0,Larry,Bird,Boston Celtics,NBA Most Valuable Player,,1983-84,,,,Award,Kia Motors,KIMVP,,1449,Larry Bird
1449.0,Larry,Bird,Boston Celtics,NBA Most Valuable Player,,1984-85,,,,Award,Kia Motors,KIMVP,,1449,Larry Bird
1449.0,Larry,Bird,Boston Celtics,NBA Most Valuable Player,,1985-86,,,,Award,Kia Motors,KIMVP,,1449,Larry Bird
1449.0,Larry,Bird,Boston Celtics,NBA Player of the Month,,1979-80,02/01/1980,,,Award,Kia Motors,KIPMO,,1449,Larry Bird
1449.0,Larry,Bird,Boston Celtics,NBA Player of the Month,,1981-82,01/01/1982,,,Award,Kia Motors,KIPMO,,1449,Larry Bird
1449.0,Larry,Bird,Boston Celtics,NBA Player of the Month,,1982-83,11/01/1982,,,Award,Kia Motors,KIPMO,,1449,Larry Bird
1449.0,Larry,Bird,Boston Celtics,NBA Player of the Month,,1984-85,03/01/1985,,,Award,Kia Motors,KIPMO,,1449,Larry Bird
1449.0,Larry,Bird,Boston Celtics,NBA Player of the Month,,1984-85,12/01/1984,,,Award,Kia Motors,KIPMO,,1449,Larry Bird
1449.0,Larry,Bird,Boston Celtics,NBA Player of the Month,,1985-86,02/01/1986,,,Award,Kia Motors,KIPMO,,1449,Larry Bird
1449.0,Larry,Bird,Boston Celtics,NBA Player of the Month,,1985-86,03/01/1986,,,Award,Kia Motors,KIPMO,,1449,Larry Bird
1449.0,Larry,Bird,Boston Celtics,NBA Player of the Week,,1979-80,,1980-03-02T00:00:00,,Award,Kia Motors,KIPWK,,1449,Larry Bird
1449.0,Larry,Bird,Boston Celtics,NBA Player of the Week,,1981-82,,1981-12-27T00:00:00,,Award,Kia Motors,KIPWK,,1449,Larry Bird
1449.0,Larry,Bird,Boston Celtics,NBA Player of the Week,,1981-82,,1982-01-17T00:00:00,,Award,Kia Motors,KIPWK,,1449,Larry Bird
1449.0,Larry,Bird,Boston Celtics,NBA Player of the Week,,1982-83,,1982-11-28T00:00:00,,Award,Kia Motors,KIPWK,,1449,Larry Bird
1449.0,Larry,Bird,Boston Celtics,NBA Player of the Week,,1982-83,,1982-12-12T00:00:00,,Award,Kia Motors,KIPWK,,1449,Larry Bird
1449.0,Larry,Bird,Boston Celtics,NBA Player of the Week,,1982-83,,1983-04-03T00:00:00,,Award,Kia Motors,KIPWK,,1449,Larry Bird
1449.0,Larry,Bird,Boston Celtics,NBA Player of the Week,,1983-84,,1984-02-19T00:00:00,,Award,Kia Motors,KIPWK,,1449,Larry Bird
1449.0,Larry,Bird,Boston Celtics,NBA Player of the Week,,1983-84,,1984-03-11T00:00:00,,Award,Kia Motors,KIPWK,,1449,Larry Bird
1449.0,Larry,Bird,Boston Celtics,NBA Player of the Week,,1984-85,,1985-03-17T00:00:00,,Award,Kia Motors,KIPWK,,1449,Larry Bird
1449.0,Larry,Bird,Boston Celtics,NBA Player of the Week,,1985-86,,1985-12-01T00:00:00,,Award,Kia Motors,KIPWK,,1449,Larry Bird
1449.0,Larry,Bird,Boston Celtics,NBA Player of the Week,,1985-86,,1986-01-19T00:00:00,,Award,Kia Motors,KIPWK,,1449,Larry Bird
1449.0,Larry,Bird,Boston Celtics,NBA Player of the Week,,1985-86,,1986-02-16T00:00:00,,Award,Kia Motors,KIPWK,,1449,Larry Bird
1449.0,Larry,Bird,Boston Celtics,NBA Player of the Week,,1985-86,,1986-03-16T00:00:00,,Award,Kia Motors,KIPWK,,1449,Larry Bird
1449.0,Larry,Bird,Boston Celtics,NBA Player of the Week,,1987-87,,1987-01-04T00:00:00,,Award,Kia Motors,KIPWK,,1449,Larry Bird
1449.0,Larry,Bird,Boston Celtics,NBA Player of the Week,,1987-88,,1987-11-15T00:00:00,,Award,Kia Motors,KIPWK,,1449,Larry Bird
1449.0,Larry,Bird,Boston Celtics,NBA Rookie of the Year,,1979-80,,,,Award,Kia Motors,KIROY,,1449,Larry Bird
1449.0,Larry,Bird,Boston Celtics,NBA Sporting News Most Valuable Player of the Year,,1984-85,,,,Award,Sporting News,SNMVP,,1449,Larry Bird
1449.0,Larry,Bird,Boston Celtics,NBA Sporting News Most Valuable Player of the Year,,1985-86,,,,Award,Sporting News,SNMVP,,1449,Larry Bird
1449.0,Larry,Bird,Boston Celtics,NBA Sporting News Rookie of the Year,,1979-80,,,,Award,Sporting News,SNROY,,1449,Larry Bird
1449.0,Larry,Bird,USA,Olympic Gold Medal,,1992,,,,Award,Olympic,Gold,,1449,Larry Bird
76170.0,Otis,Birdsong,Kansas City Kings,All-NBA,2,1980-81,,,1610612758,Award,Kia Motors,KIANT,,76170,Otis Birdsong
76170.0,Otis,Birdsong,,NBA All-Star,,1978-79,,,,Award,All-Star,,,76170,Otis Birdsong
76170.0,Otis,Birdsong,,NBA All-Star,,1979-80,,,,Award,All-Star,,,76170,Otis Birdsong
76170.0,Otis,Birdsong,,NBA All-Star,,1980-81,,,,Award,All-Star,,,76170,Otis Birdsong
76170.0,Otis,Birdsong,,NBA All-Star,,1983-84,,,,Award,All-Star,,,76170,Otis Birdsong
76170.0,Otis,Birdsong,Sacramento Kings,NBA Player of the Week,,1980-81,,1980-10-26T00:00:00,,Award,Kia Motors,KIPWK,,76170,Otis Birdsong
202357.0,Nemanja,Bjelica,Golden State Warriors,NBA Champion,,2021-22,,,,Award,Champion,,,202357,Nemanja Bjelica
76172.0,Uwe,Blab,Germany,Olympic Appearance,,1992,,,,Award,Olympic,Appearance,,76172,Uwe Blab
76176.0,Rolando,Blackman,,NBA All-Star,,1984-85,,,,Award,All-Star,,,76176,Rolando Blackman
76176.0,Rolando,Blackman,,NBA All-Star,,1985-86,,,,Award,All-Star,,,76176,Rolando Blackman
76176.0,Rolando,Blackman,,NBA All-Star,,1986-87,,,,Award,All-Star,,,76176,Rolando Blackman
76176.0,Rolando,Blackman,,NBA All-Star,,1989-90,,,,Award,All-Star,,,76176,Rolando Blackman
201971.0,DeJuan,Blair,San Antonio Spurs,All-Rookie Team,2,2009-10,,,1610612759,Award,Kia Motors,KIART,,201971,DeJuan Blair
302.0,Mookie,Blaylock,Atlanta Hawks,All-Defensive Team,1,1993-94,,,1610612737,Award,Kia Motors,KIADT,,302,Mookie Blaylock
302.0,Mookie,Blaylock,Atlanta Hawks,All-Defensive Team,1,1994-95,,,1610612737,Award,Kia Motors,KIADT,,302,Mookie Blaylock
302.0,Mookie,Blaylock,Atlanta Hawks,All-Defensive Team,2,1995-96,,,1610612737,Award,Kia Motors,KIADT,,302,Mookie Blaylock
302.0,Mookie,Blaylock,Atlanta Hawks,All-Defensive Team,2,1996-97,,,1610612737,Award,Kia Motors,KIADT,,302,Mookie Blaylock
302.0,Mookie,Blaylock,Atlanta Hawks,All-Defensive Team,2,1997-98,,,1610612737,Award,Kia Motors,KIADT,,302,Mookie Blaylock
302.0,Mookie,Blaylock,Atlanta Hawks,All-Defensive Team,2,1998-99,,,1610612737,Award,Kia Motors,KIADT,,302,Mookie Blaylock
302.0,Mookie,Blaylock,,NBA All-Star,,1993-94,,,,Award,All-Star,,,302,Mookie Blaylock
302.0,Mookie,Blaylock,New Jersey Nets,NBA Player of the Week,,1991-92,,1992-04-05T00:00:00,,Award,Kia Motors,KIPWK,,302,Mookie Blaylock
202339.0,Eric,Bledsoe,Milwaukee Bucks,All-Defensive Team,1,2018-19,,,East,Award,Kia Motors,KIADT,,202339,Eric Bledsoe
202339.0,Eric,Bledsoe,Milwaukee Bucks,All-Defensive Team,2,2019-20,,,East,Award,Kia Motors,KIADT,,202339,Eric Bledsoe
202339.0,Eric,Bledsoe,Los Angeles Clippers,All-Rookie Team,2,2010-11,,,1610612746,Award,Kia Motors,KIART,,202339,Eric Bledsoe
76187.0,John,Block,,NBA All-Star,,1972-73,,,,Award,All-Star,,,76187,John Block
203992.0,Bogdan,Bogdanovic,Sacramento Kings,All-Rookie Team,2,2017-18,,,West,Award,Kia Motors,KIART,,203992,Bogdan Bogdanović
203992.0,Bogdan,Bogdanovic,Serbia,Olympic Bronze Medal,,2024,,,,Award,Olympic,Silver,,203992,Bogdan Bogdanović
202711.0,Bojan,Bogdanovic,Brooklyn Nets,All-Rookie Team,2,2014-15,,,1610612751,Award,Kia Motors,KIART,,202711,Bojan Bogdanović
202711.0,Bojan,Bogdanovic,Indiana Pacers,NBA Player of the Week,,2018-19,,2019-02-04T00:00:00,East,Award,Kia Motors,KIPWK,,202711,Bojan Bogdanović
202711.0,Bojan,Bogdanovic,Utah Jazz,NBA Player of the Week,,2020-21,,2021-05-03T00:00:00,West,Award,Kia Motors,KIPWK,,202711,Bojan Bogdanović
202711.0,Bojan,Bogdanovic,Brooklyn Nets,NBA Rookie of the Month,,2014-15,4/1/2015,,East,Award,Kia Motors,KIRMO,,202711,Bojan Bogdanović
101106.0,Andrew,Bogut,Golden State Warriors,All-Defensive Team,2,2014-15,,,1610612744,Award,Kia Motors,KIADT,,101106,Andrew Bogut
101106.0,Andrew,Bogut,Milwaukee Bucks,All-NBA,3,2009-10,,,1610612749,Award,Kia Motors,KIANT,,101106,Andrew Bogut
101106.0,Andrew,Bogut,Milwaukee Bucks,All-Rookie Team,1,2005-06,,,1610612749,Award,Kia Motors,KIART,,101106,Andrew Bogut
101106.0,Andrew,Bogut,Golden State Warriors,NBA Champion,,2014-15,,,,Award,Champion,,,101106,Andrew Bogut
101106.0,Andrew,Bogut,Milwaukee Bucks,NBA Player of the Week,,2009-10,,2010-03-15T00:00:00,East,Award,Kia Motors,KIPWK,,101106,Andrew Bogut
101106.0,Andrew,Bogut,Milwaukee Bucks,NBA Rookie of the Month,,2005-06,01/01/2006,,West,Award,Kia Motors,KIRMO,,101106,Andrew Bogut
101106.0,Andrew,Bogut,Australia,Olympic Appearance,,2004,,,,Award,Olympic,Appearance,,101106,Andrew Bogut
101106.0,Andrew,Bogut,Australia,Olympic Appearance,,2008,,,,Award,Olympic,Appearance,,101106,Andrew Bogut
76195.0,Manute,Bol,Washington Bullets,All-Defensive Team,2,1985-86,,,1610612764,Award,Kia Motors,KIADT,,76195,Manute Bol
76201.0,Ron,Bonham,Boston Celtics,NBA Champion,,1964-65,,,,Award,Champion,,,76201,Ron Bonham
76201.0,Ron,Bonham,Boston Celtics,NBA Champion,,1965-66,,,,Award,Champion,,,76201,Ron Bonham
2588.0,Matt,Bonner,San Antonio Spurs,NBA Champion,,2006-07,,,,Award,Champion,,,2588,Matt Bonner
2588.0,Matt,Bonner,San Antonio Spurs,NBA Champion,,2013-14,,,,Award,Champion,,,2588,Matt Bonner
1626164.0,Devin,Booker,Phoenix Suns,All-NBA,1,2021-22,,,West,Award,Kia Motors,KIANT,,1626164,Devin Booker
1626164.0,Devin,Booker,Phoenix Suns,All-NBA,3,2023-24,,,West,Award,Kia Motors,KIANT,,1626164,Devin Booker
1626164.0,Devin,Booker,Phoenix Suns,All-Rookie Team,1,2015-16,,,West,Award,Kia Motors,KIART,,1626164,Devin Booker
1626164.0,Devin,Booker,,NBA All-Star,,2019-20,,,,Award,All-Star,,,1626164,Devin Booker
1626164.0,Devin,Booker,,NBA All-Star,,2020-21,,,,Award,All-Star,,,1626164,Devin Booker
1626164.0,Devin,Booker,,NBA All-Star,,2021-22,,,,Award,All-Star,,,1626164,Devin Booker
1626164.0,Devin,Booker,,NBA All-Star,,2023-24,,,,Award,All-Star,,,1626164,Devin Booker
1626164.0,Devin,Booker,,NBA All-Star,,2025-26,,,,Award,All-Star,,,1626164,Devin Booker
1626164.0,Devin,Booker,Phoenix Suns,NBA Player of the Month,,2020-21,2/1/2021,,West,Award,Kia Motors,KIPMO,,1626164,Devin Booker
1626164.0,Devin,Booker,Phoenix Suns,NBA Player of the Month,,2022-23,11/1/2022,,West,Award,Kia Motors,KIPMO,,1626164,Devin Booker
1626164.0,Devin,Booker,Phoenix Suns,NBA Player of the Month,,2023-24,1/1/2024,,West,Award,Kia Motors,KIPMO,,1626164,Devin Booker
1626164.0,Devin,Booker,Phoenix Suns,NBA Player of the Week,,2020-21,,2021-02-08T00:00:00,West,Award,Kia Motors,KIPWK,,1626164,Devin Booker
1626164.0,Devin,Booker,Phoenix Suns,NBA Player of the Week,,2020-21,,2021-02-22T00:00:00,West,Award,Kia Motors,KIPWK,,1626164,Devin Booker
1626164.0,Devin,Booker,Phoenix Suns,NBA Player of the Week,,2020-21,,2021-04-26T00:00:00,West,Award,Kia Motors,KIPWK,,1626164,Devin Booker
1626164.0,Devin,Booker,Phoenix Suns,NBA Player of the Week,,2021-22,,2021-11-22T00:00:00,West,Award,Kia Motors,KIPWK,,1626164,Devin Booker
1626164.0,Devin,Booker,Phoenix Suns,NBA Player of the Week,,2021-22,,2022-01-10T00:00:00,West,Award,Kia Motors,KIPWK,,1626164,Devin Booker
1626164.0,Devin,Booker,Phoenix Suns,NBA Player of the Week,,2021-22,,2022-03-21T00:00:00,West,Award,Kia Motors,KIPWK,,1626164,Devin Booker
1626164.0,Devin,Booker,Phoenix Suns,NBA Player of the Week,,2022-23,,2023-02-27T00:00:00,West,Award,Kia Motors,KIPWK,,1626164,Devin Booker
1626164.0,Devin,Booker,Phoenix Suns,NBA Player of the Week,,2023-24,,2023-11-20T00:00:00,West,Award,Kia Motors,KIPWK,,1626164,Devin Booker
1626164.0,Devin,Booker,Phoenix Suns,NBA Player of the Week,,2023-24,,2024-01-22T00:00:00,West,Award,Kia Motors,KIPWK,,1626164,Devin Booker
1626164.0,Devin,Booker,Phoenix Suns,NBA Player of the Week,,2024-25,,2024-10-28T00:00:00,West,Award,Kia Motors,KIPWK,,1626164,Devin Booker
1626164.0,Devin,Booker,USA,Olympic Gold Medal,,2020,,,,Award,Olympic,Gold,,1626164,Devin Booker
1626164.0,Devin,Booker,USA,Olympic Gold Medal,,2024,,,,Award,Olympic,Gold,,1626164,Devin Booker
76206.0,Bob,Boozer,,NBA All-Star,,1967-68,,,,Award,All-Star,,,76206,Bob Boozer
76206.0,Bob,Boozer,Milwaukee Bucks,NBA Champion,,1970-71,,,,Award,Champion,,,76206,Bob Boozer
76206.0,Bob,Boozer,USA,Olympic Gold Medal,,1960,,,,Award,Olympic,Gold,,76206,Bob Boozer
2430.0,Carlos,Boozer,Utah Jazz,All-NBA,3,2007-08,,,1610612762,Award,Kia Motors,KIANT,,2430,Carlos Boozer
2430.0,Carlos,Boozer,Cleveland Cavaliers,All-Rookie Team,2,2002-03,,,1610612739,Award,Kia Motors,KIART,,2430,Carlos Boozer
2430.0,Carlos,Boozer,,NBA All-Star,,2006-07,,,,Award,All-Star,,,2430,Carlos Boozer
2430.0,Carlos,Boozer,,NBA All-Star,,2007-08,,,,Award,All-Star,,,2430,Carlos Boozer
2430.0,Carlos,Boozer,Utah Jazz,NBA Player of the Month,,2007-08,11/01/2007,,West,Award,Kia Motors,KIPMO,,2430,Carlos Boozer
2430.0,Carlos,Boozer,Utah Jazz,NBA Player of the Month,,2009-10,02/01/2010,,West,Award,Kia Motors,KIPMO,,2430,Carlos Boozer
2430.0,Carlos,Boozer,Cleveland Cavaliers,NBA Player of the Week,,2003-04,,2004-01-25T00:00:00,West,Award,Kia Motors,KIPWK,,2430,Carlos Boozer
2430.0,Carlos,Boozer,Utah Jazz,NBA Player of the Week,,2006-07,,2006-11-06T00:00:00,West,Award,Kia Motors,KIPWK,,2430,Carlos Boozer
2430.0,Carlos,Boozer,Utah Jazz,NBA Player of the Week,,2006-07,,2006-12-17T00:00:00,West,Award,Kia Motors,KIPWK,,2430,Carlos Boozer
2430.0,Carlos,Boozer,Utah Jazz,NBA Player of the Week,,2009-10,,2009-12-07T00:00:00,West,Award,Kia Motors,KIPWK,,2430,Carlos Boozer
2430.0,Carlos,Boozer,Utah Jazz,NBA Player of the Week,,2009-10,,2010-02-22T00:00:00,West,Award,Kia Motors,KIPWK,,2430,Carlos Boozer
2430.0,Carlos,Boozer,Utah Jazz,NBA Player of the Week,,2009-10,,2010-03-01T00:00:00,West,Award,Kia Motors,KIPWK,,2430,Carlos Boozer
2430.0,Carlos,Boozer,Chicago Bulls,NBA Player of the Week,,2012-13,,2013-01-14T00:00:00,East,Award,Kia Motors,KIPWK,,2430,Carlos Boozer
2430.0,Carlos,Boozer,Cleveland Cavaliers,NBA Rookie of the Month,,2002-03,04/01/2003,,East,Award,Kia Motors,KIRMO,,2430,Carlos Boozer
2430.0,Carlos,Boozer,USA,Olympic Bronze Medal,,2004,,,,Award,Olympic,Bronze,,2430,Carlos Boozer
2430.0,Carlos,Boozer,USA,Olympic Gold Medal,,2008,,,,Award,Olympic,Gold,,2430,Carlos Boozer
76210.0,Vince,Boryla,,NBA All-Star,,1950-51,,,,Award,All-Star,,,76210,Vince Boryla
2547.0,Chris,Bosh,Toronto Raptors,All-NBA,2,2006-07,,,1610612761,Award,Kia Motors,KIANT,,2547,Chris Bosh
2547.0,Chris,Bosh,Toronto Raptors,All-Rookie Team,1,2003-04,,,1610612761,Award,Kia Motors,KIART,,2547,Chris Bosh
2547.0,Chris,Bosh,,NBA All-Star,,2005-06,,,,Award,All-Star,,,2547,Chris Bosh
2547.0,Chris,Bosh,,NBA All-Star,,2006-07,,,,Award,All-Star,,,2547,Chris Bosh
2547.0,Chris,Bosh,,NBA All-Star,,2007-08,,,,Award,All-Star,,,2547,Chris Bosh
2547.0,Chris,Bosh,,NBA All-Star,,2008-09,,,,Award,All-Star,,,2547,Chris Bosh
2547.0,Chris,Bosh,,NBA All-Star,,2009-10,,,,Award,All-Star,,,2547,Chris Bosh
2547.0,Chris,Bosh,,NBA All-Star,,2010-11,,,,Award,All-Star,,,2547,Chris Bosh
2547.0,Chris,Bosh,,NBA All-Star,,2011-12,,,,Award,All-Star,,,2547,Chris Bosh
2547.0,Chris,Bosh,,NBA All-Star,,2012-13,,,,Award,All-Star,,,2547,Chris Bosh
2547.0,Chris,Bosh,,NBA All-Star,,2013-14,,,,Award,All-Star,,,2547,Chris Bosh
2547.0,Chris,Bosh,,NBA All-Star,,2014-15,,,,Award,All-Star,,,2547,Chris Bosh
2547.0,Chris,Bosh,,NBA All-Star,,2015-16,,,,Award,All-Star,,,2547,Chris Bosh
2547.0,Chris,Bosh,Miami Heat,NBA Champion,,2011-12,,,,Award,Champion,,,2547,Chris Bosh
2547.0,Chris,Bosh,Miami Heat,NBA Champion,,2012-13,,,,Award,Champion,,,2547,Chris Bosh
2547.0,Chris,Bosh,Toronto Raptors,NBA Player of the Month,,2006-07,01/01/2007,,East,Award,Kia Motors,KIPMO,,2547,Chris Bosh
2547.0,Chris,Bosh,Toronto Raptors,NBA Player of the Week,,2004-05,,2005-01-09T00:00:00,East,Award,Kia Motors,KIPWK,,2547,Chris Bosh
2547.0,Chris,Bosh,Toronto Raptors,NBA Player of the Week,,2005-06,,2006-02-06T00:00:00,East,Award,Kia Motors,KIPWK,,2547,Chris Bosh
2547.0,Chris,Bosh,Toronto Raptors,NBA Player of the Week,,2006-07,,2007-04-01T00:00:00,East,Award,Kia Motors,KIPWK,,2547,Chris Bosh
2547.0,Chris,Bosh,Toronto Raptors,NBA Player of the Week,,2007-08,,2008-01-13T00:00:00,East,Award,Kia Motors,KIPWK,,2547,Chris Bosh
2547.0,Chris,Bosh,Toronto Raptors,NBA Player of the Week,,2008-09,,2008-11-03T00:00:00,East,Award,Kia Motors,KIPWK,,2547,Chris Bosh
2547.0,Chris,Bosh,Toronto Raptors,NBA Player of the Week,,2009-10,,2010-02-01T00:00:00,East,Award,Kia Motors,KIPWK,,2547,Chris Bosh
2547.0,Chris,Bosh,Toronto Raptors,NBA Player of the Week,,2009-10,,2010-04-05T00:00:00,East,Award,Kia Motors,KIPWK,,2547,Chris Bosh
2547.0,Chris,Bosh,Miami Heat,NBA Player of the Week,,2013-14,,2013-12-30T00:00:00,East,Award,Kia Motors,KIPWK,,2547,Chris Bosh
2547.0,Chris,Bosh,Miami Heat,NBA Player of the Week,,2014-15,,2014-10-28T00:00:00,East,Award,Kia Motors,KIPWK,,2547,Chris Bosh
2547.0,Chris,Bosh,USA,Olympic Gold Medal,,2008,,,,Award,Olympic,Gold,,2547,Chris Bosh
76213.0,Tom,Boswell,Boston Celtics,NBA Champion,,1975-76,,,,Award,Champion,,,76213,Tom Boswell
1628449.0,Chris,Boucher,Toronto Raptors,NBA Champion,,2018-19,,,,Award,Champion,,,1628449,Chris Boucher
1477.0,Bruce,Bowen,Miami Heat,All-Defensive Team,2,2000-01,,,1610612748,Award,Kia Motors,KIADT,,1477,Bruce Bowen
1477.0,Bruce,Bowen,San Antonio Spurs,All-Defensive Team,2,2001-02,,,1610612759,Award,Kia Motors,KIADT,,1477,Bruce Bowen
1477.0,Bruce,Bowen,San Antonio Spurs,All-Defensive Team,2,2002-03,,,1610612759,Award,Kia Motors,KIADT,,1477,Bruce Bowen
1477.0,Bruce,Bowen,San Antonio Spurs,All-Defensive Team,1,2003-04,,,1610612759,Award,Kia Motors,KIADT,,1477,Bruce Bowen
1477.0,Bruce,Bowen,San Antonio Spurs,All-Defensive Team,1,2004-05,,,1610612759,Award,Kia Motors,KIADT,,1477,Bruce Bowen
1477.0,Bruce,Bowen,San Antonio Spurs,All-Defensive Team,1,2005-06,,,1610612759,Award,Kia Motors,KIADT,,1477,Bruce Bowen
1477.0,Bruce,Bowen,San Antonio Spurs,All-Defensive Team,1,2006-07,,,1610612759,Award,Kia Motors,KIADT,,1477,Bruce Bowen
1477.0,Bruce,Bowen,San Antonio Spurs,All-Defensive Team,1,2007-08,,,1610612759,Award,Kia Motors,KIADT,,1477,Bruce Bowen
1477.0,Bruce,Bowen,San Antonio Spurs,NBA Champion,,2002-03,,,,Award,Champion,,,1477,Bruce Bowen
1477.0,Bruce,Bowen,San Antonio Spurs,NBA Champion,,2004-05,,,,Award,Champion,,,1477,Bruce Bowen
1477.0,Bruce,Bowen,San Antonio Spurs,NBA Champion,,2006-07,,,,Award,Champion,,,1477,Bruce Bowen
1477.0,Bruce,Bowen,San Antonio Spurs,NBA Player of the Week,,2004-05,,2005-01-09T00:00:00,West,Award,Kia Motors,KIPWK,,1477,Bruce Bowen
76217.0,Sam,Bowie,Portland Trail Blazers,All-Rookie Team,1,1984-85,,,1610612757,Award,Kia Motors,KIART,,76217,Sam Bowie
76219.0,Nate,Bowman,New York Knicks,NBA Champion,,1969-70,,,,Award,Champion,,,76219,Nate Bowman
76222.0,Fred,Boyd,Philadelphia 76ers,All-Rookie Team,1,1972-73,,,1610612755,Award,Kia Motors,KIART,,76222,Fred Boyd
76226.0,Steve,Bracey,Golden State Warriors,NBA Champion,,1974-75,,,,Award,Champion,,,76226,Steve Bracey
202340.0,Avery,Bradley,Boston Celtics,All-Defensive Team,2,2012-13,,,1610612738,Award,Kia Motors,KIADT,,202340,Avery Bradley
202340.0,Avery,Bradley,Boston Celtics,All-Defensive Team,1,2015-16,,,East,Award,Kia Motors,KIADT,,202340,Avery Bradley
76233.0,Bill,Bradley,,Hall of Fame Inductee,,1983,,,,Award,Hall of Fame,,,76233,Bill Bradley
76233.0,Bill,Bradley,,NBA All-Star,,1972-73,,,,Award,All-Star,,,76233,Bill Bradley
76233.0,Bill,Bradley,New York Knicks,NBA Champion,,1969-70,,,,Award,Champion,,,76233,Bill Bradley
76233.0,Bill,Bradley,New York Knicks,NBA Champion,,1972-73,,,,Award,Champion,,,76233,Bill Bradley
76233.0,Bill,Bradley,USA,Olympic Gold Medal,,1964,,,,Award,Olympic,Gold,,76233,Bill Bradley
762.0,Dudley,Bradley,Indiana Pacers,All-Defensive Team,2,1980-81,,,1610612754,Award,Kia Motors,KIADT,,762,Shawn Bradley
762.0,Shawn,Bradley,Philadelphia 76ers,All-Rookie Team,2,1993-94,,,1610612755,Award,Kia Motors,KIART,,762,Shawn Bradley
1361.0,Mark,Bradtke,Australia,Olympic Appearance,,1988,,,,Award,Olympic,Appearance,,1361,Mark Bradtke
1361.0,Mark,Bradtke,Australia,Olympic Appearance,,1992,,,,Award,Olympic,Appearance,,1361,Mark Bradtke
1361.0,Mark,Bradtke,Australia,Olympic Appearance,,1996,,,,Award,Olympic,Appearance,,1361,Mark Bradtke
1361.0,Mark,Bradtke,Australia,Olympic Appearance,,2000,,,,Award,Olympic,Appearance,,1361,Mark Bradtke
76237.0,Adrian,Branch,Los Angeles Lakers,NBA Champion,,1986-87,,,,Award,Champion,,,76237,Adrian Branch
1882.0,Elton,Brand,Los Angeles Clippers,All-NBA,2,2005-06,,,1610612746,Award,Kia Motors,KIANT,,1882,Elton Brand
1882.0,Elton,Brand,Chicago Bulls,All-Rookie Team,1,1999-00,,,1610612741,Award,Kia Motors,KIART,,1882,Elton Brand
1882.0,Elton,Brand,,NBA All-Star,,2001-02,,,,Award,All-Star,,,1882,Elton Brand
1882.0,Elton,Brand,,NBA All-Star,,2005-06,,,,Award,All-Star,,,1882,Elton Brand
1882.0,Elton,Brand,Los Angeles Clippers,NBA Player of the Month,,2005-06,11/01/2005,,West,Award,Kia Motors,KIPMO,,1882,Elton Brand
1882.0,Elton,Brand,Los Angeles Clippers,NBA Player of the Week,,2001-02,,2001-12-09T00:00:00,West,Award,Kia Motors,KIPWK,,1882,Elton Brand
1882.0,Elton,Brand,Los Angeles Clippers,NBA Player of the Week,,2003-04,,2004-01-04T00:00:00,West,Award,Kia Motors,KIPWK,,1882,Elton Brand
1882.0,Elton,Brand,Los Angeles Clippers,NBA Player of the Week,,2005-06,,2005-11-21T00:00:00,West,Award,Kia Motors,KIPWK,,1882,Elton Brand
1882.0,Elton,Brand,Los Angeles Clippers,NBA Player of the Week,,2005-06,,2005-12-12T00:00:00,West,Award,Kia Motors,KIPWK,,1882,Elton Brand
1882.0,Elton,Brand,Los Angeles Clippers,NBA Player of the Week,,2005-06,,2006-01-30T00:00:00,West,Award,Kia Motors,KIPWK,,1882,Elton Brand
1882.0,Elton,Brand,Chicago Bulls,NBA Rookie of the Month,,1999-00,01/01/2000,,,Award,Kia Motors,KIRMO,,1882,Elton Brand
1882.0,Elton,Brand,Chicago Bulls,NBA Rookie of the Month,,1999-00,02/01/2000,,,Award,Kia Motors,KIRMO,,1882,Elton Brand
1882.0,Elton,Brand,Chicago Bulls,NBA Rookie of the Month,,1999-00,04/01/2000,,,Award,Kia Motors,KIRMO,,1882,Elton Brand
1882.0,Elton,Brand,Chicago Bulls,NBA Rookie of the Year,,1999-00,,,,Award,Kia Motors,KIROY,,1882,Elton Brand
1882.0,Elton,Brand,Chicago Bulls,NBA Sporting News Rookie of the Year,,1999-00,,,,Award,Sporting News,SNROY,,1882,Elton Brand
1882.0,Elton,Brand,Los Angeles Clippers,NBA Sportsmanship,,2005-06,,,,Award,Kia Motors,KSPRT,,1882,Elton Brand
210.0,Terrell,Brandon,Cleveland Cavaliers,All-Rookie Team,2,1991-92,,,1610612739,Award,Kia Motors,KIART,,210,Terrell Brandon
210.0,Terrell,Brandon,,NBA All-Star,,1995-96,,,,Award,All-Star,,,210,Terrell Brandon
210.0,Terrell,Brandon,,NBA All-Star,,1996-97,,,,Award,All-Star,,,210,Terrell Brandon
210.0,Terrell,Brandon,Cleveland Cavaliers,NBA Player of the Week,,1995-96,,1995-12-03T00:00:00,,Award,Kia Motors,KIPWK,,210,Terrell Brandon
210.0,Terrell,Brandon,Cleveland Cavaliers,NBA Player of the Week,,1996-97,,1996-12-22T00:00:00,,Award,Kia Motors,KIPWK,,210,Terrell Brandon
210.0,Terrell,Brandon,Cleveland Cavaliers,NBA Sportsmanship,,1996-97,,,,Award,Kia Motors,KSPRT,,210,Terrell Brandon
76243.0,Carl,Braun,New York Knicks,All-NBA,2,1947-48,,,1610612752,Award,Kia Motors,KIANT,,76243,Carl Braun
76243.0,Carl,Braun,New York Knicks,All-NBA,2,1953-54,,,1610612752,Award,Kia Motors,KIANT,,76243,Carl Braun
76243.0,Carl,Braun,,NBA All-Star,,1952-53,,,,Award,All-Star,,,76243,Carl Braun
76243.0,Carl,Braun,,NBA All-Star,,1953-54,,,,Award,All-Star,,,76243,Carl Braun
76243.0,Carl,Braun,,NBA All-Star,,1954-55,,,,Award,All-Star,,,76243,Carl Braun
76243.0,Carl,Braun,,NBA All-Star,,1955-56,,,,Award,All-Star,,,76243,Carl Braun
76243.0,Carl,Braun,,NBA All-Star,,1956-57,,,,Award,All-Star,,,76243,Carl Braun
76243.0,Carl,Braun,Boston Celtics,NBA Champion,,1961-62,,,,Award,Champion,,,76243,Carl Braun
1631128.0,Christian,Braun,Denver Nuggets,NBA Champion,,2022-23,,,,Award,Champion,,,1631128,Christian Braun
2452.0,J.R.,Bremer,Boston Celtics,All-Rookie Team,2,2002-03,,,1610612738,Award,Kia Motors,KIART,,2452,J.R. Bremer
201147.0,Corey,Brewer,Dallas Mavericks,NBA Champion,,2010-11,,,,Award,Champion,,,201147,Corey Brewer
76248.0,Jim,Brewer,Cleveland Cavaliers,All-Defensive Team,2,1975-76,,,1610612739,Award,Kia Motors,KIADT,,76248,Jim Brewer
76248.0,Jim,Brewer,Cleveland Cavaliers,All-Defensive Team,2,1976-77,,,1610612739,Award,Kia Motors,KIADT,,76248,Jim Brewer
76248.0,Jim,Brewer,Los Angeles Lakers,NBA Champion,,1981-82,,,,Award,Champion,,,76248,Jim Brewer
76248.0,Jim,Brewer,USA,Olympic Silver Medal,,1972,,,,Award,Olympic,Silver,,76248,Jim Brewer
76249.0,Ron,Brewer,Portland Trail Blazers,All-Rookie Team,1,1978-79,,,1610612757,Award,Kia Motors,KIART,,76249,Ron Brewer
76249.0,Ron,Brewer,San Antonio Spurs,NBA Player of the Week,,1981-82,,1981-11-15T00:00:00,,Award,Kia Motors,KIPWK,,76249,Ron Brewer
76250.0,Frank,Brian,Anderson Duffey Packers,All-NBA,2,1949-50,,,1610610023,Award,Kia Motors,KIANT,,76250,Frank Brian
76250.0,Frank,Brian,Tri-Cities Blackhawks,All-NBA,2,1950-51,,,1610612737,Award,Kia Motors,KIANT,,76250,Frank Brian
76250.0,Frank,Brian,,NBA All-Star,,1950-51,,,,Award,All-Star,,,76250,Frank Brian
76250.0,Frank,Brian,,NBA All-Star,,1951-52,,,,Award,All-Star,,,76250,Frank Brian
76253.0,Bill,Bridges,Atlanta Hawks,All-Defensive Team,2,1968-69,,,1610612737,Award,Kia Motors,KIADT,,76253,Bill Bridges
76253.0,Bill,Bridges,Atlanta Hawks,All-Defensive Team,2,1969-70,,,1610612737,Award,Kia Motors,KIADT,,76253,Bill Bridges
76253.0,Bill,Bridges,,NBA All-Star,,1966-67,,,,Award,All-Star,,,76253,Bill Bridges
76253.0,Bill,Bridges,,NBA All-Star,,1967-68,,,,Award,All-Star,,,76253,Bill Bridges
76253.0,Bill,Bridges,,NBA All-Star,,1969-70,,,,Award,All-Star,,,76253,Bill Bridges
76253.0,Bill,Bridges,Golden State Warriors,NBA Champion,,1974-75,,,,Award,Champion,,,76253,Bill Bridges
1628969.0,Mikal,Bridges,Phoenix Suns,All-Defensive Team,1,2021-22,,,West,Award,Kia Motors,KIADT,,1628969,Mikal Bridges
1628969.0,Mikal,Bridges,Brooklyn Nets,NBA Player of the Week,,2022-23,,2023-03-27T00:00:00,East,Award,Kia Motors,KIPWK,,1628969,Mikal Bridges
1628970.0,Miles,Bridges,Charlotte Hornets,NBA Player of the Week,,2021-22,,2021-10-18T00:00:00,East,Award,Kia Motors,KIPWK,,1628970,Miles Bridges
1629052.0,Oshae,Brissett,Boston Celtics,NBA Champion,,2023-24,,,,Award,Champion,,,1629052,Oshae Brissett
1627763.0,Malcolm,Brogdan,Milwaukee Bucks,All-Rookie Team,1,2016-17,,,East,Award,Kia Motors,KIART,,1627763,Malcolm Brogdon
1627763.0,Malcolm,Brogdon,Milwaukee Bucks,NBA Rookie of the Year,,2016-17,,,East,Award,Kia Motors,KIROY,(null),1627763,Malcolm Brogdon
1627763.0,Malcolm,Brogdon,Boston Celtics,NBA Sixth Man of the Year,,2022-23,,,East,Award,Kia Motors,KISMY,,1627763,Malcolm Brogdon
201166.0,Aaron,Brooks,Houston Rockets,NBA Most Improved Player,,2009-10,,,,Award,Kia Motors,KIMIP,,201166,Aaron Brooks
1628415.0,Dillon,Brooks,Memphis Grizzlies,All-Defensive Team,2,2022-23,,,West,Award,Kia Motors,KIADT,,1628415,Dillon Brooks
1628415.0,Dillon,Brooks,Phoenix Suns,NBA Player of the Week,,2025-26,,2026-01-26T00:00:00,West,Award,Kia Motors,KIPWK,,1628415,Dillon Brooks
202705.0,MarShon,Brooks,Brooklyn Nets,All-Rookie Team,2,2011-12,,,1610612751,Award,Kia Motors,KIART,,202705,MarShon Brooks
418.0,Scott,Brooks,Houston Rockets,NBA Champion,,1993-94,,,,Award,Champion,,,418,Scott Brooks
1628971.0,Bruce,Brown,Denver Nuggets,NBA Champion,,2022-23,,,,Award,Champion,,,1628971,Bruce Brown
359.0,Chucky,Brown,Houston Rockets,NBA Champion,,1994-95,,,,Award,Champion,,,359,Chucky Brown
244.0,Dee,Brown,Boston Celtics,All-Rookie Team,1,1990-91,,,1610612738,Award,Kia Motors,KIART,,244,Dee Brown
2484.0,Devin,Brown,San Antonio Spurs,NBA Champion,,2004-05,,,,Award,Champion,,,2484,Devin Brown
76272.0,Fred,Brown,,NBA All-Star,,1975-76,,,,Award,All-Star,,,76272,Fred Brown
76272.0,Fred,Brown,Seattle SuperSonics,NBA Champion,,1978-79,,,,Award,Champion,,,76272,Fred Brown
1627759.0,Jaylen,Brown,Boston Celtics,All-NBA,2,2022-23,,,East,Award,Kia Motors,KIANT,,1627759,Jaylen Brown
1627759.0,Jaylen,Brown,Boston Celtics,All-Rookie Team,2,2016-17,,,East,Award,Kia Motors,KIART,,1627759,Jaylen Brown
1627759.0,Jaylen,Brown,,NBA All-Star,,2020-21,,,,Award,All-Star,,,1627759,Jaylen Brown
1627759.0,Jaylen,Brown,,NBA All-Star,,2022-23,,,,Award,All-Star,,,1627759,Jaylen Brown
1627759.0,Jaylen,Brown,,NBA All-Star,,2023-24,,,,Award,All-Star,,,1627759,Jaylen Brown
1627759.0,Jaylen,Brown,,NBA All-Star,,2024-25,,,,Award,All-Star,,,1627759,Jaylen Brown
1627759.0,Jaylen,Brown,,NBA All-Star,,2025-26,,,,Award,All-Star,,,1627759,Jaylen Brown
1627759.0,Jaylen,Brown,Boston Celtics,NBA Champion,,2023-24,,,,Award,Champion,,,1627759,Jaylen Brown
1627759.0,Jaylen,Brown,Boston Celtics,NBA Finals Most Valuable Player,,2023-24,,,,Award,Kia Motors,KFMVP,,1627759,Jaylen Brown
1627759.0,Jaylen,Brown,Boston Celtics,NBA Player of the Month,,2025-26,1/1/2026,,East,Award,Kia Motors,KIPMO,,1627759,Jaylen Brown
1627759.0,Jaylen,Brown,Boston Celtics,NBA Player of the Week,,2019-20,,2019-12-23T00:00:00,East,Award,Kia Motors,KIPWK,,1627759,Jaylen Brown
1627759.0,Jaylen,Brown,Boston Celtics,NBA Player of the Week,,2019-20,,2020-01-27T00:00:00,East,Award,Kia Motors,KIPWK,,1627759,Jaylen Brown
1627759.0,Jaylen,Brown,Boston Celtics,NBA Player of the Week,,2022-23,,2023-03-20T00:00:00,East,Award,Kia Motors,KIPWK,,1627759,Jaylen Brown
1627759.0,Jaylen,Brown,Boston Celtics,NBA Player of the Week,,2023-24,,2024-02-26T00:00:00,East,Award,Kia Motors,KIPWK,,1627759,Jaylen Brown
1627759.0,Jaylen,Brown,Boston Celtics,NBA Player of the Week,,2025-26,,2025-12-01T00:00:00,East,Award,Kia Motors,KIPWK,,1627759,Jaylen Brown
1627759.0,Jaylen,Brown,Boston Celtics,NBA Player of the Week,,2025-26,,2025-12-22T00:00:00,East,Award,Kia Motors,KIPWK,,1627759,Jaylen Brown
76276.0,John,Brown,Atlanta Hawks,All-Rookie Team,1,1973-74,,,1610612737,Award,Kia Motors,KIART,,76276,John Brown
136.0,P.J.,Brown,Miami Heat,All-Defensive Team,2,1996-97,,,1610612748,Award,Kia Motors,KIADT,,136,P.J. Brown
136.0,P.J.,Brown,Miami Heat,All-Defensive Team,2,1998-99,,,1610612748,Award,Kia Motors,KIADT,,136,P.J. Brown
136.0,P.J.,Brown,Charlotte Hornets,All-Defensive Team,2,2000-01,,,1610612740,Award,Kia Motors,KIADT,,136,P.J. Brown
136.0,P.J.,Brown,Miami Heat,J. Walter Kennedy Citizenship,,1996-97,,,,Award,Kia Motors,KIWKC,,136,P.J. Brown
136.0,P.J.,Brown,Boston Celtics,NBA Champion,,2007-08,,,,Award,Champion,,,136,P.J. Brown
136.0,P.J.,Brown,New Orleans Hornets,NBA Sportsmanship,,2003-04,,,,Award,Kia Motors,KSPRT,,136,P.J. Brown
753.0,Randy,Brown,Chicago Bulls,NBA Champion,,1995-96,,,,Award,Champion,,,753,Randy Brown
753.0,Randy,Brown,Chicago Bulls,NBA Champion,,1996-97,,,,Award,Champion,,,753,Randy Brown
753.0,Randy,Brown,Chicago Bulls,NBA Champion,,1997-98,,,,Award,Champion,,,753,Randy Brown
200769.0,Shannon,Brown,Los Angeles Lakers,NBA Champion,,2008-09,,,,Award,Champion,,,200769,Shannon Brown
200769.0,Shannon,Brown,Los Angeles Lakers,NBA Champion,,2009-10,,,,Award,Champion,,,200769,Shannon Brown
1628973.0,Jalen,Brunson,New York Knicks,All-NBA,2,2023-24,,,East,Award,Kia Motors,KIANT,,1628973,Jalen Brunson
1628973.0,Jalen,Brunson,New York Knicks,All-NBA,2,2024-25,,,East,Award,Kia Motors,KIANT,,1628973,Jalen Brunson
1628973.0,Jalen,Brunson,,NBA All-Star,,2023-24,,,,Award,All-Star,,,1628973,Jalen Brunson
1628973.0,Jalen,Brunson,,NBA All-Star,,2024-25,,,,Award,All-Star,,,1628973,Jalen Brunson
1628973.0,Jalen,Brunson,,NBA All-Star,,2025-26,,,,Award,All-Star,,,1628973,Jalen Brunson
1628973.0,Jalen,Brunson,New York Knicks,NBA Clutch Player of the Year,,2024-25,,,East,Award,Kia Motors,KIMIP,,1628973,Jalen Brunson
1628973.0,Jalen,Brunson,New York Knicks,NBA Cup Most Valuable Player,,2025-26,,,East,Award,Emirates,EMMVP,,1628973,Jalen Brunson
1628973.0,Jalen,Brunson,New York Knicks,NBA Player of the Month,,2022-23,2/1/2023,,East,Award,Kia Motors,KIPMO,,1628973,Jalen Brunson
1628973.0,Jalen,Brunson,New York Knicks,NBA Player of the Month,,2023-24,3/1/2024,,East,Award,Kia Motors,KIPMO,,1628973,Jalen Brunson
1628973.0,Jalen,Brunson,New York Knicks,NBA Player of the Month,,2025-26,12/1/2025,,East,Award,Kia Motors,KIPMO,,1628973,Jalen Brunson
1628973.0,Jalen,Brunson,New York Knicks,NBA Player of the Week,,2022-23,,2023-01-09T00:00:00,East,Award,Kia Motors,KIPWK,,1628973,Jalen Brunson
1628973.0,Jalen,Brunson,New York Knicks,NBA Player of the Week,,2023-24,,2023-11-13T00:00:00,East,Award,Kia Motors,KIPWK,,1628973,Jalen Brunson
1628973.0,Jalen,Brunson,New York Knicks,NBA Player of the Week,,2023-24,,2024-01-01T00:00:00,East,Award,Kia Motors,KIPWK,,1628973,Jalen Brunson
1628973.0,Jalen,Brunson,New York Knicks,NBA Player of the Week,,2023-24,,2024-03-11T00:00:00,East,Award,Kia Motors,KIPWK,,1628973,Jalen Brunson
1628973.0,Jalen,Brunson,New York Knicks,NBA Player of the Week,,2023-24,,2024-04-08T00:00:00,East,Award,Kia Motors,KIPWK,,1628973,Jalen Brunson
1628973.0,Jalen,Brunson,New York Knicks,NBA Player of the Week,,2024-25,,2024-11-25T00:00:00,East,Award,Kia Motors,KIPWK,,1628973,Jalen Brunson
1628973.0,Jalen,Brunson,New York Knicks,NBA Player of the Week,,2024-25,,2025-02-24T00:00:00,East,Award,Kia Motors,KIPWK,,1628973,Jalen Brunson
1628973.0,Jalen,Brunson,New York Knicks,NBA Player of the Week,,2025-26,,2025-11-24T00:00:00,East,Award,Kia Motors,KIPWK,,1628973,Jalen Brunson
1628973.0,Jalen,Brunson,New York Knicks,NBA Player of the Week,,2025-26,,2025-12-15T00:00:00,East,Award,Kia Motors,KIPWK,,1628973,Jalen Brunson
1629091.0,Elijah,Bryant,Milwaukee Bucks,NBA Champion,,2020-21,,,,Award,Champion,,,1629091,Elijah Bryant
76289.0,Emmette,Bryant,Boston Celtics,NBA Champion,,1968-69,,,,Award,Champion,,,76289,Emmette Bryant
977.0,Kobe,Bryant,Los Angeles Lakers,All-Defensive Team,1,1999-00,,,1610612747,Award,Kia Motors,KIADT,,977,Kobe Bryant
977.0,Kobe,Bryant,Los Angeles Lakers,All-Defensive Team,2,2000-01,,,1610612747,Award,Kia Motors,KIADT,,977,Kobe Bryant
977.0,Kobe,Bryant,Los Angeles Lakers,All-Defensive Team,2,2001-02,,,1610612747,Award,Kia Motors,KIADT,,977,Kobe Bryant
977.0,Kobe,Bryant,Los Angeles Lakers,All-Defensive Team,1,2002-03,,,1610612747,Award,Kia Motors,KIADT,,977,Kobe Bryant
977.0,Kobe,Bryant,Los Angeles Lakers,All-Defensive Team,1,2003-04,,,1610612747,Award,Kia Motors,KIADT,,977,Kobe Bryant
977.0,Kobe,Bryant,Los Angeles Lakers,All-Defensive Team,1,2005-06,,,1610612747,Award,Kia Motors,KIADT,,977,Kobe Bryant
977.0,Kobe,Bryant,Los Angeles Lakers,All-Defensive Team,1,2006-07,,,1610612747,Award,Kia Motors,KIADT,,977,Kobe Bryant
977.0,Kobe,Bryant,Los Angeles Lakers,All-Defensive Team,1,2007-08,,,1610612747,Award,Kia Motors,KIADT,,977,Kobe Bryant
977.0,Kobe,Bryant,Los Angeles Lakers,All-Defensive Team,1,2008-09,,,1610612747,Award,Kia Motors,KIADT,,977,Kobe Bryant
977.0,Kobe,Bryant,Los Angeles Lakers,All-Defensive Team,1,2009-10,,,1610612747,Award,Kia Motors,KIADT,,977,Kobe Bryant
977.0,Kobe,Bryant,Los Angeles Lakers,All-Defensive Team,1,2010-11,,,1610612747,Award,Kia Motors,KIADT,,977,Kobe Bryant
977.0,Kobe,Bryant,Los Angeles Lakers,All-Defensive Team,2,2011-12,,,1610612747,Award,Kia Motors,KIADT,,977,Kobe Bryant
977.0,Kobe,Bryant,Los Angeles Lakers,All-NBA,3,1998-99,,,1610612747,Award,Kia Motors,KIANT,,977,Kobe Bryant
977.0,Kobe,Bryant,Los Angeles Lakers,All-NBA,2,1999-00,,,1610612747,Award,Kia Motors,KIANT,,977,Kobe Bryant
977.0,Kobe,Bryant,Los Angeles Lakers,All-NBA,2,2000-01,,,1610612747,Award,Kia Motors,KIANT,,977,Kobe Bryant
977.0,Kobe,Bryant,Los Angeles Lakers,All-NBA,1,2001-02,,,1610612747,Award,Kia Motors,KIANT,,977,Kobe Bryant
977.0,Kobe,Bryant,Los Angeles Lakers,All-NBA,1,2002-03,,,1610612747,Award,Kia Motors,KIANT,,977,Kobe Bryant
977.0,Kobe,Bryant,Los Angeles Lakers,All-NBA,1,2003-04,,,1610612747,Award,Kia Motors,KIANT,,977,Kobe Bryant
977.0,Kobe,Bryant,Los Angeles Lakers,All-NBA,3,2004-05,,,1610612747,Award,Kia Motors,KIANT,,977,Kobe Bryant
977.0,Kobe,Bryant,Los Angeles Lakers,All-NBA,1,2005-06,,,1610612747,Award,Kia Motors,KIANT,,977,Kobe Bryant
977.0,Kobe,Bryant,Los Angeles Lakers,All-NBA,1,2006-07,,,1610612747,Award,Kia Motors,KIANT,,977,Kobe Bryant
977.0,Kobe,Bryant,Los Angeles Lakers,All-NBA,1,2007-08,,,1610612747,Award,Kia Motors,KIANT,,977,Kobe Bryant
977.0,Kobe,Bryant,Los Angeles Lakers,All-NBA,1,2008-09,,,1610612747,Award,Kia Motors,KIANT,,977,Kobe Bryant
977.0,Kobe,Bryant,Los Angeles Lakers,All-NBA,1,2009-10,,,1610612747,Award,Kia Motors,KIANT,,977,Kobe Bryant
977.0,Kobe,Bryant,Los Angeles Lakers,All-NBA,1,2010-11,,,1610612747,Award,Kia Motors,KIANT,,977,Kobe Bryant
977.0,Kobe,Bryant,Los Angeles Lakers,All-NBA,1,2011-12,,,1610612747,Award,Kia Motors,KIANT,,977,Kobe Bryant
977.0,Kobe,Bryant,Los Angeles Lakers,All-NBA,1,2012-13,,,1610612747,Award,Kia Motors,KIANT,,977,Kobe Bryant
977.0,Kobe,Bryant,Los Angeles Lakers,All-Rookie Team,2,1996-97,,,1610612747,Award,Kia Motors,KIART,,977,Kobe Bryant
977.0,Kobe,Bryant,,NBA All-Star,,1997-98,,,,Award,All-Star,,,977,Kobe Bryant
977.0,Kobe,Bryant,,NBA All-Star,,1999-00,,,,Award,All-Star,,,977,Kobe Bryant
977.0,Kobe,Bryant,,NBA All-Star,,2000-01,,,,Award,All-Star,,,977,Kobe Bryant
977.0,Kobe,Bryant,,NBA All-Star,,2001-02,,,,Award,All-Star,,,977,Kobe Bryant
977.0,Kobe,Bryant,,NBA All-Star,,2002-03,,,,Award,All-Star,,,977,Kobe Bryant
977.0,Kobe,Bryant,,NBA All-Star,,2003-04,,,,Award,All-Star,,,977,Kobe Bryant
977.0,Kobe,Bryant,,NBA All-Star,,2004-05,,,,Award,All-Star,,,977,Kobe Bryant
977.0,Kobe,Bryant,,NBA All-Star,,2005-06,,,,Award,All-Star,,,977,Kobe Bryant
977.0,Kobe,Bryant,,NBA All-Star,,2006-07,,,,Award,All-Star,,,977,Kobe Bryant
977.0,Kobe,Bryant,,NBA All-Star,,2007-08,,,,Award,All-Star,,,977,Kobe Bryant
977.0,Kobe,Bryant,,NBA All-Star,,2008-09,,,,Award,All-Star,,,977,Kobe Bryant
977.0,Kobe,Bryant,,NBA All-Star,,2009-10,,,,Award,All-Star,,,977,Kobe Bryant
977.0,Kobe,Bryant,,NBA All-Star,,2010-11,,,,Award,All-Star,,,977,Kobe Bryant
977.0,Kobe,Bryant,,NBA All-Star,,2011-12,,,,Award,All-Star,,,977,Kobe Bryant
977.0,Kobe,Bryant,,NBA All-Star,,2012-13,,,,Award,All-Star,,,977,Kobe Bryant
977.0,Kobe,Bryant,,NBA All-Star,,2013-14,,,,Award,All-Star,,,977,Kobe Bryant
977.0,Kobe,Bryant,,NBA All-Star,,2014-15,,,,Award,All-Star,,,977,Kobe Bryant
977.0,Kobe,Bryant,,NBA All-Star,,2015-16,,,,Award,All-Star,,,977,Kobe Bryant
977.0,Kobe,Bryant,Los Angeles Lakers,NBA All-Star Most Valuable Player,,2001-02,,,,Award,Kia Motors,KAMVP,,977,Kobe Bryant
977.0,Kobe,Bryant,Los Angeles Lakers,NBA All-Star Most Valuable Player,,2006-07,,,,Award,Kia Motors,KAMVP,,977,Kobe Bryant
977.0,Kobe,Bryant,Los Angeles Lakers,NBA All-Star Most Valuable Player,,2008-09,,,,Award,Kia Motors,KAMVP,,977,Kobe Bryant
977.0,Kobe,Bryant,Los Angeles Lakers,NBA All-Star Most Valuable Player,,2010-11,,,,Award,Kia Motors,KAMVP,,977,Kobe Bryant
977.0,Kobe,Bryant,Los Angeles Lakers,NBA Champion,,1999-00,,,,Award,Champion,,,977,Kobe Bryant
977.0,Kobe,Bryant,Los Angeles Lakers,NBA Champion,,2000-01,,,,Award,Champion,,,977,Kobe Bryant
977.0,Kobe,Bryant,Los Angeles Lakers,NBA Champion,,2001-02,,,,Award,Champion,,,977,Kobe Bryant
977.0,Kobe,Bryant,Los Angeles Lakers,NBA Champion,,2008-09,,,,Award,Champion,,,977,Kobe Bryant
977.0,Kobe,Bryant,Los Angeles Lakers,NBA Champion,,2009-10,,,,Award,Champion,,,977,Kobe Bryant
977.0,Kobe,Bryant,Los Angeles Lakers,NBA Finals Most Valuable Player,,2008-09,,,,Award,Kia Motors,KFMVP,,977,Kobe Bryant
977.0,Kobe,Bryant,Los Angeles Lakers,NBA Finals Most Valuable Player,,2009-10,,,,Award,Kia Motors,KFMVP,,977,Kobe Bryant
977.0,Kobe,Bryant,Los Angeles Lakers,NBA Most Valuable Player,,2007-08,,,,Award,Kia Motors,KIMVP,,977,Kobe Bryant
977.0,Kobe,Bryant,Los Angeles Lakers,NBA Player of the Month,,2000-01,12/01/2000,,,Award,Kia Motors,KIPMO,,977,Kobe Bryant
977.0,Kobe,Bryant,Los Angeles Lakers,NBA Player of the Month,,2001-02,11/01/2001,,West,Award,Kia Motors,KIPMO,,977,Kobe Bryant
977.0,Kobe,Bryant,Los Angeles Lakers,NBA Player of the Month,,2002-03,01/01/2003,,West,Award,Kia Motors,KIPMO,,977,Kobe Bryant
977.0,Kobe,Bryant,Los Angeles Lakers,NBA Player of the Month,,2003-04,03/01/2004,,West,Award,Kia Motors,KIPMO,,977,Kobe Bryant
977.0,Kobe,Bryant,Los Angeles Lakers,NBA Player of the Month,,2005-06,01/01/2006,,West,Award,Kia Motors,KIPMO,,977,Kobe Bryant
977.0,Kobe,Bryant,Los Angeles Lakers,NBA Player of the Month,,2005-06,04/01/2006,,West,Award,Kia Motors,KIPMO,,977,Kobe Bryant
977.0,Kobe,Bryant,Los Angeles Lakers,NBA Player of the Month,,2006-07,03/01/2007,,West,Award,Kia Motors,KIPMO,,977,Kobe Bryant
977.0,Kobe,Bryant,Los Angeles Lakers,NBA Player of the Month,,2006-07,04/01/2007,,West,Award,Kia Motors,KIPMO,,977,Kobe Bryant
977.0,Kobe,Bryant,Los Angeles Lakers,NBA Player of the Month,,2006-07,12/01/2006,,West,Award,Kia Motors,KIPMO,,977,Kobe Bryant
977.0,Kobe,Bryant,Los Angeles Lakers,NBA Player of the Month,,2007-08,02/01/2008,,West,Award,Kia Motors,KIPMO,,977,Kobe Bryant
977.0,Kobe,Bryant,Los Angeles Lakers,NBA Player of the Month,,2007-08,04/01/2008,,West,Award,Kia Motors,KIPMO,,977,Kobe Bryant
977.0,Kobe,Bryant,Los Angeles Lakers,NBA Player of the Month,,2008-09,01/01/2009,,West,Award,Kia Motors,KIPMO,,977,Kobe Bryant
977.0,Kobe,Bryant,Los Angeles Lakers,NBA Player of the Month,,2008-09,12/01/2008,,West,Award,Kia Motors,KIPMO,,977,Kobe Bryant
977.0,Kobe,Bryant,Los Angeles Lakers,NBA Player of the Month,,2009-10,12/01/2009,,West,Award,Kia Motors,KIPMO,,977,Kobe Bryant
977.0,Kobe,Bryant,Los Angeles Lakers,NBA Player of the Month,,2010-11,03/01/2011,,West,Award,Kia Motors,KIPMO,,977,Kobe Bryant
977.0,Kobe,Bryant,Los Angeles Lakers,NBA Player of the Month,,2011-12,01/01/2012,,West,Award,Kia Motors,KIPMO,,977,Kobe Bryant
977.0,Kobe,Bryant,Los Angeles Lakers,NBA Player of the Month,,2012-13,02/01/2013,,West,Award,Kia Motors,KIPMO,,977,Kobe Bryant
977.0,Kobe,Bryant,Los Angeles Lakers,NBA Player of the Week,,1999-00,,2000-04-17T00:00:00,,Award,Kia Motors,KIPWK,,977,Kobe Bryant
977.0,Kobe,Bryant,Los Angeles Lakers,NBA Player of the Week,,2000-01,,2000-12-24T00:00:00,,Award,Kia Motors,KIPWK,,977,Kobe Bryant
977.0,Kobe,Bryant,Los Angeles Lakers,NBA Player of the Week,,2001-02,,2001-11-04T00:00:00,West,Award,Kia Motors,KIPWK,,977,Kobe Bryant
977.0,Kobe,Bryant,Los Angeles Lakers,NBA Player of the Week,,2001-02,,2002-01-20T00:00:00,West,Award,Kia Motors,KIPWK,,977,Kobe Bryant
977.0,Kobe,Bryant,Los Angeles Lakers,NBA Player of the Week,,2002-03,,2002-11-03T00:00:00,West,Award,Kia Motors,KIPWK,,977,Kobe Bryant
977.0,Kobe,Bryant,Los Angeles Lakers,NBA Player of the Week,,2002-03,,2002-12-08T00:00:00,West,Award,Kia Motors,KIPWK,,977,Kobe Bryant
977.0,Kobe,Bryant,Los Angeles Lakers,NBA Player of the Week,,2002-03,,2003-01-12T00:00:00,West,Award,Kia Motors,KIPWK,,977,Kobe Bryant
977.0,Kobe,Bryant,Los Angeles Lakers,NBA Player of the Week,,2002-03,,2003-02-02T00:00:00,West,Award,Kia Motors,KIPWK,,977,Kobe Bryant
977.0,Kobe,Bryant,Los Angeles Lakers,NBA Player of the Week,,2002-03,,2003-02-23T00:00:00,West,Award,Kia Motors,KIPWK,,977,Kobe Bryant
977.0,Kobe,Bryant,Los Angeles Lakers,NBA Player of the Week,,2003-04,,2004-02-22T00:00:00,West,Award,Kia Motors,KIPWK,,977,Kobe Bryant
977.0,Kobe,Bryant,Los Angeles Lakers,NBA Player of the Week,,2003-04,,2004-03-29T00:00:00,West,Award,Kia Motors,KIPWK,,977,Kobe Bryant
977.0,Kobe,Bryant,Los Angeles Lakers,NBA Player of the Week,,2005-06,,2005-11-07T00:00:00,West,Award,Kia Motors,KIPWK,,977,Kobe Bryant
977.0,Kobe,Bryant,Los Angeles Lakers,NBA Player of the Week,,2005-06,,2005-12-19T00:00:00,West,Award,Kia Motors,KIPWK,,977,Kobe Bryant
977.0,Kobe,Bryant,Los Angeles Lakers,NBA Player of the Week,,2005-06,,2005-12-26T00:00:00,West,Award,Kia Motors,KIPWK,,977,Kobe Bryant
977.0,Kobe,Bryant,Los Angeles Lakers,NBA Player of the Week,,2005-06,,2006-01-22T00:00:00,West,Award,Kia Motors,KIPWK,,977,Kobe Bryant
977.0,Kobe,Bryant,Los Angeles Lakers,NBA Player of the Week,,2005-06,,2006-04-16T00:00:00,West,Award,Kia Motors,KIPWK,,977,Kobe Bryant
977.0,Kobe,Bryant,Los Angeles Lakers,NBA Player of the Week,,2006-07,,2007-03-18T00:00:00,West,Award,Kia Motors,KIPWK,,977,Kobe Bryant
977.0,Kobe,Bryant,Los Angeles Lakers,NBA Player of the Week,,2006-07,,2007-03-25T00:00:00,West,Award,Kia Motors,KIPWK,,977,Kobe Bryant
977.0,Kobe,Bryant,Los Angeles Lakers,NBA Player of the Week,,2007-08,,2008-01-13T00:00:00,West,Award,Kia Motors,KIPWK,,977,Kobe Bryant
977.0,Kobe,Bryant,Los Angeles Lakers,NBA Player of the Week,,2007-08,,2008-03-02T00:00:00,West,Award,Kia Motors,KIPWK,,977,Kobe Bryant
977.0,Kobe,Bryant,Los Angeles Lakers,NBA Player of the Week,,2007-08,,2008-04-06T00:00:00,West,Award,Kia Motors,KIPWK,,977,Kobe Bryant
977.0,Kobe,Bryant,Los Angeles Lakers,NBA Player of the Week,,2008-09,,2008-12-29T00:00:00,West,Award,Kia Motors,KIPWK,,977,Kobe Bryant
977.0,Kobe,Bryant,Los Angeles Lakers,NBA Player of the Week,,2008-09,,2009-01-12T00:00:00,West,Award,Kia Motors,KIPWK,,977,Kobe Bryant
977.0,Kobe,Bryant,Los Angeles Lakers,NBA Player of the Week,,2008-09,,2009-03-16T00:00:00,West,Award,Kia Motors,KIPWK,,977,Kobe Bryant
977.0,Kobe,Bryant,Los Angeles Lakers,NBA Player of the Week,,2009-10,,2009-11-23T00:00:00,West,Award,Kia Motors,KIPWK,,977,Kobe Bryant
977.0,Kobe,Bryant,Los Angeles Lakers,NBA Player of the Week,,2009-10,,2009-12-21T00:00:00,West,Award,Kia Motors,KIPWK,,977,Kobe Bryant
977.0,Kobe,Bryant,Los Angeles Lakers,NBA Player of the Week,,2009-10,,2009-12-28T00:00:00,West,Award,Kia Motors,KIPWK,,977,Kobe Bryant
977.0,Kobe,Bryant,Los Angeles Lakers,NBA Player of the Week,,2011-12,,2012-01-02T00:00:00,West,Award,Kia Motors,KIPWK,,977,Kobe Bryant
977.0,Kobe,Bryant,Los Angeles Lakers,NBA Player of the Week,,2011-12,,2012-01-09T00:00:00,West,Award,Kia Motors,KIPWK,,977,Kobe Bryant
977.0,Kobe,Bryant,Los Angeles Lakers,NBA Player of the Week,,2012-13,,2013-02-19T00:00:00,West,Award,Kia Motors,KIPWK,,977,Kobe Bryant
977.0,Kobe,Bryant,Los Angeles Lakers,NBA Player of the Week,,2012-13,,2013-03-04T00:00:00,West,Award,Kia Motors,KIPWK,,977,Kobe Bryant
977.0,Kobe,Bryant,Los Angeles Lakers,NBA Player of the Week,,2012-13,,2013-04-08T00:00:00,,Award,Kia Motors,KIPWK,,977,Kobe Bryant
977.0,Kobe,Bryant,USA,Olympic Gold Medal,,2008,,,,Award,Olympic,Gold,,977,Kobe Bryant
977.0,Kobe,Bryant,USA,Olympic Gold Medal,,2012,,,,Award,Olympic,Gold,,977,Kobe Bryant
1628418.0,Thomas,Bryant,Denver Nuggets,NBA Champion,,2022-23,,,,Award,Champion,,,1628418,Thomas Bryant
76296.0,Quinn,Buckner,Milwaukee Bucks,All-Defensive Team,2,1977-78,,,1610612749,Award,Kia Motors,KIADT,,76296,Quinn Buckner
76296.0,Quinn,Buckner,Milwaukee Bucks,All-Defensive Team,2,1979-80,,,1610612749,Award,Kia Motors,KIADT,,76296,Quinn Buckner
76296.0,Quinn,Buckner,Milwaukee Bucks,All-Defensive Team,2,1980-81,,,1610612749,Award,Kia Motors,KIADT,,76296,Quinn Buckner
76296.0,Quinn,Buckner,Milwaukee Bucks,All-Defensive Team,2,1981-82,,,1610612749,Award,Kia Motors,KIADT,,76296,Quinn Buckner
76296.0,Quinn,Buckner,Boston Celtics,NBA Champion,,1983-84,,,,Award,Champion,,,76296,Quinn Buckner
76296.0,Quinn,Buckner,USA,Olympic Gold Medal,,1976,,,,Award,Olympic,Gold,,76296,Quinn Buckner
146.0,Jud,Buechler,Chicago Bulls,NBA Champion,,1995-96,,,,Award,Champion,,,146,Jud Buechler
146.0,Jud,Buechler,Chicago Bulls,NBA Champion,,1996-97,,,,Award,Champion,,,146,Jud Buechler
146.0,Jud,Buechler,Chicago Bulls,NBA Champion,,1997-98,,,,Award,Champion,,,146,Jud Buechler
672.0,Matt,Bullard,Houston Rockets,NBA Champion,,1993-94,,,,Award,Champion,,,672,Matt Bullard
203504.0,Trey,Burke,Utah Jazz,All-Rookie Team,1,2013-14,,,1610612762,Award,Kia Motors,KIART,,203504,Trey Burke
203504.0,Trey,Burke,Utah Jazz,NBA Rookie of the Month,,2013-14,1/1/2014,,West,Award,Kia Motors,KIRMO,,203504,Trey Burke
203504.0,Trey,Burke,Utah Jazz,NBA Rookie of the Month,,2013-14,12/1/2013,,West,Award,Kia Motors,KIRMO,,203504,Trey Burke
203504.0,Trey,Burke,Utah Jazz,NBA Rookie of the Month,,2013-14,4/1/2014,,West,Award,Kia Motors,KIRMO,,203504,Trey Burke
76305.0,Tom,Burleson,Seattle SuperSonics,All-Rookie Team,1,1974-75,,,1610612760,Award,Kia Motors,KIART,,76305,Tom Burleson
76305.0,Tommy,Burleson,USA,Olympic Silver Medal,,1972,,,,Award,Olympic,Silver,,76305,Tom Burleson
197.0,Scott,Burrell,Chicago Bulls,NBA Champion,,1997-98,,,,Award,Champion,,,197,Scott Burrell
416.0,Willie,Burton,Miami Heat,All-Rookie Team,2,1990-91,,,1610612748,Award,Kia Motors,KIART,,416,Willie Burton
76317.0,Don,Buse,Indiana Pacers,All-Defensive Team,1,1976-77,,,1610612754,Award,Kia Motors,KIADT,,76317,Don Buse
76317.0,Don,Buse,Phoenix Suns,All-Defensive Team,1,1977-78,,,1610612756,Award,Kia Motors,KIADT,,76317,Don Buse
76317.0,Don,Buse,Phoenix Suns,All-Defensive Team,1,1978-79,,,1610612756,Award,Kia Motors,KIADT,,76317,Don Buse
76317.0,Don,Buse,Phoenix Suns,All-Defensive Team,1,1979-80,,,1610612756,Award,Kia Motors,KIADT,,76317,Don Buse
76317.0,Don,Buse,,NBA All-Star,,1976-77,,,,Award,All-Star,,,76317,Don Buse
2406.0,Caron,Butler,Miami Heat,All-Rookie Team,1,2002-03,,,1610612748,Award,Kia Motors,KIART,,2406,Caron Butler
2406.0,Caron,Butler,,NBA All-Star,,2006-07,,,,Award,All-Star,,,2406,Caron Butler
2406.0,Caron,Butler,,NBA All-Star,,2007-08,,,,Award,All-Star,,,2406,Caron Butler
2406.0,Caron,Butler,Washington Wizards,NBA Player of the Week,,2006-07,,2007-01-21T00:00:00,East,Award,Kia Motors,KIPWK,,2406,Caron Butler
2406.0,Caron,Butler,Miami Heat,NBA Rookie of the Month,,2002-03,01/01/2003,,East,Award,Kia Motors,KIRMO,,2406,Caron Butler
2406.0,Caron,Butler,Miami Heat,NBA Rookie of the Month,,2002-03,02/01/2003,,East,Award,Kia Motors,KIRMO,,2406,Caron Butler
2406.0,Caron,Butler,Miami Heat,NBA Rookie of the Month,,2002-03,03/01/2003,,East,Award,Kia Motors,KIRMO,,2406,Caron Butler
2406.0,Caron,Butler,Miami Heat,NBA Rookie of the Month,,2002-03,11/01/2002,,East,Award,Kia Motors,KIRMO,,2406,Caron Butler
202710.0,Jimmy,Butler,Chicago Bulls,All-Defensive Team,2,2013-14,,,1610612741,Award,Kia Motors,KIADT,,202710,Jimmy Butler III
202710.0,Jimmy,Butler,Chicago Bulls,All-Defensive Team,2,2014-15,,,1610612741,Award,Kia Motors,KIADT,,202710,Jimmy Butler III
202710.0,Jimmy,Butler,Chicago Bulls,All-Defensive Team,2,2015-16,,,East,Award,Kia Motors,KIADT,,202710,Jimmy Butler III
202710.0,Jimmy,Butler,Minnesota Timberwolves,All-Defensive Team,2,2017-18,,,West,Award,Kia Motors,KIADT,,202710,Jimmy Butler III
202710.0,Jimmy,Butler,Miami Heat,All-Defensive Team,2,2020-21,,,East,Award,Kia Motors,KIADT,,202710,Jimmy Butler III
202710.0,Jimmy,Butler,Chicago Bulls,All-NBA,3,2016-17,,,East,Award,Kia Motors,KIANT,,202710,Jimmy Butler III
202710.0,Jimmy,Butler,Minnesota Timberwolves,All-NBA,3,2017-18,,,West,Award,Kia Motors,KIANT,,202710,Jimmy Butler III
202710.0,Jimmy,Butler,Miami Heat,All-NBA,3,2019-20,,,East,Award,Kia Motors,KIANT,,202710,Jimmy Butler III
202710.0,Jimmy,Butler,Miami Heat,All-NBA,3,2020-21,,,East,Award,Kia Motors,KIANT,,202710,Jimmy Butler III
202710.0,Jimmy,Butler,Miami Heat,All-NBA,2,2022-23,,,East,Award,Kia Motors,KIANT,,202710,Jimmy Butler III
202710.0,Jimmy,Butler,,NBA All-Star,,2014-15,,,,Award,All-Star,,,202710,Jimmy Butler III
202710.0,Jimmy,Butler,,NBA All-Star,,2015-16,,,,Award,All-Star,,,202710,Jimmy Butler III
202710.0,Jimmy,Butler,,NBA All-Star,,2016-17,,,,Award,All-Star,,,202710,Jimmy Butler III
202710.0,Jimmy,Butler,,NBA All-Star,,2017-18,,,,Award,All-Star,,,202710,Jimmy Butler III
202710.0,Jimmy,Butler,,NBA All-Star,,2019-20,,,,Award,All-Star,,,202710,Jimmy Butler III
202710.0,Jimmy,Butler,,NBA All-Star,,2021-22,,,,Award,All-Star,,,202710,Jimmy Butler III
202710.0,Jimmy,Butler,Chicago Bulls,NBA Most Improved Player,,2014-15,,,,Award,Kia Motors,KIMIP,,202710,Jimmy Butler III
202710.0,Jimmy,Butler,Chicago Bulls,NBA Player of the Month,,2014-15,11/1/2014,,East,Award,Kia Motors,KIPMO,,202710,Jimmy Butler III
202710.0,Jimmy,Butler,Chicago Bulls,NBA Player of the Week,,2014-15,,2014-12-22T00:00:00,East,Award,Kia Motors,KIPWK,,202710,Jimmy Butler III
202710.0,Jimmy,Butler,Chicago Bulls,NBA Player of the Week,,2016-17,,2016-11-21T00:00:00,East,Award,Kia Motors,KIPWK,,202710,Jimmy Butler III
202710.0,Jimmy,Butler,Chicago Bulls,NBA Player of the Week,,2016-17,,2017-01-09T00:00:00,East,Award,Kia Motors,KIPWK,,202710,Jimmy Butler III
202710.0,Jimmy,Butler,Chicago Bulls,NBA Player of the Week,,2016-17,,2017-04-03T00:00:00,East,Award,Kia Motors,KIPWK,,202710,Jimmy Butler III
202710.0,Jimmy,Butler,Miami Heat,NBA Player of the Week,,2019-20,,2019-12-02T00:00:00,East,Award,Kia Motors,KIPWK,,202710,Jimmy Butler III
202710.0,Jimmy,Butler,Miami Heat,NBA Player of the Week,,2021-22,,2021-10-25T00:00:00,East,Award,Kia Motors,KIPWK,,202710,Jimmy Butler III
202710.0,Jimmy,Butler,USA,Olympic Gold Medal,,2016,,,,Award,Olympic,Gold,,202710,Jimmy Butler III
1641824.0,Matas,Buzelis,Chicago Bulls,All-Rookie Team,2,2024-25,,,West,Award,Kia Motors,KIART,,1641824,Matas Buzelis
101115.0,Andrew,Bynum,Los Angeles Lakers,All-NBA,2,2011-12,,,1610612747,Award,Kia Motors,KIANT,,101115,Andrew Bynum
101115.0,Andrew,Bynum,,NBA All-Star,,2011-12,,,,Award,All-Star,,,101115,Andrew Bynum
101115.0,Andrew,Bynum,Los Angeles Lakers,NBA Champion,,2008-09,,,,Award,Champion,,,101115,Andrew Bynum
101115.0,Andrew,Bynum,Los Angeles Lakers,NBA Champion,,2009-10,,,,Award,Champion,,,101115,Andrew Bynum
101115.0,Andrew,Bynum,Los Angeles Lakers,NBA Player of the Week,,2008-09,,2009-01-26T00:00:00,West,Award,Kia Motors,KIPWK,,101115,Andrew Bynum
101115.0,Andrew,Bynum,Los Angeles Lakers,NBA Player of the Week,,2011-12,,2012-03-12T00:00:00,West,Award,Kia Motors,KIPWK,,101115,Andrew Bynum
101115.0,Andrew,Bynum,Los Angeles Lakers,NBA Player of the Week,,2011-12,,2012-04-09T00:00:00,West,Award,Kia Motors,KIPWK,,101115,Andrew Bynum
76321.0,Marty,Byrnes,Los Angeles Lakers,NBA Champion,,1979-80,,,,Award,Champion,,,76321,Marty Byrnes
679.0,Jason,Caffey,Chicago Bulls,NBA Champion,,1996-97,,,,Award,Champion,,,679,Jason Caffey
201979.0,Nick,Calathes,Memphis Grizzlies,NBA Rookie of the Month,,2013-14,2/1/2014,,West,Award,Kia Motors,KIRMO,,201979,Nick Calathes
101181.0, José Manuel,Calderón,,Olympic Bronze Medal,,2016,,,,Award,Olympic,Bronze,,101181,Jose Calderon
101181.0,Jose,Calderon,Spain,Olympic Appearance,,2004,,,,Award,Olympic,Appearance,,101181,Jose Calderon
101181.0,Jose,Calderon,Spain,Olympic Silver Medal,,2008,,,,Award,Olympic,Silver,,101181,Jose Calderon
101181.0,Jose,Calderon,Spain,Olympic Silver Medal,,2012,,,,Award,Olympic,Silver,,101181,Jose Calderon
76329.0,Joe,Caldwell,Atlanta Hawks,All-Defensive Team,2,1969-70,,,1610612737,Award,Kia Motors,KIADT,,76329,Joe Caldwell
76329.0,Joe,Caldwell,Detroit Pistons,All-Rookie Team,1,1964-65,,,1610612765,Award,Kia Motors,KIART,,76329,Joe Caldwell
76329.0,Joe,Caldwell,,NBA All-Star,,1968-69,,,,Award,All-Star,,,76329,Joe Caldwell
76329.0,Joe,Caldwell,,NBA All-Star,,1969-70,,,,Award,All-Star,,,76329,Joe Caldwell
76329.0,Joe,Caldwell,USA,Olympic Gold Medal,,1964,,,,Award,Olympic,Gold,,76329,Joe Caldwell
203484.0,Kentavious,Caldwell-Pope,Los Angeles Lakers,NBA Champion,,2019-20,,,,Award,Champion,,,203484,Kentavious Caldwell-Pope
203484.0,Kentavious,Caldwell-Pope,Denver Nuggets,NBA Champion,,2022-23,,,,Award,Champion,,,203484,Kentavious Caldwell-Pope
76331.0,Bill,Calhoun,Rochester Royals,NBA Champion,,1950-51,,,,Award,Champion,,,76331,Bill Calhoun
76330.0,Corky,Calhoun,Portland Trail Blazers,NBA Champion,,1976-77,,,,Award,Champion,,,76330,Corky Calhoun
76335.0,Ernie,Calverley,Providence Steamrollers,All-NBA,2,1946-47,,,1610610032,Award,Kia Motors,KIANT,,76335,Ernie Calverley
1641739.0,Toumani,Camara,Portland Trail Blazers,All-Defensive Team,2,2024-25,,,West,Award,Kia Motors,KIADT,,1641739,Toumani Camara
1641739.0,Toumani,Camara,Portland Trail Blazers,NBA Defensive Player of the Month,,2024-25,2/1/2025,,West,Award,Kia Motors,KIRMO,,1641739,Toumani Camara
948.0,Marcus,Camby,Denver Nuggets,All-Defensive Team,2,2004-05,,,1610612743,Award,Kia Motors,KIADT,,948,Marcus Camby
948.0,Marcus,Camby,Denver Nuggets,All-Defensive Team,2,2005-06,,,1610612743,Award,Kia Motors,KIADT,,948,Marcus Camby
948.0,Marcus,Camby,Denver Nuggets,All-Defensive Team,1,2006-07,,,1610612743,Award,Kia Motors,KIADT,,948,Marcus Camby
948.0,Marcus,Camby,Denver Nuggets,All-Defensive Team,1,2007-08,,,1610612743,Award,Kia Motors,KIADT,,948,Marcus Camby
948.0,Marcus,Camby,Toronto Raptors,All-Rookie Team,1,1996-97,,,1610612761,Award,Kia Motors,KIART,,948,Marcus Camby
948.0,Marcus,Camby,Denver Nuggets,NBA Defensive Player of the Year,,2006-07,,,,Award,Kia Motors,KDPYR,,948,Marcus Camby
948.0,Marcus,Camby,Denver Nuggets,NBA Player of the Week,,2004-05,,2005-03-06T00:00:00,West,Award,Kia Motors,KIPWK,,948,Marcus Camby
948.0,Marcus,Camby,Denver Nuggets,NBA Player of the Week,,2005-06,,2005-11-14T00:00:00,West,Award,Kia Motors,KIPWK,,948,Marcus Camby
948.0,Marcus,Camby,Toronto Raptors,NBA Rookie of the Month,,1996-97,03/01/1997,,,Award,Kia Motors,KIRMO,,948,Marcus Camby
922.0,Elden,Campbell,Detroit Pistons,NBA Champion,,2003-04,,,,Award,Champion,,,922,Elden Campbell
76338.0,Tony,Campbell,Los Angeles Lakers,NBA Champion,,1987-88,,,,Award,Champion,,,76338,Tony Campbell
2073.0,Brian,Cardinal,Dallas Mavericks,NBA Champion,,2010-11,,,,Award,Champion,,,2073,Brian Cardinal
76342.0,Rick,Carlisle,Boston Celtics,NBA Champion,,1985-86,,,,Award,Champion,,,76342,Rick Carlisle
1642382.0,Branden,Carlson,Oklahoma City Thunder,NBA Champion,,2024-25,,,,Award,Champion,,,1642382,Branden Carlson
76344.0,Don,Carlson,Minneapolis Lakers,NBA Champion,,1948-49,,,,Award,Champion,,,76344,Don Carlson
76344.0,Don,Carlson,Minneapolis Lakers,NBA Champion,,1949-50,,,,Award,Champion,,,76344,Don Carlson
76348.0,Austin,Carr,Cleveland Cavaliers,All-Rookie Team,1,1971-72,,,1610612739,Award,Kia Motors,KIART,,76348,Austin Carr
76348.0,Austin,Carr,Cleveland Cavaliers,J. Walter Kennedy Citizenship,,1979-80,,,,Award,Kia Motors,KIWKC,,76348,Austin Carr
76348.0,Austin,Carr,,NBA All-Star,,1973-74,,,,Award,All-Star,,,76348,Austin Carr
76350.0,Kenny,Carr,Cleveland Cavaliers,NBA Player of the Week,,1980-81,,1981-02-01T00:00:00,,Award,Kia Motors,KIPWK,,76350,Kenny Carr
76350.0,Kenny,Carr,USA,Olympic Gold Medal,,1976,,,,Award,Olympic,Gold,,76350,Kenny Carr
76351.0,M.L.,Carr,Boston Celtics,NBA Champion,,1980-81,,,,Award,Champion,,,76351,M.L. Carr
76351.0,M.L.,Carr,Boston Celtics,NBA Champion,,1983-84,,,,Award,Champion,,,76351,M.L. Carr
76351.0,ML,Carr,Detroit Pistons,All-Defensive Team,2,1978-79,,,1610612765,Award,Kia Motors,KIADT,,76351,M.L. Carr
1642267.0,Bub,Carrington,Washington Wizards,All-Rookie Team,2,2024-25,,,West,Award,Kia Motors,KIART,,1642267,Bub Carrington
201960.0,DeMarre,Carroll,Atlanta Hawks,NBA Player of the Month,,2014-15,1/1/2015,,East,Award,Kia Motors,KIPMO,,201960,DeMarre Carroll
76353.0,Joe,Carroll,Golden State Warriors,NBA Player of the Week,,1982-83,,1983-01-23T00:00:00,,Award,Kia Motors,KIPWK,,76353,Joe Barry Carroll
76353.0,Joe Barry,Carroll,Golden State Warriors,All-Rookie Team,1,1980-81,,,1610612744,Award,Kia Motors,KIART,,76353,Joe Barry Carroll
76353.0,Joe Barry,Carroll,,NBA All-Star,,1986-87,,,,Award,All-Star,,,76353,Joe Barry Carroll
1713.0,Vince,Carter,Toronto Raptors,All-NBA,3,1999-00,,,1610612761,Award,Kia Motors,KIANT,,1713,Vince Carter
1713.0,Vince,Carter,Toronto Raptors,All-NBA,2,2000-01,,,1610612761,Award,Kia Motors,KIANT,,1713,Vince Carter
1713.0,Vince,Carter,Toronto Raptors,All-Rookie Team,1,1998-99,,,1610612761,Award,Kia Motors,KIART,,1713,Vince Carter
1713.0,Vince,Carter,,NBA All-Star,,1999-00,,,,Award,All-Star,,,1713,Vince Carter
1713.0,Vince,Carter,,NBA All-Star,,2000-01,,,,Award,All-Star,,,1713,Vince Carter
1713.0,Vince,Carter,,NBA All-Star,,2001-02,,,,Award,All-Star,,,1713,Vince Carter
1713.0,Vince,Carter,,NBA All-Star,,2002-03,,,,Award,All-Star,,,1713,Vince Carter
1713.0,Vince,Carter,,NBA All-Star,,2003-04,,,,Award,All-Star,,,1713,Vince Carter
1713.0,Vince,Carter,,NBA All-Star,,2004-05,,,,Award,All-Star,,,1713,Vince Carter
1713.0,Vince,Carter,,NBA All-Star,,2005-06,,,,Award,All-Star,,,1713,Vince Carter
1713.0,Vince,Carter,,NBA All-Star,,2006-07,,,,Award,All-Star,,,1713,Vince Carter
1713.0,Vince,Carter,New Jersey Nets,NBA Player of the Month,,2004-05,02/01/2005,,East,Award,Kia Motors,KIPMO,,1713,Vince Carter
1713.0,Vince,Carter,New Jersey Nets,NBA Player of the Month,,2005-06,12/01/2005,,East,Award,Kia Motors,KIPMO,,1713,Vince Carter
1713.0,Vince,Carter,New Jersey Nets,NBA Player of the Month,,2006-07,04/01/2007,,East,Award,Kia Motors,KIPMO,,1713,Vince Carter
1713.0,Vince,Carter,Toronto Raptors,NBA Player of the Week,,1998-99,,1999-03-21T00:00:00,East,Award,Kia Motors,KIPWK,,1713,Vince Carter
1713.0,Vince,Carter,Toronto Raptors,NBA Player of the Week,,1999-00,,1999-11-21T00:00:00,East,Award,Kia Motors,KIPWK,,1713,Vince Carter
1713.0,Vince,Carter,Toronto Raptors,NBA Player of the Week,,1999-00,,2000-02-28T00:00:00,East,Award,Kia Motors,KIPWK,,1713,Vince Carter
1713.0,Vince,Carter,Toronto Raptors,NBA Player of the Week,,2000-01,,2001-03-04T00:00:00,,Award,Kia Motors,KIPWK,,1713,Vince Carter
1713.0,Vince,Carter,Toronto Raptors,NBA Player of the Week,,2001-02,,2001-11-11T00:00:00,East,Award,Kia Motors,KIPWK,,1713,Vince Carter
1713.0,Vince,Carter,Toronto Raptors,NBA Player of the Week,,2003-04,,2003-12-07T00:00:00,East,Award,Kia Motors,KIPWK,,1713,Vince Carter
1713.0,Vince,Carter,Toronto Raptors,NBA Player of the Week,,2003-04,,2004-03-21T00:00:00,East,Award,Kia Motors,KIPWK,,1713,Vince Carter
1713.0,Vince,Carter,New Jersey Nets,NBA Player of the Week,,2004-05,,2005-01-30T00:00:00,East,Award,Kia Motors,KIPWK,,1713,Vince Carter
1713.0,Vince,Carter,New Jersey Nets,NBA Player of the Week,,2004-05,,2005-04-10T00:00:00,East,Award,Kia Motors,KIPWK,,1713,Vince Carter
1713.0,Vince,Carter,New Jersey Nets,NBA Player of the Week,,2005-06,,2005-12-26T00:00:00,East,Award,Kia Motors,KIPWK,,1713,Vince Carter
1713.0,Vince,Carter,New Jersey Nets,NBA Player of the Week,,2006-07,,2007-02-25T00:00:00,East,Award,Kia Motors,KIPWK,,1713,Vince Carter
1713.0,Vince,Carter,Toronto Raptors,NBA Rookie of the Month,,1998-99,03/01/1999,,,Award,Kia Motors,KIRMO,,1713,Vince Carter
1713.0,Vince,Carter,Toronto Raptors,NBA Rookie of the Month,,1998-99,04/01/1999,,,Award,Kia Motors,KIRMO,,1713,Vince Carter
1713.0,Vince,Carter,Toronto Raptors,NBA Rookie of the Year,,1998-99,,,,Award,Kia Motors,KIROY,,1713,Vince Carter
1713.0,Vince,Carter,Toronto Raptors,NBA Sporting News Rookie of the Year,,1998-99,,,,Award,Sporting News,SNROY,,1713,Vince Carter
1713.0,Vince,Carter,USA,Olympic Gold Medal,,2000,,,,Award,Olympic,Gold,,1713,Vince Carter
203487.0,Michael,Carter-Williams,Philadelphia 76ers,All-Rookie Team,1,2013-14,,,1610612755,Award,Kia Motors,KIART,,203487,Michael Carter-Williams
203487.0,Michael,Carter-Williams,Philadelphia 76ers,NBA Player of the Week,,2013-14,,2013-11-04T00:00:00,East,Award,Kia Motors,KIPWK,,203487,Michael Carter-Williams
203487.0,Michael,Carter-Williams,Philadelphia 76ers,NBA Rookie of the Month,,2013-14,1/1/2014,,East,Award,Kia Motors,KIRMO,,203487,Michael Carter-Williams
203487.0,Michael,Carter-Williams,Philadelphia 76ers,NBA Rookie of the Month,,2013-14,11/1/2013,,East,Award,Kia Motors,KIRMO,,203487,Michael Carter-Williams
203487.0,Michael,Carter-Williams,Philadelphia 76ers,NBA Rookie of the Month,,2013-14,3/1/2014,,East,Award,Kia Motors,KIRMO,,203487,Michael Carter-Williams
203487.0,Michael,Carter-Williams,Philadelphia 76ers,NBA Rookie of the Month,,2013-14,4/1/2014,,East,Award,Kia Motors,KIRMO,,203487,Michael Carter-Williams
203487.0,Michael,Carter-Williams,Philadelphia 76ers,NBA Rookie of the Year,,2013-14,,,,Award,Kia Motors,KIROY,,203487,Michael Carter-Williams
76362.0,Bill,Cartwright,New York Knicks,All-Rookie Team,1,1979-80,,,1610612752,Award,Kia Motors,KIART,,76362,Bill Cartwright
76362.0,Bill,Cartwright,,NBA All-Star,,1979-80,,,,Award,All-Star,,,76362,Bill Cartwright
76362.0,Bill,Cartwright,Chicago Bulls,NBA Champion,,1990-91,,,,Award,Champion,,,76362,Bill Cartwright
76362.0,Bill,Cartwright,Chicago Bulls,NBA Champion,,1991-92,,,,Award,Champion,,,76362,Bill Cartwright
76362.0,Bill,Cartwright,Chicago Bulls,NBA Champion,,1992-93,,,,Award,Champion,,,76362,Bill Cartwright
1627936.0,Alex,Caruso,Chicago Bulls,All-Defensive Team,1,2022-23,,,East,Award,Kia Motors,KIADT,,1627936,Alex Caruso
1627936.0,Alex,Caruso,Chicago Bulls,All-Defensive Team,2,2023-24,,,East,Award,Kia Motors,KIADT,,1627936,Alex Caruso
1627936.0,Alex,Caruso,Los Angeles Lakers,NBA Champion,,2019-20,,,,Award,Champion,,,1627936,Alex Caruso
1627936.0,Alex,Caruso,Oklahoma City Thunder,NBA Champion,,2024-25,,,,Award,Champion,,,1627936,Alex Caruso
208.0,Sam,Cassell,Minnesota Timberwolves,All-NBA,2,2003-04,,,1610612750,Award,Kia Motors,KIANT,,208,Sam Cassell
208.0,Sam,Cassell,,NBA All-Star,,2003-04,,,,Award,All-Star,,,208,Sam Cassell
208.0,Sam,Cassell,Houston Rockets,NBA Champion,,1993-94,,,,Award,Champion,,,208,Sam Cassell
208.0,Sam,Cassell,Houston Rockets,NBA Champion,,1994-95,,,,Award,Champion,,,208,Sam Cassell
208.0,Sam,Cassell,Boston Celtics,NBA Champion,,2007-08,,,,Award,Champion,,,208,Sam Cassell
208.0,Sam,Cassell,New Jersey Nets,NBA Player of the Week,,1997-98,,1998-04-12T00:00:00,,Award,Kia Motors,KIPWK,,208,Sam Cassell
208.0,Sam,Cassell,Milwaukee Bucks,NBA Player of the Week,,1999-00,,1999-11-07T00:00:00,,Award,Kia Motors,KIPWK,,208,Sam Cassell
208.0,Sam,Cassell,Minnesota Timberwolves,NBA Player of the Week,,2003-04,,2003-12-28T00:00:00,West,Award,Kia Motors,KIPWK,,208,Sam Cassell
1642264.0,Stephon,Castle,San Antonio Spurs,All-Rookie Team,1,2024-25,,,West,Award,Kia Motors,KIART,,1642264,Stephon Castle
1642264.0,Stephon,Castle,San Antonio Spurs,NBA Rookie of the Month,,2024-25,1/1/2025,,West,Award,Kia Motors,KIRMO,,1642264,Stephon Castle
1642264.0,Stephon,Castle,San Antonio Spurs,NBA Rookie of the Month,,2024-25,3/1/2025,,West,Award,Kia Motors,KIRMO,,1642264,Stephon Castle
1642264.0,Stephon,Castle,San Antonio Spurs,NBA Rookie of the Year,,2024-25,,,West,Award,Kia Motors,KIROY,,1642264,Stephon Castle
1626161.0,Willie,Cauley-Stein,Sacramento Kings,All-Rookie Team,2,2015-16,,,West,Award,Kia Motors,KIART,,1626161,Willie Cauley-Stein
76.0,Cedric,Ceballos,,NBA All-Star,,1994-95,,,,Award,All-Star,,,76,Cedric Ceballos
76.0,Cedric,Ceballos,Los Angeles Lakers,NBA Player of the Month,,1994-95,12/01/1994,,,Award,Kia Motors,KIPMO,,76,Cedric Ceballos
76.0,Cedric,Ceballos,Los Angeles Lakers,NBA Player of the Week,,1994-95,,1994-12-25T00:00:00,,Award,Kia Motors,KIPWK,,76,Cedric Ceballos
76.0,Cedric,Ceballos,Los Angeles Lakers,NBA Player of the Week,,1995-96,,1995-11-19T00:00:00,,Award,Kia Motors,KIPWK,,76,Cedric Ceballos
76373.0,Al,Cervi,Syracuse Nationals,All-NBA,2,1949-50,,,1610612755,Award,Kia Motors,KIANT,,76373,Al Cervi
76373.0,Al,Cervi,,Hall of Fame Inductee,,1985,,,,Award,Hall of Fame,,,76373,Al Cervi
201596.0,Mario,Chalmers,Miami Heat,All-Rookie Team,2,2008-09,,,1610612748,Award,Kia Motors,KIART,,201596,Mario Chalmers
201596.0,Mario,Chalmers,Miami Heat,NBA Champion,,2011-12,,,,Award,Champion,,,201596,Mario Chalmers
201596.0,Mario,Chalmers,Miami Heat,NBA Champion,,2012-13,,,,Award,Champion,,,201596,Mario Chalmers
76375.0,Wilt,Chamberlain,Los Angeles Lakers,All-Defensive Team,1,1971-72,,,1610612747,Award,Kia Motors,KIADT,,76375,Wilt Chamberlain
76375.0,Wilt,Chamberlain,Los Angeles Lakers,All-Defensive Team,1,1972-73,,,1610612747,Award,Kia Motors,KIADT,,76375,Wilt Chamberlain
76375.0,Wilt,Chamberlain,Philadelphia Warriors,All-NBA,1,1959-60,,,1610612744,Award,Kia Motors,KIANT,,76375,Wilt Chamberlain
76375.0,Wilt,Chamberlain,Philadelphia Warriors,All-NBA,1,1960-61,,,1610612744,Award,Kia Motors,KIANT,,76375,Wilt Chamberlain
76375.0,Wilt,Chamberlain,Philadelphia Warriors,All-NBA,1,1961-62,,,1610612744,Award,Kia Motors,KIANT,,76375,Wilt Chamberlain
76375.0,Wilt,Chamberlain,San Francisco Warriors,All-NBA,2,1962-63,,,1610612744,Award,Kia Motors,KIANT,,76375,Wilt Chamberlain
76375.0,Wilt,Chamberlain,San Francisco Warriors,All-NBA,1,1963-64,,,1610612744,Award,Kia Motors,KIANT,,76375,Wilt Chamberlain
76375.0,Wilt,Chamberlain,San Francisco Warriors / Philadelphia 76ers,All-NBA,2,1964-65,,,1610612744,Award,Kia Motors,KIANT,,76375,Wilt Chamberlain
76375.0,Wilt,Chamberlain,Philadelphia 76ers,All-NBA,1,1965-66,,,1610612755,Award,Kia Motors,KIANT,,76375,Wilt Chamberlain
76375.0,Wilt,Chamberlain,Philadelphia 76ers,All-NBA,1,1966-67,,,1610612755,Award,Kia Motors,KIANT,,76375,Wilt Chamberlain
76375.0,Wilt,Chamberlain,Philadelphia 76ers,All-NBA,1,1967-68,,,1610612755,Award,Kia Motors,KIANT,,76375,Wilt Chamberlain
76375.0,Wilt,Chamberlain,Los Angeles Lakers,All-NBA,2,1971-72,,,1610612747,Award,Kia Motors,KIANT,,76375,Wilt Chamberlain
76375.0,Wilt,Chamberlain,,Hall of Fame Inductee,,1979,,,,Award,Hall of Fame,,,76375,Wilt Chamberlain
76375.0,Wilt,Chamberlain,,NBA All-Star,,1959-60,,,,Award,All-Star,,,76375,Wilt Chamberlain
76375.0,Wilt,Chamberlain,,NBA All-Star,,1960-61,,,,Award,All-Star,,,76375,Wilt Chamberlain
76375.0,Wilt,Chamberlain,,NBA All-Star,,1961-62,,,,Award,All-Star,,,76375,Wilt Chamberlain
76375.0,Wilt,Chamberlain,,NBA All-Star,,1962-63,,,,Award,All-Star,,,76375,Wilt Chamberlain
76375.0,Wilt,Chamberlain,,NBA All-Star,,1963-64,,,,Award,All-Star,,,76375,Wilt Chamberlain
76375.0,Wilt,Chamberlain,,NBA All-Star,,1964-65,,,,Award,All-Star,,,76375,Wilt Chamberlain
76375.0,Wilt,Chamberlain,,NBA All-Star,,1965-66,,,,Award,All-Star,,,76375,Wilt Chamberlain
76375.0,Wilt,Chamberlain,,NBA All-Star,,1966-67,,,,Award,All-Star,,,76375,Wilt Chamberlain
76375.0,Wilt,Chamberlain,,NBA All-Star,,1967-68,,,,Award,All-Star,,,76375,Wilt Chamberlain
76375.0,Wilt,Chamberlain,,NBA All-Star,,1968-69,,,,Award,All-Star,,,76375,Wilt Chamberlain
76375.0,Wilt,Chamberlain,,NBA All-Star,,1970-71,,,,Award,All-Star,,,76375,Wilt Chamberlain
76375.0,Wilt,Chamberlain,,NBA All-Star,,1971-72,,,,Award,All-Star,,,76375,Wilt Chamberlain
76375.0,Wilt,Chamberlain,,NBA All-Star,,1972-73,,,,Award,All-Star,,,76375,Wilt Chamberlain
76375.0,Wilt,Chamberlain,Philadelphia Warriors,NBA All-Star Most Valuable Player,,1959-60,,,,Award,Kia Motors,KAMVP,,76375,Wilt Chamberlain
76375.0,Wilt,Chamberlain,Philadelphia 76ers,NBA Champion,,1966-67,,,,Award,Champion,,,76375,Wilt Chamberlain
76375.0,Wilt,Chamberlain,Los Angeles Lakers,NBA Champion,,1971-72,,,,Award,Champion,,,76375,Wilt Chamberlain
76375.0,Wilt,Chamberlain,Los Angeles Lakers,NBA Finals Most Valuable Player,,1971-72,,,,Award,Kia Motors,KFMVP,,76375,Wilt Chamberlain
76375.0,Wilt,Chamberlain,Philadelphia Warriors,NBA Most Valuable Player,,1959-60,,,,Award,Kia Motors,KIMVP,,76375,Wilt Chamberlain
76375.0,Wilt,Chamberlain,Philadelphia 76ers,NBA Most Valuable Player,,1965-66,,,,Award,Kia Motors,KIMVP,,76375,Wilt Chamberlain
76375.0,Wilt,Chamberlain,Philadelphia 76ers,NBA Most Valuable Player,,1966-67,,,,Award,Kia Motors,KIMVP,,76375,Wilt Chamberlain
76375.0,Wilt,Chamberlain,Philadelphia 76ers,NBA Most Valuable Player,,1967-68,,,,Award,Kia Motors,KIMVP,,76375,Wilt Chamberlain
76375.0,Wilt,Chamberlain,Philadelphia Warriors,NBA Rookie of the Year,,1959-60,,,,Award,Kia Motors,KIROY,,76375,Wilt Chamberlain
76375.0,Wilt,Chamberlain,Philadelphia Warriors,NBA Sporting News Most Valuable Player of the Year,,1959-60,,,,Award,Sporting News,SNMVP,,76375,Wilt Chamberlain
76375.0,Wilt,Chamberlain,Philadelphia 76ers,NBA Sporting News Most Valuable Player of the Year,,1965-66,,,,Award,Sporting News,SNMVP,,76375,Wilt Chamberlain
76375.0,Wilt,Chamberlain,Philadelphia 76ers,NBA Sporting News Most Valuable Player of the Year,,1966-67,,,,Award,Sporting News,SNMVP,,76375,Wilt Chamberlain
76375.0,Wilt,Chamberlain,Philadelphia 76ers,NBA Sporting News Most Valuable Player of the Year,,1967-68,,,,Award,Sporting News,SNMVP,,76375,Wilt Chamberlain
76375.0,Wilt,Chamberlain,Philadelphia Warriors,NBA Sporting News Rookie of the Year,,1959-60,,,,Award,Sporting News,SNROY,,76375,Wilt Chamberlain
1472.0,Tom,Chambers,Phoenix Suns,All-NBA,2,1988-89,,,1610612756,Award,Kia Motors,KIANT,,1472,Tom Chambers
1472.0,Tom,Chambers,Phoenix Suns,All-NBA,2,1989-90,,,1610612756,Award,Kia Motors,KIANT,,1472,Tom Chambers
1472.0,Tom,Chambers,,NBA All-Star,,1986-87,,,,Award,All-Star,,,1472,Tom Chambers
1472.0,Tom,Chambers,,NBA All-Star,,1988-89,,,,Award,All-Star,,,1472,Tom Chambers
1472.0,Tom,Chambers,,NBA All-Star,,1989-90,,,,Award,All-Star,,,1472,Tom Chambers
1472.0,Tom,Chambers,,NBA All-Star,,1990-91,,,,Award,All-Star,,,1472,Tom Chambers
1472.0,Tom,Chambers,Seattle SuperSonics,NBA All-Star Most Valuable Player,,1986-87,,,,Award,Kia Motors,KAMVP,,1472,Tom Chambers
1472.0,Tom,Chambers,Seattle SuperSonics,NBA Player of the Week,,1986-87,,1986-12-07T00:00:00,,Award,Kia Motors,KIPWK,,1472,Tom Chambers
1472.0,Tom,Chambers,Phoenix Suns,NBA Player of the Week,,1988-89,,1989-01-29T00:00:00,,Award,Kia Motors,KIPWK,,1472,Tom Chambers
1472.0,Tom,Chambers,Phoenix Suns,NBA Player of the Week,,1989-90,,1990-02-18T00:00:00,,Award,Kia Motors,KIPWK,,1472,Tom Chambers
1472.0,Tom,Chambers,San Diego Clippers,NBA Rookie of the Month,,1981-82,01/01/1982,,,Award,Kia Motors,KIRMO,,1472,Tom Chambers
2199.0,Tyson,Chandler,New York Knicks,All-Defensive Team,2,2010-11,,,1610612752,Award,Kia Motors,KIADT,,2199,Tyson Chandler
2199.0,Tyson,Chandler,New York Knicks,All-Defensive Team,2,2011-12,,,1610612752,Award,Kia Motors,KIADT,,2199,Tyson Chandler
2199.0,Tyson,Chandler,New York Knicks,All-Defensive Team,1,2012-13,,,1610612752,Award,Kia Motors,KIADT,,2199,Tyson Chandler
2199.0,Tyson,Chandler,New York Knicks,All-NBA,3,2011-12,,,1610612752,Award,Kia Motors,KIANT,,2199,Tyson Chandler
2199.0,Tyson,Chandler,,NBA All-Star,,2012-13,,,,Award,All-Star,,,2199,Tyson Chandler
2199.0,Tyson,Chandler,Dallas Mavericks,NBA Champion,,2010-11,,,,Award,Champion,,,2199,Tyson Chandler
2199.0,Tyson,Chandler,New York Knicks,NBA Defensive Player of the Year,,2011-12,,,,Award,Kia Motors,KDPYR,,2199,Tyson Chandler
2199.0,Tyson,Chandler,USA,Olympic Gold Medal,,2012,,,,Award,Olympic,Gold,,2199,Tyson Chandler
76379.0,Don,Chaney,Boston Celtics,All-Defensive Team,2,1971-72,,,1610612738,Award,Kia Motors,KIADT,,76379,Don Chaney
76379.0,Don,Chaney,Boston Celtics,All-Defensive Team,2,1972-73,,,1610612738,Award,Kia Motors,KIADT,,76379,Don Chaney
76379.0,Don,Chaney,Boston Celtics,All-Defensive Team,2,1973-74,,,1610612738,Award,Kia Motors,KIADT,,76379,Don Chaney
76379.0,Don,Chaney,Boston Celtics,All-Defensive Team,2,1974-75,,,1610612738,Award,Kia Motors,KIADT,,76379,Don Chaney
76379.0,Don,Chaney,Los Angeles Lakers,All-Defensive Team,2,1976-77,,,1610612747,Award,Kia Motors,KIADT,,76379,Don Chaney
76379.0,Don,Chaney,Boston Celtics,NBA Champion,,1968-69,,,,Award,Champion,,,76379,Don Chaney
76379.0,Don,Chaney,Boston Celtics,NBA Champion,,1973-74,,,,Award,Champion,,,76379,Don Chaney
364.0,Rex,Chapman,Charlotte Hornets,All-Rookie Team,2,1988-89,,,1610612740,Award,Kia Motors,KIART,,364,Rex Chapman
76382.0,Len,Chappell,,NBA All-Star,,1963-64,,,,Award,All-Star,,,76382,Len Chappell
76385.0,Maurice,Cheeks,Philadelphia 76ers,All-Defensive Team,1,1982-83,,,1610612755,Award,Kia Motors,KIADT,,76385,Maurice Cheeks
76385.0,Maurice,Cheeks,Philadelphia 76ers,All-Defensive Team,1,1983-84,,,1610612755,Award,Kia Motors,KIADT,,76385,Maurice Cheeks
76385.0,Maurice,Cheeks,Philadelphia 76ers,All-Defensive Team,1,1984-85,,,1610612755,Award,Kia Motors,KIADT,,76385,Maurice Cheeks
76385.0,Maurice,Cheeks,Philadelphia 76ers,All-Defensive Team,1,1985-86,,,1610612755,Award,Kia Motors,KIADT,,76385,Maurice Cheeks
76385.0,Maurice,Cheeks,Philadelphia 76ers,All-Defensive Team,2,1986-87,,,1610612755,Award,Kia Motors,KIADT,,76385,Maurice Cheeks
76385.0,Maurice,Cheeks,,Hall of Fame Inductee,,2018,,,,Award,Hall of Fame,,,76385,Maurice Cheeks
76385.0,Maurice,Cheeks,,NBA All-Star,,1982-83,,,,Award,All-Star,,,76385,Maurice Cheeks
76385.0,Maurice,Cheeks,,NBA All-Star,,1985-86,,,,Award,All-Star,,,76385,Maurice Cheeks
76385.0,Maurice,Cheeks,,NBA All-Star,,1986-87,,,,Award,All-Star,,,76385,Maurice Cheeks
76385.0,Maurice,Cheeks,,NBA All-Star,,1987-88,,,,Award,All-Star,,,76385,Maurice Cheeks
76385.0,Maurice,Cheeks,Philadelphia 76ers,NBA Champion,,1982-83,,,,Award,Champion,,,76385,Maurice Cheeks
76386.0,Phil,Chenier,Washington Bullets,All-NBA,2,1974-75,,,1610612764,Award,Kia Motors,KIANT,,76386,Phil Chenier
76386.0,Phil,Chenier,Baltimore Bullets,All-Rookie Team,1,1971-72,,,1610610024,Award,Kia Motors,KIART,,76386,Phil Chenier
76386.0,Phil,Chenier,,NBA All-Star,,1973-74,,,,Award,All-Star,,,76386,Phil Chenier
76386.0,Phil,Chenier,,NBA All-Star,,1974-75,,,,Award,All-Star,,,76386,Phil Chenier
76386.0,Phil,Chenier,,NBA All-Star,,1976-77,,,,Award,All-Star,,,76386,Phil Chenier
432.0,Pete,Chilcutt,Houston Rockets,NBA Champion,,1994-95,,,,Award,Champion,,,432,Pete Chilcutt
2735.0,Josh,Childress,Atlanta Hawks,All-Rookie Team,2,2004-05,,,1610612737,Award,Kia Motors,KIART,,2735,Josh Childress
76392.0,Jim,Chones,Los Angeles Lakers,NBA Champion,,1979-80,,,,Award,Champion,,,76392,Jim Chones
1627737.0,Marquese,Chriss,Phoenix Suns,All-Rookie Team,2,2016-17,,,West,Award,Kia Motors,KIART,,1627737,Marquese Chriss
1627737.0,Marquese,Chriss,Phoenix Suns,NBA Rookie of the Month,,2016-17,1/1/2017,1900-01-01T12:00:00,West,Award,Kia Motors,KIRMO,,1627737,Marquese Chriss
57.0,Doug,Christie,Sacramento Kings,All-Defensive Team,2,2000-01,,,1610612758,Award,Kia Motors,KIADT,,57,Doug Christie
57.0,Doug,Christie,Sacramento Kings,All-Defensive Team,2,2001-02,,,1610612758,Award,Kia Motors,KIADT,,57,Doug Christie
57.0,Doug,Christie,Sacramento Kings,All-Defensive Team,1,2002-03,,,1610612758,Award,Kia Motors,KIADT,,57,Doug Christie
57.0,Doug,Christie,Sacramento Kings,All-Defensive Team,2,2003-04,,,1610612758,Award,Kia Motors,KIADT,,57,Doug Christie
76397.0,Archie,Clark,Philadelphia 76ers / Baltimore Bullets,All-NBA,2,1971-72,,,1610612764,Award,Kia Motors,KIANT,,76397,Archie Clark
76397.0,Archie,Clark,,NBA All-Star,,1967-68,,,,Award,All-Star,,,76397,Archie Clark
76397.0,Archie,Clark,,NBA All-Star,,1971-72,,,,Award,All-Star,,,76397,Archie Clark
76398.0,Carlos,Clark,Boston Celtics,NBA Champion,,1983-84,,,,Award,Champion,,,76398,Carlos Clark
203546.0,Ian,Clark,Golden State Warriors,NBA Champion,,2016-17,,,,Award,Champion,,,203546,Ian Clark
1629634.0,Brandon,Clarke,Memphis Grizzlies,All-Rookie Team,1,2019-20,,,West,Award,Kia Motors,KIART,,1629634,Brandon Clarke
934.0,Derrick,Coleman,New Jersey Nets,All-NBA,3,1992-93,,,1610612751,Award,Kia Motors,KIANT,,934,Derrick Coleman
934.0,Derrick,Coleman,New Jersey Nets,All-NBA,3,1993-94,,,1610612751,Award,Kia Motors,KIANT,,934,Derrick Coleman
934.0,Derrick,Coleman,New Jersey Nets,All-Rookie Team,1,1990-91,,,1610612751,Award,Kia Motors,KIART,,934,Derrick Coleman
934.0,Derrick,Coleman,,NBA All-Star,,1993-94,,,,Award,All-Star,,,934,Derrick Coleman
934.0,Derrick,Coleman,New Jersey Nets,NBA Rookie of the Month,,1990-91,01/01/1991,,,Award,Kia Motors,KIRMO,,934,Derrick Coleman
934.0,Derrick,Coleman,New Jersey Nets,NBA Rookie of the Month,,1990-91,04/01/1991,,,Award,Kia Motors,KIRMO,,934,Derrick Coleman
934.0,Derrick,Coleman,New Jersey Nets,NBA Rookie of the Month,,1990-91,11/01/1990,,,Award,Kia Motors,KIRMO,,934,Derrick Coleman
934.0,Derrick,Coleman,New Jersey Nets,NBA Rookie of the Year,,1990-91,,,,Award,Kia Motors,KIROY,,934,Derrick Coleman
934.0,Derrick,Coleman,New Jersey Nets,NBA Sporting News Rookie of the Year,,1990-91,,,,Award,Sporting News,SNROY,,934,Derrick Coleman
76413.0,EC,Coleman,New Orleans Jazz,All-Defensive Team,1,1976-77,,,1610612762,Award,Kia Motors,KIADT,,76413,E.C. Coleman
76413.0,EC,Coleman,Golden State Warriors,All-Defensive Team,2,1977-78,,,1610612744,Award,Kia Motors,KIADT,,76413,E.C. Coleman
76414.0,Jack,Coleman,,NBA All-Star,,1954-55,,,,Award,All-Star,,,76414,Jack Coleman
76414.0,Jack,Coleman,Rochester Royals,NBA Champion,,1950-51,,,,Award,Champion,,,76414,Jack Coleman
76414.0,Jack,Coleman,St. Louis Hawks,NBA Champion,,1957-58,,,,Award,Champion,,,76414,Jack Coleman
902.0,Bimbo,Coles,USA,Olympic Bronze Medal,,1988,,,,Award,Olympic,Bronze,,902,Bimbo Coles
1642268.0,Isaiah,Collier,Utah Jazz,NBA Rookie of the Month,,2024-25,2/1/2025,,West,Award,Kia Motors,KIRMO,,1642268,Isaiah Collier
76421.0,Doug,Collins,,NBA All-Star,,1975-76,,,,Award,All-Star,,,76421,Doug Collins
76421.0,Doug,Collins,,NBA All-Star,,1976-77,,,,Award,All-Star,,,76421,Doug Collins
76421.0,Doug,Collins,,NBA All-Star,,1977-78,,,,Award,All-Star,,,76421,Doug Collins
76421.0,Doug,Collins,,NBA All-Star,,1978-79,,,,Award,All-Star,,,76421,Doug Collins
76421.0,Doug,Collins,USA,Olympic Silver Medal,,1972,,,,Award,Olympic,Silver,,76421,Doug Collins
1628381.0,John,Collins,Atlanta Hawks,All-Rookie Team,2,2017-18,,,East,Award,Kia Motors,KIART,,1628381,John Collins
201954.0,Darren,Collison,New Orleans Hornets,All-Rookie Team,1,2009-10,,,1610612740,Award,Kia Motors,KIART,,201954,Darren Collison
201954.0,Darren,Collison,New Orleans Hornets,NBA Rookie of the Month,,2009-10,02/01/2010,,West,Award,Kia Motors,KIRMO,,201954,Darren Collison
76428.0,Gene,Conley,Boston Celtics,NBA Champion,,1958-59,,,,Award,Champion,,,76428,Gene Conley
76428.0,Gene,Conley,Boston Celtics,NBA Champion,,1959-60,,,,Award,Champion,,,76428,Gene Conley
76428.0,Gene,Conley,Boston Celtics,NBA Champion,,1960-61,,,,Award,Champion,,,76428,Gene Conley
201144.0,Mike,Conley,Memphis Grizzlies,All-Defensive Team,2,2012-13,,,1610612763,Award,Kia Motors,KIADT,,201144,Mike Conley
201144.0,Mike,Conley,,NBA All-Star,,2020-21,,,,Award,All-Star,,,201144,Mike Conley
201144.0,Mike,Conley,Memphis Grizzlies,NBA Player of the Week,,2018-19,,2019-03-04T00:00:00,West,Award,Kia Motors,KIPWK,,201144,Mike Conley
201144.0,Mike,Conley,Memphis Grizzlies,NBA Sportsmanship,,2013-14,,,,Award,Kia Motors,KSPRT,,201144,Mike Conley
1626192.0,Pat,Connaughton,Milwaukee Bucks,NBA Champion,,2020-21,,,,Award,Champion,,,1626192,Pat Connaughton
1626188.0,Quinn,Cook,Golden State Warriors,NBA Champion,,2017-18,,,,Award,Champion,,,1626188,Quinn Cook
1626188.0,Quinn,Cook,Los Angeles Lakers,NBA Champion,,2019-20,,,,Award,Champion,,,1626188,Quinn Cook
76444.0,Michael,Cooper,Los Angeles Lakers,All-Defensive Team,2,1980-81,,,1610612747,Award,Kia Motors,KIADT,,76444,Michael Cooper
76444.0,Michael,Cooper,Los Angeles Lakers,All-Defensive Team,1,1981-82,,,1610612747,Award,Kia Motors,KIADT,,76444,Michael Cooper
76444.0,Michael,Cooper,Los Angeles Lakers,All-Defensive Team,2,1982-83,,,1610612747,Award,Kia Motors,KIADT,,76444,Michael Cooper
76444.0,Michael,Cooper,Los Angeles Lakers,All-Defensive Team,1,1983-84,,,1610612747,Award,Kia Motors,KIADT,,76444,Michael Cooper
76444.0,Michael,Cooper,Los Angeles Lakers,All-Defensive Team,1,1984-85,,,1610612747,Award,Kia Motors,KIADT,,76444,Michael Cooper
76444.0,Michael,Cooper,Los Angeles Lakers,All-Defensive Team,2,1985-86,,,1610612747,Award,Kia Motors,KIADT,,76444,Michael Cooper
76444.0,Michael,Cooper,Los Angeles Lakers,All-Defensive Team,1,1986-87,,,1610612747,Award,Kia Motors,KIADT,,76444,Michael Cooper
76444.0,Michael,Cooper,Los Angeles Lakers,All-Defensive Team,1,1987-88,,,1610612747,Award,Kia Motors,KIADT,,76444,Michael Cooper
76444.0,Michael,Cooper,Los Angeles Lakers,J. Walter Kennedy Citizenship,,1985-86,,,,Award,Kia Motors,KIWKC,,76444,Michael Cooper
76444.0,Michael,Cooper,Los Angeles Lakers,NBA Champion,,1979-80,,,,Award,Champion,,,76444,Michael Cooper
76444.0,Michael,Cooper,Los Angeles Lakers,NBA Champion,,1981-82,,,,Award,Champion,,,76444,Michael Cooper
76444.0,Michael,Cooper,Los Angeles Lakers,NBA Champion,,1984-85,,,,Award,Champion,,,76444,Michael Cooper
76444.0,Michael,Cooper,Los Angeles Lakers,NBA Champion,,1986-87,,,,Award,Champion,,,76444,Michael Cooper
76444.0,Michael,Cooper,Los Angeles Lakers,NBA Champion,,1987-88,,,,Award,Champion,,,76444,Michael Cooper
76444.0,Michael,Cooper,Los Angeles Lakers,NBA Defensive Player of the Year,,1986-87,,,,Award,Kia Motors,KDPYR,,76444,Michael Cooper
203142.0,Chris,Copeland,New York Knicks,NBA Rookie of the Month,,2012-13,04/01/2013,,East,Award,Kia Motors,KIRMO,,203142,Chris Copeland
76454.0,Larry,Costello,Syracuse Nationals,All-NBA,2,1960-61,,,1610612755,Award,Kia Motors,KIANT,,76454,Larry Costello
76454.0,Larry,Costello,,NBA All-Star,,1957-58,,,,Award,All-Star,,,76454,Larry Costello
76454.0,Larry,Costello,,NBA All-Star,,1958-59,,,,Award,All-Star,,,76454,Larry Costello
76454.0,Larry,Costello,,NBA All-Star,,1959-60,,,,Award,All-Star,,,76454,Larry Costello
76454.0,Larry,Costello,,NBA All-Star,,1960-61,,,,Award,All-Star,,,76454,Larry Costello
76454.0,Larry,Costello,,NBA All-Star,,1961-62,,,,Award,All-Star,,,76454,Larry Costello
76454.0,Larry,Costello,,NBA All-Star,,1964-65,,,,Award,All-Star,,,76454,Larry Costello
76454.0,Larry,Costello,Philadelphia 76ers,NBA Champion,,1966-67,,,,Award,Champion,,,76454,Larry Costello
1641731.0,Bilal,Coulibaly,France,Olympic Silver Medal,,2024,,,,Award,Olympic,Silver,,1641731,Bilal Coulibaly
76458.0,Mel,Counts,Boston Celtics,NBA Champion,,1964-65,,,,Award,Champion,,,76458,Mel Counts
76458.0,Mel,Counts,Boston Celtics,NBA Champion,,1965-66,,,,Award,Champion,,,76458,Mel Counts
76458.0,Mel,Counts,USA,Olympic Gold Medal,,1964,,,,Award,Olympic,Gold,,76458,Mel Counts
202326.0,DeMarcus,Cousins,Sacramento Kings,All-NBA,2,2014-15,,,1610612758,Award,Kia Motors,KIANT,,202326,DeMarcus Cousins
202326.0,DeMarcus,Cousins,Sacramento Kings,All-NBA,2,2015-16,,,West,Award,Kia Motors,KIANT,,202326,DeMarcus Cousins
202326.0,DeMarcus,Cousins,Sacramento Kings,All-Rookie Team,1,2010-11,,,1610612758,Award,Kia Motors,KIART,,202326,DeMarcus Cousins
202326.0,DeMarcus,Cousins,,NBA All-Star,,2014-15,,,,Award,All-Star,,,202326,DeMarcus Cousins
202326.0,DeMarcus,Cousins,,NBA All-Star,,2015-16,,,,Award,All-Star,,,202326,DeMarcus Cousins
202326.0,DeMarcus,Cousins,,NBA All-Star,,2016-17,,,,Award,All-Star,,,202326,DeMarcus Cousins
202326.0,DeMarcus,Cousins,,NBA All-Star,,2017-18,,,,Award,All-Star,,,202326,DeMarcus Cousins
202326.0,DeMarcus,Cousins,Sacramento Kings,NBA Player of the Week,,2013-14,,2014-01-13T00:00:00,West,Award,Kia Motors,KIPWK,,202326,DeMarcus Cousins
202326.0,DeMarcus,Cousins,Sacramento Kings,NBA Player of the Week,,2014-15,,2014-11-17T00:00:00,West,Award,Kia Motors,KIPWK,,202326,DeMarcus Cousins
202326.0,DeMarcus,Cousins,Sacramento Kings,NBA Player of the Week,,2015-16,,2015-11-16T00:00:00,West,Award,Kia Motors,KIPWK,,202326,DeMarcus Cousins
202326.0,DeMarcus,Cousins,Sacramento Kings,NBA Player of the Week,,2015-16,,2016-01-25T00:00:00,West,Award,Kia Motors,KIPWK,,202326,DeMarcus Cousins
202326.0,DeMarcus,Cousins,New Orleans Pelicans,NBA Player of the Week,,2016-17,,2017-01-30T00:00:00,West,Award,Kia Motors,KIPWK,,202326,DeMarcus Cousins
202326.0,DeMarcus,Cousins,New Orleans Pelicans,NBA Player of the Week,,2017-18,,2017-10-23T00:00:00,West,Award,Kia Motors,KIPWK,,202326,DeMarcus Cousins
202326.0,DeMarcus,Cousins,USA,Olympic Gold Medal,,2016,,,,Award,Olympic,Gold,,202326,DeMarcus Cousins
600003.0,Bob,Cousy,Boston Celtics,All-NBA,1,1951-52,,,1610612738,Award,Kia Motors,KIANT,,600003,Bob Cousy
600003.0,Bob,Cousy,Boston Celtics,All-NBA,1,1952-53,,,1610612738,Award,Kia Motors,KIANT,,600003,Bob Cousy
600003.0,Bob,Cousy,Boston Celtics,All-NBA,1,1953-54,,,1610612738,Award,Kia Motors,KIANT,,600003,Bob Cousy
600003.0,Bob,Cousy,Boston Celtics,All-NBA,1,1954-55,,,1610612738,Award,Kia Motors,KIANT,,600003,Bob Cousy
600003.0,Bob,Cousy,Boston Celtics,All-NBA,1,1955-56,,,1610612738,Award,Kia Motors,KIANT,,600003,Bob Cousy
600003.0,Bob,Cousy,Boston Celtics,All-NBA,1,1956-57,,,1610612738,Award,Kia Motors,KIANT,,600003,Bob Cousy
600003.0,Bob,Cousy,Boston Celtics,All-NBA,1,1957-58,,,1610612738,Award,Kia Motors,KIANT,,600003,Bob Cousy
600003.0,Bob,Cousy,Boston Celtics,All-NBA,1,1958-59,,,1610612738,Award,Kia Motors,KIANT,,600003,Bob Cousy
600003.0,Bob,Cousy,Boston Celtics,All-NBA,1,1959-60,,,1610612738,Award,Kia Motors,KIANT,,600003,Bob Cousy
600003.0,Bob,Cousy,Boston Celtics,All-NBA,1,1960-61,,,1610612738,Award,Kia Motors,KIANT,,600003,Bob Cousy
600003.0,Bob,Cousy,Boston Celtics,All-NBA,2,1961-62,,,1610612738,Award,Kia Motors,KIANT,,600003,Bob Cousy
600003.0,Bob,Cousy,Boston Celtics,All-NBA,2,1962-63,,,1610612738,Award,Kia Motors,KIANT,,600003,Bob Cousy
600003.0,Bob,Cousy,,Hall of Fame Inductee,,1971,,,,Award,Hall of Fame,,,600003,Bob Cousy
600003.0,Bob,Cousy,,NBA All-Star,,1950-51,,,,Award,All-Star,,,600003,Bob Cousy
600003.0,Bob,Cousy,,NBA All-Star,,1951-52,,,,Award,All-Star,,,600003,Bob Cousy
600003.0,Bob,Cousy,,NBA All-Star,,1952-53,,,,Award,All-Star,,,600003,Bob Cousy
600003.0,Bob,Cousy,,NBA All-Star,,1953-54,,,,Award,All-Star,,,600003,Bob Cousy
600003.0,Bob,Cousy,,NBA All-Star,,1954-55,,,,Award,All-Star,,,600003,Bob Cousy
600003.0,Bob,Cousy,,NBA All-Star,,1955-56,,,,Award,All-Star,,,600003,Bob Cousy
600003.0,Bob,Cousy,,NBA All-Star,,1956-57,,,,Award,All-Star,,,600003,Bob Cousy
600003.0,Bob,Cousy,,NBA All-Star,,1957-58,,,,Award,All-Star,,,600003,Bob Cousy
600003.0,Bob,Cousy,,NBA All-Star,,1958-59,,,,Award,All-Star,,,600003,Bob Cousy
600003.0,Bob,Cousy,,NBA All-Star,,1959-60,,,,Award,All-Star,,,600003,Bob Cousy
600003.0,Bob,Cousy,,NBA All-Star,,1960-61,,,,Award,All-Star,,,600003,Bob Cousy
600003.0,Bob,Cousy,,NBA All-Star,,1961-62,,,,Award,All-Star,,,600003,Bob Cousy
600003.0,Bob,Cousy,,NBA All-Star,,1962-63,,,,Award,All-Star,,,600003,Bob Cousy
600003.0,Bob,Cousy,Boston Celtics,NBA All-Star Most Valuable Player,,1953-54,,,,Award,Kia Motors,KAMVP,,600003,Bob Cousy
600003.0,Bob,Cousy,Boston Celtics,NBA All-Star Most Valuable Player,,1956-57,,,,Award,Kia Motors,KAMVP,,600003,Bob Cousy
600003.0,Bob,Cousy,Boston Celtics,NBA Champion,,1956-57,,,,Award,Champion,,,600003,Bob Cousy
600003.0,Bob,Cousy,Boston Celtics,NBA Champion,,1958-59,,,,Award,Champion,,,600003,Bob Cousy
600003.0,Bob,Cousy,Boston Celtics,NBA Champion,,1959-60,,,,Award,Champion,,,600003,Bob Cousy
600003.0,Bob,Cousy,Boston Celtics,NBA Champion,,1960-61,,,,Award,Champion,,,600003,Bob Cousy
600003.0,Bob,Cousy,Boston Celtics,NBA Champion,,1961-62,,,,Award,Champion,,,600003,Bob Cousy
600003.0,Bob,Cousy,Boston Celtics,NBA Champion,,1962-63,,,,Award,Champion,,,600003,Bob Cousy
600003.0,Bob,Cousy,Boston Celtics,NBA Most Valuable Player,,1956-57,,,,Award,Kia Motors,KIMVP,,600003,Bob Cousy
203496.0,Robert,Covington,Philadelphia 76ers,All-Defensive Team,1,2017-18,,,East,Award,Kia Motors,KIADT,,203496,Robert Covington
76462.0,Dave,Cowens,Boston Celtics,All-Defensive Team,2,1974-75,,,1610612738,Award,Kia Motors,KIADT,,76462,Dave Cowens
76462.0,Dave,Cowens,Boston Celtics,All-Defensive Team,1,1975-76,,,1610612738,Award,Kia Motors,KIADT,,76462,Dave Cowens
76462.0,Dave,Cowens,Boston Celtics,All-Defensive Team,2,1979-80,,,1610612738,Award,Kia Motors,KIADT,,76462,Dave Cowens
76462.0,Dave,Cowens,Boston Celtics,All-NBA,2,1972-73,,,1610612738,Award,Kia Motors,KIANT,,76462,Dave Cowens
76462.0,Dave,Cowens,Boston Celtics,All-NBA,2,1974-75,,,1610612738,Award,Kia Motors,KIANT,,76462,Dave Cowens
76462.0,Dave,Cowens,Boston Celtics,All-NBA,2,1975-76,,,1610612738,Award,Kia Motors,KIANT,,76462,Dave Cowens
76462.0,Dave,Cowens,Boston Celtics,All-Rookie Team,1,1970-71,,,1610612738,Award,Kia Motors,KIART,,76462,Dave Cowens
76462.0,Dave,Cowens,,Hall of Fame Inductee,,1991,,,,Award,Hall of Fame,,,76462,Dave Cowens
76462.0,Dave,Cowens,,NBA All-Star,,1971-72,,,,Award,All-Star,,,76462,Dave Cowens
76462.0,Dave,Cowens,,NBA All-Star,,1972-73,,,,Award,All-Star,,,76462,Dave Cowens
76462.0,Dave,Cowens,,NBA All-Star,,1973-74,,,,Award,All-Star,,,76462,Dave Cowens
76462.0,Dave,Cowens,,NBA All-Star,,1974-75,,,,Award,All-Star,,,76462,Dave Cowens
76462.0,Dave,Cowens,,NBA All-Star,,1975-76,,,,Award,All-Star,,,76462,Dave Cowens
76462.0,Dave,Cowens,,NBA All-Star,,1976-77,,,,Award,All-Star,,,76462,Dave Cowens
76462.0,Dave,Cowens,,NBA All-Star,,1977-78,,,,Award,All-Star,,,76462,Dave Cowens
76462.0,Dave,Cowens,,NBA All-Star,,1979-80,,,,Award,All-Star,,,76462,Dave Cowens
76462.0,Dave,Cowens,Boston Celtics,NBA All-Star Most Valuable Player,,1972-73,,,,Award,Kia Motors,KAMVP,,76462,Dave Cowens
76462.0,Dave,Cowens,Boston Celtics,NBA Champion,,1973-74,,,,Award,Champion,,,76462,Dave Cowens
76462.0,Dave,Cowens,Boston Celtics,NBA Champion,,1975-76,,,,Award,Champion,,,76462,Dave Cowens
76462.0,Dave,Cowens,Boston Celtics,NBA Most Valuable Player,,1972-73,,,,Award,Kia Motors,KIMVP,,76462,Dave Cowens
76462.0,Dave,Cowens,Boston Celtics,NBA Rookie of the Year,,1970-71,,,,Award,Kia Motors,KIROY,,76462,Dave Cowens
76462.0,Dave,Cowens,Boston Celtics,NBA Sporting News Rookie of the Year,,1970-71,,,,Award,Sporting News,SNROY,,76462,Dave Cowens
2037.0,Jamal,Crawford,New York Knicks,NBA Player of the Week,,2005-06,,2006-04-09T00:00:00,East,Award,Kia Motors,KIPWK,,2037,Jamal Crawford
2037.0,Jamal,Crawford,Atlanta Hawks,NBA Sixth Man of the Year,,2009-10,,,,Award,Kia Motors,KISMY,,2037,Jamal Crawford
2037.0,Jamal,Crawford,Los Angeles Clippers,NBA Sixth Man of the Year,,2013-14,,,,Award,Kia Motors,KISMY,,2037,Jamal Crawford
2037.0,Jamal,Crawford,LA Clippers,NBA Sixth Man of the Year,,2015-16,,,West,Award,Kia Motors,KISMY,,2037,Jamal Crawford
202348.0,Jordan,Crawford,Boston Celtics,NBA Player of the Week,,2013-14,,2013-12-09T00:00:00,East,Award,Kia Motors,KIPWK,,202348,Jordan Crawford
76504.0,Adrian,Dantley,Utah Jazz,All-NBA,2,1980-81,,,1610612762,Award,Kia Motors,KIANT,,76504,Adrian Dantley
76504.0,Adrian,Dantley,Utah Jazz,All-NBA,2,1983-84,,,1610612762,Award,Kia Motors,KIANT,,76504,Adrian Dantley
76504.0,Adrian,Dantley,Buffalo Braves,All-Rookie Team,1,1976-77,,,1610612746,Award,Kia Motors,KIART,,76504,Adrian Dantley
76504.0,Adrian,Dantley,,Hall of Fame Inductee,,2008,,,,Award,Hall of Fame,,,76504,Adrian Dantley
76504.0,Adrian,Dantley,,NBA All-Star,,1979-80,,,,Award,All-Star,,,76504,Adrian Dantley
76504.0,Adrian,Dantley,,NBA All-Star,,1980-81,,,,Award,All-Star,,,76504,Adrian Dantley
76504.0,Adrian,Dantley,,NBA All-Star,,1981-82,,,,Award,All-Star,,,76504,Adrian Dantley
76504.0,Adrian,Dantley,,NBA All-Star,,1983-84,,,,Award,All-Star,,,76504,Adrian Dantley
76504.0,Adrian,Dantley,,NBA All-Star,,1984-85,,,,Award,All-Star,,,76504,Adrian Dantley
76504.0,Adrian,Dantley,,NBA All-Star,,1985-86,,,,Award,All-Star,,,76504,Adrian Dantley
76504.0,Adrian,Dantley,Utah Jazz,NBA Comeback Player of the Year,,1983-84,,,,Award,Kia Motors,KCPYR,,76504,Adrian Dantley
76504.0,Adrian,Dantley,Utah Jazz,NBA Player of the Week,,1979-80,,1979-12-02T00:00:00,,Award,Kia Motors,KIPWK,,76504,Adrian Dantley
76504.0,Adrian,Dantley,Utah Jazz,NBA Player of the Week,,1980-81,,1980-10-19T00:00:00,,Award,Kia Motors,KIPWK,,76504,Adrian Dantley
76504.0,Adrian,Dantley,Utah Jazz,NBA Player of the Week,,1983-84,,1983-12-18T00:00:00,,Award,Kia Motors,KIPWK,,76504,Adrian Dantley
76504.0,Adrian,Dantley,Utah Jazz,NBA Player of the Week,,1983-84,,1984-03-18T00:00:00,,Award,Kia Motors,KIPWK,,76504,Adrian Dantley
76504.0,Adrian,Dantley,Utah Jazz,NBA Player of the Week,,1985-86,,1986-03-23T00:00:00,,Award,Kia Motors,KIPWK,,76504,Adrian Dantley
76504.0,Adrian,Dantley,Buffalo Braves,NBA Rookie of the Year,,1976-77,,,,Award,Kia Motors,KIROY,,76504,Adrian Dantley
76504.0,Adrian,Dantley,Buffalo Braves,NBA Sporting News Rookie of the Year,,1976-77,,,,Award,Sporting News,SNROY,,76504,Adrian Dantley
76504.0,Adrian,Dantley,USA,Olympic Gold Medal,,1976,,,,Award,Olympic,Gold,,76504,Adrian Dantley
921.0,Brad,Daugherty,Cleveland Cavaliers,All-NBA,3,1991-92,,,1610612739,Award,Kia Motors,KIANT,,921,Brad Daugherty
921.0,Brad,Daugherty,Cleveland Cavaliers,All-Rookie Team,1,1986-87,,,1610612739,Award,Kia Motors,KIART,,921,Brad Daugherty
921.0,Brad,Daugherty,,NBA All-Star,,1987-88,,,,Award,All-Star,,,921,Brad Daugherty
921.0,Brad,Daugherty,,NBA All-Star,,1988-89,,,,Award,All-Star,,,921,Brad Daugherty
921.0,Brad,Daugherty,,NBA All-Star,,1990-91,,,,Award,All-Star,,,921,Brad Daugherty
921.0,Brad,Daugherty,,NBA All-Star,,1991-92,,,,Award,All-Star,,,921,Brad Daugherty
921.0,Brad,Daugherty,,NBA All-Star,,1992-93,,,,Award,All-Star,,,921,Brad Daugherty
921.0,Brad,Daugherty,Cleveland Cavaliers,NBA Player of the Week,,1991-92,,1991-11-17T00:00:00,,Award,Kia Motors,KIPWK,,921,Brad Daugherty
921.0,Brad,Daugherty,Cleveland Cavaliers,NBA Rookie of the Month,,1986-87,03/01/1987,,,Award,Kia Motors,KIRMO,,921,Brad Daugherty
76514.0,Bob,Davies,Rochester Royals,All-NBA,1,1948-49,,,1610612758,Award,Kia Motors,KIANT,,76514,Bob Davies
76514.0,Bob,Davies,Rochester Royals,All-NBA,1,1949-50,,,1610612758,Award,Kia Motors,KIANT,,76514,Bob Davies
76514.0,Bob,Davies,Rochester Royals,All-NBA,1,1950-51,,,1610612758,Award,Kia Motors,KIANT,,76514,Bob Davies
76514.0,Bob,Davies,Rochester Royals,All-NBA,1,1951-52,,,1610612758,Award,Kia Motors,KIANT,,76514,Bob Davies
76514.0,Bob,Davies,Rochester Royals,All-NBA,2,1952-53,,,1610612758,Award,Kia Motors,KIANT,,76514,Bob Davies
76514.0,Bob,Davies,,Hall of Fame Inductee,,1970,,,,Award,Hall of Fame,,,76514,Bob Davies
76514.0,Bob,Davies,,NBA All-Star,,1950-51,,,,Award,All-Star,,,76514,Bob Davies
76514.0,Bob,Davies,,NBA All-Star,,1951-52,,,,Award,All-Star,,,76514,Bob Davies
76514.0,Bob,Davies,,NBA All-Star,,1952-53,,,,Award,All-Star,,,76514,Bob Davies
76514.0,Bob,Davies,,NBA All-Star,,1953-54,,,,Award,All-Star,,,76514,Bob Davies
76514.0,Bob,Davies,Rochester Royals,NBA Champion,,1950-51,,,,Award,Champion,,,76514,Bob Davies
203076.0,Anthony,Davis,New Orleans Pelicans,All-Defensive Team,2,2014-15,,,1610612740,Award,Kia Motors,KIADT,,203076,Anthony Davis
203076.0,Anthony,Davis,New Orleans Pelicans,All-Defensive Team,2,2016-17,,,West,Award,Kia Motors,KIADT,,203076,Anthony Davis
203076.0,Anthony,Davis,New Orleans Pelicans,All-Defensive Team,1,2017-18,,,West,Award,Kia Motors,KIADT,,203076,Anthony Davis
203076.0,Anthony,Davis,Los Angeles Lakers,All-Defensive Team,1,2019-20,,,West,Award,Kia Motors,KIADT,,203076,Anthony Davis
203076.0,Anthony,Davis,Los Angeles Lakers,All-Defensive Team,1,2023-24,,,West,Award,Kia Motors,KIADT,,203076,Anthony Davis
203076.0,Anthony,Davis,New Orleans Pelicans,All-NBA,1,2014-15,,,1610612740,Award,Kia Motors,KIANT,,203076,Anthony Davis
203076.0,Anthony,Davis,New Orleans Pelicans,All-NBA,1,2016-17,,,West,Award,Kia Motors,KIANT,,203076,Anthony Davis
203076.0,Anthony,Davis,New Orleans Pelicans,All-NBA,1,2017-18,,,West,Award,Kia Motors,KIANT,,203076,Anthony Davis
203076.0,Anthony,Davis,Los Angeles Lakers,All-NBA,1,2019-20,,,West,Award,Kia Motors,KIANT,,203076,Anthony Davis
203076.0,Anthony,Davis,Los Angeles Lakers,All-NBA,2,2023-24,,,West,Award,Kia Motors,KIANT,,203076,Anthony Davis
203076.0,Anthony,Davis,New Orleans Pelicans,All-Rookie Team,1,2012-13,,,1610612740,Award,Kia Motors,KIART,,203076,Anthony Davis
203076.0,Anthony,Davis,,NBA All-Star,,2013-14,,,,Award,All-Star,,,203076,Anthony Davis
203076.0,Anthony,Davis,,NBA All-Star,,2014-15,,,,Award,All-Star,,,203076,Anthony Davis
203076.0,Anthony,Davis,,NBA All-Star,,2015-16,,,,Award,All-Star,,,203076,Anthony Davis
203076.0,Anthony,Davis,,NBA All-Star,,2016-17,,,,Award,All-Star,,,203076,Anthony Davis
203076.0,Anthony,Davis,,NBA All-Star,,2017-18,,,,Award,All-Star,,,203076,Anthony Davis
203076.0,Anthony,Davis,,NBA All-Star,,2018-19,,,,Award,All-Star,,,203076,Anthony Davis
203076.0,Anthony,Davis,,NBA All-Star,,2019-20,,,,Award,All-Star,,,203076,Anthony Davis
203076.0,Anthony,Davis,,NBA All-Star,,2020-21,,,,Award,All-Star,,,203076,Anthony Davis
203076.0,Anthony,Davis,,NBA All-Star,,2023-24,,,,Award,All-Star,,,203076,Anthony Davis
203076.0,Anthony,Davis,,NBA All-Star,,2024-25,,,,Award,All-Star,,,203076,Anthony Davis
203076.0,Anthony,Davis,New Orleans Pelicans,NBA All-Star Most Valuable Player, ,2016-17,,, ,Award,Kia Motors,KAMVP, ,203076,Anthony Davis
203076.0,Anthony,Davis,Los Angeles Lakers,NBA Champion,,2019-20,,,,Award,Champion,,,203076,Anthony Davis
203076.0,Anthony,Davis,Los Angeles Lakers,NBA Cup All-Tournament Team,1,2023-24,,,West,Award,Emirates,EMATT,,203076,Anthony Davis
203076.0,Anthony,Davis,New Orleans Pelicans,NBA Player of the Month,,2017-18,2/1/2018,,West,Award,Kia Motors,KIPMO,,203076,Anthony Davis
203076.0,Anthony,Davis,New Orleans Pelicans,NBA Player of the Month,,2017-18,3/1/2018,,West,Award,Kia Motors,KIPMO,,203076,Anthony Davis
203076.0,Anthony,Davis,Los Angeles Lakers,NBA Player of the Month,,2022-23,3/1/2023,,West,Award,Kia Motors,KIPMO,,203076,Anthony Davis
203076.0,Anthony,Davis,New Orleans Pelicans,NBA Player of the Week,,2014-15,,2015-03-09T00:00:00,West,Award,Kia Motors,KIPWK,,203076,Anthony Davis
203076.0,Anthony,Davis,New Orleans Pelicans,NBA Player of the Week,,2016-17,,2016-11-21T00:00:00,West,Award,Kia Motors,KIPWK,,203076,Anthony Davis
203076.0,Anthony,Davis,New Orleans Pelicans,NBA Player of the Week,,2017-18,,2017-11-20T00:00:00,West,Award,Kia Motors,KIPWK,,203076,Anthony Davis
203076.0,Anthony,Davis,New Orleans Pelicans,NBA Player of the Week,,2017-18,,2018-02-26T00:00:00,West,Award,Kia Motors,KIPWK,,203076,Anthony Davis
203076.0,Anthony,Davis,New Orleans Pelicans,NBA Player of the Week,,2018-19,,2018-11-12T00:00:00,West,Award,Kia Motors,KIPWK,,203076,Anthony Davis
203076.0,Anthony,Davis,Los Angeles Lakers,NBA Player of the Week, ,2019-20,,2019-10-28T00:00:00,West,Award,Kia Motors,KIPWK, ,203076,Anthony Davis
203076.0,Anthony,Davis,Los Angeles Lakers,NBA Player of the Week,,2019-20,,2019-12-02T00:00:00,West,Award,Kia Motors,KIPWK,,203076,Anthony Davis
203076.0,Anthony,Davis,Los Angeles Lakers,NBA Player of the Week,,2022-23,,2022-11-28T00:00:00,West,Award,Kia Motors,KIPWK,,203076,Anthony Davis
203076.0,Anthony,Davis,Los Angeles Lakers,NBA Player of the Week,,2022-23,,2023-03-27T00:00:00,West,Award,Kia Motors,KIPWK,,203076,Anthony Davis
203076.0,Anthony,Davis,Los Angeles Lakers,NBA Player of the Week,,2023-24,,2024-03-18T00:00:00,West,Award,Kia Motors,KIPWK,,203076,Anthony Davis
203076.0,Anthony,Davis,Los Angeles Lakers,NBA Player of the Week,,2024-25,,2024-10-21T00:00:00,West,Award,Kia Motors,KIPWK,,203076,Anthony Davis
203076.0,Anthony,Davis,USA,Olympic Gold Medal,,2012,,,,Award,Olympic,Gold,,203076,Anthony Davis
203076.0,Anthony,Davis,USA,Olympic Gold Medal,,2024,,,,Award,Olympic,Gold,,203076,Anthony Davis
213.0,Antonio,Davis,,NBA All-Star,,2000-01,,,,Award,All-Star,,,213,Antonio Davis
1884.0,Baron,Davis,New Orleans Hornets,All-NBA,3,2003-04,,,1610612740,Award,Kia Motors,KIANT,,1884,Baron Davis
1884.0,Baron,Davis,,NBA All-Star,,2001-02,,,,Award,All-Star,,,1884,Baron Davis
1884.0,Baron,Davis,,NBA All-Star,,2003-04,,,,Award,All-Star,,,1884,Baron Davis
1884.0,Baron,Davis,New Orleans Hornets,NBA Player of the Month,,2003-04,11/01/2003,,West,Award,Kia Motors,KIPMO,,1884,Baron Davis
1884.0,Baron,Davis,New Orleans Hornets,NBA Player of the Week,,2000-01,,2000-11-26T00:00:00,,Award,Kia Motors,KIPWK,,1884,Baron Davis
1884.0,Baron,Davis,New Orleans Hornets,NBA Player of the Week,,2003-04,,2003-11-02T00:00:00,East,Award,Kia Motors,KIPWK,,1884,Baron Davis
1884.0,Baron,Davis,Golden State Warriors,NBA Player of the Week,,2004-05,,2005-04-03T00:00:00,West,Award,Kia Motors,KIPWK,,1884,Baron Davis
1884.0,Baron,Davis,Golden State Warriors,NBA Player of the Week,,2004-05,,2005-04-10T00:00:00,West,Award,Kia Motors,KIPWK,,1884,Baron Davis
1884.0,Baron,Davis,Golden State Warriors,NBA Player of the Week,,2005-06,,2005-12-05T00:00:00,West,Award,Kia Motors,KIPWK,,1884,Baron Davis
1884.0,Baron,Davis,Golden State Warriors,NBA Player of the Week,,2007-08,,2008-01-20T00:00:00,West,Award,Kia Motors,KIPWK,,1884,Baron Davis
905.0,Dale,Davis,,NBA All-Star,,1999-00,,,,Award,All-Star,,,905,Dale Davis
76521.0,Double D,Davis,Cleveland Cavaliers,All-Rookie Team,1,1972-73,,,1610612739,Award,Kia Motors,KIART,,76521,Double D Davis
201175.0,Glen,Davis,Boston Celtics,NBA Champion,,2007-08,,,,Award,Champion,,,201175,Glen Davis
76526.0,Johnny,Davis,Portland Trail Blazers,NBA Champion,,1976-77,,,,Award,Champion,,,76526,Johnny Davis
76531.0,Mike,Davis,Baltimore Bullets,All-Rookie Team,1,1969-70,,,1610610024,Award,Kia Motors,KIART,,76531,Mike Davis
1629056.0,Terence,Davis II,Toronto Raptors,All-Rookie Team,2,2019-20,,,East,Award,Kia Motors,KIART,,1629056,Terence Davis
76536.0,Walt,Davis,Philadelphia Warriors,NBA Champion,,1955-56,,,,Award,Champion,,,76536,Walt Davis
76536.0,Walt,Davis,St. Louis Hawks,NBA Champion,,1957-58,,,,Award,Champion,,,76536,Walt Davis
1453.0,Walter,Davis,Phoenix Suns,All-NBA,2,1977-78,,,1610612756,Award,Kia Motors,KIANT,,1453,Walter Davis
1453.0,Walter,Davis,Phoenix Suns,All-NBA,2,1978-79,,,1610612756,Award,Kia Motors,KIANT,,1453,Walter Davis
1453.0,Walter,Davis,Phoenix Suns,All-Rookie Team,1,1977-78,,,1610612756,Award,Kia Motors,KIART,,1453,Walter Davis
1453.0,Walter,Davis,,NBA All-Star,,1977-78,,,,Award,All-Star,,,1453,Walter Davis
1453.0,Walter,Davis,,NBA All-Star,,1978-79,,,,Award,All-Star,,,1453,Walter Davis
1453.0,Walter,Davis,,NBA All-Star,,1979-80,,,,Award,All-Star,,,1453,Walter Davis
1453.0,Walter,Davis,,NBA All-Star,,1980-81,,,,Award,All-Star,,,1453,Walter Davis
1453.0,Walter,Davis,,NBA All-Star,,1983-84,,,,Award,All-Star,,,1453,Walter Davis
1453.0,Walter,Davis,,NBA All-Star,,1986-87,,,,Award,All-Star,,,1453,Walter Davis
1453.0,Walter,Davis,Phoenix Suns,NBA Player of the Week,,1979-80,,1979-11-25T00:00:00,,Award,Kia Motors,KIPWK,,1453,Walter Davis
1453.0,Walter,Davis,Phoenix Suns,NBA Player of the Week,,1982-83,,1983-02-27T00:00:00,,Award,Kia Motors,KIPWK,,1453,Walter Davis
1453.0,Walter,Davis,Phoenix Suns,NBA Rookie of the Year,,1977-78,,,,Award,Kia Motors,KIROY,,1453,Walter Davis
1453.0,Walter,Davis,Phoenix Suns,NBA Sporting News Rookie of the Year,,1977-78,,,,Award,Sporting News,SNROY,,1453,Walter Davis
1453.0,Walter,Davis,USA,Olympic Gold Medal,,1976,,,,Award,Olympic,Gold,,1453,Walter Davis
201948.0,Austin,Daye,San Antonio Spurs,NBA Champion,,2013-14,,,,Award,Champion,,,201948,Austin Daye
201986.0,Nando,de Colo,France,Olympic Appearance,,2012,,,,Award,Olympic,Appearance,,201986,Nando De Colo
201986.0,Nando,De Colo,France,Olympic Silver Medal,,2024,,,,Award,Olympic,Silver,,201986,Nando De Colo
76545.0,Dave,DeBusschere,New York Knicks,All-Defensive Team,1,1968-69,,,1610612752,Award,Kia Motors,KIADT,,76545,Dave DeBusschere
76545.0,Dave,DeBusschere,New York Knicks,All-Defensive Team,1,1969-70,,,1610612752,Award,Kia Motors,KIADT,,76545,Dave DeBusschere
76545.0,Dave,DeBusschere,New York Knicks,All-Defensive Team,1,1970-71,,,1610612752,Award,Kia Motors,KIADT,,76545,Dave DeBusschere
76545.0,Dave,DeBusschere,New York Knicks,All-Defensive Team,1,1971-72,,,1610612752,Award,Kia Motors,KIADT,,76545,Dave DeBusschere
76545.0,Dave,DeBusschere,New York Knicks,All-Defensive Team,1,1972-73,,,1610612752,Award,Kia Motors,KIADT,,76545,Dave DeBusschere
76545.0,Dave,DeBusschere,New York Knicks,All-Defensive Team,1,1973-74,,,1610612752,Award,Kia Motors,KIADT,,76545,Dave DeBusschere
76545.0,Dave,DeBusschere,Detroit Pistons / New York Knicks,All-NBA,2,1968-69,,,1610612752,Award,Kia Motors,KIANT,,76545,Dave DeBusschere
76545.0,Dave,DeBusschere,Detroit Pistons,All-Rookie Team,1,1962-63,,,1610612765,Award,Kia Motors,KIART,,76545,Dave DeBusschere
76545.0,Dave,DeBusschere,,Hall of Fame Inductee,,1983,,,,Award,Hall of Fame,,,76545,Dave DeBusschere
76545.0,Dave,DeBusschere,,NBA All-Star,,1965-66,,,,Award,All-Star,,,76545,Dave DeBusschere
76545.0,Dave,DeBusschere,,NBA All-Star,,1966-67,,,,Award,All-Star,,,76545,Dave DeBusschere
76545.0,Dave,DeBusschere,,NBA All-Star,,1967-68,,,,Award,All-Star,,,76545,Dave DeBusschere
76545.0,Dave,DeBusschere,,NBA All-Star,,1969-70,,,,Award,All-Star,,,76545,Dave DeBusschere
76545.0,Dave,DeBusschere,,NBA All-Star,,1970-71,,,,Award,All-Star,,,76545,Dave DeBusschere
76545.0,Dave,DeBusschere,,NBA All-Star,,1971-72,,,,Award,All-Star,,,76545,Dave DeBusschere
76545.0,Dave,DeBusschere,,NBA All-Star,,1972-73,,,,Award,All-Star,,,76545,Dave DeBusschere
76545.0,Dave,DeBusschere,,NBA All-Star,,1973-74,,,,Award,All-Star,,,76545,Dave DeBusschere
76545.0,Dave,DeBusschere,New York Knicks,NBA Champion,,1969-70,,,,Award,Champion,,,76545,Dave DeBusschere
76545.0,Dave,DeBusschere,New York Knicks,NBA Champion,,1972-73,,,,Award,Champion,,,76545,Dave DeBusschere
201942.0,DeMar,DeRozan,Toronto Raptors,All-NBA,3,2016-17,,,East,Award,Kia Motors,KIANT,,201942,DeMar DeRozan
201942.0,DeMar,DeRozan,Toronto Raptors,All-NBA,2,2017-18,,,East,Award,Kia Motors,KIANT,,201942,DeMar DeRozan
201942.0,DeMar,DeRozan,Chicago Bulls,All-NBA,2,2021-22,,,East,Award,Kia Motors,KIANT,,201942,DeMar DeRozan
201942.0,DeMar,DeRozan,,NBA All-Star,,2013-14,,,,Award,All-Star,,,201942,DeMar DeRozan
201942.0,DeMar,DeRozan,,NBA All-Star,,2015-16,,,,Award,All-Star,,,201942,DeMar DeRozan
201942.0,DeMar,DeRozan,,NBA All-Star,,2016-17,,,,Award,All-Star,,,201942,DeMar DeRozan
201942.0,DeMar,DeRozan,,NBA All-Star,,2017-18,,,,Award,All-Star,,,201942,DeMar DeRozan
201942.0,DeMar,DeRozan,,NBA All-Star,,2021-22,,,,Award,All-Star,,,201942,DeMar DeRozan
201942.0,DeMar,DeRozan,,NBA All-Star,,2022-23,,,,Award,All-Star,,,201942,DeMar DeRozan
201942.0,DeMar,DeRozan,Toronto Raptors,NBA Player of the Month,,2014-15,4/1/2015,,East,Award,Kia Motors,KIPMO,,201942,DeMar DeRozan
201942.0,DeMar,DeRozan,Toronto Raptors,NBA Player of the Month,,2015-16,1/1/2016,,East,Award,Kia Motors,KIPMO,,201942,DeMar DeRozan
201942.0,DeMar,DeRozan,Toronto Raptors,NBA Player of the Month,,2017-18,1/1/2018,,East,Award,Kia Motors,KIPMO,,201942,DeMar DeRozan
201942.0,DeMar,DeRozan,Chicago Bulls,NBA Player of the Month,,2021-22,2/1/2022,,East,Award,Kia Motors,KIPMO,,201942,DeMar DeRozan
201942.0,DeMar,DeRozan,Toronto Raptors,NBA Player of the Week,,2015-16,,2015-12-14T00:00:00,East,Award,Kia Motors,KIPWK,,201942,DeMar DeRozan
201942.0,DeMar,DeRozan,Toronto Raptors,NBA Player of the Week,,2016-17,,2016-11-14T00:00:00,East,Award,Kia Motors,KIPWK,,201942,DeMar DeRozan
201942.0,DeMar,DeRozan,Toronto Raptors,NBA Player of the Week,,2016-17,,2016-12-19T00:00:00,East,Award,Kia Motors,KIPWK,,201942,DeMar DeRozan
201942.0,DeMar,DeRozan,Toronto Raptors,NBA Player of the Week,,2016-17,,2017-01-16T00:00:00,East,Award,Kia Motors,KIPWK,,201942,DeMar DeRozan
201942.0,DeMar,DeRozan,Toronto Raptors,NBA Player of the Week,,2016-17,,2017-03-27T00:00:00,East,Award,Kia Motors,KIPWK,,201942,DeMar DeRozan
201942.0,DeMar,DeRozan,Toronto Raptors,NBA Player of the Week,,2017-18,,2017-11-13T00:00:00,East,Award,Kia Motors,KIPWK,,201942,DeMar DeRozan
201942.0,DeMar,DeRozan,Toronto Raptors,NBA Player of the Week,,2017-18,,2017-12-18T00:00:00,East,Award,Kia Motors,KIPWK,,201942,DeMar DeRozan
201942.0,DeMar,DeRozan,Toronto Raptors,NBA Player of the Week,,2017-18,,2018-01-01T00:00:00,East,Award,Kia Motors,KIPWK,,201942,DeMar DeRozan
201942.0,DeMar,DeRozan,Toronto Raptors,NBA Player of the Week,,2017-18,,2018-02-26T00:00:00,East,Award,Kia Motors,KIPWK,,201942,DeMar DeRozan
201942.0,DeMar,DeRozan,Toronto Raptors,NBA Player of the Week,,2017-18,,2018-03-05T00:00:00,East,Award,Kia Motors,KIPWK,,201942,DeMar DeRozan
201942.0,DeMar,DeRozan,San Antonio Spurs,NBA Player of the Week,,2019-20,,2020-01-06T00:00:00,West,Award,Kia Motors,KIPWK,,201942,DeMar DeRozan
201942.0,DeMar,DeRozan,Chicago Bulls,NBA Player of the Week,,2021-22,,2021-11-29T00:00:00,East,Award,Kia Motors,KIPWK,,201942,DeMar DeRozan
201942.0,DeMar,DeRozan,Chicago Bulls,NBA Player of the Week,,2021-22,,2021-12-27T00:00:00,East,Award,Kia Motors,KIPWK,,201942,DeMar DeRozan
201942.0,DeMar,DeRozan,Chicago Bulls,NBA Player of the Week,,2021-22,,2022-02-07T00:00:00,East,Award,Kia Motors,KIPWK,,201942,DeMar DeRozan
201942.0,DeMar,DeRozan,Chicago Bulls,NBA Player of the Week,,2023-24,,2024-03-04T00:00:00,East,Award,Kia Motors,KIPWK,,201942,DeMar DeRozan
201942.0,DeMar,DeRozan,USA,Olympic Gold Medal,,2016,,,,Award,Olympic,Gold,,201942,DeMar DeRozan
76548.0,Dutch,Dehnert,,Hall of Fame Inductee,,1969,,,,Award,Hall of Fame,,,76548,Red Dehnert
183.0,Bison,Dele,Chicago Bulls,NBA Champion,,1996-97,,,,Award,Champion,,,183,Bison Dele
2568.0,Carlos,Delfino,Argentina,Olympic Appearance,,2012,,,,Award,Olympic,Appearance,,2568,Carlos Delfino
2568.0,Carlos,Delfino,Argentina,Olympic Bronze Medal,,2008,,,,Award,Olympic,Bronze,,2568,Carlos Delfino
2568.0,Carlos,Delfino,Argentina,Olympic Gold Medal,,2004,,,,Award,Olympic,Gold,,2568,Carlos Delfino
203521.0,Matthew,Dellavedova,Cleveland Cavaliers,NBA Champion,,2015-16,,,,Award,Champion,,,203521,Matthew Dellavedova
76552.0,Fennis,Dembo,Detroit Pistons,NBA Champion,,1988-89,,,,Award,Champion,,,76552,Fennis Dembo
76555.0,George,Dempsey,Philadelphia Warriors,NBA Champion,,1955-56,,,,Award,Champion,,,76555,George Dempsey
2736.0,Luol,Deng,Chicago Bulls,All-Defensive Team,2,2011-12,,,1610612741,Award,Kia Motors,KIADT,,2736,Luol Deng
2736.0,Luol,Deng,Chicago Bulls,All-Rookie Team,1,2004-05,,,1610612741,Award,Kia Motors,KIART,,2736,Luol Deng
2736.0,Luol,Deng,,NBA All-Star,,2011-12,,,,Award,All-Star,,,2736,Luol Deng
2736.0,Luol,Deng,,NBA All-Star,,2012-13,,,,Award,All-Star,,,2736,Luol Deng
2736.0,Luol,Deng,Chicago Bulls,NBA Sportsmanship,,2006-07,,,,Award,Kia Motors,KSPRT,,2736,Luol Deng
2736.0,Luol,Deng,Great Britain,Olympic Appearance,,2012,,,,Award,Olympic,Appearance,,2736,Luol Deng
76568.0,Ernie,DiGregorio,Buffalo Braves,All-Rookie Team,1,1973-74,,,1610612746,Award,Kia Motors,KIART,,76568,Ernie DiGregorio
76568.0,Ernie,DiGregorio,Buffalo Braves,NBA Rookie of the Year,,1973-74,,,,Award,Kia Motors,KIROY,,76568,Ernie DiGregorio
76568.0,Ernie,DiGregorio,Buffalo Braves,NBA Sporting News Rookie of the Year,,1973-74,,,,Award,Sporting News,SNROY,,76568,Ernie DiGregorio
1628978.0,Donte,DiVincenzo,Milwaukee Bucks,NBA Champion,,2020-21,,,,Award,Champion,,,1628978,Donte DiVincenzo
1629603.0,Mamadi,Diakite,Milwaukee Bucks,NBA Champion,,2020-21,,,,Award,Champion,,,1629603,Mamadi Diakite
2564.0,Boris,Diaw,San Antonio Spurs,NBA Champion,,2013-14,,,,Award,Champion,,,2564,Boris Diaw
2564.0,Boris,Diaw,Phoenix Suns,NBA Most Improved Player,,2005-06,,,,Award,Kia Motors,KIMIP,,2564,Boris Diaw
2564.0,Boris,Diaw,France,Olympic Appearance,,2012,,,,Award,Olympic,Appearance,,2564,Boris Diaw
200821.0,Yakhouba,Diawara,France,Olympic Appearance,,2012,,,,Award,Olympic,Appearance,,200821,Yakhouba Diawara
1722.0,Michael,Dickerson,Houston Rockets,All-Rookie Team,2,1998-99,,,1610612745,Award,Kia Motors,KIART,,1722,Michael Dickerson
76564.0,Derrek,Dickey,Golden State Warriors,NBA Champion,,1974-75,,,,Award,Champion,,,76564,Derrek Dickey
203476.0,Gorgui,Dieng,Minnesota Timberwolves,All-Rookie Team,2,2013-14,,,1610612750,Award,Kia Motors,KIART,,203476,Gorgui Dieng
203476.0,Gorgui,Dieng,Minnesota Timberwolves,NBA Rookie of the Month,,2013-14,3/1/2014,,West,Award,Kia Motors,KIRMO,,203476,Gorgui Dieng
1631172.0,Ousmane,Dieng,Oklahoma City Thunder,NBA Champion,,2024-25,,,,Award,Champion,,,1631172,Ousmane Dieng
203915.0,Spencer,Dinwiddie,Brooklyn Nets,NBA Player of the Week,,2019-20,,2019-11-18T00:00:00,East,Award,Kia Motors,KIPWK,,203915,Spencer Dinwiddie
101113.0,Ike,Diogu,Nigeria,Olympic Appearance,,2012,,,,Award,Olympic,Appearance,,101113,Ike Diogu
76577.0,Terry,Dischinger,Chicago Bulls,All-Rookie Team,1,1962-63,,,1610612741,Award,Kia Motors,KIART,,76577,Terry Dischinger
76577.0,Terry,Dischinger,,NBA All-Star,,1962-63,,,,Award,All-Star,,,76577,Terry Dischinger
76577.0,Terry,Dischinger,,NBA All-Star,,1963-64,,,,Award,All-Star,,,76577,Terry Dischinger
76577.0,Terry,Dischinger,,NBA All-Star,,1964-65,,,,Award,All-Star,,,76577,Terry Dischinger
76577.0,Terry,Dischinger,Chicago Bulls,NBA Rookie of the Year,,1962-63,,,,Award,Kia Motors,KIROY,,76577,Terry Dischinger
76577.0,Terry,Dischinger,Chicago Bulls,NBA Sporting News Rookie of the Year,,1962-63,,,,Award,Sporting News,SNROY,,76577,Terry Dischinger
76577.0,Terry,Dischinger,USA,Olympic Gold Medal,,1960,,,,Award,Olympic,Gold,,76577,Terry Dischinger
124.0,Vlade,Divac,Los Angeles Lakers,All-Rookie Team,1,1989-90,,,1610612747,Award,Kia Motors,KIART,,124,Vlade Divac
124.0,Vlade,Divac,Sacramento Kings,J. Walter Kennedy Citizenship,,1999-00,,,,Award,Kia Motors,KIWKC,,124,Vlade Divac
124.0,Vlade,Divac,,NBA All-Star,,2000-01,,,,Award,All-Star,,,124,Vlade Divac
124.0,Vlade,Divac,Los Angeles Lakers,NBA Player of the Week,,1994-95,,1995-03-26T00:00:00,,Award,Kia Motors,KIPWK,,124,Vlade Divac
124.0,Vlade,Divac,Yugoslavia,Olympic Silver Medal,,1988,,,,Award,Olympic,Silver,,124,Vlade Divac
1720.0,Michael,Doleac,Orlando Magic,All-Rookie Team,2,1998-99,,,1610612753,Award,Kia Motors,KIART,,1720,Michael Doleac
1720.0,Michael,Doleac,Miami Heat,NBA Champion,,2005-06,,,,Award,Champion,,,1720,Michael Doleac
76583.0,James,Donaldson,,NBA All-Star,,1987-88,,,,Award,All-Star,,,76583,James Donaldson
1629029.0,Luka,Doncic,Dallas Mavericks,All-NBA,1,2019-20,,,West,Award,Kia Motors,KIANT,,1629029,Luka Dončić
1629029.0,Luka,Doncic,Dallas Mavericks,All-NBA,1,2020-21,,,West,Award,Kia Motors,KIANT,,1629029,Luka Dončić
1629029.0,Luka,Doncic,Dallas Mavericks,All-NBA,1,2021-22,,,West,Award,Kia Motors,KIANT,,1629029,Luka Dončić
1629029.0,Luka,Doncic,Dallas Mavericks,All-NBA,1,2022-23,,,West,Award,Kia Motors,KIANT,,1629029,Luka Dončić
1629029.0,Luka,Doncic,Dallas Mavericks,All-NBA,1,2023-24,,,West,Award,Kia Motors,KIANT,,1629029,Luka Dončić
1629029.0,Luka,Doncic,Dallas Mavericks,All-Rookie Team,1,2018-19,,,West,Award,Kia Motors,KIART,,1629029,Luka Dončić
1629029.0,Luka,Doncic,,NBA All-Star,,2019-20,,,,Award,All-Star,,,1629029,Luka Dončić
1629029.0,Luka,Doncic,,NBA All-Star,,2020-21,,,,Award,All-Star,,,1629029,Luka Dončić
1629029.0,Luka,Doncic,,NBA All-Star,,2021-22,,,,Award,All-Star,,,1629029,Luka Dončić
1629029.0,Luka,Doncic,,NBA All-Star,,2022-23,,,,Award,All-Star,,,1629029,Luka Dončić
1629029.0,Luka,Doncic,,NBA All-Star,,2023-24,,,,Award,All-Star,,,1629029,Luka Dončić
1629029.0,Luka,Doncic,,NBA All-Star,,2025-26,,,,Award,All-Star,,,1629029,Luka Dončić
1629029.0,Luka,Doncic,Dallas Mavericks,NBA Player of the Month,,2019-20,10/1/2019,,West,Award,Kia Motors,KIPMO,,1629029,Luka Dončić
1629029.0,Luka,Doncic,Dallas Mavericks,NBA Player of the Month,,2021-22,2/1/2022,,West,Award,Kia Motors,KIPMO,,1629029,Luka Dončić
1629029.0,Luka,Doncic,Dallas Mavericks,NBA Player of the Month,,2022-23,12/1/2022,,West,Award,Kia Motors,KIPMO,,1629029,Luka Dončić
1629029.0,Luka,Doncic,Dallas Mavericks,NBA Player of the Month,,2023-24,2/1/2024,,West,Award,Kia Motors,KIPMO,,1629029,Luka Dončić
1629029.0,Luka,Doncic,Dallas Mavericks,NBA Player of the Month,,2023-24,3/1/2024,,West,Award,Kia Motors,KIPMO,,1629029,Luka Dončić
1629029.0,Luka,Doncic,Los Angeles Lakers,NBA Player of the Month,,2025-26,1/1/2026,,West,Award,Kia Motors,KIPMO,,1629029,Luka Dončić
1629029.0,Luka,Doncic,Dallas Mavericks,NBA Player of the Week,,2019-20,,2019-11-18T00:00:00,West,Award,Kia Motors,KIPWK,,1629029,Luka Dončić
1629029.0,Luka,Doncic,Dallas Mavericks,NBA Player of the Week, ,2020-21,,2021-01-04T00:00:00,West,Award,Kia Motors,KIPWK,,1629029,Luka Dončić
1629029.0,Luka,Doncic,Dallas Mavericks,NBA Player of the Week,,2020-21,,2021-03-29T00:00:00,West,Award,Kia Motors,KIPWK,,1629029,Luka Dončić
1629029.0,Luka,Doncic,Dallas Mavericks,NBA Player of the Week,,2020-21,,2021-04-19T00:00:00,West,Award,Kia Motors,KIPWK,,1629029,Luka Dončić
1629029.0,Luka,Doncic,Dallas Mavericks,NBA Player of the Week,,2021-22,,2022-02-07T00:00:00,West,Award,Kia Motors,KIPWK,,1629029,Luka Dončić
1629029.0,Luka,Doncic,Dallas Mavericks,NBA Player of the Week,,2021-22,,2022-03-07T00:00:00,West,Award,Kia Motors,KIPWK,,1629029,Luka Dončić
1629029.0,Luka,Doncic,Dallas Mavericks,NBA Player of the Week,,2021-22,,2022-04-04T00:00:00,West,Award,Kia Motors,KIPWK,,1629029,Luka Dončić
1629029.0,Luka,Doncic,Dallas Mavericks,NBA Player of the Week,,2022-23,,2022-12-19T00:00:00,West,Award,Kia Motors,KIPWK,,1629029,Luka Dončić
1629029.0,Luka,Doncic,Dallas Mavericks,NBA Player of the Week,,2022-23,,2022-12-26T00:00:00,West,Award,Kia Motors,KIPWK,,1629029,Luka Dončić
1629029.0,Luka,Doncic,Dallas Mavericks,NBA Player of the Week,,2023-24,,2023-12-11T00:00:00,West,Award,Kia Motors,KIPWK,,1629029,Luka Dončić
1629029.0,Luka,Doncic,Dallas Mavericks,NBA Player of the Week,,2023-24,,2024-02-05T00:00:00,West,Award,Kia Motors,KIPWK,,1629029,Luka Dončić
1629029.0,Luka,Doncic,Dallas Mavericks,NBA Player of the Week,,2023-24,,2024-03-04T00:00:00,West,Award,Kia Motors,KIPWK,,1629029,Luka Dončić
1629029.0,Luka,Doncic,Dallas Mavericks,NBA Player of the Week,,2023-24,,2024-03-25T00:00:00,West,Award,Kia Motors,KIPWK,,1629029,Luka Dončić
1629029.0,Luka,Doncic,Dallas Mavericks,NBA Player of the Week,,2024-25,,2024-12-02T00:00:00,West,Award,Kia Motors,KIPWK,,1629029,Luka Dončić
1629029.0,Luka,Doncic,Los Angeles Lakers,NBA Player of the Week,,2025-26,,2025-11-24T00:00:00,West,Award,Kia Motors,KIPWK,,1629029,Luka Dončić
1629029.0,Luka,Doncic,Los Angeles Lakers,NBA Player of the Week,,2025-26,,2026-01-19T00:00:00,West,Award,Kia Motors,KIPWK,,1629029,Luka Dončić
1629029.0,Luka,Doncic,Dallas Mavericks,NBA Rookie of the Month,,2018-19,1/1/2019,1900-01-01T12:00:00,West,Award,Kia Motors,KIRMO,,1629029,Luka Dončić
1629029.0,Luka,Doncic,Dallas Mavericks,NBA Rookie of the Month,,2018-19,11/1/2018,1900-01-01T12:00:00,West,Award,Kia Motors,KIRMO,,1629029,Luka Dončić
1629029.0,Luka,Doncic,Dallas Mavericks,NBA Rookie of the Month,,2018-19,12/1/2018,1900-01-01T12:00:00,West,Award,Kia Motors,KIRMO,,1629029,Luka Dončić
1629029.0,Luka,Doncic,Dallas Mavericks,NBA Rookie of the Month,,2018-19,2/1/2019,1900-01-01T12:00:00,West,Award,Kia Motors,KIRMO,,1629029,Luka Dončić
1629029.0,Luka,Doncic,Dallas Mavericks,NBA Rookie of the Month,,2018-19,3/1/2019,1900-01-01T12:00:00,West,Award,Kia Motors,KIRMO,,1629029,Luka Dončić
1629029.0,Luka,Doncic,Dallas Mavericks,NBA Rookie of the Year,,2018-19,,,West,Award,Kia Motors,KIROY,,1629029,Luka Dončić
1629652.0,Luguentz,Dort,Oklahoma City Thunder,All-Defensive Team,1,2024-25,,,West,Award,Kia Motors,KIADT,,1629652,Luguentz Dort
1629652.0,Luguentz,Dort,Oklahoma City Thunder,NBA Champion,,2024-25,,,,Award,Champion,,,1629652,Luguentz Dort
1630245.0,Ayo,Dosunmu,Chicago Bulls,All-Rookie Team,2,2021-22,,,East,Award,Kia Motors,KIART,,1630245,Ayo Dosunmu
428.0,Sherman,Douglas,Miami Heat,All-Rookie Team,1,1989-90,,,1610612748,Award,Kia Motors,KIART,,428,Sherman Douglas
76594.0,Steve,Downing,Boston Celtics,NBA Champion,,1973-74,,,,Award,Champion,,,76594,Steve Downing
201609.0,Goran,Dragic,Phoenix Suns,All-NBA,3,2013-14,,,1610612756,Award,Kia Motors,KIANT,,201609,Goran Dragic
201609.0,Goran,Dragic,,NBA All-Star,,2017-18,,,,Award,All-Star,,,201609,Goran Dragic
201609.0,Goran,Dragic,Phoenix Suns,NBA Most Improved Player,,2013-14,,,,Award,Kia Motors,KIMIP,,201609,Goran Dragic
201609.0,Goran,Dragic,Houston Rockets,NBA Player of the Week,,2011-12,,2012-04-02T00:00:00,West,Award,Kia Motors,KIPWK,,201609,Goran Dragic
201609.0,Goran,Dragic,Phoenix Suns,NBA Player of the Week,,2013-14,,2014-02-03T00:00:00,West,Award,Kia Motors,KIPWK,,201609,Goran Dragic
201609.0,Goran,Dragic,Miami Heat,NBA Player of the Week,,2017-18,,2017-11-20T00:00:00,East,Award,Kia Motors,KIPWK,,201609,Goran Dragic
201609.0,Goran,Dragic,Miami Heat,NBA Player of the Week,,2017-18,,2018-01-08T00:00:00,East,Award,Kia Motors,KIPWK,,201609,Goran Dragic
76598.0,John,Drew,Atlanta Hawks,All-Rookie Team,1,1974-75,,,1610612737,Award,Kia Motors,KIART,,76598,John Drew
76598.0,John,Drew,,NBA All-Star,,1975-76,,,,Award,All-Star,,,76598,John Drew
76598.0,John,Drew,,NBA All-Star,,1979-80,,,,Award,All-Star,,,76598,John Drew
76598.0,John,Drew,Utah Jazz,NBA Player of the Week,,1982-83,,1983-03-06T00:00:00,,Award,Kia Motors,KIPWK,,76598,John Drew
76599.0,Larry,Drew,Kansas City Kings,NBA Player of the Month,,1982-83,12/01/1982,,,Award,Kia Motors,KIPMO,,76599,Larry Drew
17.0,Clyde,Drexler,Portland Trail Blazers,All-NBA,2,1987-88,,,1610612757,Award,Kia Motors,KIANT,,17,Clyde Drexler
17.0,Clyde,Drexler,Portland Trail Blazers,All-NBA,3,1989-90,,,1610612757,Award,Kia Motors,KIANT,,17,Clyde Drexler
17.0,Clyde,Drexler,Portland Trail Blazers,All-NBA,2,1990-91,,,1610612757,Award,Kia Motors,KIANT,,17,Clyde Drexler
17.0,Clyde,Drexler,Portland Trail Blazers,All-NBA,1,1991-92,,,1610612757,Award,Kia Motors,KIANT,,17,Clyde Drexler
17.0,Clyde,Drexler,Houston Rockets,All-NBA,3,1994-95,,,1610612745,Award,Kia Motors,KIANT,,17,Clyde Drexler
17.0,Clyde,Drexler,,Hall of Fame Inductee,,2004,,,,Award,Hall of Fame,,,17,Clyde Drexler
17.0,Clyde,Drexler,,NBA All-Star,,1985-86,,,,Award,All-Star,,,17,Clyde Drexler
17.0,Clyde,Drexler,,NBA All-Star,,1987-88,,,,Award,All-Star,,,17,Clyde Drexler
17.0,Clyde,Drexler,,NBA All-Star,,1988-89,,,,Award,All-Star,,,17,Clyde Drexler
17.0,Clyde,Drexler,,NBA All-Star,,1989-90,,,,Award,All-Star,,,17,Clyde Drexler
17.0,Clyde,Drexler,,NBA All-Star,,1990-91,,,,Award,All-Star,,,17,Clyde Drexler
17.0,Clyde,Drexler,,NBA All-Star,,1991-92,,,,Award,All-Star,,,17,Clyde Drexler
17.0,Clyde,Drexler,,NBA All-Star,,1992-93,,,,Award,All-Star,,,17,Clyde Drexler
17.0,Clyde,Drexler,,NBA All-Star,,1993-94,,,,Award,All-Star,,,17,Clyde Drexler
17.0,Clyde,Drexler,,NBA All-Star,,1995-96,,,,Award,All-Star,,,17,Clyde Drexler
17.0,Clyde,Drexler,,NBA All-Star,,1996-97,,,,Award,All-Star,,,17,Clyde Drexler
17.0,Clyde,Drexler,Houston Rockets,NBA Champion,,1994-95,,,,Award,Champion,,,17,Clyde Drexler
17.0,Clyde,Drexler,Portland Trail Blazers,NBA Player of the Month,,1991-92,11/01/1991,,,Award,Kia Motors,KIPMO,,17,Clyde Drexler
17.0,Clyde,Drexler,Portland Trail Blazers,NBA Player of the Week,,1985-86,,1986-01-05T00:00:00,,Award,Kia Motors,KIPWK,,17,Clyde Drexler
17.0,Clyde,Drexler,Portland Trail Blazers,NBA Player of the Week,,1987-88,,1987-11-29T00:00:00,,Award,Kia Motors,KIPWK,,17,Clyde Drexler
17.0,Clyde,Drexler,Portland Trail Blazers,NBA Player of the Week,,1987-88,,1987-12-06T00:00:00,,Award,Kia Motors,KIPWK,,17,Clyde Drexler
17.0,Clyde,Drexler,Portland Trail Blazers,NBA Player of the Week,,1987-88,,1988-03-13T00:00:00,,Award,Kia Motors,KIPWK,,17,Clyde Drexler
17.0,Clyde,Drexler,Portland Trail Blazers,NBA Player of the Week,,1988-89,,1988-12-25T00:00:00,,Award,Kia Motors,KIPWK,,17,Clyde Drexler
17.0,Clyde,Drexler,Portland Trail Blazers,NBA Player of the Week,,1988-89,,1989-04-09T00:00:00,,Award,Kia Motors,KIPWK,,17,Clyde Drexler
17.0,Clyde,Drexler,Portland Trail Blazers,NBA Player of the Week,,1989-90,,1989-11-26T00:00:00,,Award,Kia Motors,KIPWK,,17,Clyde Drexler
17.0,Clyde,Drexler,Portland Trail Blazers,NBA Player of the Week,,1990-91,,1990-11-18T00:00:00,,Award,Kia Motors,KIPWK,,17,Clyde Drexler
17.0,Clyde,Drexler,Portland Trail Blazers,NBA Player of the Week,,1990-91,,1991-03-31T00:00:00,,Award,Kia Motors,KIPWK,,17,Clyde Drexler
17.0,Clyde,Drexler,Portland Trail Blazers,NBA Player of the Week,,1990-91,,1991-04-14T00:00:00,,Award,Kia Motors,KIPWK,,17,Clyde Drexler
17.0,Clyde,Drexler,Houston Rockets,NBA Player of the Week,,1994-95,,1995-04-09T00:00:00,,Award,Kia Motors,KIPWK,,17,Clyde Drexler
17.0,Clyde,Drexler,USA,Olympic Gold Medal,,1992,,,,Award,Olympic,Gold,,17,Clyde Drexler
203083.0,Andre,Drummond,Detroit Pistons,All-NBA,3,2015-16,,,East,Award,Kia Motors,KIANT,,203083,Andre Drummond
203083.0,Andre,Drummond,Detroit Pistons,All-Rookie Team,2,2012-13,,,1610612765,Award,Kia Motors,KIART,,203083,Andre Drummond
203083.0,Andre,Drummond,,NBA All-Star,,2015-16,,,,Award,All-Star,,,203083,Andre Drummond
203083.0,Andre,Drummond,,NBA All-Star,,2017-18,,,,Award,All-Star,,,203083,Andre Drummond
203083.0,Andre,Drummond,Detroit Pistons,NBA Player of the Week,,2015-16,,2015-11-02T00:00:00,East,Award,Kia Motors,KIPWK,,203083,Andre Drummond
203083.0,Andre,Drummond,Detroit Pistons,NBA Player of the Week,,2015-16,,2015-11-09T00:00:00,East,Award,Kia Motors,KIPWK,,203083,Andre Drummond
203083.0,Andre,Drummond,Detroit Pistons,NBA Player of the Week,,2017-18,,2018-01-29T00:00:00,East,Award,Kia Motors,KIPWK,,203083,Andre Drummond
203083.0,Andre,Drummond,Detroit Pistons,NBA Player of the Week,,2018-19,,2019-03-04T00:00:00,East,Award,Kia Motors,KIPWK,,203083,Andre Drummond
203083.0,Andre,Drummond,Detroit Pistons,NBA Player of the Week,,2018-19,,2019-03-25T00:00:00,East,Award,Kia Motors,KIPWK,,203083,Andre Drummond
1630537.0,Chris,Duarte,Indiana Pacers,All-Rookie Team,2,2021-22,,,East,Award,Kia Motors,KIART,,1630537,Chris Duarte
1642505.0,Alex,Ducas,Oklahoma City Thunder,NBA Champion,,2024-25,,,,Award,Champion,,,1642505,Alex Ducas
404.0,Kevin,Duckworth,,NBA All-Star,,1988-89,,,,Award,All-Star,,,404,Kevin Duckworth
404.0,Kevin,Duckworth,,NBA All-Star,,1990-91,,,,Award,All-Star,,,404,Kevin Duckworth
404.0,Kevin,Duckworth,Portland Trail Blazers,NBA Most Improved Player,,1987-88,,,,Award,Kia Motors,KIMIP,,404,Kevin Duckworth
76607.0,Charles,Dudley,Golden State Warriors,NBA Champion,,1974-75,,,,Award,Champion,,,76607,Charles Dudley
201.0,Chris,Dudley,Portland Trail Blazers,J. Walter Kennedy Citizenship,,1995-96,,,,Award,Kia Motors,KIWKC,,201,Chris Dudley
201162.0,Jared,Dudley,Los Angeles Lakers,NBA Champion,,2019-20,,,,Award,Champion,,,201162,Jared Dudley
76608.0,Terry,Duerod,Boston Celtics,NBA Champion,,1980-81,,,,Award,Champion,,,76608,Terry Duerod
76611.0,Walter,Dukes,,NBA All-Star,,1959-60,,,,Award,All-Star,,,76611,Walter Dukes
76611.0,Walter,Dukes,,NBA All-Star,,1960-61,,,,Award,All-Star,,,76611,Walter Dukes
247.0,Joe,Dumars,Detroit Pistons,All-Defensive Team,1,1988-89,,,1610612765,Award,Kia Motors,KIADT,,247,Joe Dumars
247.0,Joe,Dumars,Detroit Pistons,All-Defensive Team,1,1989-90,,,1610612765,Award,Kia Motors,KIADT,,247,Joe Dumars
247.0,Joe,Dumars,Detroit Pistons,All-Defensive Team,2,1990-91,,,1610612765,Award,Kia Motors,KIADT,,247,Joe Dumars
247.0,Joe,Dumars,Detroit Pistons,All-Defensive Team,1,1991-92,,,1610612765,Award,Kia Motors,KIADT,,247,Joe Dumars
247.0,Joe,Dumars,Detroit Pistons,All-Defensive Team,1,1992-93,,,1610612765,Award,Kia Motors,KIADT,,247,Joe Dumars
247.0,Joe,Dumars,Detroit Pistons,All-NBA,3,1989-90,,,1610612765,Award,Kia Motors,KIANT,,247,Joe Dumars
247.0,Joe,Dumars,Detroit Pistons,All-NBA,3,1990-91,,,1610612765,Award,Kia Motors,KIANT,,247,Joe Dumars
247.0,Joe,Dumars,Detroit Pistons,All-NBA,2,1992-93,,,1610612765,Award,Kia Motors,KIANT,,247,Joe Dumars
247.0,Joe,Dumars,Detroit Pistons,All-Rookie Team,1,1985-86,,,1610612765,Award,Kia Motors,KIART,,247,Joe Dumars
247.0,Joe,Dumars,,Hall of Fame Inductee,,2006,,,,Award,Hall of Fame,,,247,Joe Dumars
247.0,Joe,Dumars,Detroit Pistons,J. Walter Kennedy Citizenship,,1993-94,,,,Award,Kia Motors,KIWKC,,247,Joe Dumars
247.0,Joe,Dumars,,NBA All-Star,,1989-90,,,,Award,All-Star,,,247,Joe Dumars
247.0,Joe,Dumars,,NBA All-Star,,1990-91,,,,Award,All-Star,,,247,Joe Dumars
247.0,Joe,Dumars,,NBA All-Star,,1991-92,,,,Award,All-Star,,,247,Joe Dumars
247.0,Joe,Dumars,,NBA All-Star,,1992-93,,,,Award,All-Star,,,247,Joe Dumars
247.0,Joe,Dumars,,NBA All-Star,,1994-95,,,,Award,All-Star,,,247,Joe Dumars
247.0,Joe,Dumars,,NBA All-Star,,1996-97,,,,Award,All-Star,,,247,Joe Dumars
247.0,Joe,Dumars,Detroit Pistons,NBA Champion,,1988-89,,,,Award,Champion,,,247,Joe Dumars
247.0,Joe,Dumars,Detroit Pistons,NBA Champion,,1989-90,,,,Award,Champion,,,247,Joe Dumars
247.0,Joe,Dumars,Detroit Pistons,NBA Finals Most Valuable Player,,1988-89,,,,Award,Kia Motors,KFMVP,,247,Joe Dumars
247.0,Joe,Dumars,Detroit Pistons,NBA Player of the Week,,1991-92,,1992-03-15T00:00:00,,Award,Kia Motors,KIPWK,,247,Joe Dumars
247.0,Joe,Dumars,Detroit Pistons,NBA Player of the Week,,1993-94,,1994-03-13T00:00:00,,Award,Kia Motors,KIPWK,,247,Joe Dumars
247.0,Joe,Dumars,Detroit Pistons,NBA Sportsmanship,,1995-96,,,,Award,Kia Motors,KSPRT,,247,Joe Dumars
30.0,Richard,Dumas,Phoenix Suns,All-Rookie Team,2,1992-93,,,1610612756,Award,Kia Motors,KIART,,30,Richard Dumas
1495.0,Tim,Duncan,San Antonio Spurs,All-Defensive Team,2,1997-98,,,1610612759,Award,Kia Motors,KIADT,,1495,Tim Duncan
1495.0,Tim,Duncan,San Antonio Spurs,All-Defensive Team,1,1998-99,,,1610612759,Award,Kia Motors,KIADT,,1495,Tim Duncan
1495.0,Tim,Duncan,San Antonio Spurs,All-Defensive Team,1,1999-00,,,1610612759,Award,Kia Motors,KIADT,,1495,Tim Duncan
1495.0,Tim,Duncan,San Antonio Spurs,All-Defensive Team,1,2000-01,,,1610612759,Award,Kia Motors,KIADT,,1495,Tim Duncan
1495.0,Tim,Duncan,San Antonio Spurs,All-Defensive Team,1,2001-02,,,1610612759,Award,Kia Motors,KIADT,,1495,Tim Duncan
1495.0,Tim,Duncan,San Antonio Spurs,All-Defensive Team,1,2002-03,,,1610612759,Award,Kia Motors,KIADT,,1495,Tim Duncan
1495.0,Tim,Duncan,San Antonio Spurs,All-Defensive Team,2,2003-04,,,1610612759,Award,Kia Motors,KIADT,,1495,Tim Duncan
1495.0,Tim,Duncan,San Antonio Spurs,All-Defensive Team,1,2004-05,,,1610612759,Award,Kia Motors,KIADT,,1495,Tim Duncan
1495.0,Tim,Duncan,San Antonio Spurs,All-Defensive Team,2,2005-06,,,1610612759,Award,Kia Motors,KIADT,,1495,Tim Duncan
1495.0,Tim,Duncan,San Antonio Spurs,All-Defensive Team,1,2006-07,,,1610612759,Award,Kia Motors,KIADT,,1495,Tim Duncan
1495.0,Tim,Duncan,San Antonio Spurs,All-Defensive Team,1,2007-08,,,1610612759,Award,Kia Motors,KIADT,,1495,Tim Duncan
1495.0,Tim,Duncan,San Antonio Spurs,All-Defensive Team,2,2008-09,,,1610612759,Award,Kia Motors,KIADT,,1495,Tim Duncan
1495.0,Tim,Duncan,San Antonio Spurs,All-Defensive Team,2,2009-10,,,1610612759,Award,Kia Motors,KIADT,,1495,Tim Duncan
1495.0,Tim,Duncan,San Antonio Spurs,All-Defensive Team,2,2012-13,,,1610612759,Award,Kia Motors,KIADT,,1495,Tim Duncan
1495.0,Tim,Duncan,San Antonio Spurs,All-Defensive Team,2,2014-15,,,1610612759,Award,Kia Motors,KIADT,,1495,Tim Duncan
1495.0,Tim,Duncan,San Antonio Spurs,All-NBA,1,1997-98,,,1610612759,Award,Kia Motors,KIANT,,1495,Tim Duncan
1495.0,Tim,Duncan,San Antonio Spurs,All-NBA,1,1998-99,,,1610612759,Award,Kia Motors,KIANT,,1495,Tim Duncan
1495.0,Tim,Duncan,San Antonio Spurs,All-NBA,1,1999-00,,,1610612759,Award,Kia Motors,KIANT,,1495,Tim Duncan
1495.0,Tim,Duncan,San Antonio Spurs,All-NBA,1,2000-01,,,1610612759,Award,Kia Motors,KIANT,,1495,Tim Duncan
1495.0,Tim,Duncan,San Antonio Spurs,All-NBA,1,2001-02,,,1610612759,Award,Kia Motors,KIANT,,1495,Tim Duncan
1495.0,Tim,Duncan,San Antonio Spurs,All-NBA,1,2002-03,,,1610612759,Award,Kia Motors,KIANT,,1495,Tim Duncan
1495.0,Tim,Duncan,San Antonio Spurs,All-NBA,1,2003-04,,,1610612759,Award,Kia Motors,KIANT,,1495,Tim Duncan
1495.0,Tim,Duncan,San Antonio Spurs,All-NBA,1,2004-05,,,1610612759,Award,Kia Motors,KIANT,,1495,Tim Duncan
1495.0,Tim,Duncan,San Antonio Spurs,All-NBA,2,2005-06,,,1610612759,Award,Kia Motors,KIANT,,1495,Tim Duncan
1495.0,Tim,Duncan,San Antonio Spurs,All-NBA,1,2006-07,,,1610612759,Award,Kia Motors,KIANT,,1495,Tim Duncan
1495.0,Tim,Duncan,San Antonio Spurs,All-NBA,2,2007-08,,,1610612759,Award,Kia Motors,KIANT,,1495,Tim Duncan
1495.0,Tim,Duncan,San Antonio Spurs,All-NBA,2,2008-09,,,1610612759,Award,Kia Motors,KIANT,,1495,Tim Duncan
1495.0,Tim,Duncan,San Antonio Spurs,All-NBA,3,2009-10,,,1610612759,Award,Kia Motors,KIANT,,1495,Tim Duncan
1495.0,Tim,Duncan,San Antonio Spurs,All-NBA,1,2012-13,,,1610612759,Award,Kia Motors,KIANT,,1495,Tim Duncan
1495.0,Tim,Duncan,San Antonio Spurs,All-NBA,3,2014-15,,,1610612759,Award,Kia Motors,KIANT,,1495,Tim Duncan
1495.0,Tim,Duncan,San Antonio Spurs,All-Rookie Team,1,1997-98,,,1610612759,Award,Kia Motors,KIART,,1495,Tim Duncan
1495.0,Tim,Duncan,San Antonio Spurs,IBM Award,,2001-02,,,,Award,IBM,IBMAW,,1495,Tim Duncan
1495.0,Tim,Duncan,,NBA All-Star,,1997-98,,,,Award,All-Star,,,1495,Tim Duncan
1495.0,Tim,Duncan,,NBA All-Star,,1999-00,,,,Award,All-Star,,,1495,Tim Duncan
1495.0,Tim,Duncan,,NBA All-Star,,2000-01,,,,Award,All-Star,,,1495,Tim Duncan
1495.0,Tim,Duncan,,NBA All-Star,,2001-02,,,,Award,All-Star,,,1495,Tim Duncan
1495.0,Tim,Duncan,,NBA All-Star,,2002-03,,,,Award,All-Star,,,1495,Tim Duncan
1495.0,Tim,Duncan,,NBA All-Star,,2003-04,,,,Award,All-Star,,,1495,Tim Duncan
1495.0,Tim,Duncan,,NBA All-Star,,2004-05,,,,Award,All-Star,,,1495,Tim Duncan
1495.0,Tim,Duncan,,NBA All-Star,,2005-06,,,,Award,All-Star,,,1495,Tim Duncan
1495.0,Tim,Duncan,,NBA All-Star,,2006-07,,,,Award,All-Star,,,1495,Tim Duncan
1495.0,Tim,Duncan,,NBA All-Star,,2007-08,,,,Award,All-Star,,,1495,Tim Duncan
1495.0,Tim,Duncan,,NBA All-Star,,2008-09,,,,Award,All-Star,,,1495,Tim Duncan
1495.0,Tim,Duncan,,NBA All-Star,,2009-10,,,,Award,All-Star,,,1495,Tim Duncan
1495.0,Tim,Duncan,,NBA All-Star,,2010-11,,,,Award,All-Star,,,1495,Tim Duncan
1495.0,Tim,Duncan,,NBA All-Star,,2012-13,,,,Award,All-Star,,,1495,Tim Duncan
1495.0,Tim,Duncan,,NBA All-Star,,2014-15,,,,Award,All-Star,,,1495,Tim Duncan
1495.0,Tim,Duncan,San Antonio Spurs,NBA All-Star Most Valuable Player,,1999-00,,,,Award,Kia Motors,KAMVP,,1495,Tim Duncan
1495.0,Tim,Duncan,San Antonio Spurs,NBA Champion,,1998-99,,,,Award,Champion,,,1495,Tim Duncan
1495.0,Tim,Duncan,San Antonio Spurs,NBA Champion,,2002-03,,,,Award,Champion,,,1495,Tim Duncan
1495.0,Tim,Duncan,San Antonio Spurs,NBA Champion,,2004-05,,,,Award,Champion,,,1495,Tim Duncan
1495.0,Tim,Duncan,San Antonio Spurs,NBA Champion,,2006-07,,,,Award,Champion,,,1495,Tim Duncan
1495.0,Tim,Duncan,San Antonio Spurs,NBA Champion,,2013-14,,,,Award,Champion,,,1495,Tim Duncan
1495.0,Tim,Duncan,San Antonio Spurs,NBA Finals Most Valuable Player,,1998-99,,,,Award,Kia Motors,KFMVP,,1495,Tim Duncan
1495.0,Tim,Duncan,San Antonio Spurs,NBA Finals Most Valuable Player,,2002-03,,,,Award,Kia Motors,KFMVP,,1495,Tim Duncan
1495.0,Tim,Duncan,San Antonio Spurs,NBA Finals Most Valuable Player,,2004-05,,,,Award,Kia Motors,KFMVP,,1495,Tim Duncan
1495.0,Tim,Duncan,San Antonio Spurs,NBA Most Valuable Player,,2001-02,,,,Award,Kia Motors,KIMVP,,1495,Tim Duncan
1495.0,Tim,Duncan,San Antonio Spurs,NBA Most Valuable Player,,2002-03,,,,Award,Kia Motors,KIMVP,,1495,Tim Duncan
1495.0,Tim,Duncan,San Antonio Spurs,NBA Player of the Month,,1998-99,03/01/1999,,,Award,Kia Motors,KIPMO,,1495,Tim Duncan
1495.0,Tim,Duncan,San Antonio Spurs,NBA Player of the Month,,2001-02,04/01/2002,,West,Award,Kia Motors,KIPMO,,1495,Tim Duncan
1495.0,Tim,Duncan,San Antonio Spurs,NBA Player of the Month,,2001-02,12/01/2001,,West,Award,Kia Motors,KIPMO,,1495,Tim Duncan
1495.0,Tim,Duncan,San Antonio Spurs,NBA Player of the Week,,1997-98,,1998-03-01T00:00:00,,Award,Kia Motors,KIPWK,,1495,Tim Duncan
1495.0,Tim,Duncan,San Antonio Spurs,NBA Player of the Week,,1998-99,,1999-03-07T00:00:00,,Award,Kia Motors,KIPWK,,1495,Tim Duncan
1495.0,Tim,Duncan,San Antonio Spurs,NBA Player of the Week,,1999-00,,1999-11-28T00:00:00,,Award,Kia Motors,KIPWK,,1495,Tim Duncan
1495.0,Tim,Duncan,San Antonio Spurs,NBA Player of the Week,,1999-00,,2000-04-03T00:00:00,,Award,Kia Motors,KIPWK,,1495,Tim Duncan
1495.0,Tim,Duncan,San Antonio Spurs,NBA Player of the Week,,2000-01,,2001-01-28T00:00:00,,Award,Kia Motors,KIPWK,,1495,Tim Duncan
1495.0,Tim,Duncan,San Antonio Spurs,NBA Player of the Week,,2001-02,,2001-11-11T00:00:00,West,Award,Kia Motors,KIPWK,,1495,Tim Duncan
1495.0,Tim,Duncan,San Antonio Spurs,NBA Player of the Week,,2001-02,,2001-11-25T00:00:00,West,Award,Kia Motors,KIPWK,,1495,Tim Duncan
1495.0,Tim,Duncan,San Antonio Spurs,NBA Player of the Week,,2001-02,,2001-12-30T00:00:00,West,Award,Kia Motors,KIPWK,,1495,Tim Duncan
1495.0,Tim,Duncan,San Antonio Spurs,NBA Player of the Week,,2001-02,,2002-03-17T00:00:00,West,Award,Kia Motors,KIPWK,,1495,Tim Duncan
1495.0,Tim,Duncan,San Antonio Spurs,NBA Player of the Week,,2001-02,,2002-03-24T00:00:00,West,Award,Kia Motors,KIPWK,,1495,Tim Duncan
1495.0,Tim,Duncan,San Antonio Spurs,NBA Player of the Week,,2001-02,,2002-04-07T00:00:00,West,Award,Kia Motors,KIPWK,,1495,Tim Duncan
1495.0,Tim,Duncan,San Antonio Spurs,NBA Player of the Week,,2002-03,,2002-12-22T00:00:00,West,Award,Kia Motors,KIPWK,,1495,Tim Duncan
1495.0,Tim,Duncan,San Antonio Spurs,NBA Player of the Week,,2002-03,,2002-12-29T00:00:00,West,Award,Kia Motors,KIPWK,,1495,Tim Duncan
1495.0,Tim,Duncan,San Antonio Spurs,NBA Player of the Week,,2002-03,,2003-01-26T00:00:00,West,Award,Kia Motors,KIPWK,,1495,Tim Duncan
1495.0,Tim,Duncan,San Antonio Spurs,NBA Player of the Week,,2002-03,,2003-02-16T00:00:00,West,Award,Kia Motors,KIPWK,,1495,Tim Duncan
1495.0,Tim,Duncan,San Antonio Spurs,NBA Player of the Week,,2002-03,,2003-03-30T00:00:00,West,Award,Kia Motors,KIPWK,,1495,Tim Duncan
1495.0,Tim,Duncan,San Antonio Spurs,NBA Player of the Week,,2003-04,,2004-02-08T00:00:00,West,Award,Kia Motors,KIPWK,,1495,Tim Duncan
1495.0,Tim,Duncan,San Antonio Spurs,NBA Player of the Week,,2006-07,,2007-04-08T00:00:00,West,Award,Kia Motors,KIPWK,,1495,Tim Duncan
1495.0,Tim,Duncan,San Antonio Spurs,NBA Player of the Week,,2008-09,,2008-12-15T00:00:00,West,Award,Kia Motors,KIPWK,,1495,Tim Duncan
1495.0,Tim,Duncan,San Antonio Spurs,NBA Player of the Week,,2009-10,,2009-11-30T00:00:00,West,Award,Kia Motors,KIPWK,,1495,Tim Duncan
1495.0,Tim,Duncan,San Antonio Spurs,NBA Player of the Week,,2012-13,,2012-11-19T00:00:00,West,Award,Kia Motors,KIPWK,,1495,Tim Duncan
1495.0,Tim,Duncan,San Antonio Spurs,NBA Player of the Week,,2013-14,,2014-03-31T00:00:00,West,Award,Kia Motors,KIPWK,,1495,Tim Duncan
1495.0,Tim,Duncan,San Antonio Spurs,NBA Player of the Week,,2014-15,,2015-04-06T00:00:00,West,Award,Kia Motors,KIPWK,,1495,Tim Duncan
1495.0,Tim,Duncan,San Antonio Spurs,NBA Rookie of the Month,,1997-98,01/01/1998,,,Award,Kia Motors,KIRMO,,1495,Tim Duncan
1495.0,Tim,Duncan,San Antonio Spurs,NBA Rookie of the Month,,1997-98,02/01/1998,,,Award,Kia Motors,KIRMO,,1495,Tim Duncan
1495.0,Tim,Duncan,San Antonio Spurs,NBA Rookie of the Month,,1997-98,03/01/1998,,,Award,Kia Motors,KIRMO,,1495,Tim Duncan
1495.0,Tim,Duncan,San Antonio Spurs,NBA Rookie of the Month,,1997-98,04/01/1998,,,Award,Kia Motors,KIRMO,,1495,Tim Duncan
1495.0,Tim,Duncan,San Antonio Spurs,NBA Rookie of the Month,,1997-98,11/01/1997,,,Award,Kia Motors,KIRMO,,1495,Tim Duncan
1495.0,Tim,Duncan,San Antonio Spurs,NBA Rookie of the Month,,1997-98,12/01/1997,,,Award,Kia Motors,KIRMO,,1495,Tim Duncan
1495.0,Tim,Duncan,San Antonio Spurs,NBA Rookie of the Year,,1997-98,,,,Award,Kia Motors,KIROY,,1495,Tim Duncan
1495.0,Tim,Duncan,San Antonio Spurs,NBA Sporting News Most Valuable Player of the Year,,2001-02,,,,Award,Sporting News,SNMVP,,1495,Tim Duncan
1495.0,Tim,Duncan,San Antonio Spurs,NBA Sporting News Most Valuable Player of the Year,,2002-03,,,,Award,Sporting News,SNMVP,,1495,Tim Duncan
1495.0,Tim,Duncan,San Antonio Spurs,NBA Sporting News Rookie of the Year,,1997-98,,,,Award,Sporting News,SNROY,,1495,Tim Duncan
1495.0,Tim,Duncan,USA,Olympic Bronze Medal,,2004,,,,Award,Olympic,Bronze,,1495,Tim Duncan
76616.0,Mike,Dunleavy,Houston Rockets,NBA Player of the Week,,1980-81,,1980-12-07T00:00:00,,Award,Kia Motors,KIPWK,,76616,Mike Dunleavy
76618.0,TR,Dunn,Denver Nuggets,All-Defensive Team,2,1982-83,,,1610612743,Award,Kia Motors,KIADT,,76618,T.R. Dunn
76618.0,TR,Dunn,Denver Nuggets,All-Defensive Team,2,1983-84,,,1610612743,Award,Kia Motors,KIADT,,76618,T.R. Dunn
76618.0,TR,Dunn,Denver Nuggets,All-Defensive Team,2,1984-85,,,1610612743,Award,Kia Motors,KIADT,,76618,T.R. Dunn
201142.0,Kevin,Durant,Oklahoma City Thunder,All-NBA,1,2009-10,,,1610612760,Award,Kia Motors,KIANT,,201142,Kevin Durant
201142.0,Kevin,Durant,Oklahoma City Thunder,All-NBA,1,2010-11,,,1610612760,Award,Kia Motors,KIANT,,201142,Kevin Durant
201142.0,Kevin,Durant,Oklahoma City Thunder,All-NBA,1,2011-12,,,1610612760,Award,Kia Motors,KIANT,,201142,Kevin Durant
201142.0,Kevin,Durant,Oklahoma City Thunder,All-NBA,1,2012-13,,,1610612760,Award,Kia Motors,KIANT,,201142,Kevin Durant
201142.0,Kevin,Durant,Oklahoma City Thunder,All-NBA,1,2013-14,,,1610612760,Award,Kia Motors,KIANT,,201142,Kevin Durant
201142.0,Kevin,Durant,Oklahoma City Thunder,All-NBA,2,2015-16,,,West,Award,Kia Motors,KIANT,,201142,Kevin Durant
201142.0,Kevin,Durant,Golden State Warriors,All-NBA,2,2016-17,,,West,Award,Kia Motors,KIANT,,201142,Kevin Durant
201142.0,Kevin,Durant,Golden State Warriors,All-NBA,1,2017-18,,,West,Award,Kia Motors,KIANT,,201142,Kevin Durant
201142.0,Kevin,Durant,Golden State Warriors,All-NBA,2,2018-19,,,West,Award,Kia Motors,KIANT,,201142,Kevin Durant
201142.0,Kevin,Durant,Brooklyn Nets,All-NBA,2,2021-22,,,East,Award,Kia Motors,KIANT,,201142,Kevin Durant
201142.0,Kevin,Durant,Phoenix Suns,All-NBA,2,2023-24,,,West,Award,Kia Motors,KIANT,,201142,Kevin Durant
201142.0,Kevin,Durant,Seattle SuperSonics,All-Rookie Team,1,2007-08,,,1610612760,Award,Kia Motors,KIART,,201142,Kevin Durant
201142.0,Kevin,Durant,,NBA All-Star,,2009-10,,,,Award,All-Star,,,201142,Kevin Durant
201142.0,Kevin,Durant,,NBA All-Star,,2010-11,,,,Award,All-Star,,,201142,Kevin Durant
201142.0,Kevin,Durant,,NBA All-Star,,2011-12,,,,Award,All-Star,,,201142,Kevin Durant
201142.0,Kevin,Durant,,NBA All-Star,,2012-13,,,,Award,All-Star,,,201142,Kevin Durant
201142.0,Kevin,Durant,,NBA All-Star,,2013-14,,,,Award,All-Star,,,201142,Kevin Durant
201142.0,Kevin,Durant,,NBA All-Star,,2014-15,,,,Award,All-Star,,,201142,Kevin Durant
201142.0,Kevin,Durant,,NBA All-Star,,2015-16,,,,Award,All-Star,,,201142,Kevin Durant
201142.0,Kevin,Durant,,NBA All-Star,,2016-17,,,,Award,All-Star,,,201142,Kevin Durant
201142.0,Kevin,Durant,,NBA All-Star,,2017-18,,,,Award,All-Star,,,201142,Kevin Durant
201142.0,Kevin,Durant,,NBA All-Star,,2018-19,,,,Award,All-Star,,,201142,Kevin Durant
201142.0,Kevin,Durant,,NBA All-Star,,2020-21,,,,Award,All-Star,,,201142,Kevin Durant
201142.0,Kevin,Durant,,NBA All-Star,,2021-22,,,,Award,All-Star,,,201142,Kevin Durant
201142.0,Kevin,Durant,,NBA All-Star,,2022-23,,,,Award,All-Star,,,201142,Kevin Durant
201142.0,Kevin,Durant,,NBA All-Star,,2023-24,,,,Award,All-Star,,,201142,Kevin Durant
201142.0,Kevin,Durant,,NBA All-Star,,2024-25,,,,Award,All-Star,,,201142,Kevin Durant
201142.0,Kevin,Durant,,NBA All-Star,,2025-26,,,,Award,All-Star,,,201142,Kevin Durant
201142.0,Kevin,Durant,Oklahoma City Thunder,NBA All-Star Most Valuable Player,,2011-12,,,,Award,Kia Motors,KAMVP,,201142,Kevin Durant
201142.0,Kevin,Durant,Golden State Warriors,NBA All-Star Most Valuable Player,,2018-19,,,,Award,Kia Motors,KAMVP,,201142,Kevin Durant
201142.0,Kevin,Durant,Golden State Warriors,NBA Champion,,2016-17,,,,Award,Champion,,,201142,Kevin Durant
201142.0,Kevin,Durant,Golden State Warriors,NBA Champion,,2017-18,,,,Award,Champion,,,201142,Kevin Durant
201142.0,Kevin,Durant,Phoenix Suns,NBA Cup All-Tournament Team,1,2023-24,,,West,Award,Emirates,EMATT,,201142,Kevin Durant
201142.0,Kevin,Durant,Golden State Warriors,NBA Finals Most Valuable Player,,2016-17,,,,Award,Kia Motors,KFMVP,,201142,Kevin Durant
201142.0,Kevin,Durant,Golden State Warriors,NBA Finals Most Valuable Player,,2017-18,,,,Award,Kia Motors,KFMVP,,201142,Kevin Durant
201142.0,Kevin,Durant,Oklahoma City Thunder,NBA Most Valuable Player,,2013-14,,,,Award,Kia Motors,KIMVP,,201142,Kevin Durant
201142.0,Kevin,Durant,Oklahoma City Thunder,NBA Player of the Month,,2009-10,04/01/2010,,West,Award,Kia Motors,KIPMO,,201142,Kevin Durant
201142.0,Kevin,Durant,Oklahoma City Thunder,NBA Player of the Month,,2010-11,04/01/2011,,West,Award,Kia Motors,KIPMO,,201142,Kevin Durant
201142.0,Kevin,Durant,Oklahoma City Thunder,NBA Player of the Month,,2010-11,12/01/2010,,West,Award,Kia Motors,KIPMO,,201142,Kevin Durant
201142.0,Kevin,Durant,Oklahoma City Thunder,NBA Player of the Month,,2011-12,02/01/2012,,West,Award,Kia Motors,KIPMO,,201142,Kevin Durant
201142.0,Kevin,Durant,Oklahoma City Thunder,NBA Player of the Month,,2011-12,03/01/2012,,West,Award,Kia Motors,KIPMO,,201142,Kevin Durant
201142.0,Kevin,Durant,Oklahoma City Thunder,NBA Player of the Month,,2012-13,03/01/2013,,West,Award,Kia Motors,KIPMO,,201142,Kevin Durant
201142.0,Kevin,Durant,Oklahoma City Thunder,NBA Player of the Month,,2013-14,1/1/2014,,West,Award,Kia Motors,KIPMO,,201142,Kevin Durant
201142.0,Kevin,Durant,Oklahoma City Thunder,NBA Player of the Month,,2013-14,11/1/2013,,West,Award,Kia Motors,KIPMO,,201142,Kevin Durant
201142.0,Kevin,Durant,Oklahoma City Thunder,NBA Player of the Month,,2013-14,12/1/2013,,West,Award,Kia Motors,KIPMO,,201142,Kevin Durant
201142.0,Kevin,Durant,Oklahoma City Thunder,NBA Player of the Month,,2013-14,3/1/2014,,West,Award,Kia Motors,KIPMO,,201142,Kevin Durant
201142.0,Kevin,Durant,Oklahoma City Thunder,NBA Player of the Month,,2015-16,1/1/2016,,West,Award,Kia Motors,KIPMO,,201142,Kevin Durant
201142.0,Kevin,Durant,Oklahoma City Thunder,NBA Player of the Month,,2015-16,12/1/2015,,West,Award,Kia Motors,KIPMO,,201142,Kevin Durant
201142.0,Kevin,Durant,Golden State Warriors,NBA Player of the Month,,2016-17,1/1/2017,,West,Award,Kia Motors,KIPMO,,201142,Kevin Durant
201142.0,Kevin,Durant,Brooklyn Nets,NBA Player of the Month,,2021-22,11/1/2021,,East,Award,Kia Motors,KIPMO,,201142,Kevin Durant
201142.0,Kevin,Durant,Oklahoma City Thunder,NBA Player of the Week,,2009-10,,2010-01-04T00:00:00,West,Award,Kia Motors,KIPWK,,201142,Kevin Durant
201142.0,Kevin,Durant,Oklahoma City Thunder,NBA Player of the Week,,2009-10,,2010-02-01T00:00:00,West,Award,Kia Motors,KIPWK,,201142,Kevin Durant
201142.0,Kevin,Durant,Oklahoma City Thunder,NBA Player of the Week,,2009-10,,2010-04-05T00:00:00,West,Award,Kia Motors,KIPWK,,201142,Kevin Durant
201142.0,Kevin,Durant,Oklahoma City Thunder,NBA Player of the Week,,2010-11,,2011-02-07T00:00:00,West,Award,Kia Motors,KIPWK,,201142,Kevin Durant
201142.0,Kevin,Durant,Oklahoma City Thunder,NBA Player of the Week,,2011-12,,2011-12-25T00:00:00,West,Award,Kia Motors,KIPWK,,201142,Kevin Durant
201142.0,Kevin,Durant,Oklahoma City Thunder,NBA Player of the Week,,2011-12,,2012-02-13T00:00:00,West,Award,Kia Motors,KIPWK,,201142,Kevin Durant
201142.0,Kevin,Durant,Oklahoma City Thunder,NBA Player of the Week,,2011-12,,2012-03-19T00:00:00,West,Award,Kia Motors,KIPWK,,201142,Kevin Durant
201142.0,Kevin,Durant,Oklahoma City Thunder,NBA Player of the Week,,2012-13,,2012-11-12T00:00:00,West,Award,Kia Motors,KIPWK,,201142,Kevin Durant
201142.0,Kevin,Durant,Oklahoma City Thunder,NBA Player of the Week,,2012-13,,2012-11-26T00:00:00,West,Award,Kia Motors,KIPWK,,201142,Kevin Durant
201142.0,Kevin,Durant,Oklahoma City Thunder,NBA Player of the Week,,2012-13,,2013-01-14T00:00:00,West,Award,Kia Motors,KIPWK,,201142,Kevin Durant
201142.0,Kevin,Durant,Oklahoma City Thunder,NBA Player of the Week,,2013-14,,2013-12-02T00:00:00,West,Award,Kia Motors,KIPWK,,201142,Kevin Durant
201142.0,Kevin,Durant,Oklahoma City Thunder,NBA Player of the Week,,2013-14,,2013-12-30T00:00:00,West,Award,Kia Motors,KIPWK,,201142,Kevin Durant
201142.0,Kevin,Durant,Oklahoma City Thunder,NBA Player of the Week,,2013-14,,2014-01-20T00:00:00,,Award,Kia Motors,KIPWK,,201142,Kevin Durant
201142.0,Kevin,Durant,Oklahoma City Thunder,NBA Player of the Week,,2013-14,,2014-01-27T00:00:00,West,Award,Kia Motors,KIPWK,,201142,Kevin Durant
201142.0,Kevin,Durant,Oklahoma City Thunder,NBA Player of the Week,,2013-14,,2014-02-10T00:00:00,West,Award,Kia Motors,KIPWK,,201142,Kevin Durant
201142.0,Kevin,Durant,Oklahoma City Thunder,NBA Player of the Week,,2013-14,,2014-03-24T00:00:00,West,Award,Kia Motors,KIPWK,,201142,Kevin Durant
201142.0,Kevin,Durant,Oklahoma City Thunder,NBA Player of the Week,,2014-15,,2014-12-29T00:00:00,West,Award,Kia Motors,KIPWK,,201142,Kevin Durant
201142.0,Kevin,Durant,Oklahoma City Thunder,NBA Player of the Week,,2015-16,,2015-11-30T00:00:00,West,Award,Kia Motors,KIPWK,,201142,Kevin Durant
201142.0,Kevin,Durant,Oklahoma City Thunder,NBA Player of the Week,,2015-16,,2015-12-14T00:00:00,West,Award,Kia Motors,KIPWK,,201142,Kevin Durant
201142.0,Kevin,Durant,Oklahoma City Thunder,NBA Player of the Week,,2015-16,,2016-01-18T00:00:00,West,Award,Kia Motors,KIPWK,,201142,Kevin Durant
201142.0,Kevin,Durant,Oklahoma City Thunder,NBA Player of the Week,,2015-16,,2016-02-01T00:00:00,West,Award,Kia Motors,KIPWK,,201142,Kevin Durant
201142.0,Kevin,Durant,Oklahoma City Thunder,NBA Player of the Week,,2015-16,,2016-03-21T00:00:00,West,Award,Kia Motors,KIPWK,,201142,Kevin Durant
201142.0,Kevin,Durant,Golden State Warriors,NBA Player of the Week,,2016-17,,2016-11-28T00:00:00,West,Award,Kia Motors,KIPWK,,201142,Kevin Durant
201142.0,Kevin,Durant,Golden State Warriors,NBA Player of the Week,,2017-18,,2017-12-04T00:00:00,West,Award,Kia Motors,KIPWK,,201142,Kevin Durant
201142.0,Kevin,Durant,Brooklyn Nets,NBA Player of the Week, ,2020-21,,2021-01-11T00:00:00,East,Award,Kia Motors,KIPWK,,201142,Kevin Durant
201142.0,Kevin,Durant,Brooklyn Nets,NBA Player of the Week,,2021-22,,2021-11-08T00:00:00,East,Award,Kia Motors,KIPWK,,201142,Kevin Durant
201142.0,Kevin,Durant,Brooklyn Nets,NBA Player of the Week,,2021-22,,2022-03-07T00:00:00,East,Award,Kia Motors,KIPWK,,201142,Kevin Durant
201142.0,Kevin,Durant,Brooklyn Nets,NBA Player of the Week,,2022-23,,2022-10-31T00:00:00,East,Award,Kia Motors,KIPWK,,201142,Kevin Durant
201142.0,Kevin,Durant,Brooklyn Nets,NBA Player of the Week,,2022-23,,2022-11-28T00:00:00,East,Award,Kia Motors,KIPWK,,201142,Kevin Durant
201142.0,Kevin,Durant,Phoenix Suns,NBA Player of the Week,,2023-24,,2024-01-15T00:00:00,West,Award,Kia Motors,KIPWK,,201142,Kevin Durant
201142.0,Kevin,Durant,Phoenix Suns,NBA Player of the Week,,2024-25,,2025-03-17T00:00:00,West,Award,Kia Motors,KIPWK,,201142,Kevin Durant
201142.0,Kevin,Durant,Seattle SuperSonics,NBA Rookie of the Month,,2007-08,01/01/2008,,West,Award,Kia Motors,KIRMO,,201142,Kevin Durant
201142.0,Kevin,Durant,Seattle SuperSonics,NBA Rookie of the Month,,2007-08,03/01/2008,,West,Award,Kia Motors,KIRMO,,201142,Kevin Durant
201142.0,Kevin,Durant,Seattle SuperSonics,NBA Rookie of the Month,,2007-08,04/01/2008,,West,Award,Kia Motors,KIRMO,,201142,Kevin Durant
201142.0,Kevin,Durant,Seattle SuperSonics,NBA Rookie of the Month,,2007-08,11/01/2007,,West,Award,Kia Motors,KIRMO,,201142,Kevin Durant
201142.0,Kevin,Durant,Seattle SuperSonics,NBA Rookie of the Month,,2007-08,12/01/2007,,West,Award,Kia Motors,KIRMO,,201142,Kevin Durant
201142.0,Kevin,Durant,Seattle SuperSonics,NBA Rookie of the Year,,2007-08,,,,Award,Kia Motors,KIROY,,201142,Kevin Durant
201142.0,Kevin,Durant,USA,Olympic Gold Medal,,2012,,,,Award,Olympic,Gold,,201142,Kevin Durant
201142.0,Kevin,Durant,USA,Olympic Gold Medal,,2016,,,,Award,Olympic,Gold,,201142,Kevin Durant
201142.0,Kevin,Durant,USA,Olympic Gold Medal,,2020,,,,Award,Olympic,Gold,,201142,Kevin Durant
201142.0,Kevin,Durant,USA,Olympic Gold Medal,,2024,,,,Award,Olympic,Gold,,201142,Kevin Durant
1631105.0,Jalen,Duren,Detroit Pistons,All-Rookie Team,2,2022-23,,,East,Award,Kia Motors,KIART,,1631105,Jalen Duren
1631105.0,Jalen,Duren,,NBA All-Star,,2025-26,,,,Award,All-Star,,,1631105,Jalen Duren
76624.0,Jack,Dwan,Minneapolis Lakers,NBA Champion,,1948-49,,,,Award,Champion,,,76624,Jack Dwan
1631106.0,Tari,Eason,Houston Rockets,All-Rookie Team,2,2022-23,,,West,Award,Kia Motors,KIART,,1631106,Tari Eason
76631.0,Mark,Eaton,Utah Jazz,All-Defensive Team,1,1984-85,,,1610612762,Award,Kia Motors,KIADT,,76631,Mark Eaton
76631.0,Mark,Eaton,Utah Jazz,All-Defensive Team,1,1985-86,,,1610612762,Award,Kia Motors,KIADT,,76631,Mark Eaton
76631.0,Mark,Eaton,Utah Jazz,All-Defensive Team,2,1986-87,,,1610612762,Award,Kia Motors,KIADT,,76631,Mark Eaton
76631.0,Mark,Eaton,Utah Jazz,All-Defensive Team,2,1987-88,,,1610612762,Award,Kia Motors,KIADT,,76631,Mark Eaton
76631.0,Mark,Eaton,Utah Jazz,All-Defensive Team,1,1988-89,,,1610612762,Award,Kia Motors,KIADT,,76631,Mark Eaton
76631.0,Mark,Eaton,,NBA All-Star,,1988-89,,,,Award,All-Star,,,76631,Mark Eaton
76631.0,Mark,Eaton,Utah Jazz,NBA Defensive Player of the Year,,1984-85,,,,Award,Kia Motors,KDPYR,,76631,Mark Eaton
76631.0,Mark,Eaton,Utah Jazz,NBA Defensive Player of the Year,,1988-89,,,,Award,Kia Motors,KDPYR,,76631,Mark Eaton
76636.0,Thomas,Eddleman,,NBA All-Star,,1950-51,,,,Award,All-Star,,,76636,Thomas Eddleman
76636.0,Thomas,Eddleman,,NBA All-Star,,1951-52,,,,Award,All-Star,,,76636,Thomas Eddleman
1641744.0,Zach,Edey,Memphis Grizzlies,All-Rookie Team,1,2024-25,,,West,Award,Kia Motors,KIART,,1641744,Zach Edey
721.0,Tyus,Edney,Sacramento Kings,All-Rookie Team,2,1995-96,,,1610612758,Award,Kia Motors,KIART,,721,Tyus Edney
1630162.0,Anthony,Edwards,Minnesota Timberwolves,All-NBA,2,2023-24,,,West,Award,Kia Motors,KIANT,,1630162,Anthony Edwards
1630162.0,Anthony,Edwards,Minnesota Timberwolves,All-NBA,2,2024-25,,,West,Award,Kia Motors,KIANT,,1630162,Anthony Edwards
1630162.0,Anthony,Edwards,Minnesota Timberwolves,All-Rookie Team,1,2020-21,,,West,Award,Kia Motors,KIART,,1630162,Anthony Edwards
1630162.0,Anthony,Edwards,,NBA All-Star,,2022-23,,,,Award,All-Star,,,1630162,Anthony Edwards
1630162.0,Anthony,Edwards,,NBA All-Star,,2023-24,,,,Award,All-Star,,,1630162,Anthony Edwards
1630162.0,Anthony,Edwards,,NBA All-Star,,2024-25,,,,Award,All-Star,,,1630162,Anthony Edwards
1630162.0,Anthony,Edwards,,NBA All-Star,,2025-26,,,,Award,All-Star,,,1630162,Anthony Edwards
1630162.0,Anthony,Edwards,,NBA All-Star Most Valuable Player,,2025-26,,,,Award,Kia Motors,KAMVP,,1630162,Anthony Edwards
1630162.0,Anthony,Edwards,Minnesota Timberwolves,NBA Player of the Week,,2023-24,,2023-11-06T00:00:00,West,Award,Kia Motors,KIPWK,,1630162,Anthony Edwards
1630162.0,Anthony,Edwards,Minnesota Timberwolves,NBA Player of the Week,,2024-25,,2025-03-10T00:00:00,West,Award,Kia Motors,KIPWK,,1630162,Anthony Edwards
1630162.0,Anthony,Edwards,Minnesota Timberwolves,NBA Rookie of the Month,,2020-21,3/1/2021,,West,Award,Kia Motors,KIRMO,,1630162,Anthony Edwards
1630162.0,Anthony,Edwards,Minnesota Timberwolves,NBA Rookie of the Month,,2020-21,4/1/2021,,West,Award,Kia Motors,KIRMO,,1630162,Anthony Edwards
1630162.0,Anthony,Edwards,Minnesota Timberwolves,NBA Rookie of the Month,,2020-21,5/1/2021,,West,Award,Kia Motors,KIRMO,,1630162,Anthony Edwards
1630162.0,Anthony,Edwards,USA,Olympic Gold Medal,,2024,,,,Award,Olympic,Gold,,1630162,Anthony Edwards
898.0,Blue,Edwards,Utah Jazz,All-Rookie Team,2,1989-90,,,1610612762,Award,Kia Motors,KIART,,898,Blue Edwards
76641.0,Franklin,Edwards,Philadelphia 76ers,NBA Champion,,1982-83,,,,Award,Champion,,,76641,Franklin Edwards
229.0,James,Edwards,Detroit Pistons,NBA Champion,,1988-89,,,,Award,Champion,,,229,James Edwards
229.0,James,Edwards,Detroit Pistons,NBA Champion,,1989-90,,,,Award,Champion,,,229,James Edwards
229.0,James,Edwards,Chicago Bulls,NBA Champion,,1995-96,,,,Award,Champion,,,229,James Edwards
236.0,Kevin,Edwards,Miami Heat,All-Rookie Team,2,1988-89,,,1610612748,Award,Kia Motors,KIART,,236,Kevin Edwards
53.0,Mario,Elie,Houston Rockets,NBA Champion,,1993-94,,,,Award,Champion,,,53,Mario Elie
53.0,Mario,Elie,Houston Rockets,NBA Champion,,1994-95,,,,Award,Champion,,,53,Mario Elie
53.0,Mario,Elie,San Antonio Spurs,NBA Champion,,1998-99,,,,Award,Champion,,,53,Mario Elie
251.0,Sean,Elliott,San Antonio Spurs,All-Rookie Team,2,1989-90,,,1610612759,Award,Kia Motors,KIART,,251,Sean Elliott
251.0,Sean,Elliott,,NBA All-Star,,1992-93,,,,Award,All-Star,,,251,Sean Elliott
251.0,Sean,Elliott,,NBA All-Star,,1995-96,,,,Award,All-Star,,,251,Sean Elliott
251.0,Sean,Elliott,San Antonio Spurs,NBA Champion,,1998-99,,,,Award,Champion,,,251,Sean Elliott
251.0,Sean,Elliott,San Antonio Spurs,NBA Player of the Week,,1992-93,,1992-12-27T00:00:00,,Award,Kia Motors,KIPWK,,251,Sean Elliott
107.0,Dale,Ellis,Seattle SuperSonics,All-NBA,3,1988-89,,,1610612760,Award,Kia Motors,KIANT,,107,Dale Ellis
107.0,Dale,Ellis,,NBA All-Star,,1988-89,,,,Award,All-Star,,,107,Dale Ellis
107.0,Dale,Ellis,Seattle SuperSonics,NBA Most Improved Player,,1986-87,,,,Award,Kia Motors,KIMIP,,107,Dale Ellis
107.0,Dale,Ellis,Seattle SuperSonics,NBA Player of the Week,,1988-89,,1989-01-08T00:00:00,,Award,Kia Motors,KIPWK,,107,Dale Ellis
107.0,Dale,Ellis,Denver Nuggets,NBA Player of the Week,,1996-97,,1996-11-17T00:00:00,,Award,Kia Motors,KIPWK,,107,Dale Ellis
111.0,LaPhonso,Ellis,Denver Nuggets,All-Rookie Team,1,1992-93,,,1610612743,Award,Kia Motors,KIART,,111,LaPhonso Ellis
76663.0,Leroy,Ellis,Los Angeles Lakers,NBA Champion,,1971-72,,,,Award,Champion,,,76663,Leroy Ellis
101145.0,Monta,Ellis,Golden State Warriors,NBA Most Improved Player,,2006-07,,,,Award,Kia Motors,KIMIP,,101145,Monta Ellis
101145.0,Monta,Ellis,Golden State Warriors,NBA Player of the Week,,2010-11,,2010-12-27T00:00:00,West,Award,Kia Motors,KIPWK,,101145,Monta Ellis
101145.0,Monta,Ellis,Golden State Warriors,NBA Player of the Week,,2011-12,,2012-03-05T00:00:00,West,Award,Kia Motors,KIPWK,,101145,Monta Ellis
101145.0,Monta,Ellis,Milwaukee Bucks,NBA Player of the Week,,2012-13,,2012-12-24T00:00:00,East,Award,Kia Motors,KIPWK,,101145,Monta Ellis
101145.0,Monta,Ellis,Dallas Mavericks,NBA Player of the Week,,2013-14,,2014-04-14T00:00:00,West,Award,Kia Motors,KIPWK,,101145,Monta Ellis
442.0,Pervis,Ellison,Washington Wizards,NBA Most Improved Player,,1991-92,,,,Award,Kia Motors,KIMIP,,442,Pervis Ellison
442.0,Pervis,Ellison,Washington Wizards,NBA Player of the Week,,1991-92,,1991-12-22T00:00:00,,Award,Kia Motors,KIPWK,,442,Pervis Ellison
1922.0,Francisco,Elson,San Antonio Spurs,NBA Champion,,2006-07,,,,Award,Champion,,,1922,Francisco Elson
203954.0,Joel,Embiid,Philadelphia 76ers,All-Defensive Team,2,2017-18,,,East,Award,Kia Motors,KIADT,,203954,Joel Embiid
203954.0,Joel,Embiid,Philadelphia 76ers,All-Defensive Team,2,2018-19,,,East,Award,Kia Motors,KIADT,,203954,Joel Embiid
203954.0,Joel,Embiid,Philadelphia 76ers,All-Defensive Team,2,2020-21,,,East,Award,Kia Motors,KIADT,,203954,Joel Embiid
203954.0,Joel,Embiid,Philadelphia 76ers,All-NBA,2,2017-18,,,East,Award,Kia Motors,KIANT,,203954,Joel Embiid
203954.0,Joel,Embiid,Philadelphia 76ers,All-NBA,2,2018-19,,,East,Award,Kia Motors,KIANT,,203954,Joel Embiid
203954.0,Joel,Embiid,Philadelphia 76ers,All-NBA,2,2020-21,,,East,Award,Kia Motors,KIANT,,203954,Joel Embiid
203954.0,Joel,Embiid,Philadelphia 76ers,All-NBA,2,2021-22,,,East,Award,Kia Motors,KIANT,,203954,Joel Embiid
203954.0,Joel,Embiid,Philadelphia 76ers,All-NBA,1,2022-23,,,East,Award,Kia Motors,KIANT,,203954,Joel Embiid
203954.0,Joel,Embiid,Philadelphia 76ers,All-Rookie Team,1,2016-17,,,East,Award,Kia Motors,KIART,,203954,Joel Embiid
203954.0,Joel,Embiid,,NBA All-Star,,2017-18,,,,Award,All-Star,,,203954,Joel Embiid
203954.0,Joel,Embiid,,NBA All-Star,,2018-19,,,,Award,All-Star,,,203954,Joel Embiid
203954.0,Joel,Embiid,,NBA All-Star,,2019-20,,,,Award,All-Star,,,203954,Joel Embiid
203954.0,Joel,Embiid,,NBA All-Star,,2020-21,,,,Award,All-Star,,,203954,Joel Embiid
203954.0,Joel,Embiid,,NBA All-Star,,2021-22,,,,Award,All-Star,,,203954,Joel Embiid
203954.0,Joel,Embiid,,NBA All-Star,,2022-23,,,,Award,All-Star,,,203954,Joel Embiid
203954.0,Joel,Embiid,,NBA All-Star,,2023-24,,,,Award,All-Star,,,203954,Joel Embiid
203954.0,Joel,Embiid,Philadelphia 76ers,NBA Most Valuable Player,,2022-23,,,East,Award,Kia Motors,KIMVP,,203954,Joel Embiid
203954.0,Joel,Embiid,Philadelphia 76ers,NBA Player of the Month,,2018-19,01/01/2019,,East,Award,Kia Motors,KIPMO,,203954,Joel Embiid
203954.0,Joel,Embiid,Philadelphia 76ers,NBA Player of the Month,,2020-21,1/1/2021,,East,Award,Kia Motors,KIPMO,,203954,Joel Embiid
203954.0,Joel,Embiid,Philadelphia 76ers,NBA Player of the Month,,2021-22,1/1/2022,,East,Award,Kia Motors,KIPMO,,203954,Joel Embiid
203954.0,Joel,Embiid,Philadelphia 76ers,NBA Player of the Month,,2021-22,12/1/2021,,East,Award,Kia Motors,KIPMO,,203954,Joel Embiid
203954.0,Joel,Embiid,Philadelphia 76ers,NBA Player of the Month,,2022-23,1/1/2023,,East,Award,Kia Motors,KIPMO,,203954,Joel Embiid
203954.0,Joel,Embiid,Philadelphia 76ers,NBA Player of the Month,,2022-23,12/1/2022,,East,Award,Kia Motors,KIPMO,,203954,Joel Embiid
203954.0,Joel,Embiid,Philadelphia 76ers,NBA Player of the Month,,2022-23,3/1/2023,,East,Award,Kia Motors,KIPMO,,203954,Joel Embiid
203954.0,Joel,Embiid,Philadelphia 76ers,NBA Player of the Week,,2016-17,,2017-01-23T00:00:00,East,Award,Kia Motors,KIPWK,,203954,Joel Embiid
203954.0,Joel,Embiid,Philadelphia 76ers,NBA Player of the Week,,2017-18,,2018-01-15T00:00:00,East,Award,Kia Motors,KIPWK,,203954,Joel Embiid
203954.0,Joel,Embiid,Philadelphia 76ers,NBA Player of the Week,,2017-18,,2018-02-05T00:00:00,East,Award,Kia Motors,KIPWK,,203954,Joel Embiid
203954.0,Joel,Embiid,Philadelphia 76ers,NBA Player of the Week,,2018-19,,2018-12-31T00:00:00,East,Award,Kia Motors,KIPWK,,203954,Joel Embiid
203954.0,Joel,Embiid,Philadelphia 76ers,NBA Player of the Week, ,2020-21,,2021-01-18T00:00:00,East,Award,Kia Motors,KIPWK,,203954,Joel Embiid
203954.0,Joel,Embiid,Philadelphia 76ers,NBA Player of the Week,,2021-22,,2022-01-24T00:00:00,East,Award,Kia Motors,KIPWK,,203954,Joel Embiid
203954.0,Joel,Embiid,Philadelphia 76ers,NBA Player of the Week,,2021-22,,2022-04-04T00:00:00,East,Award,Kia Motors,KIPWK,,203954,Joel Embiid
203954.0,Joel,Embiid,Philadelphia 76ers,NBA Player of the Week,,2022-23,,2022-11-07T00:00:00,East,Award,Kia Motors,KIPWK,,203954,Joel Embiid
203954.0,Joel,Embiid,Philadelphia 76ers,NBA Player of the Week,,2022-23,,2022-12-05T00:00:00,East,Award,Kia Motors,KIPWK,,203954,Joel Embiid
203954.0,Joel,Embiid,Philadelphia 76ers,NBA Player of the Week,,2022-23,,2023-03-06T00:00:00,East,Award,Kia Motors,KIPWK,,203954,Joel Embiid
203954.0,Joel,Embiid,Philadelphia 76ers,NBA Player of the Week,,2022-23,,2023-03-13T00:00:00,East,Award,Kia Motors,KIPWK,,203954,Joel Embiid
203954.0,Joel,Embiid,Philadelphia 76ers,NBA Player of the Week,,2023-24,,2023-11-06T00:00:00,East,Award,Kia Motors,KIPWK,,203954,Joel Embiid
203954.0,Joel,Embiid,Philadelphia 76ers,NBA Player of the Week,,2023-24,,2023-12-18T00:00:00,East,Award,Kia Motors,KIPWK,,203954,Joel Embiid
203954.0,Joel,Embiid,Philadelphia 76ers,NBA Player of the Week,,2023-24,,2024-01-15T00:00:00,East,Award,Kia Motors,KIPWK,,203954,Joel Embiid
203954.0,Joel,Embiid,Philadelphia 76ers,NBA Rookie of the Month,,2016-17,1/1/2017,1900-01-01T12:00:00,East,Award,Kia Motors,KIRMO,,203954,Joel Embiid
203954.0,Joel,Embiid,Philadelphia 76ers,NBA Rookie of the Month,,2016-17,11/1/2016,1900-01-01T12:00:00,East,Award,Kia Motors,KIRMO,,203954,Joel Embiid
203954.0,Joel,Embiid,Philadelphia 76ers,NBA Rookie of the Month,,2016-17,12/1/2016,1900-01-01T12:00:00,East,Award,Kia Motors,KIRMO,,203954,Joel Embiid
203954.0,Joel,Embiid,USA,Olympic Gold Medal,,2024,,,,Award,Olympic,Gold,,203954,Joel Embiid
76668.0,Wayne,Embry,,NBA All-Star,,1960-61,,,,Award,All-Star,,,76668,Wayne Embry
76668.0,Wayne,Embry,,NBA All-Star,,1961-62,,,,Award,All-Star,,,76668,Wayne Embry
76668.0,Wayne,Embry,,NBA All-Star,,1962-63,,,,Award,All-Star,,,76668,Wayne Embry
76668.0,Wayne,Embry,,NBA All-Star,,1963-64,,,,Award,All-Star,,,76668,Wayne Embry
76668.0,Wayne,Embry,,NBA All-Star,,1964-65,,,,Award,All-Star,,,76668,Wayne Embry
76668.0,Wayne,Embry,Boston Celtics,NBA Champion,,1967-68,,,,Award,Champion,,,76668,Wayne Embry
76673.0,Alex,English,Denver Nuggets,All-NBA,2,1981-82,,,1610612743,Award,Kia Motors,KIANT,,76673,Alex English
76673.0,Alex,English,Denver Nuggets,All-NBA,2,1982-83,,,1610612743,Award,Kia Motors,KIANT,,76673,Alex English
76673.0,Alex,English,Denver Nuggets,All-NBA,2,1985-86,,,1610612743,Award,Kia Motors,KIANT,,76673,Alex English
76673.0,Alex,English,,Hall of Fame Inductee,,1997,,,,Award,Hall of Fame,,,76673,Alex English
76673.0,Alex,English,Denver Nuggets,J. Walter Kennedy Citizenship,,1987-88,,,,Award,Kia Motors,KIWKC,,76673,Alex English
76673.0,Alex,English,,NBA All-Star,,1981-82,,,,Award,All-Star,,,76673,Alex English
76673.0,Alex,English,,NBA All-Star,,1982-83,,,,Award,All-Star,,,76673,Alex English
76673.0,Alex,English,,NBA All-Star,,1983-84,,,,Award,All-Star,,,76673,Alex English
76673.0,Alex,English,,NBA All-Star,,1984-85,,,,Award,All-Star,,,76673,Alex English
76673.0,Alex,English,,NBA All-Star,,1985-86,,,,Award,All-Star,,,76673,Alex English
76673.0,Alex,English,,NBA All-Star,,1986-87,,,,Award,All-Star,,,76673,Alex English
76673.0,Alex,English,,NBA All-Star,,1987-88,,,,Award,All-Star,,,76673,Alex English
76673.0,Alex,English,,NBA All-Star,,1988-89,,,,Award,All-Star,,,76673,Alex English
76673.0,Alex,English,Denver Nuggets,NBA Player of the Month,,1981-82,03/01/1982,,,Award,Kia Motors,KIPMO,,76673,Alex English
76673.0,Alex,English,Denver Nuggets,NBA Player of the Month,,1982-83,01/01/1983,,,Award,Kia Motors,KIPMO,,76673,Alex English
76673.0,Alex,English,Denver Nuggets,NBA Player of the Month,,1984-85,11/01/1984,,,Award,Kia Motors,KIPMO,,76673,Alex English
76673.0,Alex,English,Denver Nuggets,NBA Player of the Week,,1981-82,,1981-11-29T00:00:00,,Award,Kia Motors,KIPWK,,76673,Alex English
76673.0,Alex,English,Denver Nuggets,NBA Player of the Week,,1982-83,,1982-11-21T00:00:00,,Award,Kia Motors,KIPWK,,76673,Alex English
76673.0,Alex,English,Denver Nuggets,NBA Player of the Week,,1982-83,,1983-01-16T00:00:00,,Award,Kia Motors,KIPWK,,76673,Alex English
76673.0,Alex,English,Denver Nuggets,NBA Player of the Week,,1984-85,,1984-11-11T00:00:00,,Award,Kia Motors,KIPWK,,76673,Alex English
76673.0,Alex,English,Denver Nuggets,NBA Player of the Week,,1985-86,,1985-11-24T00:00:00,,Award,Kia Motors,KIPWK,,76673,Alex English
76673.0,Alex,English,Denver Nuggets,NBA Player of the Week,,1985-86,,1986-02-02T00:00:00,,Award,Kia Motors,KIPWK,,76673,Alex English
76673.0,Alex,English,Denver Nuggets,NBA Player of the Week,,1986-87,,1987-01-25T00:00:00,,Award,Kia Motors,KIPWK,,76673,Alex English
76680.0,Keith,Erickson,Los Angeles Lakers,NBA Champion,,1971-72,,,,Award,Champion,,,76680,Keith Erickson
76681.0,Julius,Erving,Philadelphia 76ers,All-NBA,2,1976-77,,,1610612755,Award,Kia Motors,KIANT,,76681,Julius Erving
76681.0,Julius,Erving,Philadelphia 76ers,All-NBA,1,1977-78,,,1610612755,Award,Kia Motors,KIANT,,76681,Julius Erving
76681.0,Julius,Erving,Philadelphia 76ers,All-NBA,1,1979-80,,,1610612755,Award,Kia Motors,KIANT,,76681,Julius Erving
76681.0,Julius,Erving,Philadelphia 76ers,All-NBA,1,1980-81,,,1610612755,Award,Kia Motors,KIANT,,76681,Julius Erving
76681.0,Julius,Erving,Philadelphia 76ers,All-NBA,1,1981-82,,,1610612755,Award,Kia Motors,KIANT,,76681,Julius Erving
76681.0,Julius,Erving,Philadelphia 76ers,All-NBA,1,1982-83,,,1610612755,Award,Kia Motors,KIANT,,76681,Julius Erving
76681.0,Julius,Erving,Philadelphia 76ers,All-NBA,2,1983-84,,,1610612755,Award,Kia Motors,KIANT,,76681,Julius Erving
76681.0,Julius,Erving,,Hall of Fame Inductee,,1993,,,,Award,Hall of Fame,,,76681,Julius Erving
76681.0,Julius,Erving,Philadelphia 76ers,J. Walter Kennedy Citizenship,,1982-83,,,,Award,Kia Motors,KIWKC,,76681,Julius Erving
76681.0,Julius,Erving,,NBA All-Star,,1976-77,,,,Award,All-Star,,,76681,Julius Erving
76681.0,Julius,Erving,,NBA All-Star,,1977-78,,,,Award,All-Star,,,76681,Julius Erving
76681.0,Julius,Erving,,NBA All-Star,,1978-79,,,,Award,All-Star,,,76681,Julius Erving
76681.0,Julius,Erving,,NBA All-Star,,1979-80,,,,Award,All-Star,,,76681,Julius Erving
76681.0,Julius,Erving,,NBA All-Star,,1980-81,,,,Award,All-Star,,,76681,Julius Erving
76681.0,Julius,Erving,,NBA All-Star,,1981-82,,,,Award,All-Star,,,76681,Julius Erving
76681.0,Julius,Erving,,NBA All-Star,,1982-83,,,,Award,All-Star,,,76681,Julius Erving
76681.0,Julius,Erving,,NBA All-Star,,1983-84,,,,Award,All-Star,,,76681,Julius Erving
76681.0,Julius,Erving,,NBA All-Star,,1984-85,,,,Award,All-Star,,,76681,Julius Erving
76681.0,Julius,Erving,,NBA All-Star,,1985-86,,,,Award,All-Star,,,76681,Julius Erving
76681.0,Julius,Erving,,NBA All-Star,,1986-87,,,,Award,All-Star,,,76681,Julius Erving
76681.0,Julius,Erving,Philadelphia 76ers,NBA All-Star Most Valuable Player,,1976-77,,,,Award,Kia Motors,KAMVP,,76681,Julius Erving
76681.0,Julius,Erving,Philadelphia 76ers,NBA All-Star Most Valuable Player,,1982-83,,,,Award,Kia Motors,KAMVP,,76681,Julius Erving
76681.0,Julius,Erving,Philadelphia 76ers,NBA Champion,,1982-83,,,,Award,Champion,,,76681,Julius Erving
76681.0,Julius,Erving,Philadelphia 76ers,NBA Most Valuable Player,,1980-81,,,,Award,Kia Motors,KIMVP,,76681,Julius Erving
76681.0,Julius,Erving,Philadelphia 76ers,NBA Player of the Month,,1979-80,03/01/1980,,,Award,Kia Motors,KIPMO,,76681,Julius Erving
76681.0,Julius,Erving,Philadelphia 76ers,NBA Player of the Month,,1980-81,11/01/1980,,,Award,Kia Motors,KIPMO,,76681,Julius Erving
76681.0,Julius,Erving,Philadelphia 76ers,NBA Player of the Month,,1981-82,11/01/1981,,,Award,Kia Motors,KIPMO,,76681,Julius Erving
76681.0,Julius,Erving,Philadelphia 76ers,NBA Player of the Week,,1979-80,,1979-10-21T00:00:00,,Award,Kia Motors,KIPWK,,76681,Julius Erving
76681.0,Julius,Erving,Philadelphia 76ers,NBA Player of the Week,,1980-81,,1981-01-18T00:00:00,,Award,Kia Motors,KIPWK,,76681,Julius Erving
76681.0,Julius,Erving,Philadelphia 76ers,NBA Player of the Week,,1986-87,,1987-04-19T00:00:00,,Award,Kia Motors,KIPWK,,76681,Julius Erving
76681.0,Julius,Erving,Philadelphia 76ers,NBA Sporting News Most Valuable Player of the Year,,1980-81,,,,Award,Sporting News,SNMVP,,76681,Julius Erving
201936.0,Tyreke,Evans,Sacramento Kings,All-Rookie Team,1,2009-10,,,1610612758,Award,Kia Motors,KIART,,201936,Tyreke Evans
201936.0,Tyreke,Evans,Sacramento Kings,NBA Rookie of the Month,,2009-10,11/01/2009,,West,Award,Kia Motors,KIRMO,,201936,Tyreke Evans
201936.0,Tyreke,Evans,Sacramento Kings,NBA Rookie of the Month,,2009-10,12/01/2009,,West,Award,Kia Motors,KIRMO,,201936,Tyreke Evans
201936.0,Tyreke,Evans,Sacramento Kings,NBA Rookie of the Year,,2009-10,,,,Award,Kia Motors,KIROY,,201936,Tyreke Evans
121.0,Patrick,Ewing,New York Knicks,All-Defensive Team,2,1987-88,,,1610612752,Award,Kia Motors,KIADT,,121,Patrick Ewing
121.0,Patrick,Ewing,New York Knicks,All-Defensive Team,2,1988-89,,,1610612752,Award,Kia Motors,KIADT,,121,Patrick Ewing
121.0,Patrick,Ewing,New York Knicks,All-Defensive Team,2,1991-92,,,1610612752,Award,Kia Motors,KIADT,,121,Patrick Ewing
121.0,Patrick,Ewing,New York Knicks,All-NBA,2,1987-88,,,1610612752,Award,Kia Motors,KIANT,,121,Patrick Ewing
121.0,Patrick,Ewing,New York Knicks,All-NBA,2,1988-89,,,1610612752,Award,Kia Motors,KIANT,,121,Patrick Ewing
121.0,Patrick,Ewing,New York Knicks,All-NBA,1,1989-90,,,1610612752,Award,Kia Motors,KIANT,,121,Patrick Ewing
121.0,Patrick,Ewing,New York Knicks,All-NBA,2,1990-91,,,1610612752,Award,Kia Motors,KIANT,,121,Patrick Ewing
121.0,Patrick,Ewing,New York Knicks,All-NBA,2,1991-92,,,1610612752,Award,Kia Motors,KIANT,,121,Patrick Ewing
121.0,Patrick,Ewing,New York Knicks,All-NBA,2,1992-93,,,1610612752,Award,Kia Motors,KIANT,,121,Patrick Ewing
121.0,Patrick,Ewing,New York Knicks,All-NBA,2,1996-97,,,1610612752,Award,Kia Motors,KIANT,,121,Patrick Ewing
121.0,Patrick,Ewing,New York Knicks,All-Rookie Team,1,1985-86,,,1610612752,Award,Kia Motors,KIART,,121,Patrick Ewing
121.0,Patrick,Ewing,,Hall of Fame Inductee,,2008,,,,Award,Hall of Fame,,,121,Patrick Ewing
121.0,Patrick,Ewing,,NBA All-Star,,1985-86,,,,Award,All-Star,,,121,Patrick Ewing
121.0,Patrick,Ewing,,NBA All-Star,,1987-88,,,,Award,All-Star,,,121,Patrick Ewing
121.0,Patrick,Ewing,,NBA All-Star,,1988-89,,,,Award,All-Star,,,121,Patrick Ewing
121.0,Patrick,Ewing,,NBA All-Star,,1989-90,,,,Award,All-Star,,,121,Patrick Ewing
121.0,Patrick,Ewing,,NBA All-Star,,1990-91,,,,Award,All-Star,,,121,Patrick Ewing
121.0,Patrick,Ewing,,NBA All-Star,,1991-92,,,,Award,All-Star,,,121,Patrick Ewing
121.0,Patrick,Ewing,,NBA All-Star,,1992-93,,,,Award,All-Star,,,121,Patrick Ewing
121.0,Patrick,Ewing,,NBA All-Star,,1993-94,,,,Award,All-Star,,,121,Patrick Ewing
121.0,Patrick,Ewing,,NBA All-Star,,1994-95,,,,Award,All-Star,,,121,Patrick Ewing
121.0,Patrick,Ewing,,NBA All-Star,,1995-96,,,,Award,All-Star,,,121,Patrick Ewing
121.0,Patrick,Ewing,,NBA All-Star,,1996-97,,,,Award,All-Star,,,121,Patrick Ewing
121.0,Patrick,Ewing,New York Knicks,NBA Player of the Month,,1988-89,04/01/1989,,,Award,Kia Motors,KIPMO,,121,Patrick Ewing
121.0,Patrick,Ewing,New York Knicks,NBA Player of the Month,,1989-90,11/01/1989,,,Award,Kia Motors,KIPMO,,121,Patrick Ewing
121.0,Patrick,Ewing,New York Knicks,NBA Player of the Month,,1992-93,03/01/1993,,,Award,Kia Motors,KIPMO,,121,Patrick Ewing
121.0,Patrick,Ewing,New York Knicks,NBA Player of the Month,,1993-94,01/01/1994,,,Award,Kia Motors,KIPMO,,121,Patrick Ewing
121.0,Patrick,Ewing,New York Knicks,NBA Player of the Month,,1994-95,01/01/1995,,,Award,Kia Motors,KIPMO,,121,Patrick Ewing
121.0,Patrick,Ewing,New York Knicks,NBA Player of the Week,,1985-86,,1985-11-17T00:00:00,,Award,Kia Motors,KIPWK,,121,Patrick Ewing
121.0,Patrick,Ewing,New York Knicks,NBA Player of the Week,,1986-87,,1986-12-28T00:00:00,,Award,Kia Motors,KIPWK,,121,Patrick Ewing
121.0,Patrick,Ewing,New York Knicks,NBA Player of the Week,,1988-89,,1988-11-27T00:00:00,,Award,Kia Motors,KIPWK,,121,Patrick Ewing
121.0,Patrick,Ewing,New York Knicks,NBA Player of the Week,,1988-89,,1989-02-26T00:00:00,,Award,Kia Motors,KIPWK,,121,Patrick Ewing
121.0,Patrick,Ewing,New York Knicks,NBA Player of the Week,,1989-90,,1989-12-03T00:00:00,,Award,Kia Motors,KIPWK,,121,Patrick Ewing
121.0,Patrick,Ewing,New York Knicks,NBA Player of the Week,,1991-92,,1992-01-05T00:00:00,,Award,Kia Motors,KIPWK,,121,Patrick Ewing
121.0,Patrick,Ewing,New York Knicks,NBA Player of the Week,,1992-93,,1992-12-20T00:00:00,,Award,Kia Motors,KIPWK,,121,Patrick Ewing
121.0,Patrick,Ewing,New York Knicks,NBA Player of the Week,,1992-93,,1993-01-24T00:00:00,,Award,Kia Motors,KIPWK,,121,Patrick Ewing
121.0,Patrick,Ewing,New York Knicks,NBA Player of the Week,,1992-93,,1993-03-21T00:00:00,,Award,Kia Motors,KIPWK,,121,Patrick Ewing
121.0,Patrick,Ewing,New York Knicks,NBA Player of the Week,,1993-94,,1994-01-16T00:00:00,,Award,Kia Motors,KIPWK,,121,Patrick Ewing
121.0,Patrick,Ewing,New York Knicks,NBA Player of the Week,,1994-95,,1995-01-22T00:00:00,,Award,Kia Motors,KIPWK,,121,Patrick Ewing
121.0,Patrick,Ewing,New York Knicks,NBA Player of the Week,,1996-97,,1997-03-09T00:00:00,,Award,Kia Motors,KIPWK,,121,Patrick Ewing
121.0,Patrick,Ewing,New York Knicks,NBA Rookie of the Month,,1985-86,01/01/1986,,,Award,Kia Motors,KIRMO,,121,Patrick Ewing
121.0,Patrick,Ewing,New York Knicks,NBA Rookie of the Month,,1985-86,11/01/1985,,,Award,Kia Motors,KIRMO,,121,Patrick Ewing
121.0,Patrick,Ewing,New York Knicks,NBA Rookie of the Year,,1985-86,,,,Award,Kia Motors,KIROY,,121,Patrick Ewing
121.0,Patrick,Ewing,New York Knicks,NBA Sporting News Rookie of the Year,,1985-86,,,,Award,Sporting News,SNROY,,121,Patrick Ewing
121.0,Patrick,Ewing,USA,Olympic Gold Medal,,1984,,,,Award,Olympic,Gold,,121,Patrick Ewing
121.0,Patrick,Ewing,USA,Olympic Gold Medal,,1992,,,,Award,Olympic,Gold,,121,Patrick Ewing
203105.0,Festus,Ezeli,Golden State Warriors,NBA Champion,,2014-15,,,,Award,Champion,,,203105,Festus Ezeli
202702.0,Kenneth,Faried,Denver Nuggets,All-Rookie Team,1,2011-12,,,1610612743,Award,Kia Motors,KIART,,202702,Kenneth Faried
202702.0,Kenneth,Faried,Denver Nuggets,J. Walter Kennedy Citizenship,,2012-13,,,,Award,Kia Motors,KIWKC,,202702,Kenneth Faried
202702.0,Kenneth,Faried,Denver Nuggets,NBA Player of the Week,,2012-13,,2012-11-05T00:00:00,West,Award,Kia Motors,KIPWK,,202702,Kenneth Faried
202702.0,Kenneth,Faried,Denver Nuggets,NBA Rookie of the Month,,2011-12,04/01/2012,,West,Award,Kia Motors,KIRMO,,202702,Kenneth Faried
76693.0,Dick,Farley,Syracuse Nationals,NBA Champion,,1954-55,,,,Award,Champion,,,76693,Dick Farley
200770.0,Jordan,Farmar,Los Angeles Lakers,NBA Champion,,2008-09,,,,Award,Champion,,,200770,Jordan Farmar
200770.0,Jordan,Farmar,Los Angeles Lakers,NBA Champion,,2009-10,,,,Award,Champion,,,200770,Jordan Farmar
202324.0,Derrick,Favors,Utah Jazz,All-Rookie Team,2,2010-11,,,1610612762,Award,Kia Motors,KIART,,202324,Derrick Favors
76698.0,Bob,Feerick,Washington Capitols,All-NBA,1,1946-47,,,1610610036,Award,Kia Motors,KIANT,,76698,Bob Feerick
76698.0,Bob,Feerick,Washington Capitols,All-NBA,1,1947-48,,,1610610036,Award,Kia Motors,KIANT,,76698,Bob Feerick
76698.0,Bob,Feerick,Washington Capitols,All-NBA,2,1948-49,,,1610610036,Award,Kia Motors,KIANT,,76698,Bob Feerick
76704.0,Ray,Felix,,NBA All-Star,,1953-54,,,,Award,All-Star,,,76704,Ray Felix
76704.0,Ray,Felix,Baltimore Bullets,NBA Rookie of the Year,,1953-54,,,,Award,Kia Motors,KIROY,,76704,Ray Felix
101109.0,Raymond,Felton,Charlotte Bobcats,All-Rookie Team,2,2005-06,,,1610612766,Award,Kia Motors,KIART,,101109,Raymond Felton
101109.0,Raymond,Felton,Charlotte Bobcats,NBA Rookie of the Month,,2005-06,02/01/2006,,East,Award,Kia Motors,KIRMO,,101109,Raymond Felton
101109.0,Raymond,Felton,Charlotte Bobcats,NBA Rookie of the Month,,2005-06,03/01/2006,,East,Award,Kia Motors,KIRMO,,101109,Raymond Felton
101109.0,Raymond,Felton,Charlotte Bobcats,NBA Rookie of the Month,,2005-06,04/01/2006,,East,Award,Kia Motors,KIRMO,,101109,Raymond Felton
201164.0, Rudy,Fernández,,Olympic Bronze Medal,,2016,,,,Award,Olympic,Bronze,,201164,Rudy Fernandez
201164.0,Rudy,Fernandez,Portland Trail Blazers,All-Rookie Team,2,2008-09,,,1610612757,Award,Kia Motors,KIART,,201164,Rudy Fernandez
201164.0,Rudy,Fernandez,Spain,Olympic Appearance,,2004,,,,Award,Olympic,Appearance,,201164,Rudy Fernandez
201164.0,Rudy,Fernandez,Spain,Olympic Silver Medal,,2008,,,,Award,Olympic,Silver,,201164,Rudy Fernandez
201164.0,Rudy,Fernandez,Spain,Olympic Silver Medal,,2012,,,,Award,Olympic,Silver,,201164,Rudy Fernandez
76707.0,Eric,Fernsten,Boston Celtics,NBA Champion,,1980-81,,,,Award,Champion,,,76707,Eric Fernsten
1627812.0,Yogi,Ferrell,Dallas Mavericks,All-Rookie Team,2,2016-17,,,West,Award,Kia Motors,KIART,,1627812,Yogi Ferrell
1627812.0,Yogi,Ferrell,Dallas Mavericks,NBA Rookie of the Month,,2016-17,2/1/2017,1900-01-01T12:00:00,West,Award,Kia Motors,KIRMO,,1627812,Yogi Ferrell
76711.0,Arnie,Ferrin,Minneapolis Lakers,NBA Champion,,1948-49,,,,Award,Champion,,,76711,Arnie Ferrin
76711.0,Arnie,Ferrin,Minneapolis Lakers,NBA Champion,,1949-50,,,,Award,Champion,,,76711,Arnie Ferrin
198.0,Danny,Ferry,San Antonio Spurs,NBA Champion,,2002-03,,,,Award,Champion,,,198,Danny Ferry
202361.0,Landry,Fields,New York Knicks,All-Rookie Team,1,2010-11,,,1610612752,Award,Kia Motors,KIART,,202361,Landry Fields
202361.0,Landry,Fields,Toronto Raptors,NBA Rookie of the Month,,2010-11,11/01/2010,,East,Award,Kia Motors,KIRMO,,202361,Landry Fields
202361.0,Landry,Fields,Toronto Raptors,NBA Rookie of the Month,,2010-11,12/01/2010,,East,Award,Kia Motors,KIRMO,,202361,Landry Fields
76716.0,Hank,Finkel,Boston Celtics,NBA Champion,,1973-74,,,,Award,Champion,,,76716,Hank Finkel
714.0,Michael,Finley,Phoenix Suns,All-Rookie Team,1,1995-96,,,1610612756,Award,Kia Motors,KIART,,714,Michael Finley
714.0,Michael,Finley,,NBA All-Star,,1999-00,,,,Award,All-Star,,,714,Michael Finley
714.0,Michael,Finley,,NBA All-Star,,2000-01,,,,Award,All-Star,,,714,Michael Finley
714.0,Michael,Finley,San Antonio Spurs,NBA Champion,,2006-07,,,,Award,Champion,,,714,Michael Finley
714.0,Michael,Finley,Dallas Mavericks,NBA Player of the Month,,2002-03,11/01/2002,,West,Award,Kia Motors,KIPMO,,714,Michael Finley
714.0,Michael,Finley,Dallas Mavericks,NBA Player of the Week,,1999-00,,2000-02-07T00:00:00,,Award,Kia Motors,KIPWK,,714,Michael Finley
714.0,Michael,Finley,Dallas Mavericks,NBA Player of the Week,,2003-04,,2004-01-18T00:00:00,East,Award,Kia Motors,KIPWK,,714,Michael Finley
965.0,Derek,Fisher,Los Angeles Lakers,NBA Champion,,1999-00,,,,Award,Champion,,,965,Derek Fisher
965.0,Derek,Fisher,Los Angeles Lakers,NBA Champion,,2000-01,,,,Award,Champion,,,965,Derek Fisher
965.0,Derek,Fisher,Los Angeles Lakers,NBA Champion,,2001-02,,,,Award,Champion,,,965,Derek Fisher
965.0,Derek,Fisher,Los Angeles Lakers,NBA Champion,,2008-09,,,,Award,Champion,,,965,Derek Fisher
965.0,Derek,Fisher,Los Angeles Lakers,NBA Champion,,2009-10,,,,Award,Champion,,,965,Derek Fisher
2033.0,Marcus,Fizer,Chicago Bulls,All-Rookie Team,2,2000-01,,,1610612741,Award,Kia Motors,KIART,,2033,Marcus Fizer
1641745.0,Adam,Flagler,Oklahoma City Thunder,NBA Champion,,2024-25,,,,Award,Champion,,,1641745,Adam Flagler
76721.0,Jerry,Fleishman,Philadelphia Warriors,NBA Champion,,1946-47,,,,Award,Champion,,,76721,Jerry Fleishman
313.0,Vern,Fleming,Indiana Pacers,NBA Player of the Week,,1989-90,,1989-11-12T00:00:00,,Award,Kia Motors,KIPWK,,313,Vern Fleming
313.0,Vern,Fleming,USA,Olympic Gold Medal,,1984,,,,Award,Olympic,Gold,,313,Vern Fleming
76726.0,Eric,Floyd,Golden State Warriors,NBA Player of the Week,,1984-85,,1985-03-03T00:00:00,,Award,Kia Motors,KIPWK,,76726,Sleepy Floyd
76726.0,Sleepy,Floyd,,NBA All-Star,,1986-87,,,,Award,All-Star,,,76726,Sleepy Floyd
201938.0,Jonny,Flynn,Minnesota Timberwolves,All-Rookie Team,2,2009-10,,,1610612750,Award,Kia Motors,KIART,,201938,Jonny Flynn
1630201.0,Malachi,Flynn,Toronto Raptors,NBA Rookie of the Month,,2020-21,4/1/2021,,East,Award,Kia Motors,KIRMO,,1630201,Malachi Flynn
1627854.0,Bryn,Forbes,Milwaukee Bucks,NBA Champion,,2020-21,,,,Award,Champion,,,1627854,Bryn Forbes
76733.0,Chris,Ford,Boston Celtics,NBA Champion,,1980-81,,,,Award,Champion,,,76733,Chris Ford
76736.0,Phil,Ford,Kansas City Kings,All-NBA,2,1978-79,,,1610612758,Award,Kia Motors,KIANT,,76736,Phil Ford
76736.0,Phil,Ford,Kansas City Kings,All-Rookie Team,1,1978-79,,,1610612758,Award,Kia Motors,KIART,,76736,Phil Ford
76736.0,Phil,Ford,Sacramento Kings,NBA Player of the Week,,1979-80,,1979-11-18T00:00:00,,Award,Kia Motors,KIPWK,,76736,Phil Ford
76736.0,Phil,Ford,Sacramento Kings,NBA Player of the Week,,1980-81,,1981-01-25T00:00:00,,Award,Kia Motors,KIPWK,,76736,Phil Ford
76736.0,Phil,Ford,Kansas City Kings,NBA Rookie of the Year,,1978-79,,,,Award,Kia Motors,KIROY,,76736,Phil Ford
76736.0,Phil,Ford,Kansas City Kings,NBA Sporting News Rookie of the Year,,1978-79,,,,Award,Sporting News,SNROY,,76736,Phil Ford
76736.0,Phil,Ford,USA,Olympic Gold Medal,,1976,,,,Award,Olympic,Gold,,76736,Phil Ford
2551.0,T.J.,Ford,Milwaukee Bucks,NBA Player of the Week,,2005-06,,2005-11-07T00:00:00,East,Award,Kia Motors,KIPWK,,2551,T.J. Ford
2551.0,TJ,Ford,Milwaukee Bucks,All-Rookie Team,2,2003-04,,,1610612749,Award,Kia Motors,KIART,,2551,T.J. Ford
76738.0,Donnie,Forman,Minneapolis Lakers,NBA Champion,,1948-49,,,,Award,Champion,,,76738,Donnie Forman
323.0,Greg,Foster,Los Angeles Lakers,NBA Champion,,2000-01,,,,Award,Champion,,,323,Greg Foster
203095.0,Evan,Fournier,France,Olympic Silver Medal,,2024,,,,Award,Olympic,Silver,,203095,Evan Fournier
76744.0,Larry,Foust,Fort Wayne Pistons,All-NBA,2,1951-52,,,1610612765,Award,Kia Motors,KIANT,,76744,Larry Foust
76744.0,Larry,Foust,Fort Wayne Pistons,All-NBA,1,1954-55,,,1610612765,Award,Kia Motors,KIANT,,76744,Larry Foust
76744.0,Larry,Foust,,NBA All-Star,,1950-51,,,,Award,All-Star,,,76744,Larry Foust
76744.0,Larry,Foust,,NBA All-Star,,1951-52,,,,Award,All-Star,,,76744,Larry Foust
76744.0,Larry,Foust,,NBA All-Star,,1952-53,,,,Award,All-Star,,,76744,Larry Foust
76744.0,Larry,Foust,,NBA All-Star,,1953-54,,,,Award,All-Star,,,76744,Larry Foust
76744.0,Larry,Foust,,NBA All-Star,,1954-55,,,,Award,All-Star,,,76744,Larry Foust
76744.0,Larry,Foust,,NBA All-Star,,1955-56,,,,Award,All-Star,,,76744,Larry Foust
76744.0,Larry,Foust,,NBA All-Star,,1957-58,,,,Award,All-Star,,,76744,Larry Foust
76744.0,Larry,Foust,,NBA All-Star,,1958-59,,,,Award,All-Star,,,76744,Larry Foust
1628368.0,De'Aaron,Fox,Sacramento Kings,All-NBA,3,2022-23,,,West,Award,Kia Motors,KIANT,,1628368,De'Aaron Fox
1628368.0,De'Aaron,Fox,,NBA All-Star,,2022-23,,,,Award,All-Star,,,1628368,De'Aaron Fox
1628368.0,De'Aaron,Fox,,NBA All-Star,,2025-26,,,,Award,All-Star,,,1628368,De'Aaron Fox
1628368.0,De'Aaron,Fox,Sacramento Kings,NBA Clutch Player of the Year,,2022-23,,,West,Award,Kia Motors,KIMIP,,1628368,De'Aaron Fox
1628368.0,De'Aaron,Fox,Sacramento Kings,NBA Player of the Week,,2020-21,,2021-02-01T00:00:00,West,Award,Kia Motors,KIPWK,,1628368,De'Aaron Fox
1628368.0,De'Aaron,Fox,Sacramento Kings,NBA Player of the Week,,2020-21,,2021-03-22T00:00:00,West,Award,Kia Motors,KIPWK,,1628368,De'Aaron Fox
1628368.0,De'Aaron,Fox,Sacramento Kings,NBA Player of the Week,,2022-23,,2022-11-14T00:00:00,West,Award,Kia Motors,KIPWK,,1628368,De'Aaron Fox
1628368.0,De'Aaron,Fox,Sacramento Kings,NBA Player of the Week,,2023-24,,2023-11-13T00:00:00,West,Award,Kia Motors,KIPWK,,1628368,De'Aaron Fox
1628368.0,De'Aaron,Fox,Sacramento Kings,NBA Player of the Week,,2023-24,,2023-11-27T00:00:00,West,Award,Kia Motors,KIPWK,,1628368,De'Aaron Fox
1628368.0,De'Aaron,Fox,Sacramento Kings,NBA Player of the Week,,2024-25,,2024-11-11T00:00:00,West,Award,Kia Motors,KIPWK,,1628368,De'Aaron Fox
296.0,Rick,Fox,Boston Celtics,All-Rookie Team,2,1991-92,,,1610612738,Award,Kia Motors,KIART,,296,Rick Fox
296.0,Rick,Fox,Los Angeles Lakers,NBA Champion,,1999-00,,,,Award,Champion,,,296,Rick Fox
296.0,Rick,Fox,Los Angeles Lakers,NBA Champion,,2000-01,,,,Award,Champion,,,296,Rick Fox
296.0,Rick,Fox,Los Angeles Lakers,NBA Champion,,2001-02,,,,Award,Champion,,,296,Rick Fox
200751.0,Randy,Foye,Minnesota Timberwolves,All-Rookie Team,1,2006-07,,,1610612750,Award,Kia Motors,KIART,,200751,Randy Foye
200751.0,Randy,Foye,Minnesota Timberwolves,NBA Rookie of the Month,,2006-07,12/01/2006,,West,Award,Kia Motors,KIRMO,,200751,Randy Foye
1883.0,Steve,Francis,Houston Rockets,All-Rookie Team,1,1999-00,,,1610612745,Award,Kia Motors,KIART,,1883,Steve Francis
1883.0,Steve,Francis,,NBA All-Star,,2001-02,,,,Award,All-Star,,,1883,Steve Francis
1883.0,Steve,Francis,,NBA All-Star,,2002-03,,,,Award,All-Star,,,1883,Steve Francis
1883.0,Steve,Francis,,NBA All-Star,,2003-04,,,,Award,All-Star,,,1883,Steve Francis
1883.0,Steve,Francis,Houston Rockets,NBA Player of the Week,,1999-00,,2000-01-24T00:00:00,,Award,Kia Motors,KIPWK,,1883,Steve Francis
1883.0,Steve,Francis,Houston Rockets,NBA Player of the Week,,2000-01,,2001-01-14T00:00:00,,Award,Kia Motors,KIPWK,,1883,Steve Francis
1883.0,Steve,Francis,Houston Rockets,NBA Player of the Week,,2002-03,,2003-01-19T00:00:00,West,Award,Kia Motors,KIPWK,,1883,Steve Francis
1883.0,Steve,Francis,Houston Rockets,NBA Player of the Week,,2002-03,,2003-03-16T00:00:00,West,Award,Kia Motors,KIPWK,,1883,Steve Francis
1883.0,Steve,Francis,Houston Rockets,NBA Rookie of the Month,,1999-00,03/01/2000,,,Award,Kia Motors,KIRMO,,1883,Steve Francis
1883.0,Steve,Francis,Houston Rockets,NBA Rookie of the Month,,1999-00,04/01/2000,,,Award,Kia Motors,KIRMO,,1883,Steve Francis
1883.0,Steve,Francis,Houston Rockets,NBA Rookie of the Month,,1999-00,12/01/1999,,,Award,Kia Motors,KIRMO,,1883,Steve Francis
1883.0,Steve,Francis,Houston Rockets,NBA Rookie of the Year,,1999-00,,,,Award,Kia Motors,KIROY,,1883,Steve Francis
76750.0,Walt,Frazier,New York Knicks,All-Defensive Team,1,1968-69,,,1610612752,Award,Kia Motors,KIADT,,76750,Walt Frazier
76750.0,Walt,Frazier,New York Knicks,All-Defensive Team,1,1969-70,,,1610612752,Award,Kia Motors,KIADT,,76750,Walt Frazier
76750.0,Walt,Frazier,New York Knicks,All-Defensive Team,1,1970-71,,,1610612752,Award,Kia Motors,KIADT,,76750,Walt Frazier
76750.0,Walt,Frazier,New York Knicks,All-Defensive Team,1,1971-72,,,1610612752,Award,Kia Motors,KIADT,,76750,Walt Frazier
76750.0,Walt,Frazier,New York Knicks,All-Defensive Team,1,1972-73,,,1610612752,Award,Kia Motors,KIADT,,76750,Walt Frazier
76750.0,Walt,Frazier,New York Knicks,All-Defensive Team,1,1973-74,,,1610612752,Award,Kia Motors,KIADT,,76750,Walt Frazier
76750.0,Walt,Frazier,New York Knicks,All-Defensive Team,1,1974-75,,,1610612752,Award,Kia Motors,KIADT,,76750,Walt Frazier
76750.0,Walt,Frazier,New York Knicks,All-NBA,1,1969-70,,,1610612752,Award,Kia Motors,KIANT,,76750,Walt Frazier
76750.0,Walt,Frazier,New York Knicks,All-NBA,2,1970-71,,,1610612752,Award,Kia Motors,KIANT,,76750,Walt Frazier
76750.0,Walt,Frazier,New York Knicks,All-NBA,1,1971-72,,,1610612752,Award,Kia Motors,KIANT,,76750,Walt Frazier
76750.0,Walt,Frazier,New York Knicks,All-NBA,2,1972-73,,,1610612752,Award,Kia Motors,KIANT,,76750,Walt Frazier
76750.0,Walt,Frazier,New York Knicks,All-NBA,1,1973-74,,,1610612752,Award,Kia Motors,KIANT,,76750,Walt Frazier
76750.0,Walt,Frazier,New York Knicks,All-NBA,1,1974-75,,,1610612752,Award,Kia Motors,KIANT,,76750,Walt Frazier
76750.0,Walt,Frazier,New York Knicks,All-Rookie Team,1,1967-68,,,1610612752,Award,Kia Motors,KIART,,76750,Walt Frazier
76750.0,Walt,Frazier,,Hall of Fame Inductee,,1987,,,,Award,Hall of Fame,,,76750,Walt Frazier
76750.0,Walt,Frazier,,NBA All-Star,,1969-70,,,,Award,All-Star,,,76750,Walt Frazier
76750.0,Walt,Frazier,,NBA All-Star,,1970-71,,,,Award,All-Star,,,76750,Walt Frazier
76750.0,Walt,Frazier,,NBA All-Star,,1971-72,,,,Award,All-Star,,,76750,Walt Frazier
76750.0,Walt,Frazier,,NBA All-Star,,1972-73,,,,Award,All-Star,,,76750,Walt Frazier
76750.0,Walt,Frazier,,NBA All-Star,,1973-74,,,,Award,All-Star,,,76750,Walt Frazier
76750.0,Walt,Frazier,,NBA All-Star,,1974-75,,,,Award,All-Star,,,76750,Walt Frazier
76750.0,Walt,Frazier,,NBA All-Star,,1975-76,,,,Award,All-Star,,,76750,Walt Frazier
76750.0,Walt,Frazier,New York Knicks,NBA All-Star Most Valuable Player,,1974-75,,,,Award,Kia Motors,KAMVP,,76750,Walt Frazier
76750.0,Walt,Frazier,New York Knicks,NBA Champion,,1969-70,,,,Award,Champion,,,76750,Walt Frazier
76750.0,Walt,Frazier,New York Knicks,NBA Champion,,1972-73,,,,Award,Champion,,,76750,Walt Frazier
76753.0,World,Free,,NBA All-Star,,1979-80,,,,Award,All-Star,,,76753,World Free
76753.0,World B.,Free,San Diego Clippers,All-NBA,2,1978-79,,,1610612746,Award,Kia Motors,KIANT,,76753,World Free
76753.0,World B.,Free,Cleveland Cavaliers,NBA Player of the Week,,1984-85,,1985-01-13T00:00:00,,Award,Kia Motors,KIPWK,,76753,World Free
200777.0,Joel,Freeland,Great Britain,Olympic Appearance,,2012,,,,Award,Olympic,Appearance,,200777,Joel Freeland
101112.0,Channing,Frye,New York Knicks,All-Rookie Team,1,2005-06,,,1610612752,Award,Kia Motors,KIART,,101112,Channing Frye
101112.0,Channing,Frye,Cleveland Cavaliers,NBA Champion,,2015-16,,,,Award,Champion,,,101112,Channing Frye
101112.0,Channing,Frye,New York Knicks,NBA Rookie of the Month,,2005-06,11/01/2005,,East,Award,Kia Motors,KIRMO,,101112,Channing Frye
76763.0,Herm,Fuetsch,Baltimore Bullets,NBA Champion,,1947-48,,,,Award,Champion,,,76763,Herm Fuetsch
76764.0,Joe,Fulks,Philadelphia Warriors,All-NBA,1,1946-47,,,1610612744,Award,Kia Motors,KIANT,,76764,Joe Fulks
76764.0,Joe,Fulks,Philadelphia Warriors,All-NBA,1,1947-48,,,1610612744,Award,Kia Motors,KIANT,,76764,Joe Fulks
76764.0,Joe,Fulks,Philadelphia Warriors,All-NBA,1,1948-49,,,1610612744,Award,Kia Motors,KIANT,,76764,Joe Fulks
76764.0,Joe,Fulks,Philadelphia Warriors,All-NBA,2,1950-51,,,1610612744,Award,Kia Motors,KIANT,,76764,Joe Fulks
76764.0,Joe,Fulks,,Hall of Fame Inductee,,1978,,,,Award,Hall of Fame,,,76764,Joe Fulks
76764.0,Joe,Fulks,,NBA All-Star,,1950-51,,,,Award,All-Star,,,76764,Joe Fulks
76764.0,Joe,Fulks,,NBA All-Star,,1951-52,,,,Award,All-Star,,,76764,Joe Fulks
76764.0,Joe,Fulks,Philadelphia Warriors,NBA Champion,,1946-47,,,,Award,Champion,,,76764,Joe Fulks
76768.0,Billy,Gabor,,NBA All-Star,,1952-53,,,,Award,All-Star,,,76768,Billy Gabor
76773.0,Harry,Gallatin,New York Knicks,All-NBA,1,1953-54,,,1610612752,Award,Kia Motors,KIANT,,76773,Harry Gallatin
76773.0,Harry,Gallatin,New York Knicks,All-NBA,2,1954-55,,,1610612752,Award,Kia Motors,KIANT,,76773,Harry Gallatin
76773.0,Harry,Gallatin,,Hall of Fame Inductee,,1991,,,,Award,Hall of Fame,,,76773,Harry Gallatin
76773.0,Harry,Gallatin,,NBA All-Star,,1950-51,,,,Award,All-Star,,,76773,Harry Gallatin
76773.0,Harry,Gallatin,,NBA All-Star,,1951-52,,,,Award,All-Star,,,76773,Harry Gallatin
76773.0,Harry,Gallatin,,NBA All-Star,,1952-53,,,,Award,All-Star,,,76773,Harry Gallatin
76773.0,Harry,Gallatin,,NBA All-Star,,1953-54,,,,Award,All-Star,,,76773,Harry Gallatin
76773.0,Harry,Gallatin,,NBA All-Star,,1954-55,,,,Award,All-Star,,,76773,Harry Gallatin
76773.0,Harry,Gallatin,,NBA All-Star,,1955-56,,,,Award,All-Star,,,76773,Harry Gallatin
76773.0,Harry,Gallatin,,NBA All-Star,,1956-57,,,,Award,All-Star,,,76773,Harry Gallatin
204038.0,Langston,Galloway,New York Knicks,All-Rookie Team,2,2014-15,,,1610612752,Award,Kia Motors,KIART,,204038,Langston Galloway
76774.0,Dave,Gambee,Philadelphia 76ers,NBA Champion,,1966-67,,,,Award,Champion,,,76774,Dave Gambee
200816.0,Jorge,Garbajosa,Toronto Raptors,All-Rookie Team,1,2006-07,,,1610612761,Award,Kia Motors,KIART,,200816,Jorge Garbajosa
200816.0,Jorge,Garbajosa,Toronto Raptors,NBA Rookie of the Month,,2006-07,12/01/2006,,East,Award,Kia Motors,KIRMO,,200816,Jorge Garbajosa
200816.0,Jorge,Garbajosa,Spain,Olympic Appearance,,2000,,,,Award,Olympic,Appearance,,200816,Jorge Garbajosa
200816.0,Jorge,Garbajosa,Spain,Olympic Appearance,,2004,,,,Award,Olympic,Appearance,,200816,Jorge Garbajosa
200816.0,Jorge,Garbajosa,Spain,Olympic Silver Medal,,2008,,,,Award,Olympic,Silver,,200816,Jorge Garbajosa
2682.0,Alex,Garcia,Brazil,Olympic Appearance,,2012,,,,Award,Olympic,Appearance,,2682,Alex Garcia
76778.0,Earl,Gardner,Minneapolis Lakers,NBA Champion,,1948-49,,,,Award,Champion,,,76778,Earl Gardner
1629636.0,Darius,Garland,,NBA All-Star,,2021-22,,,,Award,All-Star,,,1629636,Darius Garland
1629636.0,Darius,Garland,,NBA All-Star,,2024-25,,,,Award,All-Star,,,1629636,Darius Garland
1629636.0,Darius,Garland,Cleveland Cavaliers,NBA Player of the Week,,2021-22,,2022-01-10T00:00:00,East,Award,Kia Motors,KIPWK,,1629636,Darius Garland
1629636.0,Darius,Garland,Cleveland Cavaliers,NBA Player of the Week,,2024-25,,2024-11-04T00:00:00,East,Award,Kia Motors,KIPWK,,1629636,Darius Garland
1629636.0,Darius,Garland,Cleveland Cavaliers,NBA Player of the Week,,2024-25,,2025-01-06T00:00:00,East,Award,Kia Motors,KIPWK,,1629636,Darius Garland
76783.0,Dick,Garmaker,Minneapolis Lakers,All-NBA,2,1956-57,,,1610612747,Award,Kia Motors,KIANT,,76783,Dick Garmaker
76783.0,Dick,Garmaker,,NBA All-Star,,1956-57,,,,Award,All-Star,,,76783,Dick Garmaker
76783.0,Dick,Garmaker,,NBA All-Star,,1957-58,,,,Award,All-Star,,,76783,Dick Garmaker
76783.0,Dick,Garmaker,,NBA All-Star,,1958-59,,,,Award,All-Star,,,76783,Dick Garmaker
76783.0,Dick,Garmaker,,NBA All-Star,,1959-60,,,,Award,All-Star,,,76783,Dick Garmaker
708.0,Kevin,Garnett,Minnesota Timberwolves,All-Defensive Team,1,1999-00,,,1610612750,Award,Kia Motors,KIADT,,708,Kevin Garnett
708.0,Kevin,Garnett,Minnesota Timberwolves,All-Defensive Team,1,2000-01,,,1610612750,Award,Kia Motors,KIADT,,708,Kevin Garnett
708.0,Kevin,Garnett,Minnesota Timberwolves,All-Defensive Team,1,2001-02,,,1610612750,Award,Kia Motors,KIADT,,708,Kevin Garnett
708.0,Kevin,Garnett,Minnesota Timberwolves,All-Defensive Team,1,2002-03,,,1610612750,Award,Kia Motors,KIADT,,708,Kevin Garnett
708.0,Kevin,Garnett,Minnesota Timberwolves,All-Defensive Team,1,2003-04,,,1610612750,Award,Kia Motors,KIADT,,708,Kevin Garnett
708.0,Kevin,Garnett,Minnesota Timberwolves,All-Defensive Team,1,2004-05,,,1610612750,Award,Kia Motors,KIADT,,708,Kevin Garnett
708.0,Kevin,Garnett,Minnesota Timberwolves,All-Defensive Team,2,2005-06,,,1610612750,Award,Kia Motors,KIADT,,708,Kevin Garnett
708.0,Kevin,Garnett,Minnesota Timberwolves,All-Defensive Team,2,2006-07,,,1610612750,Award,Kia Motors,KIADT,,708,Kevin Garnett
708.0,Kevin,Garnett,Boston Celtics,All-Defensive Team,1,2007-08,,,1610612738,Award,Kia Motors,KIADT,,708,Kevin Garnett
708.0,Kevin,Garnett,Boston Celtics,All-Defensive Team,1,2008-09,,,1610612738,Award,Kia Motors,KIADT,,708,Kevin Garnett
708.0,Kevin,Garnett,Boston Celtics,All-Defensive Team,1,2010-11,,,1610612738,Award,Kia Motors,KIADT,,708,Kevin Garnett
708.0,Kevin,Garnett,Boston Celtics,All-Defensive Team,2,2011-12,,,1610612738,Award,Kia Motors,KIADT,,708,Kevin Garnett
708.0,Kevin,Garnett,Minnesota Timberwolves,All-NBA,3,1998-99,,,1610612750,Award,Kia Motors,KIANT,,708,Kevin Garnett
708.0,Kevin,Garnett,Minnesota Timberwolves,All-NBA,1,1999-00,,,1610612750,Award,Kia Motors,KIANT,,708,Kevin Garnett
708.0,Kevin,Garnett,Minnesota Timberwolves,All-NBA,2,2000-01,,,1610612750,Award,Kia Motors,KIANT,,708,Kevin Garnett
708.0,Kevin,Garnett,Minnesota Timberwolves,All-NBA,2,2001-02,,,1610612750,Award,Kia Motors,KIANT,,708,Kevin Garnett
708.0,Kevin,Garnett,Minnesota Timberwolves,All-NBA,1,2002-03,,,1610612750,Award,Kia Motors,KIANT,,708,Kevin Garnett
708.0,Kevin,Garnett,Minnesota Timberwolves,All-NBA,1,2003-04,,,1610612750,Award,Kia Motors,KIANT,,708,Kevin Garnett
708.0,Kevin,Garnett,Minnesota Timberwolves,All-NBA,2,2004-05,,,1610612750,Award,Kia Motors,KIANT,,708,Kevin Garnett
708.0,Kevin,Garnett,Minnesota Timberwolves,All-NBA,3,2006-07,,,1610612750,Award,Kia Motors,KIANT,,708,Kevin Garnett
708.0,Kevin,Garnett,Boston Celtics,All-NBA,1,2007-08,,,1610612738,Award,Kia Motors,KIANT,,708,Kevin Garnett
708.0,Kevin,Garnett,Minnesota Timberwolves,All-Rookie Team,2,1995-96,,,1610612750,Award,Kia Motors,KIART,,708,Kevin Garnett
708.0,Kevin,Garnett,Minnesota Timberwolves,J. Walter Kennedy Citizenship,,2005-06,,,,Award,Kia Motors,KIWKC,,708,Kevin Garnett
708.0,Kevin,Garnett,,NBA All-Star,,1996-97,,,,Award,All-Star,,,708,Kevin Garnett
708.0,Kevin,Garnett,,NBA All-Star,,1997-98,,,,Award,All-Star,,,708,Kevin Garnett
708.0,Kevin,Garnett,,NBA All-Star,,1999-00,,,,Award,All-Star,,,708,Kevin Garnett
708.0,Kevin,Garnett,,NBA All-Star,,2000-01,,,,Award,All-Star,,,708,Kevin Garnett
708.0,Kevin,Garnett,,NBA All-Star,,2001-02,,,,Award,All-Star,,,708,Kevin Garnett
708.0,Kevin,Garnett,,NBA All-Star,,2002-03,,,,Award,All-Star,,,708,Kevin Garnett
708.0,Kevin,Garnett,,NBA All-Star,,2003-04,,,,Award,All-Star,,,708,Kevin Garnett
708.0,Kevin,Garnett,,NBA All-Star,,2004-05,,,,Award,All-Star,,,708,Kevin Garnett
708.0,Kevin,Garnett,,NBA All-Star,,2005-06,,,,Award,All-Star,,,708,Kevin Garnett
708.0,Kevin,Garnett,,NBA All-Star,,2006-07,,,,Award,All-Star,,,708,Kevin Garnett
708.0,Kevin,Garnett,,NBA All-Star,,2007-08,,,,Award,All-Star,,,708,Kevin Garnett
708.0,Kevin,Garnett,,NBA All-Star,,2008-09,,,,Award,All-Star,,,708,Kevin Garnett
708.0,Kevin,Garnett,,NBA All-Star,,2009-10,,,,Award,All-Star,,,708,Kevin Garnett
708.0,Kevin,Garnett,,NBA All-Star,,2010-11,,,,Award,All-Star,,,708,Kevin Garnett
708.0,Kevin,Garnett,,NBA All-Star,,2012-13,,,,Award,All-Star,,,708,Kevin Garnett
708.0,Kevin,Garnett,Minnesota Timberwolves,NBA All-Star Most Valuable Player,,2002-03,,,,Award,Kia Motors,KAMVP,,708,Kevin Garnett
708.0,Kevin,Garnett,Boston Celtics,NBA Champion,,2007-08,,,,Award,Champion,,,708,Kevin Garnett
708.0,Kevin,Garnett,Boston Celtics,NBA Defensive Player of the Year,,2007-08,,,,Award,Kia Motors,KDPYR,,708,Kevin Garnett
708.0,Kevin,Garnett,Minnesota Timberwolves,NBA Most Valuable Player,,2003-04,,,,Award,Kia Motors,KIMVP,,708,Kevin Garnett
708.0,Kevin,Garnett,Minnesota Timberwolves,NBA Player of the Month,,1999-00,01/01/2000,,,Award,Kia Motors,KIPMO,,708,Kevin Garnett
708.0,Kevin,Garnett,Minnesota Timberwolves,NBA Player of the Month,,2001-02,02/01/2002,,West,Award,Kia Motors,KIPMO,,708,Kevin Garnett
708.0,Kevin,Garnett,Minnesota Timberwolves,NBA Player of the Month,,2002-03,02/01/2003,,West,Award,Kia Motors,KIPMO,,708,Kevin Garnett
708.0,Kevin,Garnett,Minnesota Timberwolves,NBA Player of the Month,,2002-03,04/01/2003,,West,Award,Kia Motors,KIPMO,,708,Kevin Garnett
708.0,Kevin,Garnett,Minnesota Timberwolves,NBA Player of the Month,,2003-04,01/01/2004,,West,Award,Kia Motors,KIPMO,,708,Kevin Garnett
708.0,Kevin,Garnett,Minnesota Timberwolves,NBA Player of the Month,,2003-04,02/01/2004,,West,Award,Kia Motors,KIPMO,,708,Kevin Garnett
708.0,Kevin,Garnett,Minnesota Timberwolves,NBA Player of the Month,,2003-04,04/01/2004,,West,Award,Kia Motors,KIPMO,,708,Kevin Garnett
708.0,Kevin,Garnett,Minnesota Timberwolves,NBA Player of the Month,,2003-04,12/01/2003,,West,Award,Kia Motors,KIPMO,,708,Kevin Garnett
708.0,Kevin,Garnett,Minnesota Timberwolves,NBA Player of the Month,,2004-05,03/01/2005,,West,Award,Kia Motors,KIPMO,,708,Kevin Garnett
708.0,Kevin,Garnett,Minnesota Timberwolves,NBA Player of the Week,,1998-99,,1999-04-04T00:00:00,,Award,Kia Motors,KIPWK,,708,Kevin Garnett
708.0,Kevin,Garnett,Minnesota Timberwolves,NBA Player of the Week,,1999-00,,1999-11-14T00:00:00,,Award,Kia Motors,KIPWK,,708,Kevin Garnett
708.0,Kevin,Garnett,Minnesota Timberwolves,NBA Player of the Week,,1999-00,,1999-12-27T00:00:00,,Award,Kia Motors,KIPWK,,708,Kevin Garnett
708.0,Kevin,Garnett,Minnesota Timberwolves,NBA Player of the Week,,1999-00,,2000-03-27T00:00:00,,Award,Kia Motors,KIPWK,,708,Kevin Garnett
708.0,Kevin,Garnett,Minnesota Timberwolves,NBA Player of the Week,,2000-01,,2000-11-19T00:00:00,,Award,Kia Motors,KIPWK,,708,Kevin Garnett
708.0,Kevin,Garnett,Minnesota Timberwolves,NBA Player of the Week,,2001-02,,2001-11-18T00:00:00,West,Award,Kia Motors,KIPWK,,708,Kevin Garnett
708.0,Kevin,Garnett,Minnesota Timberwolves,NBA Player of the Week,,2001-02,,2002-01-13T00:00:00,West,Award,Kia Motors,KIPWK,,708,Kevin Garnett
708.0,Kevin,Garnett,Minnesota Timberwolves,NBA Player of the Week,,2002-03,,2002-11-24T00:00:00,West,Award,Kia Motors,KIPWK,,708,Kevin Garnett
708.0,Kevin,Garnett,Minnesota Timberwolves,NBA Player of the Week,,2003-04,,2003-11-23T00:00:00,West,Award,Kia Motors,KIPWK,,708,Kevin Garnett
708.0,Kevin,Garnett,Minnesota Timberwolves,NBA Player of the Week,,2003-04,,2003-12-21T00:00:00,West,Award,Kia Motors,KIPWK,,708,Kevin Garnett
708.0,Kevin,Garnett,Minnesota Timberwolves,NBA Player of the Week,,2003-04,,2004-01-25T00:00:00,West,Award,Kia Motors,KIPWK,,708,Kevin Garnett
708.0,Kevin,Garnett,Minnesota Timberwolves,NBA Player of the Week,,2003-04,,2004-02-01T00:00:00,West,Award,Kia Motors,KIPWK,,708,Kevin Garnett
708.0,Kevin,Garnett,Minnesota Timberwolves,NBA Player of the Week,,2004-05,,2004-11-07T00:00:00,West,Award,Kia Motors,KIPWK,,708,Kevin Garnett
708.0,Kevin,Garnett,Minnesota Timberwolves,NBA Player of the Week,,2005-06,,2006-01-15T00:00:00,West,Award,Kia Motors,KIPWK,,708,Kevin Garnett
708.0,Kevin,Garnett,Minnesota Timberwolves,NBA Player of the Week,,2006-07,,2007-01-07T00:00:00,West,Award,Kia Motors,KIPWK,,708,Kevin Garnett
708.0,Kevin,Garnett,Boston Celtics,NBA Player of the Week,,2007-08,,2007-11-11T00:00:00,East,Award,Kia Motors,KIPWK,,708,Kevin Garnett
708.0,Kevin,Garnett,Boston Celtics,NBA Player of the Week,,2007-08,,2008-03-23T00:00:00,East,Award,Kia Motors,KIPWK,,708,Kevin Garnett
708.0,Kevin,Garnett,Boston Celtics,NBA Player of the Week,,2007-08,,2008-04-13T00:00:00,East,Award,Kia Motors,KIPWK,,708,Kevin Garnett
708.0,Kevin,Garnett,Boston Celtics,NBA Player of the Week,,2009-10,,2009-12-07T00:00:00,East,Award,Kia Motors,KIPWK,,708,Kevin Garnett
708.0,Kevin,Garnett,Boston Celtics,NBA Player of the Week,,2011-12,,2012-04-09T00:00:00,East,Award,Kia Motors,KIPWK,,708,Kevin Garnett
708.0,Kevin,Garnett,Minnesota Timberwolves,NBA Sporting News Most Valuable Player of the Year,,2003-04,,,,Award,Sporting News,SNMVP,,708,Kevin Garnett
708.0,Kevin,Garnett,USA,Olympic Gold Medal,,2000,,,,Award,Olympic,Gold,,708,Kevin Garnett
76788.0,Eldo,Garrett,Los Angeles Lakers,All-Rookie Team,1,1969-70,,,1610612747,Award,Kia Motors,KIART,,76788,Eldo Garrett
201188.0,Marc,Gasol,Memphis Grizzlies,All-Defensive Team,2,2012-13,,,1610612763,Award,Kia Motors,KIADT,,201188,Marc Gasol
201188.0,Marc,Gasol,Memphis Grizzlies,All-NBA,2,2012-13,,,1610612763,Award,Kia Motors,KIANT,,201188,Marc Gasol
201188.0,Marc,Gasol,Memphis Grizzlies,All-NBA,1,2014-15,,,1610612763,Award,Kia Motors,KIANT,,201188,Marc Gasol
201188.0,Marc,Gasol,Memphis Grizzlies,All-Rookie Team,2,2008-09,,,1610612763,Award,Kia Motors,KIART,,201188,Marc Gasol
201188.0,Marc,Gasol,,NBA All-Star,,2011-12,,,,Award,All-Star,,,201188,Marc Gasol
201188.0,Marc,Gasol,,NBA All-Star,,2014-15,,,,Award,All-Star,,,201188,Marc Gasol
201188.0,Marc,Gasol,,NBA All-Star,,2016-17,,,,Award,All-Star,,,201188,Marc Gasol
201188.0,Marc,Gasol,Toronto Raptors,NBA Champion,,2018-19,,,,Award,Champion,,,201188,Marc Gasol
201188.0,Marc,Gasol,Memphis Grizzlies,NBA Defensive Player of the Year,,2012-13,,,,Award,Kia Motors,KDPYR,,201188,Marc Gasol
201188.0,Marc,Gasol,Memphis Grizzlies,NBA Player of the Week,,2011-12,,2012-01-16T00:00:00,West,Award,Kia Motors,KIPWK,,201188,Marc Gasol
201188.0,Marc,Gasol,Memphis Grizzlies,NBA Player of the Week,,2016-17,,2016-12-12T00:00:00,West,Award,Kia Motors,KIPWK,,201188,Marc Gasol
201188.0,Marc,Gasol,Spain,Olympic Silver Medal,,2008,,,,Award,Olympic,Silver,,201188,Marc Gasol
201188.0,Marc,Gasol,Spain,Olympic Silver Medal,,2012,,,,Award,Olympic,Silver,,201188,Marc Gasol
2200.0, Pau,Gasol,,Olympic Bronze Medal,,2016,,,,Award,Olympic,Bronze,,2200,Pau Gasol
2200.0,Pau,Gasol,Los Angeles Lakers,All-NBA,3,2008-09,,,1610612747,Award,Kia Motors,KIANT,,2200,Pau Gasol
2200.0,Pau,Gasol,Los Angeles Lakers,All-NBA,3,2009-10,,,1610612747,Award,Kia Motors,KIANT,,2200,Pau Gasol
2200.0,Pau,Gasol,Los Angeles Lakers,All-NBA,2,2010-11,,,1610612747,Award,Kia Motors,KIANT,,2200,Pau Gasol
2200.0,Pau,Gasol,Chicago Bulls,All-NBA,2,2014-15,,,1610612741,Award,Kia Motors,KIANT,,2200,Pau Gasol
2200.0,Pau,Gasol,Memphis Grizzlies,All-Rookie Team,1,2001-02,,,1610612763,Award,Kia Motors,KIART,,2200,Pau Gasol
2200.0,Pau,Gasol,Los Angeles Lakers,J. Walter Kennedy Citizenship,,2011-12,,,,Award,Kia Motors,KIWKC,,2200,Pau Gasol
2200.0,Pau,Gasol,,NBA All-Star,,2005-06,,,,Award,All-Star,,,2200,Pau Gasol
2200.0,Pau,Gasol,,NBA All-Star,,2008-09,,,,Award,All-Star,,,2200,Pau Gasol
2200.0,Pau,Gasol,,NBA All-Star,,2009-10,,,,Award,All-Star,,,2200,Pau Gasol
2200.0,Pau,Gasol,,NBA All-Star,,2010-11,,,,Award,All-Star,,,2200,Pau Gasol
2200.0,Pau,Gasol,,NBA All-Star,,2014-15,,,,Award,All-Star,,,2200,Pau Gasol
2200.0,Pau,Gasol,,NBA All-Star,,2015-16,,,,Award,All-Star,,,2200,Pau Gasol
2200.0,Pau,Gasol,Los Angeles Lakers,NBA Champion,,2008-09,,,,Award,Champion,,,2200,Pau Gasol
2200.0,Pau,Gasol,Los Angeles Lakers,NBA Champion,,2009-10,,,,Award,Champion,,,2200,Pau Gasol
2200.0,Pau,Gasol,Los Angeles Lakers,NBA Player of the Month,,2008-09,02/01/2009,,West,Award,Kia Motors,KIPMO,,2200,Pau Gasol
2200.0,Pau,Gasol,Memphis Grizzlies,NBA Player of the Week,,2004-05,,2005-01-02T00:00:00,West,Award,Kia Motors,KIPWK,,2200,Pau Gasol
2200.0,Pau,Gasol,Memphis Grizzlies,NBA Player of the Week,,2005-06,,2006-03-05T00:00:00,West,Award,Kia Motors,KIPWK,,2200,Pau Gasol
2200.0,Pau,Gasol,Memphis Grizzlies,NBA Player of the Week,,2005-06,,2006-03-26T00:00:00,West,Award,Kia Motors,KIPWK,,2200,Pau Gasol
2200.0,Pau,Gasol,Los Angeles Lakers,NBA Player of the Week,,2008-09,,2009-02-09T00:00:00,West,Award,Kia Motors,KIPWK,,2200,Pau Gasol
2200.0,Pau,Gasol,Los Angeles Lakers,NBA Player of the Week,,2008-09,,2009-02-23T00:00:00,West,Award,Kia Motors,KIPWK,,2200,Pau Gasol
2200.0,Pau,Gasol,Los Angeles Lakers,NBA Player of the Week,,2009-10,,2010-03-22T00:00:00,West,Award,Kia Motors,KIPWK,,2200,Pau Gasol
2200.0,Pau,Gasol,Los Angeles Lakers,NBA Player of the Week,,2010-11,,2010-11-01T00:00:00,West,Award,Kia Motors,KIPWK,,2200,Pau Gasol
2200.0,Pau,Gasol,Memphis Grizzlies,NBA Rookie of the Month,,2001-02,01/01/2002,,West,Award,Kia Motors,KIRMO,,2200,Pau Gasol
2200.0,Pau,Gasol,Memphis Grizzlies,NBA Rookie of the Month,,2001-02,03/01/2002,,West,Award,Kia Motors,KIRMO,,2200,Pau Gasol
2200.0,Pau,Gasol,Memphis Grizzlies,NBA Rookie of the Month,,2001-02,11/01/2001,,West,Award,Kia Motors,KIRMO,,2200,Pau Gasol
2200.0,Pau,Gasol,Memphis Grizzlies,NBA Rookie of the Year,,2001-02,,,,Award,Kia Motors,KIROY,,2200,Pau Gasol
2200.0,Pau,Gasol,Spain,Olympic Appearance,,2004,,,,Award,Olympic,Appearance,,2200,Pau Gasol
2200.0,Pau,Gasol,Spain,Olympic Silver Medal,,2008,,,,Award,Olympic,Silver,,2200,Pau Gasol
2200.0,Pau,Gasol,Spain,Olympic Silver Medal,,2012,,,,Award,Olympic,Silver,,2200,Pau Gasol
423.0,Chris,Gatling,,NBA All-Star,,1996-97,,,,Award,All-Star,,,423,Chris Gatling
423.0,Chris,Gatling,Miami Heat,NBA Player of the Week,,1995-96,,1996-03-24T00:00:00,,Award,Kia Motors,KIPWK,,423,Chris Gatling
200752.0,Rudy,Gay,Memphis Grizzlies,All-Rookie Team,1,2006-07,,,1610612763,Award,Kia Motors,KIART,,200752,Rudy Gay
200752.0,Rudy,Gay,Memphis Grizzlies,NBA Rookie of the Month,,2006-07,11/01/2006,,West,Award,Kia Motors,KIRMO,,200752,Rudy Gay
1845.0,Andrew,Gaze,Australia,Olympic Appearance,,1984,,,,Award,Olympic,Appearance,,1845,Andrew Gaze
1845.0,Andrew,Gaze,Australia,Olympic Appearance,,1988,,,,Award,Olympic,Appearance,,1845,Andrew Gaze
1845.0,Andrew,Gaze,Australia,Olympic Appearance,,1992,,,,Award,Olympic,Appearance,,1845,Andrew Gaze
1845.0,Andrew,Gaze,Australia,Olympic Appearance,,1996,,,,Award,Olympic,Appearance,,1845,Andrew Gaze
1845.0,Andrew,Gaze,Australia,Olympic Appearance,,2000,,,,Award,Olympic,Appearance,,1845,Andrew Gaze
101153.0,Mickael,Gelabale,France,Olympic Appearance,,2012,,,,Award,Olympic,Appearance,,101153,Mickael Gelabale
1904.0,Devean,George,Los Angeles Lakers,NBA Champion,,1999-00,,,,Award,Champion,,,1904,Devean George
1904.0,Devean,George,Los Angeles Lakers,NBA Champion,,2000-01,,,,Award,Champion,,,1904,Devean George
1904.0,Devean,George,Los Angeles Lakers,NBA Champion,,2001-02,,,,Award,Champion,,,1904,Devean George
76800.0,Jack,George,Philadelphia Warriors,All-NBA,2,1955-56,,,1610612744,Award,Kia Motors,KIANT,,76800,Jack George
76800.0,Jack,George,,NBA All-Star,,1955-56,,,,Award,All-Star,,,76800,Jack George
76800.0,Jack,George,,NBA All-Star,,1956-57,,,,Award,All-Star,,,76800,Jack George
76800.0,Jack,George,Philadelphia Warriors,NBA Champion,,1955-56,,,,Award,Champion,,,76800,Jack George
1641718.0,Keyonte,George,Utah Jazz,All-Rookie Team,2,2023-24,,,West,Award,Kia Motors,KIART,,1641718,Keyonte George
202331.0,Paul,George,Indiana Pacers,All-Defensive Team,2,2012-13,,,1610612754,Award,Kia Motors,KIADT,,202331,Paul George
202331.0,Paul,George,Indiana Pacers,All-Defensive Team,1,2013-14,,,1610612754,Award,Kia Motors,KIADT,,202331,Paul George
202331.0,Paul,George,Indiana Pacers,All-Defensive Team,2,2015-16,,,East,Award,Kia Motors,KIADT,,202331,Paul George
202331.0,Paul,George,Oklahoma City Thunder,All-Defensive Team,1,2018-19,,,West,Award,Kia Motors,KIADT,,202331,Paul George
202331.0,Paul,George,Indiana Pacers,All-NBA,3,2012-13,,,1610612754,Award,Kia Motors,KIANT,,202331,Paul George
202331.0,Paul,George,Indiana Pacers,All-NBA,3,2013-14,,,1610612754,Award,Kia Motors,KIANT,,202331,Paul George
202331.0,Paul,George,Indiana Pacers,All-NBA,3,2015-16,,,East,Award,Kia Motors,KIANT,,202331,Paul George
202331.0,Paul,George,Oklahoma City Thunder,All-NBA,3,2017-18,,,West,Award,Kia Motors,KIANT,,202331,Paul George
202331.0,Paul,George,Oklahoma City Thunder,All-NBA,1,2018-19,,,West,Award,Kia Motors,KIANT,,202331,Paul George
202331.0,Paul,George,Los Angeles Clippers,All-NBA,3,2020-21,,,West,Award,Kia Motors,KIANT,,202331,Paul George
202331.0,Paul,George,Indiana Pacers,All-Rookie Team,2,2010-11,,,1610612754,Award,Kia Motors,KIART,,202331,Paul George
202331.0,Paul,George,,NBA All-Star,,2012-13,,,,Award,All-Star,,,202331,Paul George
202331.0,Paul,George,,NBA All-Star,,2013-14,,,,Award,All-Star,,,202331,Paul George
202331.0,Paul,George,,NBA All-Star,,2015-16,,,,Award,All-Star,,,202331,Paul George
202331.0,Paul,George,,NBA All-Star,,2016-17,,,,Award,All-Star,,,202331,Paul George
202331.0,Paul,George,,NBA All-Star,,2017-18,,,,Award,All-Star,,,202331,Paul George
202331.0,Paul,George,,NBA All-Star,,2018-19,,,,Award,All-Star,,,202331,Paul George
202331.0,Paul,George,,NBA All-Star,,2020-21,,,,Award,All-Star,,,202331,Paul George
202331.0,Paul,George,,NBA All-Star,,2022-23,,,,Award,All-Star,,,202331,Paul George
202331.0,Paul,George,,NBA All-Star,,2023-24,,,,Award,All-Star,,,202331,Paul George
202331.0,Paul,George,Indiana Pacers,NBA Most Improved Player,,2012-13,,,,Award,Kia Motors,KIMIP,,202331,Paul George
202331.0,Paul,George,Indiana Pacers,NBA Player of the Month,,2013-14,11/1/2013,,East,Award,Kia Motors,KIPMO,,202331,Paul George
202331.0,Paul,George,Indiana Pacers,NBA Player of the Month,,2015-16,11/1/2015,,East,Award,Kia Motors,KIPMO,,202331,Paul George
202331.0,Paul,George,Indiana Pacers,NBA Player of the Month,,2016-17,4/1/2017,,East,Award,Kia Motors,KIPMO,,202331,Paul George
202331.0,Paul,George,Oklahoma City Thunder,NBA Player of the Month,,2018-19,02/01/2019,,West,Award,Kia Motors,KIPMO,,202331,Paul George
202331.0,Paul,George,Indiana Pacers,NBA Player of the Week,,2012-13,,2012-12-10T00:00:00,East,Award,Kia Motors,KIPWK,,202331,Paul George
202331.0,Paul,George,Indiana Pacers,NBA Player of the Week,,2012-13,,2012-12-17T00:00:00,East,Award,Kia Motors,KIPWK,,202331,Paul George
202331.0,Paul,George,Indiana Pacers,NBA Player of the Week,,2013-14,,2013-11-10T00:00:00,East,Award,Kia Motors,KIPWK,,202331,Paul George
202331.0,Paul,George,Indiana Pacers,NBA Player of the Week,,2013-14,,2014-01-20T00:00:00,,Award,Kia Motors,KIPWK,,202331,Paul George
202331.0,Paul,George,Indiana Pacers,NBA Player of the Week,,2015-16,,2015-11-30T00:00:00,East,Award,Kia Motors,KIPWK,,202331,Paul George
202331.0,Paul,George,Indiana Pacers,NBA Player of the Week,,2016-17,,2017-04-10T00:00:00,East,Award,Kia Motors,KIPWK,,202331,Paul George
202331.0,Paul,George,Oklahoma City Thunder,NBA Player of the Week,,2018-19,,2018-12-17T00:00:00,West,Award,Kia Motors,KIPWK,,202331,Paul George
202331.0,Paul,George,Oklahoma City Thunder,NBA Player of the Week,,2018-19,,2019-01-21T00:00:00,West,Award,Kia Motors,KIPWK,,202331,Paul George
202331.0,Paul,George,Oklahoma City Thunder,NBA Player of the Week,,2018-19,,2019-02-04T00:00:00,West,Award,Kia Motors,KIPWK,,202331,Paul George
202331.0,Paul,George,Los Angeles Clippers,NBA Player of the Week,,2020-21,,2021-04-05T00:00:00,West,Award,Kia Motors,KIPWK,,202331,Paul George
202331.0,Paul,George,Los Angeles Clippers,NBA Player of the Week,,2021-22,,2021-11-01T00:00:00,West,Award,Kia Motors,KIPWK,,202331,Paul George
202331.0,Paul,George,LA Clippers,NBA Player of the Week,,2022-23,,2022-10-31T00:00:00,West,Award,Kia Motors,KIPWK,,202331,Paul George
202331.0,Paul,George,USA,Olympic Gold Medal,,2016,,,,Award,Olympic,Gold,,202331,Paul George
76804.0,George,Gervin,San Antonio Spurs,All-NBA,2,1976-77,,,1610612759,Award,Kia Motors,KIANT,,76804,George Gervin
76804.0,George,Gervin,San Antonio Spurs,All-NBA,1,1977-78,,,1610612759,Award,Kia Motors,KIANT,,76804,George Gervin
76804.0,George,Gervin,San Antonio Spurs,All-NBA,1,1978-79,,,1610612759,Award,Kia Motors,KIANT,,76804,George Gervin
76804.0,George,Gervin,San Antonio Spurs,All-NBA,1,1979-80,,,1610612759,Award,Kia Motors,KIANT,,76804,George Gervin
76804.0,George,Gervin,San Antonio Spurs,All-NBA,1,1980-81,,,1610612759,Award,Kia Motors,KIANT,,76804,George Gervin
76804.0,George,Gervin,San Antonio Spurs,All-NBA,1,1981-82,,,1610612759,Award,Kia Motors,KIANT,,76804,George Gervin
76804.0,George,Gervin,San Antonio Spurs,All-NBA,2,1982-83,,,1610612759,Award,Kia Motors,KIANT,,76804,George Gervin
76804.0,George,Gervin,,Hall of Fame Inductee,,1996,,,,Award,Hall of Fame,,,76804,George Gervin
76804.0,George,Gervin,,NBA All-Star,,1976-77,,,,Award,All-Star,,,76804,George Gervin
76804.0,George,Gervin,,NBA All-Star,,1977-78,,,,Award,All-Star,,,76804,George Gervin
76804.0,George,Gervin,,NBA All-Star,,1978-79,,,,Award,All-Star,,,76804,George Gervin
76804.0,George,Gervin,,NBA All-Star,,1979-80,,,,Award,All-Star,,,76804,George Gervin
76804.0,George,Gervin,,NBA All-Star,,1980-81,,,,Award,All-Star,,,76804,George Gervin
76804.0,George,Gervin,,NBA All-Star,,1981-82,,,,Award,All-Star,,,76804,George Gervin
76804.0,George,Gervin,,NBA All-Star,,1982-83,,,,Award,All-Star,,,76804,George Gervin
76804.0,George,Gervin,,NBA All-Star,,1983-84,,,,Award,All-Star,,,76804,George Gervin
76804.0,George,Gervin,,NBA All-Star,,1984-85,,,,Award,All-Star,,,76804,George Gervin
76804.0,George,Gervin,San Antonio Spurs,NBA All-Star Most Valuable Player,,1979-80,,,,Award,Kia Motors,KAMVP,,76804,George Gervin
76804.0,George,Gervin,San Antonio Spurs,NBA Player of the Month,,1979-80,01/01/1980,,,Award,Kia Motors,KIPMO,,76804,George Gervin
76804.0,George,Gervin,San Antonio Spurs,NBA Player of the Week,,1979-80,,1980-01-27T00:00:00,,Award,Kia Motors,KIPWK,,76804,George Gervin
76804.0,George,Gervin,San Antonio Spurs,NBA Player of the Week,,1981-82,,1981-12-06T00:00:00,,Award,Kia Motors,KIPWK,,76804,George Gervin
76804.0,George,Gervin,San Antonio Spurs,NBA Player of the Week,,1981-82,,1982-01-03T00:00:00,,Award,Kia Motors,KIPWK,,76804,George Gervin
76804.0,George,Gervin,San Antonio Spurs,NBA Player of the Week,,1981-82,,1982-03-07T00:00:00,,Award,Kia Motors,KIPWK,,76804,George Gervin
76806.0,John,Gianelli,New York Knicks,NBA Champion,,1972-73,,,,Award,Champion,,,76806,John Gianelli
201959.0,Taj,Gibson,Chicago Bulls,All-Rookie Team,1,2009-10,,,1610612741,Award,Kia Motors,KIART,,201959,Taj Gibson
1630581.0,Josh,Giddey,Oklahoma City Thunder,All-Rookie Team,2,2021-22,,,West,Award,Kia Motors,KIART,,1630581,Josh Giddey
1630581.0,Josh,Giddey,Oklahoma City Thunder,NBA Rookie of the Month,,2021-22,1/1/2022,,West,Award,Kia Motors,KIRMO,,1630581,Josh Giddey
1630581.0,Josh,Giddey,Oklahoma City Thunder,NBA Rookie of the Month,,2021-22,11/1/2021,,West,Award,Kia Motors,KIRMO,,1630581,Josh Giddey
1630581.0,Josh,Giddey,Oklahoma City Thunder,NBA Rookie of the Month,,2021-22,12/1/2021,,West,Award,Kia Motors,KIRMO,,1630581,Josh Giddey
1630581.0,Josh,Giddey,Oklahoma City Thunder,NBA Rookie of the Month,,2021-22,2/1/2022,,West,Award,Kia Motors,KIRMO,,1630581,Josh Giddey
1628983.0,Shai,Gilgeous-Alexander,Oklahoma City Thunder,All-NBA,1,2022-23,,,West,Award,Kia Motors,KIANT,,1628983,Shai Gilgeous-Alexander
1628983.0,Shai,Gilgeous-Alexander,Oklahoma City Thunder,All-NBA,1,2023-24,,,West,Award,Kia Motors,KIANT,,1628983,Shai Gilgeous-Alexander
1628983.0,Shai,Gilgeous-Alexander,Oklahoma City Thunder,All-NBA,1,2024-25,,,West,Award,Kia Motors,KIANT,,1628983,Shai Gilgeous-Alexander
1628983.0,Shai,Gilgeous-Alexander,Oklahoma City Thunder,All-Rookie Team,2,2018-19,,,West,Award,Kia Motors,KIART,,1628983,Shai Gilgeous-Alexander
1628983.0,Shai,Gilgeous-Alexander,,NBA All-Star,,2022-23,,,,Award,All-Star,,,1628983,Shai Gilgeous-Alexander
1628983.0,Shai,Gilgeous-Alexander,,NBA All-Star,,2023-24,,,,Award,All-Star,,,1628983,Shai Gilgeous-Alexander
1628983.0,Shai,Gilgeous-Alexander,,NBA All-Star,,2024-25,,,,Award,All-Star,,,1628983,Shai Gilgeous-Alexander
1628983.0,Shai,Gilgeous-Alexander,,NBA All-Star,,2025-26,,,,Award,All-Star,,,1628983,Shai Gilgeous-Alexander
1628983.0,Shai,Gilgeous-Alexander,Oklahoma City Thunder,NBA Champion,,2024-25,,,,Award,Champion,,,1628983,Shai Gilgeous-Alexander
1628983.0,Shai,Gilgeous-Alexander,Oklahoma City Thunder,NBA Cup All-Tournament Team,1,2024-25,,,West,Award,Emirates,EMATT,,1628983,Shai Gilgeous-Alexander
1628983.0,Shai,Gilgeous-Alexander,Oklahoma City Thunder,NBA Finals Most Valuable Player,,2024-25,,,,Award,Kia Motors,KFMVP,,1628983,Shai Gilgeous-Alexander
1628983.0,Shai,Gilgeous-Alexander,Oklahoma City Thunder,NBA Most Valuable Player,,2024-25,,,West,Award,Kia Motors,KIMVP,,1628983,Shai Gilgeous-Alexander
1628983.0,Shai,Gilgeous-Alexander,Oklahoma City Thunder,NBA Player of the Month,,2023-24,12/1/2023,,West,Award,Kia Motors,KIPMO,,1628983,Shai Gilgeous-Alexander
1628983.0,Shai,Gilgeous-Alexander,Oklahoma City Thunder,NBA Player of the Month,,2024-25,11/1/2024,,West,Award,Kia Motors,KIPMO,,1628983,Shai Gilgeous-Alexander
1628983.0,Shai,Gilgeous-Alexander,Oklahoma City Thunder,NBA Player of the Month,,2024-25,12/1/2024,,West,Award,Kia Motors,KIPMO,,1628983,Shai Gilgeous-Alexander
1628983.0,Shai,Gilgeous-Alexander,Oklahoma City Thunder,NBA Player of the Month,,2024-25,3/1/2025,,West,Award,Kia Motors,KIPMO,,1628983,Shai Gilgeous-Alexander
1628983.0,Shai,Gilgeous-Alexander,Oklahoma City Thunder,NBA Player of the Month,,2025-26,12/1/2025,,West,Award,Kia Motors,KIPMO,,1628983,Shai Gilgeous-Alexander
1628983.0,Shai,Gilgeous-Alexander,Oklahoma City Thunder,NBA Player of the Week,,2021-22,,2021-12-20T00:00:00,West,Award,Kia Motors,KIPWK,,1628983,Shai Gilgeous-Alexander
1628983.0,Shai,Gilgeous-Alexander,Oklahoma City Thunder,NBA Player of the Week,,2022-23,,2022-10-24T00:00:00,West,Award,Kia Motors,KIPWK,,1628983,Shai Gilgeous-Alexander
1628983.0,Shai,Gilgeous-Alexander,Oklahoma City Thunder,NBA Player of the Week,,2022-23,,2023-02-06T00:00:00,West,Award,Kia Motors,KIPWK,,1628983,Shai Gilgeous-Alexander
1628983.0,Shai,Gilgeous-Alexander,Oklahoma City Thunder,NBA Player of the Week,,2023-24,,2023-12-25T00:00:00,West,Award,Kia Motors,KIPWK,,1628983,Shai Gilgeous-Alexander
1628983.0,Shai,Gilgeous-Alexander,Oklahoma City Thunder,NBA Player of the Week,,2024-25,,2024-12-23T00:00:00,West,Award,Kia Motors,KIPWK,,1628983,Shai Gilgeous-Alexander
1628983.0,Shai,Gilgeous-Alexander,Oklahoma City Thunder,NBA Player of the Week,,2024-25,,2025-03-03T00:00:00,West,Award,Kia Motors,KIPWK,,1628983,Shai Gilgeous-Alexander
1628983.0,Shai,Gilgeous-Alexander,Oklahoma City Thunder,NBA Player of the Week,,2025-26,,2025-10-27T00:00:00,West,Award,Kia Motors,KIPWK,,1628983,Shai Gilgeous-Alexander
1628983.0,Shai,Gilgeous-Alexander,Oklahoma City Thunder,NBA Player of the Week,,2025-26,,2025-11-17T00:00:00,West,Award,Kia Motors,KIPWK,,1628983,Shai Gilgeous-Alexander
1628983.0,Shai,Gilgeous-Alexander,Oklahoma City Thunder,NBA Player of the Week,,2025-26,,2026-01-12T00:00:00,West,Award,Kia Motors,KIPWK,,1628983,Shai Gilgeous-Alexander
383.0,Kendall,Gill,Charlotte Hornets,All-Rookie Team,1,1990-91,,,1610612740,Award,Kia Motors,KIART,,383,Kendall Gill
288.0,Armon,Gilliam,Phoenix Suns,All-Rookie Team,1,1987-88,,,1610612756,Award,Kia Motors,KIART,,288,Armen Gilliam
288.0,Armon,Gilliam,New Jersey Nets,NBA Player of the Week,,1995-96,,1996-02-18T00:00:00,,Award,Kia Motors,KIPWK,,288,Armen Gilliam
76815.0,Armen,Gilliam,Phoenix Suns,NBA Rookie of the Month,,1987-88,01/01/1988,,,Award,Kia Motors,KIRMO,,76815,Herm Gilliam
76815.0,Herm,Gilliam,Portland Trail Blazers,NBA Champion,,1976-77,,,,Award,Champion,,,76815,Herm Gilliam
600014.0,Artis,Gilmore,Chicago Bulls,All-Defensive Team,2,1977-78,,,1610612741,Award,Kia Motors,KIADT,,600014,Artis Gilmore
600014.0,Artis,Gilmore,,Hall of Fame Inductee,,2011,,,,Award,Hall of Fame,,,600014,Artis Gilmore
600014.0,Artis,Gilmore,,NBA All-Star,,1977-78,,,,Award,All-Star,,,600014,Artis Gilmore
600014.0,Artis,Gilmore,,NBA All-Star,,1978-79,,,,Award,All-Star,,,600014,Artis Gilmore
600014.0,Artis,Gilmore,,NBA All-Star,,1980-81,,,,Award,All-Star,,,600014,Artis Gilmore
600014.0,Artis,Gilmore,,NBA All-Star,,1981-82,,,,Award,All-Star,,,600014,Artis Gilmore
600014.0,Artis,Gilmore,,NBA All-Star,,1982-83,,,,Award,All-Star,,,600014,Artis Gilmore
600014.0,Artis,Gilmore,,NBA All-Star,,1985-86,,,,Award,All-Star,,,600014,Artis Gilmore
600014.0,Artis,Gilmore,Chicago Bulls,NBA Player of the Week,,1980-81,,1980-11-23T00:00:00,,Award,Kia Motors,KIPWK,,600014,Artis Gilmore
600014.0,Artis,Gilmore,Chicago Bulls,NBA Player of the Week,,1981-82,,1981-12-13T00:00:00,,Award,Kia Motors,KIPWK,,600014,Artis Gilmore
600014.0,Artis,Gilmore,San Antonio Spurs,NBA Player of the Week,,1982-83,,1983-01-30T00:00:00,,Award,Kia Motors,KIPWK,,600014,Artis Gilmore
1938.0,Manu,Ginobili,San Antonio Spurs,All-NBA,3,2007-08,,,1610612759,Award,Kia Motors,KIANT,,1938,Manu Ginobili
1938.0,Manu,Ginobili,San Antonio Spurs,All-NBA,3,2010-11,,,1610612759,Award,Kia Motors,KIANT,,1938,Manu Ginobili
1938.0,Manu,Ginobili,San Antonio Spurs,All-Rookie Team,2,2002-03,,,1610612759,Award,Kia Motors,KIART,,1938,Manu Ginobili
1938.0,Manu,Ginobili,,NBA All-Star,,2004-05,,,,Award,All-Star,,,1938,Manu Ginobili
1938.0,Manu,Ginobili,,NBA All-Star,,2010-11,,,,Award,All-Star,,,1938,Manu Ginobili
1938.0,Manu,Ginobili,San Antonio Spurs,NBA Champion,,2002-03,,,,Award,Champion,,,1938,Manu Ginobili
1938.0,Manu,Ginobili,San Antonio Spurs,NBA Champion,,2004-05,,,,Award,Champion,,,1938,Manu Ginobili
1938.0,Manu,Ginobili,San Antonio Spurs,NBA Champion,,2006-07,,,,Award,Champion,,,1938,Manu Ginobili
1938.0,Manu,Ginobili,San Antonio Spurs,NBA Champion,,2013-14,,,,Award,Champion,,,1938,Manu Ginobili
1938.0,Manu,Ginobili,San Antonio Spurs,NBA Player of the Week,,2006-07,,2007-03-11T00:00:00,West,Award,Kia Motors,KIPWK,,1938,Manu Ginobili
1938.0,Manu,Ginobili,San Antonio Spurs,NBA Player of the Week,,2007-08,,2008-02-24T00:00:00,West,Award,Kia Motors,KIPWK,,1938,Manu Ginobili
1938.0,Manu,Ginobili,San Antonio Spurs,NBA Player of the Week,,2009-10,,2010-03-29T00:00:00,West,Award,Kia Motors,KIPWK,,1938,Manu Ginobili
1938.0,Manu,Ginobili,San Antonio Spurs,NBA Rookie of the Month,,2002-03,03/01/2003,,West,Award,Kia Motors,KIRMO,,1938,Manu Ginobili
1938.0,Manu,Ginobili,San Antonio Spurs,NBA Sixth Man of the Year,,2007-08,,,,Award,Kia Motors,KISMY,,1938,Manu Ginobili
1938.0,Manu,Ginobili,Argentina,Olympic Appearance,,2012,,,,Award,Olympic,Appearance,,1938,Manu Ginobili
1938.0,Manu,Ginobili,Argentina,Olympic Bronze Medal,,2008,,,,Award,Olympic,Bronze,,1938,Manu Ginobili
1938.0,Manu,Ginobili,Argentina,Olympic Gold Medal,,2004,,,,Award,Olympic,Gold,,1938,Manu Ginobili
1921.0,Gordan,Giricek,Orlando Magic,All-Rookie Team,2,2002-03,,,1610612753,Award,Kia Motors,KIART,,1921,Gordan Giricek
76822.0,Mike,Glenn,New York Knicks,J. Walter Kennedy Citizenship,,1980-81,,,,Award,Kia Motors,KIWKC,,76822,Mike Glenn
76822.0,Mike,Glenn,Atlanta Hawks,NBA Player of the Week,,1982-83,,1983-04-17T00:00:00,,Award,Kia Motors,KIPWK,,76822,Mike Glenn
76838.0,Joe,Graboski,Philadelphia Warriors,NBA Champion,,1955-56,,,,Award,Champion,,,76838,Joe Graboski
76839.0,Ricky,Grace,Australia,Olympic Appearance,,2000,,,,Award,Olympic,Appearance,,76839,Ricky Grace
76843.0,Mal,Graham,Boston Celtics,NBA Champion,,1967-68,,,,Award,Champion,,,76843,Mal Graham
76843.0,Mal,Graham,Boston Celtics,NBA Champion,,1968-69,,,,Award,Champion,,,76843,Mal Graham
101122.0,Danny,Granger,Indiana Pacers,All-Rookie Team,2,2005-06,,,1610612754,Award,Kia Motors,KIART,,101122,Danny Granger
101122.0,Danny,Granger,,NBA All-Star,,2008-09,,,,Award,All-Star,,,101122,Danny Granger
101122.0,Danny,Granger,Indiana Pacers,NBA Most Improved Player,,2008-09,,,,Award,Kia Motors,KIMIP,,101122,Danny Granger
101122.0,Danny,Granger,Indiana Pacers,NBA Player of the Week,,2007-08,,2007-11-04T00:00:00,East,Award,Kia Motors,KIPWK,,101122,Danny Granger
258.0,Brian,Grant,Sacramento Kings,All-Rookie Team,1,1994-95,,,1610612758,Award,Kia Motors,KIART,,258,Brian Grant
258.0,Brian,Grant,Portland Trail Blazers,J. Walter Kennedy Citizenship,,1998-99,,,,Award,Kia Motors,KIWKC,,258,Brian Grant
258.0,Brian,Grant,Sacramento Kings,NBA Rookie of the Month,,1994-95,01/01/1995,,,Award,Kia Motors,KIRMO,,258,Brian Grant
76850.0,Bud,Grant,Minneapolis Lakers,NBA Champion,,1949-50,,,,Award,Champion,,,76850,Bud Grant
270.0,Horace,Grant,Chicago Bulls,All-Defensive Team,2,1992-93,,,1610612741,Award,Kia Motors,KIADT,,270,Horace Grant
270.0,Horace,Grant,Chicago Bulls,All-Defensive Team,2,1993-94,,,1610612741,Award,Kia Motors,KIADT,,270,Horace Grant
270.0,Horace,Grant,Orlando Magic,All-Defensive Team,2,1994-95,,,1610612753,Award,Kia Motors,KIADT,,270,Horace Grant
270.0,Horace,Grant,Orlando Magic,All-Defensive Team,2,1995-96,,,1610612753,Award,Kia Motors,KIADT,,270,Horace Grant
270.0,Horace,Grant,,NBA All-Star,,1993-94,,,,Award,All-Star,,,270,Horace Grant
270.0,Horace,Grant,Chicago Bulls,NBA Champion,,1990-91,,,,Award,Champion,,,270,Horace Grant
270.0,Horace,Grant,Chicago Bulls,NBA Champion,,1991-92,,,,Award,Champion,,,270,Horace Grant
270.0,Horace,Grant,Chicago Bulls,NBA Champion,,1992-93,,,,Award,Champion,,,270,Horace Grant
270.0,Horace,Grant,Los Angeles Lakers,NBA Champion,,2000-01,,,,Award,Champion,,,270,Horace Grant
203924.0,Jerami,Grant,USA,Olympic Gold Medal,,2020,,,,Award,Olympic,Gold,,203924,Jerami Grant
81.0,Jeff,Grayer,USA,Olympic Bronze Medal,,1988,,,,Award,Olympic,Bronze,,81,Jeff Grayer
76865.0,Bob,Greacen,Milwaukee Bucks,NBA Champion,,1970-71,,,,Award,Champion,,,76865,Bob Greacen
920.0,A.C.,Green,,NBA All-Star,,1989-90,,,,Award,All-Star,,,920,A.C. Green
920.0,A.C.,Green,Los Angeles Lakers,NBA Champion,,1986-87,,,,Award,Champion,,,920,A.C. Green
920.0,A.C.,Green,Los Angeles Lakers,NBA Champion,,1987-88,,,,Award,Champion,,,920,A.C. Green
920.0,A.C.,Green,Los Angeles Lakers,NBA Champion,,1999-00,,,,Award,Champion,,,920,A.C. Green
920.0,AC,Green,Los Angeles Lakers,All-Defensive Team,2,1988-89,,,1610612747,Award,Kia Motors,KIADT,,920,A.C. Green
201980.0,Danny,Green,San Antonio Spurs,All-Defensive Team,2,2016-17,,,West,Award,Kia Motors,KIADT,,201980,Danny Green
201980.0,Danny,Green,San Antonio Spurs,NBA Champion,,2013-14,,,,Award,Champion,,,201980,Danny Green
201980.0,Danny,Green,Toronto Raptors,NBA Champion,,2018-19,,,,Award,Champion,,,201980,Danny Green
201980.0,Danny,Green,Los Angeles Lakers,NBA Champion,,2019-20,,,,Award,Champion,,,201980,Danny Green
203110.0,Draymond,Green,Golden State Warriors,All-Defensive Team,1,2014-15,,,1610612744,Award,Kia Motors,KIADT,,203110,Draymond Green
203110.0,Draymond,Green,Golden State Warriors,All-Defensive Team,1,2015-16,,,West,Award,Kia Motors,KIADT,,203110,Draymond Green
203110.0,Draymond,Green,Golden State Warriors,All-Defensive Team,1,2016-17,,,West,Award,Kia Motors,KIADT,,203110,Draymond Green
203110.0,Draymond,Green,Golden State Warriors,All-Defensive Team,2,2017-18,,,West,Award,Kia Motors,KIADT,,203110,Draymond Green
203110.0,Draymond,Green,Golden State Warriors,All-Defensive Team,2,2018-19,,,West,Award,Kia Motors,KIADT,,203110,Draymond Green
203110.0,Draymond,Green,Golden State Warriors,All-Defensive Team,1,2020-21,,,West,Award,Kia Motors,KIADT,,203110,Draymond Green
203110.0,Draymond,Green,Golden State Warriors,All-Defensive Team,2,2021-22,,,West,Award,Kia Motors,KIADT,,203110,Draymond Green
203110.0,Draymond,Green,Golden State Warriors,All-Defensive Team,2,2022-23,,,West,Award,Kia Motors,KIADT,,203110,Draymond Green
203110.0,Draymond,Green,Golden State Warriors,All-Defensive Team,1,2024-25,,,West,Award,Kia Motors,KIADT,,203110,Draymond Green
203110.0,Draymond,Green,Golden State Warriors,All-NBA,2,2015-16,,,West,Award,Kia Motors,KIANT,,203110,Draymond Green
203110.0,Draymond,Green,Golden State Warriors,All-NBA,3,2016-17,,,West,Award,Kia Motors,KIANT,,203110,Draymond Green
203110.0,Draymond,Green,,NBA All-Star,,2015-16,,,,Award,All-Star,,,203110,Draymond Green
203110.0,Draymond,Green,,NBA All-Star,,2016-17,,,,Award,All-Star,,,203110,Draymond Green
203110.0,Draymond,Green,,NBA All-Star,,2017-18,,,,Award,All-Star,,,203110,Draymond Green
203110.0,Draymond,Green,,NBA All-Star,,2021-22,,,,Award,All-Star,,,203110,Draymond Green
203110.0,Draymond,Green,Golden State Warriors,NBA Champion,,2014-15,,,,Award,Champion,,,203110,Draymond Green
203110.0,Draymond,Green,Golden State Warriors,NBA Champion,,2016-17,,,,Award,Champion,,,203110,Draymond Green
203110.0,Draymond,Green,Golden State Warriors,NBA Champion,,2017-18,,,,Award,Champion,,,203110,Draymond Green
203110.0,Draymond,Green,Golden State Warriors,NBA Champion,,2021-22,,,,Award,Champion,,,203110,Draymond Green
203110.0,Draymond,Green,Golden State Warriors,NBA Defensive Player of the Month,,2024-25,3/1/2025,,West,Award,Kia Motors,KIRMO,,203110,Draymond Green
203110.0,Draymond,Green,Golden State Warriors,NBA Defensive Player of the Year,(null),2016-17,,,West,Award,Kia Motors,KDPYR,(null),203110,Draymond Green
203110.0,Draymond,Green,Golden State Warriors,NBA Player of the Week,,2015-16,,2016-01-04T00:00:00,West,Award,Kia Motors,KIPWK,,203110,Draymond Green
203110.0,Draymond,Green,USA,Olympic Gold Medal,,2016,,,,Award,Olympic,Gold,,203110,Draymond Green
203110.0,Draymond,Green,USA,Olympic Gold Medal,,2020,,,,Award,Olympic,Gold,,203110,Draymond Green
1630224.0,Jalen,Green,Houston Rockets,All-Rookie Team,1,2021-22,,,West,Award,Kia Motors,KIART,,1630224,Jalen Green
1630224.0,Jalen,Green,Houston Rockets,NBA Player of the Week,,2023-24,,2024-03-11T00:00:00,West,Award,Kia Motors,KIPWK,,1630224,Jalen Green
1630224.0,Jalen,Green,Houston Rockets,NBA Player of the Week,,2024-25,,2025-01-13T00:00:00,West,Award,Kia Motors,KIPWK,,1630224,Jalen Green
1630224.0,Jalen,Green,Houston Rockets,NBA Player of the Week,,2024-25,,2025-03-24T00:00:00,West,Award,Kia Motors,KIPWK,,1630224,Jalen Green
1630224.0,Jalen,Green,Houston Rockets,NBA Rookie of the Month,,2021-22,3/1/2022,,West,Award,Kia Motors,KIRMO,,1630224,Jalen Green
201145.0,Jeff,Green,Seattle SuperSonics,All-Rookie Team,1,2007-08,,,1610612760,Award,Kia Motors,KIART,,201145,Jeff Green
201145.0,Jeff,Green,Denver Nuggets,NBA Champion,,2022-23,,,,Award,Champion,,,201145,Jeff Green
76867.0,Johnny,Green,,NBA All-Star,,1961-62,,,,Award,All-Star,,,76867,Johnny Green
76867.0,Johnny,Green,,NBA All-Star,,1962-63,,,,Award,All-Star,,,76867,Johnny Green
76867.0,Johnny,Green,,NBA All-Star,,1964-65,,,,Award,All-Star,,,76867,Johnny Green
76867.0,Johnny,Green,,NBA All-Star,,1970-71,,,,Award,All-Star,,,76867,Johnny Green
76874.0,Rickey,Green,,NBA All-Star,,1983-84,,,,Award,All-Star,,,76874,Rickey Green
76874.0,Rickey,Green,Utah Jazz,NBA Player of the Week,,1983-84,,1983-12-04T00:00:00,,Award,Kia Motors,KIPWK,,76874,Rickey Green
76881.0,David,Greenwood,Chicago Bulls,All-Rookie Team,1,1979-80,,,1610612741,Award,Kia Motors,KIART,,76881,David Greenwood
76881.0,David,Greenwood,Detroit Pistons,NBA Champion,,1989-90,,,,Award,Champion,,,76881,David Greenwood
76882.0,Hal,Greer,Syracuse Nationals,All-NBA,2,1962-63,,,1610612755,Award,Kia Motors,KIANT,,76882,Hal Greer
76882.0,Hal,Greer,Philadelphia 76ers,All-NBA,2,1963-64,,,1610612755,Award,Kia Motors,KIANT,,76882,Hal Greer
76882.0,Hal,Greer,Philadelphia 76ers,All-NBA,2,1964-65,,,1610612755,Award,Kia Motors,KIANT,,76882,Hal Greer
76882.0,Hal,Greer,Philadelphia 76ers,All-NBA,2,1965-66,,,1610612755,Award,Kia Motors,KIANT,,76882,Hal Greer
76882.0,Hal,Greer,Philadelphia 76ers,All-NBA,2,1966-67,,,1610612755,Award,Kia Motors,KIANT,,76882,Hal Greer
76882.0,Hal,Greer,Philadelphia 76ers,All-NBA,2,1967-68,,,1610612755,Award,Kia Motors,KIANT,,76882,Hal Greer
76882.0,Hal,Greer,Philadelphia 76ers,All-NBA,2,1968-69,,,1610612755,Award,Kia Motors,KIANT,,76882,Hal Greer
76882.0,Hal,Greer,,Hall of Fame Inductee,,1982,,,,Award,Hall of Fame,,,76882,Hal Greer
76882.0,Hal,Greer,,NBA All-Star,,1960-61,,,,Award,All-Star,,,76882,Hal Greer
76882.0,Hal,Greer,,NBA All-Star,,1961-62,,,,Award,All-Star,,,76882,Hal Greer
76882.0,Hal,Greer,,NBA All-Star,,1962-63,,,,Award,All-Star,,,76882,Hal Greer
76882.0,Hal,Greer,,NBA All-Star,,1963-64,,,,Award,All-Star,,,76882,Hal Greer
76882.0,Hal,Greer,,NBA All-Star,,1964-65,,,,Award,All-Star,,,76882,Hal Greer
76882.0,Hal,Greer,,NBA All-Star,,1965-66,,,,Award,All-Star,,,76882,Hal Greer
76882.0,Hal,Greer,,NBA All-Star,,1966-67,,,,Award,All-Star,,,76882,Hal Greer
76882.0,Hal,Greer,,NBA All-Star,,1967-68,,,,Award,All-Star,,,76882,Hal Greer
76882.0,Hal,Greer,,NBA All-Star,,1968-69,,,,Award,All-Star,,,76882,Hal Greer
76882.0,Hal,Greer,,NBA All-Star,,1969-70,,,,Award,All-Star,,,76882,Hal Greer
76882.0,Hal,Greer,Philadelphia 76ers,NBA All-Star Most Valuable Player,,1967-68,,,,Award,Kia Motors,KAMVP,,76882,Hal Greer
76882.0,Hal,Greer,Philadelphia 76ers,NBA Champion,,1966-67,,,,Award,Champion,,,76882,Hal Greer
76883.0,Gary,Gregor,Phoenix Suns,All-Rookie Team,1,1968-69,,,1610612756,Award,Kia Motors,KIART,,76883,Gary Gregor
76887.0,Kevin,Grevey,Washington Bullets,NBA Champion,,1977-78,,,,Award,Champion,,,76887,Kevin Grevey
76887.0,Kevin,Grevey,Washington Wizards,NBA Player of the Week,,1979-80,,1980-03-30T00:00:00,,Award,Kia Motors,KIPWK,,76887,Kevin Grevey
1559.0,Adrian,Griffin,Boston Celtics,NBA Rookie of the Month,,1999-00,11/01/1999,,,Award,Kia Motors,KIRMO,,1559,Adrian Griffin
201933.0,Blake,Griffin,Los Angeles Clippers,All-NBA,2,2011-12,,,1610612746,Award,Kia Motors,KIANT,,201933,Blake Griffin
201933.0,Blake,Griffin,Los Angeles Clippers,All-NBA,2,2012-13,,,1610612746,Award,Kia Motors,KIANT,,201933,Blake Griffin
201933.0,Blake,Griffin,Los Angeles Clippers,All-NBA,2,2013-14,,,1610612746,Award,Kia Motors,KIANT,,201933,Blake Griffin
201933.0,Blake,Griffin,Los Angeles Clippers,All-NBA,3,2014-15,,,1610612746,Award,Kia Motors,KIANT,,201933,Blake Griffin
201933.0,Blake,Griffin,Detroit Pistons,All-NBA,3,2018-19,,,East,Award,Kia Motors,KIANT,,201933,Blake Griffin
201933.0,Blake,Griffin,Los Angeles Clippers,All-Rookie Team,1,2010-11,,,1610612746,Award,Kia Motors,KIART,,201933,Blake Griffin
201933.0,Blake,Griffin,,NBA All-Star,,2010-11,,,,Award,All-Star,,,201933,Blake Griffin
201933.0,Blake,Griffin,,NBA All-Star,,2011-12,,,,Award,All-Star,,,201933,Blake Griffin
201933.0,Blake,Griffin,,NBA All-Star,,2012-13,,,,Award,All-Star,,,201933,Blake Griffin
201933.0,Blake,Griffin,,NBA All-Star,,2013-14,,,,Award,All-Star,,,201933,Blake Griffin
201933.0,Blake,Griffin,,NBA All-Star,,2014-15,,,,Award,All-Star,,,201933,Blake Griffin
201933.0,Blake,Griffin,,NBA All-Star,,2018-19,,,,Award,All-Star,,,201933,Blake Griffin
201933.0,Blake,Griffin,Los Angeles Clippers,NBA Player of the Month,,2013-14,2/1/2014,,West,Award,Kia Motors,KIPMO,,201933,Blake Griffin
201933.0,Blake,Griffin,Los Angeles Clippers,NBA Player of the Week,,2012-13,,2012-12-03T00:00:00,West,Award,Kia Motors,KIPWK,,201933,Blake Griffin
201933.0,Blake,Griffin,Los Angeles Clippers,NBA Player of the Week,,2013-14,,2013-11-18T00:00:00,West,Award,Kia Motors,KIPWK,,201933,Blake Griffin
201933.0,Blake,Griffin,Los Angeles Clippers,NBA Player of the Week,,2013-14,,2013-12-23T00:00:00,West,Award,Kia Motors,KIPWK,,201933,Blake Griffin
201933.0,Blake,Griffin,Los Angeles Clippers,NBA Player of the Week,,2013-14,,2014-03-17T00:00:00,West,Award,Kia Motors,KIPWK,,201933,Blake Griffin
201933.0,Blake,Griffin,Los Angeles Clippers,NBA Player of the Week,,2014-15,,2014-11-24T00:00:00,West,Award,Kia Motors,KIPWK,,201933,Blake Griffin
201933.0,Blake,Griffin,LA Clippers,NBA Player of the Week,,2016-17,,2017-02-13T00:00:00,West,Award,Kia Motors,KIPWK,,201933,Blake Griffin
201933.0,Blake,Griffin,Los Angeles Clippers,NBA Rookie of the Month,,2010-11,01/01/2011,,West,Award,Kia Motors,KIRMO,,201933,Blake Griffin
201933.0,Blake,Griffin,Los Angeles Clippers,NBA Rookie of the Month,,2010-11,02/01/2011,,West,Award,Kia Motors,KIRMO,,201933,Blake Griffin
201933.0,Blake,Griffin,Los Angeles Clippers,NBA Rookie of the Month,,2010-11,03/01/2011,,West,Award,Kia Motors,KIRMO,,201933,Blake Griffin
201933.0,Blake,Griffin,Los Angeles Clippers,NBA Rookie of the Month,,2010-11,04/01/2011,,West,Award,Kia Motors,KIRMO,,201933,Blake Griffin
201933.0,Blake,Griffin,Los Angeles Clippers,NBA Rookie of the Month,,2010-11,11/01/2010,,West,Award,Kia Motors,KIRMO,,201933,Blake Griffin
201933.0,Blake,Griffin,Los Angeles Clippers,NBA Rookie of the Month,,2010-11,12/01/2010,,West,Award,Kia Motors,KIRMO,,201933,Blake Griffin
201933.0,Blake,Griffin,Los Angeles Clippers,NBA Rookie of the Year,,2010-11,,,,Award,Kia Motors,KIROY,,201933,Blake Griffin
2204.0,Eddie,Griffin,Houston Rockets,All-Rookie Team,2,2001-02,,,1610612745,Award,Kia Motors,KIART,,2204,Eddie Griffin
76890.0,Darrell,Griffith,Utah Jazz,All-Rookie Team,1,1980-81,,,1610612762,Award,Kia Motors,KIART,,76890,Darrell Griffith
76890.0,Darrell,Griffith,Utah Jazz,NBA Player of the Week,,1984-85,,1985-03-10T00:00:00,,Award,Kia Motors,KIPWK,,76890,Darrell Griffith
76890.0,Darrell,Griffith,Utah Jazz,NBA Rookie of the Year,,1980-81,,,,Award,Kia Motors,KIROY,,76890,Darrell Griffith
76890.0,Darrell,Griffith,Utah Jazz,NBA Sporting News Rookie of the Year,,1980-81,,,,Award,Sporting News,SNROY,,76890,Darrell Griffith
76895.0,Bob,Gross,Portland Trail Blazers,All-Defensive Team,2,1977-78,,,1610612757,Award,Kia Motors,KIADT,,76895,Bob Gross
76895.0,Bob,Gross,Portland Trail Blazers,NBA Champion,,1976-77,,,,Award,Champion,,,76895,Bob Gross
76897.0,Alex,Groza,Indianapolis Olympians,All-NBA,1,1949-50,,,1610610030,Award,Kia Motors,KIANT,,76897,Alex Groza
76897.0,Alex,Groza,Indianapolis Olympians,All-NBA,1,1950-51,,,1610610030,Award,Kia Motors,KIANT,,76897,Alex Groza
76897.0,Alex,Groza,,NBA All-Star,,1950-51,,,,Award,All-Star,,,76897,Alex Groza
76899.0,Ernie,Grunfeld,USA,Olympic Gold Medal,,1976,,,,Award,Olympic,Gold,,76899,Ernie Grunfeld
76900.0,Gene,Guarilia,Boston Celtics,NBA Champion,,1959-60,,,,Award,Champion,,,76900,Gene Guarilia
76900.0,Gene,Guarilia,Boston Celtics,NBA Champion,,1961-62,,,,Award,Champion,,,76900,Gene Guarilia
76900.0,Gene,Guarilia,Boston Celtics,NBA Champion,,1962-63,,,,Award,Champion,,,76900,Gene Guarilia
76902.0,Richie,Guerin,New York Knicks,All-NBA,2,1958-59,,,1610612752,Award,Kia Motors,KIANT,,76902,Richie Guerin
76902.0,Richie,Guerin,New York Knicks,All-NBA,2,1959-60,,,1610612752,Award,Kia Motors,KIANT,,76902,Richie Guerin
76902.0,Richie,Guerin,New York Knicks,All-NBA,2,1961-62,,,1610612752,Award,Kia Motors,KIANT,,76902,Richie Guerin
76902.0,Richie,Guerin,,Hall of Fame Inductee,,2013,,,,Award,Hall of Fame,,,76902,Richie Guerin
76902.0,Richie,Guerin,,NBA All-Star,,1957-58,,,,Award,All-Star,,,76902,Richie Guerin
76902.0,Richie,Guerin,,NBA All-Star,,1958-59,,,,Award,All-Star,,,76902,Richie Guerin
76902.0,Richie,Guerin,,NBA All-Star,,1959-60,,,,Award,All-Star,,,76902,Richie Guerin
76902.0,Richie,Guerin,,NBA All-Star,,1960-61,,,,Award,All-Star,,,76902,Richie Guerin
76902.0,Richie,Guerin,,NBA All-Star,,1961-62,,,,Award,All-Star,,,76902,Richie Guerin
76902.0,Richie,Guerin,,NBA All-Star,,1962-63,,,,Award,All-Star,,,76902,Richie Guerin
339.0,Tom,Gugliotta,Washington Bullets,All-Rookie Team,1,1992-93,,,1610612764,Award,Kia Motors,KIART,,339,Tom Gugliotta
339.0,Tom,Gugliotta,,NBA All-Star,,1996-97,,,,Award,All-Star,,,339,Tom Gugliotta
76908.0,Matt,Guokas,Philadelphia 76ers,NBA Champion,,1966-67,,,,Award,Champion,,,76908,Matt Guokas
76909.0,Matt,Guokas,Philadelphia Warriors,NBA Champion,,1946-47,,,,Award,Champion,,,76909,Matt Guokas
1629060.0,Rui,Hachimura,Washington Wizards,All-Rookie Team,2,2019-20,,,East,Award,Kia Motors,KIART,,1629060,Rui Hachimura
1630181.0,R.J.,Hampton,Orlando Magic,NBA Rookie of the Month,,2020-21,5/1/2021,,East,Award,Kia Motors,KIRMO,,1630181,R.J. Hampton
76936.0,Phil,Hankinson,Boston Celtics,NBA Champion,,1973-74,,,,Award,Champion,,,76936,Phil Hankinson
76942.0,Bob,Hansen,Chicago Bulls,NBA Champion,,1991-92,,,,Award,Champion,,,76942,Bob Hansen
76942.0,Bob,Hansen,Utah Jazz,NBA Player of the Week,,1987-88,,1988-03-06T00:00:00,,Award,Kia Motors,KIPWK,,76942,Bob Hansen
1682.0,Victor,Hanson,,Hall of Fame Inductee,,1960,,,,Award,Hall of Fame,,,1682,Reggie Hanson
76944.0,Bill,Hanzlik,Denver Nuggets,All-Defensive Team,2,1985-86,,,1610612743,Award,Kia Motors,KIADT,,76944,Bill Hanzlik
358.0,Anfernee,Hardaway,Orlando Magic,All-NBA,1,1994-95,,,1610612753,Award,Kia Motors,KIANT,,358,Anfernee Hardaway
358.0,Anfernee,Hardaway,Orlando Magic,All-NBA,1,1995-96,,,1610612753,Award,Kia Motors,KIANT,,358,Anfernee Hardaway
358.0,Anfernee,Hardaway,Orlando Magic,All-NBA,3,1996-97,,,1610612753,Award,Kia Motors,KIANT,,358,Anfernee Hardaway
358.0,Anfernee,Hardaway,Orlando Magic,All-Rookie Team,1,1993-94,,,1610612753,Award,Kia Motors,KIART,,358,Anfernee Hardaway
358.0,Anfernee,Hardaway,,NBA All-Star,,1994-95,,,,Award,All-Star,,,358,Anfernee Hardaway
358.0,Anfernee,Hardaway,,NBA All-Star,,1995-96,,,,Award,All-Star,,,358,Anfernee Hardaway
358.0,Anfernee,Hardaway,,NBA All-Star,,1996-97,,,,Award,All-Star,,,358,Anfernee Hardaway
358.0,Anfernee,Hardaway,,NBA All-Star,,1997-98,,,,Award,All-Star,,,358,Anfernee Hardaway
358.0,Anfernee,Hardaway,Orlando Magic,NBA Player of the Month,,1995-96,11/01/1995,,,Award,Kia Motors,KIPMO,,358,Anfernee Hardaway
358.0,Anfernee,Hardaway,Orlando Magic,NBA Player of the Week,,1994-95,,1994-11-27T00:00:00,,Award,Kia Motors,KIPWK,,358,Anfernee Hardaway
358.0,Anfernee,Hardaway,Orlando Magic,NBA Player of the Week,,1995-96,,1995-11-12T00:00:00,,Award,Kia Motors,KIPWK,,358,Anfernee Hardaway
358.0,Anfernee,Hardaway,Orlando Magic,NBA Rookie of the Month,,1993-94,01/01/1994,,,Award,Kia Motors,KIRMO,,358,Anfernee Hardaway
358.0,Anfernee,Hardaway,Orlando Magic,NBA Rookie of the Month,,1993-94,04/01/1994,,,Award,Kia Motors,KIRMO,,358,Anfernee Hardaway
358.0,Anfernee,Hardaway,USA,Olympic Gold Medal,,1996,,,,Award,Olympic,Gold,,358,Anfernee Hardaway
896.0,Tim,Hardaway,Golden State Warriors,All-NBA,2,1991-92,,,1610612744,Award,Kia Motors,KIANT,,896,Tim Hardaway
896.0,Tim,Hardaway,Golden State Warriors,All-NBA,3,1992-93,,,1610612744,Award,Kia Motors,KIANT,,896,Tim Hardaway
896.0,Tim,Hardaway,Miami Heat,All-NBA,1,1996-97,,,1610612748,Award,Kia Motors,KIANT,,896,Tim Hardaway
896.0,Tim,Hardaway,Miami Heat,All-NBA,2,1997-98,,,1610612748,Award,Kia Motors,KIANT,,896,Tim Hardaway
896.0,Tim,Hardaway,Miami Heat,All-NBA,2,1998-99,,,1610612748,Award,Kia Motors,KIANT,,896,Tim Hardaway
896.0,Tim,Hardaway,Golden State Warriors,All-Rookie Team,1,1989-90,,,1610612744,Award,Kia Motors,KIART,,896,Tim Hardaway
896.0,Tim,Hardaway,,NBA All-Star,,1990-91,,,,Award,All-Star,,,896,Tim Hardaway
896.0,Tim,Hardaway,,NBA All-Star,,1991-92,,,,Award,All-Star,,,896,Tim Hardaway
896.0,Tim,Hardaway,,NBA All-Star,,1992-93,,,,Award,All-Star,,,896,Tim Hardaway
896.0,Tim,Hardaway,,NBA All-Star,,1996-97,,,,Award,All-Star,,,896,Tim Hardaway
896.0,Tim,Hardaway,,NBA All-Star,,1997-98,,,,Award,All-Star,,,896,Tim Hardaway
896.0,Tim,Hardaway,Golden State Warriors,NBA Player of the Week,,1989-90,,1990-02-04T00:00:00,,Award,Kia Motors,KIPWK,,896,Tim Hardaway
896.0,Tim,Hardaway,Golden State Warriors,NBA Player of the Week,,1990-91,,1991-01-20T00:00:00,,Award,Kia Motors,KIPWK,,896,Tim Hardaway
896.0,Tim,Hardaway,Golden State Warriors,NBA Player of the Week,,1991-92,,1992-01-19T00:00:00,,Award,Kia Motors,KIPWK,,896,Tim Hardaway
896.0,Tim,Hardaway,Golden State Warriors,NBA Player of the Week,,1991-92,,1992-02-23T00:00:00,,Award,Kia Motors,KIPWK,,896,Tim Hardaway
896.0,Tim,Hardaway,Golden State Warriors,NBA Player of the Week,,1994-95,,1994-11-13T00:00:00,,Award,Kia Motors,KIPWK,,896,Tim Hardaway
896.0,Tim,Hardaway,Miami Heat,NBA Player of the Week,,1996-97,,1996-12-29T00:00:00,,Award,Kia Motors,KIPWK,,896,Tim Hardaway
896.0,Tim,Hardaway,USA,Olympic Gold Medal,,2000,,,,Award,Olympic,Gold,,896,Tim Hardaway
203501.0,Tim,Hardaway Jr.,New York Knicks,All-Rookie Team,1,2013-14,,,1610612752,Award,Kia Motors,KIART,,203501,Tim Hardaway Jr.
201935.0,Giannis,Antetokounmpo,Milwaukee Bucks,NBA Player of the Month,,2021-22,3/1/2022,,East,Award,Kia Motors,KIPMO,,201935,James Harden
201935.0,Giannis,Antetokounmpo,Milwaukee Bucks,NBA Player of the Month,,2023-24,12/1/2023,,East,Award,Kia Motors,KIPMO,,201935,James Harden
201935.0,Giannis,Antetokounmpo,Milwaukee Bucks,NBA Player of the Week,,2020-21,,2021-02-01T00:00:00,East,Award,Kia Motors,KIPWK,,201935,James Harden
201935.0,Giannis,Antetokounmpo,Milwaukee Bucks,NBA Player of the Week,,2020-21,,2021-02-22T00:00:00,East,Award,Kia Motors,KIPWK,,201935,James Harden
201935.0,Giannis,Antetokounmpo,Milwaukee Bucks,NBA Player of the Week,,2020-21,,2021-03-15T00:00:00,East,Award,Kia Motors,KIPWK,,201935,James Harden
201935.0,Giannis,Antetokounmpo,Milwaukee Bucks,NBA Player of the Week,,2021-22,,2021-11-15T00:00:00,East,Award,Kia Motors,KIPWK,,201935,James Harden
201935.0,Giannis,Antetokounmpo,Milwaukee Bucks,NBA Player of the Week,,2022-23,,2022-10-24T00:00:00,East,Award,Kia Motors,KIPWK,,201935,James Harden
201935.0,Giannis,Antetokounmpo,Milwaukee Bucks,NBA Player of the Week,,2022-23,,2022-11-21T00:00:00,East,Award,Kia Motors,KIPWK,,201935,James Harden
201935.0,Giannis,Antetokounmpo,Milwaukee Bucks,NBA Player of the Week,,2022-23,,2023-01-23T00:00:00,East,Award,Kia Motors,KIPWK,,201935,James Harden
201935.0,Giannis,Antetokounmpo,Milwaukee Bucks,NBA Player of the Week,,2022-23,,2023-01-30T00:00:00,East,Award,Kia Motors,KIPWK,,201935,James Harden
201935.0,James,Harden,Houston Rockets,All-NBA,3,2012-13,,,1610612745,Award,Kia Motors,KIANT,,201935,James Harden
201935.0,James,Harden,Houston Rockets,All-NBA,1,2013-14,,,1610612745,Award,Kia Motors,KIANT,,201935,James Harden
201935.0,James,Harden,Houston Rockets,All-NBA,1,2014-15,,,1610612745,Award,Kia Motors,KIANT,,201935,James Harden
201935.0,James,Harden,Houston Rockets,All-NBA,1,2016-17,,,West,Award,Kia Motors,KIANT,,201935,James Harden
201935.0,James,Harden,Houston Rockets,All-NBA,1,2017-18,,,West,Award,Kia Motors,KIANT,,201935,James Harden
201935.0,James,Harden,Houston Rockets,All-NBA,1,2018-19,,,West,Award,Kia Motors,KIANT,,201935,James Harden
201935.0,James,Harden,Houston Rockets,All-NBA,1,2019-20,,,West,Award,Kia Motors,KIANT,,201935,James Harden
201935.0,James,Harden,LA Clippers,All-NBA,3,2024-25,,,West,Award,Kia Motors,KIANT,,201935,James Harden
201935.0,James,Harden,Oklahoma City Thunder,All-Rookie Team,2,2009-10,,,1610612760,Award,Kia Motors,KIART,,201935,James Harden
201935.0,James,Harden,,NBA All-Star,,2012-13,,,,Award,All-Star,,,201935,James Harden
201935.0,James,Harden,,NBA All-Star,,2013-14,,,,Award,All-Star,,,201935,James Harden
201935.0,James,Harden,,NBA All-Star,,2014-15,,,,Award,All-Star,,,201935,James Harden
201935.0,James,Harden,,NBA All-Star,,2015-16,,,,Award,All-Star,,,201935,James Harden
201935.0,James,Harden,,NBA All-Star,,2016-17,,,,Award,All-Star,,,201935,James Harden
201935.0,James,Harden,,NBA All-Star,,2017-18,,,,Award,All-Star,,,201935,James Harden
201935.0,James,Harden,,NBA All-Star,,2018-19,,,,Award,All-Star,,,201935,James Harden
201935.0,James,Harden,,NBA All-Star,,2019-20,,,,Award,All-Star,,,201935,James Harden
201935.0,James,Harden,,NBA All-Star,,2020-21,,,,Award,All-Star,,,201935,James Harden
201935.0,James,Harden,,NBA All-Star,,2021-22,,,,Award,All-Star,,,201935,James Harden
201935.0,James,Harden,,NBA All-Star,,2024-25,,,,Award,All-Star,,,201935,James Harden
201935.0,James,Harden,Houston Rockets,NBA Most Valuable Player,,2017-18,,,West,Award,Kia Motors,KIMVP,,201935,James Harden
201935.0,James,Harden,Houston Rockets,NBA Player of the Month,,2014-15,1/1/2015,,West,Award,Kia Motors,KIPMO,,201935,James Harden
201935.0,James,Harden,Houston Rockets,NBA Player of the Month,,2014-15,12/1/2014,,West,Award,Kia Motors,KIPMO,,201935,James Harden
201935.0,James,Harden,Houston Rockets,NBA Player of the Month,,2015-16,4/1/2016,,West,Award,Kia Motors,KIPMO,,201935,James Harden
201935.0,James,Harden,Houston Rockets,NBA Player of the Month,,2016-17,12/1/2016,,West,Award,Kia Motors,KIPMO,,201935,James Harden
201935.0,James,Harden,Houston Rockets,NBA Player of the Month,,2017-18,11/1/2017,,West,Award,Kia Motors,KIPMO,,201935,James Harden
201935.0,James,Harden,Houston Rockets,NBA Player of the Month,,2018-19,01/01/2019,,West,Award,Kia Motors,KIPMO,,201935,James Harden
201935.0,James,Harden,Houston Rockets,NBA Player of the Month,,2018-19,03/01/2019,,West,Award,Kia Motors,KIPMO,,201935,James Harden
201935.0,James,Harden,Houston Rockets,NBA Player of the Month,,2018-19,12/01/2018,,West,Award,Kia Motors,KIPMO,,201935,James Harden
201935.0,James,Harden,Houston Rockets,NBA Player of the Month,,2019-20,12/1/2019,,West,Award,Kia Motors,KIPMO,,201935,James Harden
201935.0,James,Harden,Brooklyn Nets,NBA Player of the Month,,2020-21,2/1/2021,,East,Award,Kia Motors,KIPMO,,201935,James Harden
201935.0,James,Harden,Brooklyn Nets,NBA Player of the Month,,2020-21,3/1/2021,,East,Award,Kia Motors,KIPMO,,201935,James Harden
201935.0,James,Harden,Houston Rockets,NBA Player of the Week,,2012-13,,2012-10-30T00:00:00,West,Award,Kia Motors,KIPWK,,201935,James Harden
201935.0,James,Harden,Houston Rockets,NBA Player of the Week,,2012-13,,2012-12-31T00:00:00,West,Award,Kia Motors,KIPWK,,201935,James Harden
201935.0,James,Harden,Houston Rockets,NBA Player of the Week,,2012-13,,2013-03-18T00:00:00,West,Award,Kia Motors,KIPWK,,201935,James Harden
201935.0,James,Harden,Houston Rockets,NBA Player of the Week,,2013-14,,2014-03-03T00:00:00,West,Award,Kia Motors,KIPWK,,201935,James Harden
201935.0,James,Harden,Houston Rockets,NBA Player of the Week,,2013-14,,2014-03-10T00:00:00,West,Award,Kia Motors,KIPWK,,201935,James Harden
201935.0,James,Harden,Houston Rockets,NBA Player of the Week,,2014-15,,2014-12-08T00:00:00,West,Award,Kia Motors,KIPWK,,201935,James Harden
201935.0,James,Harden,Houston Rockets,NBA Player of the Week,,2014-15,,2014-12-22T00:00:00,West,Award,Kia Motors,KIPWK,,201935,James Harden
201935.0,James,Harden,Houston Rockets,NBA Player of the Week,,2014-15,,2015-03-30T00:00:00,West,Award,Kia Motors,KIPWK,,201935,James Harden
201935.0,James,Harden,Houston Rockets,NBA Player of the Week,,2015-16,,2015-11-09T00:00:00,West,Award,Kia Motors,KIPWK,,201935,James Harden
201935.0,James,Harden,Houston Rockets,NBA Player of the Week,,2016-17,,2016-11-14T00:00:00,West,Award,Kia Motors,KIPWK,,201935,James Harden
201935.0,James,Harden,Houston Rockets,NBA Player of the Week,,2016-17,,2016-12-19T00:00:00,West,Award,Kia Motors,KIPWK,,201935,James Harden
201935.0,James,Harden,Houston Rockets,NBA Player of the Week,,2016-17,,2017-01-02T00:00:00,West,Award,Kia Motors,KIPWK,,201935,James Harden
201935.0,James,Harden,Houston Rockets,NBA Player of the Week,,2016-17,,2017-03-27T00:00:00,West,Award,Kia Motors,KIPWK,,201935,James Harden
201935.0,James,Harden,Houston Rockets,NBA Player of the Week,,2017-18,,2017-10-16T00:00:00,West,Award,Kia Motors,KIPWK,,201935,James Harden
201935.0,James,Harden,Houston Rockets,NBA Player of the Week,,2017-18,,2017-10-30T00:00:00,West,Award,Kia Motors,KIPWK,,201935,James Harden
201935.0,James,Harden,Houston Rockets,NBA Player of the Week,,2017-18,,2017-11-27T00:00:00,West,Award,Kia Motors,KIPWK,,201935,James Harden
201935.0,James,Harden,Houston Rockets,NBA Player of the Week,,2017-18,,2018-01-29T00:00:00,West,Award,Kia Motors,KIPWK,,201935,James Harden
201935.0,James,Harden,Houston Rockets,NBA Player of the Week,,2017-18,,2018-02-05T00:00:00,West,Award,Kia Motors,KIPWK,,201935,James Harden
201935.0,James,Harden,Houston Rockets,NBA Player of the Week,,2018-19,,2018-12-10T00:00:00,West,Award,Kia Motors,KIPWK,,201935,James Harden
201935.0,James,Harden,Houston Rockets,NBA Player of the Week,,2018-19,,2018-12-24T00:00:00,West,Award,Kia Motors,KIPWK,,201935,James Harden
201935.0,James,Harden,Houston Rockets,NBA Player of the Week,,2018-19,,2019-01-14T00:00:00,West,Award,Kia Motors,KIPWK,,201935,James Harden
201935.0,James,Harden,Houston Rockets,NBA Player of the Week,,2018-19,,2019-03-18T00:00:00,West,Award,Kia Motors,KIPWK,,201935,James Harden
201935.0,James,Harden,Houston Rockets,NBA Player of the Week,,2019-20,,2019-10-28T00:00:00,West,Award,Kia Motors,KIPWK,,201935,James Harden
201935.0,James,Harden,Brooklyn Nets,NBA Player of the Week,,2020-21,,2021-01-25T00:00:00,East,Award,Kia Motors,KIPWK,,201935,James Harden
201935.0,James,Harden,Brooklyn Nets,NBA Player of the Week,,2020-21,,2021-02-15T00:00:00,East,Award,Kia Motors,KIPWK,,201935,James Harden
201935.0,James,Harden,LA Clippers,NBA Player of the Week,,2024-25,,2025-04-07T00:00:00,West,Award,Kia Motors,KIPWK,,201935,James Harden
201935.0,James,Harden,Oklahoma City Thunder,NBA Sixth Man of the Year,,2011-12,,,,Award,Kia Motors,KISMY,,201935,James Harden
201935.0,James,Harden,USA,Olympic Gold Medal,,2012,,,,Award,Olympic,Gold,,201935,James Harden
201935.0,Stephen,Curry,Golden State Warriors,NBA Player of the Week,,2018-19,,2018-10-22T00:00:00,West,Award,Kia Motors,KIPWK,,201935,James Harden
157.0,Derek,Harper,Dallas Mavericks,All-Defensive Team,2,1986-87,,,1610612742,Award,Kia Motors,KIADT,,157,Derek Harper
157.0,Derek,Harper,Dallas Mavericks,All-Defensive Team,2,1989-90,,,1610612742,Award,Kia Motors,KIADT,,157,Derek Harper
166.0,Ron,Harper,Cleveland Cavaliers,All-Rookie Team,1,1986-87,,,1610612739,Award,Kia Motors,KIART,,166,Ron Harper
166.0,Ron,Harper,Chicago Bulls,NBA Champion,,1995-96,,,,Award,Champion,,,166,Ron Harper
166.0,Ron,Harper,Chicago Bulls,NBA Champion,,1996-97,,,,Award,Champion,,,166,Ron Harper
166.0,Ron,Harper,Chicago Bulls,NBA Champion,,1997-98,,,,Award,Champion,,,166,Ron Harper
166.0,Ron,Harper,Los Angeles Lakers,NBA Champion,,1999-00,,,,Award,Champion,,,166,Ron Harper
166.0,Ron,Harper,Los Angeles Lakers,NBA Champion,,2000-01,,,,Award,Champion,,,166,Ron Harper
166.0,Ron,Harper,Cleveland Cavaliers,NBA Player of the Week,,1988-89,,1989-02-05T00:00:00,,Award,Kia Motors,KIPWK,,166,Ron Harper
166.0,Ron,Harper,Los Angeles Clippers,NBA Player of the Week,,1989-90,,1990-01-14T00:00:00,,Award,Kia Motors,KIPWK,,166,Ron Harper
166.0,Ron,Harper,Los Angeles Clippers,NBA Player of the Week,,1993-94,,1994-01-30T00:00:00,,Award,Kia Motors,KIPWK,,166,Ron Harper
166.0,Ron,Harper,Cleveland Cavaliers,NBA Rookie of the Month,,1986-87,01/01/1987,,,Award,Kia Motors,KIRMO,,166,Ron Harper
166.0,Ron,Harper,Cleveland Cavaliers,NBA Rookie of the Month,,1986-87,12/01/1986,,,Award,Kia Motors,KIRMO,,166,Ron Harper
1723.0,Matt,Harpring,Orlando Magic,All-Rookie Team,1,1998-99,,,1610612753,Award,Kia Motors,KIART,,1723,Matt Harpring
1626149.0,Montrezl,Harrell,LA Clippers,NBA Sixth Man of the Year,,2019-20,,,West,Award,Kia Motors,KISMY,,1626149,Montrezl Harrell
1733.0,Al,Harrington,New York Knicks,NBA Player of the Week,,2008-09,,2008-12-15T00:00:00,East,Award,Kia Motors,KIPWK,,1733,Al Harrington
76956.0,Art,Harris,Seattle SuperSonics,All-Rookie Team,1,1968-69,,,1610612760,Award,Kia Motors,KIART,,76956,Art Harris
2734.0,Devin,Harris,,NBA All-Star,,2008-09,,,,Award,All-Star,,,2734,Devin Harris
2734.0,Devin,Harris,New Jersey Nets,NBA Player of the Week,,2008-09,,2008-12-01T00:00:00,East,Award,Kia Motors,KIPWK,,2734,Devin Harris
2734.0,Devin,Harris,New Jersey Nets,NBA Player of the Week,,2008-09,,2009-03-02T00:00:00,East,Award,Kia Motors,KIPWK,,2734,Devin Harris
2734.0,Devin,Harris,Dallas Mavericks,NBA Rookie of the Month,,2004-05,11/01/2004,,West,Award,Kia Motors,KIRMO,,2734,Devin Harris
446.0,Lucious,Harris,New Jersey Nets,NBA Player of the Week,,2002-03,,2002-12-29T00:00:00,East,Award,Kia Motors,KIPWK,,446,Lucious Harris
202227.0,Terrel,Harris,Miami Heat,NBA Champion,,2011-12,,,,Award,Champion,,,202227,Terrel Harris
202699.0,Tobias,Harris,Los Angeles Clippers,NBA Player of the Month,,2018-19,10/01/2018,,West,Award,Kia Motors,KIPMO,,202699,Tobias Harris
202699.0,Tobias,Harris,Detroit Pistons,NBA Player of the Week,,2017-18,,2017-11-06T00:00:00,East,Award,Kia Motors,KIPWK,,202699,Tobias Harris
202699.0,Tobias,Harris,Los Angeles Clippers,NBA Player of the Week,,2018-19,,2018-11-19T00:00:00,West,Award,Kia Motors,KIPWK,,202699,Tobias Harris
202699.0,Tobias,Harris,Philadelphia 76ers,NBA Player of the Week, ,2020-21,,2020-12-28T00:00:00,East,Award,Kia Motors,KIPWK,,202699,Tobias Harris
76962.0,Bob,Harrison,,NBA All-Star,,1955-56,,,,Award,All-Star,,,76962,Bob Harrison
76962.0,Bob,Harrison,Minneapolis Lakers,NBA Champion,,1949-50,,,,Award,Champion,,,76962,Bob Harrison
76962.0,Bob,Harrison,Minneapolis Lakers,NBA Champion,,1951-52,,,,Award,Champion,,,76962,Bob Harrison
76962.0,Bob,Harrison,Minneapolis Lakers,NBA Champion,,1952-53,,,,Award,Champion,,,76962,Bob Harrison
1628392.0,Isaiah,Hartenstein,Oklahoma City Thunder,NBA Champion,,2024-25,,,,Award,Champion,,,1628392,Isaiah Hartenstein
2617.0,Udonis,Haslem,Miami Heat,All-Rookie Team,2,2003-04,,,1610612748,Award,Kia Motors,KIART,,2617,Udonis Haslem
2617.0,Udonis,Haslem,Miami Heat,NBA Champion,,2005-06,,,,Award,Champion,,,2617,Udonis Haslem
2617.0,Udonis,Haslem,Miami Heat,NBA Champion,,2011-12,,,,Award,Champion,,,2617,Udonis Haslem
2617.0,Udonis,Haslem,Miami Heat,NBA Champion,,2012-13,,,,Award,Champion,,,2617,Udonis Haslem
2239.0,Trenton,Hassell,Chicago Bulls,NBA Rookie of the Month,,2001-02,02/01/2002,,East,Award,Kia Motors,KIRMO,,2239,Trenton Hassell
76967.0,Billy,Hassett,Minneapolis Lakers,NBA Champion,,1949-50,,,,Award,Champion,,,76967,Billy Hassett
76966.0,Joey,Hassett,Seattle SuperSonics,NBA Champion,,1978-79,,,,Award,Champion,,,76966,Joey Hassett
76968.0,Scott,Hastings,Detroit Pistons,NBA Champion,,1989-90,,,,Award,Champion,,,76968,Scott Hastings
1630573.0,Sam,Hauser,Boston Celtics,NBA Champion,,2023-24,,,,Award,Champion,,,1630573,Sam Hauser
76970.0,John,Havlicek,Boston Celtics,All-Defensive Team,2,1968-69,,,1610612738,Award,Kia Motors,KIADT,,76970,John Havlicek
76970.0,John,Havlicek,Boston Celtics,All-Defensive Team,2,1969-70,,,1610612738,Award,Kia Motors,KIADT,,76970,John Havlicek
76970.0,John,Havlicek,Boston Celtics,All-Defensive Team,2,1970-71,,,1610612738,Award,Kia Motors,KIADT,,76970,John Havlicek
76970.0,John,Havlicek,Boston Celtics,All-Defensive Team,1,1971-72,,,1610612738,Award,Kia Motors,KIADT,,76970,John Havlicek
76970.0,John,Havlicek,Boston Celtics,All-Defensive Team,1,1972-73,,,1610612738,Award,Kia Motors,KIADT,,76970,John Havlicek
76970.0,John,Havlicek,Boston Celtics,All-Defensive Team,1,1973-74,,,1610612738,Award,Kia Motors,KIADT,,76970,John Havlicek
76970.0,John,Havlicek,Boston Celtics,All-Defensive Team,1,1974-75,,,1610612738,Award,Kia Motors,KIADT,,76970,John Havlicek
76970.0,John,Havlicek,Boston Celtics,All-Defensive Team,1,1975-76,,,1610612738,Award,Kia Motors,KIADT,,76970,John Havlicek
76970.0,John,Havlicek,Boston Celtics,All-NBA,2,1963-64,,,1610612738,Award,Kia Motors,KIANT,,76970,John Havlicek
76970.0,John,Havlicek,Boston Celtics,All-NBA,2,1965-66,,,1610612738,Award,Kia Motors,KIANT,,76970,John Havlicek
76970.0,John,Havlicek,Boston Celtics,All-NBA,2,1967-68,,,1610612738,Award,Kia Motors,KIANT,,76970,John Havlicek
76970.0,John,Havlicek,Boston Celtics,All-NBA,2,1968-69,,,1610612738,Award,Kia Motors,KIANT,,76970,John Havlicek
76970.0,John,Havlicek,Boston Celtics,All-NBA,2,1969-70,,,1610612738,Award,Kia Motors,KIANT,,76970,John Havlicek
76970.0,John,Havlicek,Boston Celtics,All-NBA,1,1970-71,,,1610612738,Award,Kia Motors,KIANT,,76970,John Havlicek
76970.0,John,Havlicek,Boston Celtics,All-NBA,1,1971-72,,,1610612738,Award,Kia Motors,KIANT,,76970,John Havlicek
76970.0,John,Havlicek,Boston Celtics,All-NBA,1,1972-73,,,1610612738,Award,Kia Motors,KIANT,,76970,John Havlicek
76970.0,John,Havlicek,Boston Celtics,All-NBA,1,1973-74,,,1610612738,Award,Kia Motors,KIANT,,76970,John Havlicek
76970.0,John,Havlicek,Boston Celtics,All-NBA,2,1974-75,,,1610612738,Award,Kia Motors,KIANT,,76970,John Havlicek
76970.0,John,Havlicek,Boston Celtics,All-NBA,2,1975-76,,,1610612738,Award,Kia Motors,KIANT,,76970,John Havlicek
76970.0,John,Havlicek,Boston Celtics,All-Rookie Team,1,1962-63,,,1610612738,Award,Kia Motors,KIART,,76970,John Havlicek
76970.0,John,Havlicek,,Hall of Fame Inductee,,1984,,,,Award,Hall of Fame,,,76970,John Havlicek
76970.0,John,Havlicek,,NBA All-Star,,1965-66,,,,Award,All-Star,,,76970,John Havlicek
76970.0,John,Havlicek,,NBA All-Star,,1966-67,,,,Award,All-Star,,,76970,John Havlicek
76970.0,John,Havlicek,,NBA All-Star,,1967-68,,,,Award,All-Star,,,76970,John Havlicek
76970.0,John,Havlicek,,NBA All-Star,,1968-69,,,,Award,All-Star,,,76970,John Havlicek
76970.0,John,Havlicek,,NBA All-Star,,1969-70,,,,Award,All-Star,,,76970,John Havlicek
76970.0,John,Havlicek,,NBA All-Star,,1970-71,,,,Award,All-Star,,,76970,John Havlicek
76970.0,John,Havlicek,,NBA All-Star,,1971-72,,,,Award,All-Star,,,76970,John Havlicek
76970.0,John,Havlicek,,NBA All-Star,,1972-73,,,,Award,All-Star,,,76970,John Havlicek
76970.0,John,Havlicek,,NBA All-Star,,1973-74,,,,Award,All-Star,,,76970,John Havlicek
76970.0,John,Havlicek,,NBA All-Star,,1974-75,,,,Award,All-Star,,,76970,John Havlicek
76970.0,John,Havlicek,,NBA All-Star,,1975-76,,,,Award,All-Star,,,76970,John Havlicek
76970.0,John,Havlicek,,NBA All-Star,,1976-77,,,,Award,All-Star,,,76970,John Havlicek
76970.0,John,Havlicek,,NBA All-Star,,1977-78,,,,Award,All-Star,,,76970,John Havlicek
76970.0,John,Havlicek,Boston Celtics,NBA Champion,,1962-63,,,,Award,Champion,,,76970,John Havlicek
76970.0,John,Havlicek,Boston Celtics,NBA Champion,,1963-64,,,,Award,Champion,,,76970,John Havlicek
76970.0,John,Havlicek,Boston Celtics,NBA Champion,,1964-65,,,,Award,Champion,,,76970,John Havlicek
76970.0,John,Havlicek,Boston Celtics,NBA Champion,,1965-66,,,,Award,Champion,,,76970,John Havlicek
76970.0,John,Havlicek,Boston Celtics,NBA Champion,,1967-68,,,,Award,Champion,,,76970,John Havlicek
76970.0,John,Havlicek,Boston Celtics,NBA Champion,,1968-69,,,,Award,Champion,,,76970,John Havlicek
76970.0,John,Havlicek,Boston Celtics,NBA Champion,,1973-74,,,,Award,Champion,,,76970,John Havlicek
76970.0,John,Havlicek,Boston Celtics,NBA Champion,,1975-76,,,,Award,Champion,,,76970,John Havlicek
76970.0,John,Havlicek,Boston Celtics,NBA Finals Most Valuable Player,,1973-74,,,,Award,Kia Motors,KFMVP,,76970,John Havlicek
76972.0,Connie,Hawkins,Phoenix Suns,All-NBA,1,1969-70,,,1610612756,Award,Kia Motors,KIANT,,76972,Connie Hawkins
76972.0,Connie,Hawkins,,Hall of Fame Inductee,,1992,,,,Award,Hall of Fame,,,76972,Connie Hawkins
76972.0,Connie,Hawkins,,NBA All-Star,,1969-70,,,,Award,All-Star,,,76972,Connie Hawkins
76972.0,Connie,Hawkins,,NBA All-Star,,1970-71,,,,Award,All-Star,,,76972,Connie Hawkins
76972.0,Connie,Hawkins,,NBA All-Star,,1971-72,,,,Award,All-Star,,,76972,Connie Hawkins
76972.0,Connie,Hawkins,,NBA All-Star,,1972-73,,,,Award,All-Star,,,76972,Connie Hawkins
765.0,Hersey,Hawkins,Philadelphia 76ers,All-Rookie Team,1,1988-89,,,1610612755,Award,Kia Motors,KIART,,765,Hersey Hawkins
765.0,Hersey,Hawkins,,NBA All-Star,,1990-91,,,,Award,All-Star,,,765,Hersey Hawkins
765.0,Hersey,Hawkins,Seattle SuperSonics,NBA Sportsmanship,,1998-99,,,,Award,Kia Motors,KSPRT,,765,Hersey Hawkins
765.0,Hersey,Hawkins,USA,Olympic Bronze Medal,,1988,,,,Award,Olympic,Bronze,,765,Hersey Hawkins
76979.0,Elvin,Hayes,Capital Bullets,All-Defensive Team,2,1973-74,,,1610612764,Award,Kia Motors,KIADT,,76979,Elvin Hayes
76979.0,Elvin,Hayes,Washington Wizards,All-Defensive Team,2,1974-75,,,1610612764,Award,Kia Motors,KIADT,,76979,Elvin Hayes
76979.0,Elvin,Hayes,Baltimore Bullets,All-NBA,2,1972-73,,,1610610024,Award,Kia Motors,KIANT,,76979,Elvin Hayes
76979.0,Elvin,Hayes,Capital Bullets,All-NBA,2,1973-74,,,1610612764,Award,Kia Motors,KIANT,,76979,Elvin Hayes
76979.0,Elvin,Hayes,Washington Bullets,All-NBA,1,1974-75,,,1610612764,Award,Kia Motors,KIANT,,76979,Elvin Hayes
76979.0,Elvin,Hayes,Washington Bullets,All-NBA,2,1975-76,,,1610612764,Award,Kia Motors,KIANT,,76979,Elvin Hayes
76979.0,Elvin,Hayes,Washington Bullets,All-NBA,1,1976-77,,,1610612764,Award,Kia Motors,KIANT,,76979,Elvin Hayes
76979.0,Elvin,Hayes,Washington Bullets,All-NBA,1,1978-79,,,1610612764,Award,Kia Motors,KIANT,,76979,Elvin Hayes
76979.0,Elvin,Hayes,San Diego Clippers,All-Rookie Team,1,1968-69,,,1610612746,Award,Kia Motors,KIART,,76979,Elvin Hayes
76979.0,Elvin,Hayes,,Hall of Fame Inductee,,1990,,,,Award,Hall of Fame,,,76979,Elvin Hayes
76979.0,Elvin,Hayes,,NBA All-Star,,1968-69,,,,Award,All-Star,,,76979,Elvin Hayes
76979.0,Elvin,Hayes,,NBA All-Star,,1969-70,,,,Award,All-Star,,,76979,Elvin Hayes
76979.0,Elvin,Hayes,,NBA All-Star,,1970-71,,,,Award,All-Star,,,76979,Elvin Hayes
76979.0,Elvin,Hayes,,NBA All-Star,,1971-72,,,,Award,All-Star,,,76979,Elvin Hayes
76979.0,Elvin,Hayes,,NBA All-Star,,1972-73,,,,Award,All-Star,,,76979,Elvin Hayes
76979.0,Elvin,Hayes,,NBA All-Star,,1973-74,,,,Award,All-Star,,,76979,Elvin Hayes
76979.0,Elvin,Hayes,,NBA All-Star,,1974-75,,,,Award,All-Star,,,76979,Elvin Hayes
76979.0,Elvin,Hayes,,NBA All-Star,,1975-76,,,,Award,All-Star,,,76979,Elvin Hayes
76979.0,Elvin,Hayes,,NBA All-Star,,1976-77,,,,Award,All-Star,,,76979,Elvin Hayes
76979.0,Elvin,Hayes,,NBA All-Star,,1977-78,,,,Award,All-Star,,,76979,Elvin Hayes
76979.0,Elvin,Hayes,,NBA All-Star,,1978-79,,,,Award,All-Star,,,76979,Elvin Hayes
76979.0,Elvin,Hayes,,NBA All-Star,,1979-80,,,,Award,All-Star,,,76979,Elvin Hayes
76979.0,Elvin,Hayes,Washington Bullets,NBA Champion,,1977-78,,,,Award,Champion,,,76979,Elvin Hayes
76979.0,Elvin,Hayes,Washington Wizards,NBA Player of the Week,,1980-81,,1980-11-09T00:00:00,,Award,Kia Motors,KIPWK,,76979,Elvin Hayes
2553.0,Jarvis,Hayes,Washington Wizards,All-Rookie Team,2,2003-04,,,1610612764,Award,Kia Motors,KIART,,2553,Jarvis Hayes
202330.0,Gordon,Hayward,,NBA All-Star,,2016-17,,,,Award,All-Star,,,202330,Gordon Hayward
202330.0,Gordon,Hayward,Utah Jazz,NBA Player of the Week,,2016-17,,2017-01-16T00:00:00,West,Award,Kia Motors,KIPWK,,202330,Gordon Hayward
2217.0,Brendan,Haywood,Dallas Mavericks,NBA Champion,,2010-11,,,,Award,Champion,,,2217,Brendan Haywood
2217.0,Brendan,Haywood,Washington Wizards,NBA Rookie of the Month,,2001-02,12/01/2001,,East,Award,Kia Motors,KIRMO,,2217,Brendan Haywood
76981.0,Spencer,Haywood,Seattle SuperSonics,All-NBA,1,1971-72,,,1610612760,Award,Kia Motors,KIANT,,76981,Spencer Haywood
76981.0,Spencer,Haywood,Seattle SuperSonics,All-NBA,1,1972-73,,,1610612760,Award,Kia Motors,KIANT,,76981,Spencer Haywood
76981.0,Spencer,Haywood,Seattle SuperSonics,All-NBA,2,1973-74,,,1610612760,Award,Kia Motors,KIANT,,76981,Spencer Haywood
76981.0,Spencer,Haywood,Seattle SuperSonics,All-NBA,2,1974-75,,,1610612760,Award,Kia Motors,KIANT,,76981,Spencer Haywood
76981.0,Spencer,Haywood,,Hall of Fame Inductee,,2015,,,,Award,Hall of Fame,,,76981,Spencer Haywood
76981.0,Spencer,Haywood,,NBA All-Star,,1971-72,,,,Award,All-Star,,,76981,Spencer Haywood
76981.0,Spencer,Haywood,,NBA All-Star,,1972-73,,,,Award,All-Star,,,76981,Spencer Haywood
76981.0,Spencer,Haywood,,NBA All-Star,,1973-74,,,,Award,All-Star,,,76981,Spencer Haywood
76981.0,Spencer,Haywood,,NBA All-Star,,1974-75,,,,Award,All-Star,,,76981,Spencer Haywood
76981.0,Spencer,Haywood,Los Angeles Lakers,NBA Champion,,1979-80,,,,Award,Champion,,,76981,Spencer Haywood
76981.0,Spencer,Haywood,USA,Olympic Gold Medal,,1968,,,,Award,Olympic,Gold,,76981,Spencer Haywood
76983.0,Walt,Hazzard,,NBA All-Star,,1967-68,,,,Award,All-Star,,,76983,Walt Hazzard
76983.0,Walter,Hazzard,USA,Olympic Gold Medal,,1964,,,,Award,Olympic,Gold,,76983,Walt Hazzard
101129.0,Luther,Head,Houston Rockets,All-Rookie Team,2,2005-06,,,1610612745,Award,Kia Motors,KIART,,101129,Luther Head
1049.0,Shane,Heal,Australia,Olympic Appearance,,1992,,,,Award,Olympic,Appearance,,1049,Shane Heal
1049.0,Shane,Heal,Australia,Olympic Appearance,,1996,,,,Award,Olympic,Appearance,,1049,Shane Heal
1049.0,Shane,Heal,Australia,Olympic Appearance,,2000,,,,Award,Olympic,Appearance,,1049,Shane Heal
1049.0,Shane,Heal,Australia,Olympic Appearance,,2004,,,,Award,Olympic,Appearance,,1049,Shane Heal
76988.0,Tom,Heinsohn,Boston Celtics,All-NBA,2,1960-61,,,1610612738,Award,Kia Motors,KIANT,,76988,Tom Heinsohn
76988.0,Tom,Heinsohn,Boston Celtics,All-NBA,2,1961-62,,,1610612738,Award,Kia Motors,KIANT,,76988,Tom Heinsohn
76988.0,Tom,Heinsohn,Boston Celtics,All-NBA,2,1962-63,,,1610612738,Award,Kia Motors,KIANT,,76988,Tom Heinsohn
76988.0,Tom,Heinsohn,Boston Celtics,All-NBA,2,1963-64,,,1610612738,Award,Kia Motors,KIANT,,76988,Tom Heinsohn
76988.0,Tom,Heinsohn,,Hall of Fame Inductee,,1986,,,,Award,Hall of Fame,,,76988,Tom Heinsohn
76988.0,Tom,Heinsohn,,NBA All-Star,,1956-57,,,,Award,All-Star,,,76988,Tom Heinsohn
76988.0,Tom,Heinsohn,,NBA All-Star,,1960-61,,,,Award,All-Star,,,76988,Tom Heinsohn
76988.0,Tom,Heinsohn,,NBA All-Star,,1961-62,,,,Award,All-Star,,,76988,Tom Heinsohn
76988.0,Tom,Heinsohn,,NBA All-Star,,1962-63,,,,Award,All-Star,,,76988,Tom Heinsohn
76988.0,Tom,Heinsohn,,NBA All-Star,,1963-64,,,,Award,All-Star,,,76988,Tom Heinsohn
76988.0,Tom,Heinsohn,,NBA All-Star,,1964-65,,,,Award,All-Star,,,76988,Tom Heinsohn
76988.0,Tom,Heinsohn,Boston Celtics,NBA Champion,,1956-57,,,,Award,Champion,,,76988,Tom Heinsohn
76988.0,Tom,Heinsohn,Boston Celtics,NBA Champion,,1958-59,,,,Award,Champion,,,76988,Tom Heinsohn
76988.0,Tom,Heinsohn,Boston Celtics,NBA Champion,,1959-60,,,,Award,Champion,,,76988,Tom Heinsohn
76988.0,Tom,Heinsohn,Boston Celtics,NBA Champion,,1960-61,,,,Award,Champion,,,76988,Tom Heinsohn
76988.0,Tom,Heinsohn,Boston Celtics,NBA Champion,,1961-62,,,,Award,Champion,,,76988,Tom Heinsohn
76988.0,Tom,Heinsohn,Boston Celtics,NBA Champion,,1962-63,,,,Award,Champion,,,76988,Tom Heinsohn
76988.0,Tom,Heinsohn,Boston Celtics,NBA Champion,,1963-64,,,,Award,Champion,,,76988,Tom Heinsohn
76988.0,Tom,Heinsohn,Boston Celtics,NBA Champion,,1964-65,,,,Award,Champion,,,76988,Tom Heinsohn
76988.0,Tom,Heinsohn,Boston Celtics,NBA Rookie of the Year,,1956-57,,,,Award,Kia Motors,KIROY,,76988,Tom Heinsohn
76989.0,Dick,Hemric,Boston Celtics,NBA Champion,,1956-57,,,,Award,Champion,,,76989,Dick Hemric
673.0,Alan,Henderson,Atlanta Hawks,NBA Most Improved Player,,1997-98,,,,Award,Kia Motors,KIMIP,,673,Alan Henderson
1538.0,Cedric,Henderson,Cleveland Cavaliers,All-Rookie Team,2,1997-98,,,1610612739,Award,Kia Motors,KIART,,1538,Cedric Henderson
76993.0,Gerald,Henderson,Boston Celtics,NBA Champion,,1980-81,,,,Award,Champion,,,76993,Gerald Henderson
76993.0,Gerald,Henderson,Boston Celtics,NBA Champion,,1983-84,,,,Award,Champion,,,76993,Gerald Henderson
76993.0,Gerald,Henderson,Detroit Pistons,NBA Champion,,1989-90,,,,Award,Champion,,,76993,Gerald Henderson
76996.0,Tom,Henderson,Washington Bullets,NBA Champion,,1977-78,,,,Award,Champion,,,76996,Tom Henderson
76996.0,Tom,Henderson,USA,Olympic Silver Medal,,1972,,,,Award,Olympic,Silver,,76996,Tom Henderson
76998.0,Larry,Hennessy,Philadelphia Warriors,NBA Champion,,1955-56,,,,Award,Champion,,,76998,Larry Hennessy
77007.0,Clarence,Hermsen,Baltimore Bullets,NBA Champion,,1947-48,,,,Award,Champion,,,77007,Clarence Hermsen
1626195.0, Willy,Hernangómez,,Olympic Bronze Medal,,2016,,,,Award,Olympic,Bronze,,1626195,Willy Hernangomez
1626195.0,Willy,Hernangomez,New York Knicks,All-Rookie Team,1,2016-17,,,East,Award,Kia Motors,KIART,,1626195,Willy Hernangomez
1626195.0,Willy,Hernangomez,New York Knicks,NBA Rookie of the Month,,2016-17,4/1/2017,1900-01-01T12:00:00,East,Award,Kia Motors,KIRMO,,1626195,Willy Hernangomez
61.0,Carl,Herrera,Houston Rockets,NBA Champion,,1993-94,,,,Award,Champion,,,61,Carl Herrera
61.0,Carl,Herrera,Houston Rockets,NBA Champion,,1994-95,,,,Award,Champion,,,61,Carl Herrera
61.0,Carl,Herrera,Venezuela,Olympic Appearance,,1992,,,,Award,Olympic,Appearance,,61,Carl Herrera
200835.0,Walter,Herrmann,Charlotte Bobcats,All-Rookie Team,2,2006-07,,,1610612766,Award,Kia Motors,KIART,,200835,Walter Herrmann
200835.0,Walter,Herrmann,Charlotte Bobcats,NBA Rookie of the Month,,2006-07,03/01/2007,,East,Award,Kia Motors,KIRMO,,200835,Walter Herrmann
200835.0,Walter,Herrmann,Argentina,Olympic Gold Medal,,2004,,,,Award,Olympic,Gold,,200835,Walter Herrmann
1629639.0,Tyler,Herro,Miami Heat,All-Rookie Team,2,2019-20,,,East,Award,Kia Motors,KIART,,1629639,Tyler Herro
1629639.0,Tyler,Herro,,NBA All-Star,,2024-25,,,,Award,All-Star,,,1629639,Tyler Herro
1629639.0,Tyler,Herro,Miami Heat,NBA Player of the Week,,2024-25,,2024-12-02T00:00:00,East,Award,Kia Motors,KIPWK,,1629639,Tyler Herro
1629639.0,Tyler,Herro,Miami Heat,NBA Sixth Man of the Year,,2021-22,,,East,Award,Kia Motors,KISMY,,1629639,Tyler Herro
77012.0,Fred,Hetzel,San Francisco Warriors,All-Rookie Team,1,1965-66,,,1610612744,Award,Kia Motors,KIART,,77012,Fred Hetzel
77013.0,Bill,Hewitt,Los Angeles Lakers,All-Rookie Team,1,1968-69,,,1610612747,Award,Kia Motors,KIART,,77013,Bill Hewitt
77015.0,Art,Heyman,New York Knicks,All-Rookie Team,1,1963-64,,,1610612752,Award,Kia Motors,KIART,,77015,Art Heyman
201579.0,Roy,Hibbert,Indiana Pacers,All-Defensive Team,2,2013-14,,,1610612754,Award,Kia Motors,KIADT,,201579,Roy Hibbert
201579.0,Roy,Hibbert,,NBA All-Star,,2011-12,,,,Award,All-Star,,,201579,Roy Hibbert
201579.0,Roy,Hibbert,,NBA All-Star,,2013-14,,,,Award,All-Star,,,201579,Roy Hibbert
1627741.0,Buddy,Hield,Sacramento Kings,All-Rookie Team,1,2016-17,,,West,Award,Kia Motors,KIART,,1627741,Buddy Hield
1627741.0,Buddy,Hield,New Orleans Pelicans,NBA Rookie of the Month,,2016-17,12/1/2016,1900-01-01T12:00:00,West,Award,Kia Motors,KIRMO,,1627741,Buddy Hield
1627741.0,Buddy,Hield,Sacramento Kings,NBA Rookie of the Month,,2016-17,3/1/2017,1900-01-01T12:00:00,West,Award,Kia Motors,KIRMO,,1627741,Buddy Hield
201588.0,George,Hill,Utah Jazz,NBA Player of the Week,,2016-17,,2016-11-07T00:00:00,West,Award,Kia Motors,KIPWK,,201588,George Hill
255.0,Grant,Hill,Detroit Pistons,All-NBA,2,1995-96,,,1610612765,Award,Kia Motors,KIANT,,255,Grant Hill
255.0,Grant,Hill,Detroit Pistons,All-NBA,1,1996-97,,,1610612765,Award,Kia Motors,KIANT,,255,Grant Hill
255.0,Grant,Hill,Detroit Pistons,All-NBA,2,1997-98,,,1610612765,Award,Kia Motors,KIANT,,255,Grant Hill
255.0,Grant,Hill,Detroit Pistons,All-NBA,2,1998-99,,,1610612765,Award,Kia Motors,KIANT,,255,Grant Hill
255.0,Grant,Hill,Detroit Pistons,All-NBA,2,1999-00,,,1610612765,Award,Kia Motors,KIANT,,255,Grant Hill
255.0,Grant,Hill,Detroit Pistons,All-Rookie Team,1,1994-95,,,1610612765,Award,Kia Motors,KIART,,255,Grant Hill
255.0,Grant,Hill,,Hall of Fame Inductee,,2018,,,,Award,Hall of Fame,,,255,Grant Hill
255.0,Grant,Hill,Detroit Pistons,IBM Award,,1996-97,,,,Award,IBM,IBMAW,,255,Grant Hill
255.0,Grant,Hill,,NBA All-Star,,1994-95,,,,Award,All-Star,,,255,Grant Hill
255.0,Grant,Hill,,NBA All-Star,,1995-96,,,,Award,All-Star,,,255,Grant Hill
255.0,Grant,Hill,,NBA All-Star,,1996-97,,,,Award,All-Star,,,255,Grant Hill
255.0,Grant,Hill,,NBA All-Star,,1997-98,,,,Award,All-Star,,,255,Grant Hill
255.0,Grant,Hill,,NBA All-Star,,1999-00,,,,Award,All-Star,,,255,Grant Hill
255.0,Grant,Hill,,NBA All-Star,,2000-01,,,,Award,All-Star,,,255,Grant Hill
255.0,Grant,Hill,,NBA All-Star,,2004-05,,,,Award,All-Star,,,255,Grant Hill
255.0,Grant,Hill,Detroit Pistons,NBA Player of the Month,,1996-97,01/01/1997,,,Award,Kia Motors,KIPMO,,255,Grant Hill
255.0,Grant,Hill,Detroit Pistons,NBA Player of the Week,,1995-96,,1996-03-17T00:00:00,,Award,Kia Motors,KIPWK,,255,Grant Hill
255.0,Grant,Hill,Detroit Pistons,NBA Player of the Week,,1996-97,,1997-01-19T00:00:00,,Award,Kia Motors,KIPWK,,255,Grant Hill
255.0,Grant,Hill,Detroit Pistons,NBA Player of the Week,,1996-97,,1997-04-06T00:00:00,,Award,Kia Motors,KIPWK,,255,Grant Hill
255.0,Grant,Hill,Detroit Pistons,NBA Player of the Week,,1998-99,,1999-05-02T00:00:00,,Award,Kia Motors,KIPWK,,255,Grant Hill
255.0,Grant,Hill,Detroit Pistons,NBA Player of the Week,,1999-00,,2000-01-10T00:00:00,,Award,Kia Motors,KIPWK,,255,Grant Hill
255.0,Grant,Hill,Orlando Magic,NBA Player of the Week,,2004-05,,2004-11-21T00:00:00,East,Award,Kia Motors,KIPWK,,255,Grant Hill
255.0,Grant,Hill,Detroit Pistons,NBA Rookie of the Month,,1994-95,11/01/1994,,,Award,Kia Motors,KIRMO,,255,Grant Hill
255.0,Grant,Hill,Detroit Pistons,NBA Rookie of the Year,,1994-95,,,,Award,Kia Motors,KIROY,,255,Grant Hill
255.0,Grant,Hill,Detroit Pistons,NBA Sporting News Rookie of the Year,,1994-95,,,,Award,Sporting News,SNROY,,255,Grant Hill
255.0,Grant,Hill,Orlando Magic,NBA Sportsmanship,,2004-05,,,,Award,Kia Motors,KSPRT,,255,Grant Hill
255.0,Grant,Hill,Phoenix Suns,NBA Sportsmanship,,2007-08,,,,Award,Kia Motors,KSPRT,,255,Grant Hill
255.0,Grant,Hill,Phoenix Suns,NBA Sportsmanship,,2009-10,,,,Award,Kia Motors,KSPRT,,255,Grant Hill
255.0,Grant,Hill,USA,Olympic Gold Medal,,1996,,,,Award,Olympic,Gold,,255,Grant Hill
238.0,Tyrone,Hill,,NBA All-Star,,1994-95,,,,Award,All-Star,,,238,Tyrone Hill
77027.0,Art,Hillhouse,Philadelphia Warriors,NBA Champion,,1946-47,,,,Award,Champion,,,77027,Art Hillhouse
2550.0,Kirk,Hinrich,Chicago Bulls,All-Defensive Team,2,2006-07,,,1610612741,Award,Kia Motors,KIADT,,2550,Kirk Hinrich
2550.0,Kirk,Hinrich,Chicago Bulls,All-Rookie Team,1,2003-04,,,1610612741,Award,Kia Motors,KIART,,2550,Kirk Hinrich
77032.0,Lew,Hitch,Minneapolis Lakers,NBA Champion,,1951-52,,,,Award,Champion,,,77032,Lew Hitch
77032.0,Lew,Hitch,Minneapolis Lakers,NBA Champion,,1952-53,,,,Award,Champion,,,77032,Lew Hitch
77034.0,Craig,Hodges,Chicago Bulls,NBA Champion,,1990-91,,,,Award,Champion,,,77034,Craig Hodges
77034.0,Craig,Hodges,Chicago Bulls,NBA Champion,,1991-92,,,,Award,Champion,,,77034,Craig Hodges
77036.0,"Bear, The Body",Hoffman,Baltimore Bullets,NBA Champion,,1947-48,,,,Award,Champion,,,77036,Paul 'The Bear' Hoffman
201950.0,Jrue,Holiday,New Orleans Pelicans,All-Defensive Team,1,2017-18,,,West,Award,Kia Motors,KIADT,,201950,Jrue Holiday
201950.0,Jrue,Holiday,New Orleans Pelicans,All-Defensive Team,2,2018-19,,,West,Award,Kia Motors,KIADT,,201950,Jrue Holiday
201950.0,Jrue,Holiday,Milwaukee Bucks,All-Defensive Team,1,2020-21,,,East,Award,Kia Motors,KIADT,,201950,Jrue Holiday
201950.0,Jrue,Holiday,Milwaukee Bucks,All-Defensive Team,2,2021-22,,,East,Award,Kia Motors,KIADT,,201950,Jrue Holiday
201950.0,Jrue,Holiday,Milwaukee Bucks,All-Defensive Team,1,2022-23,,,East,Award,Kia Motors,KIADT,,201950,Jrue Holiday
201950.0,Jrue,Holiday,Boston Celtics,All-Defensive Team,2,2023-24,,,East,Award,Kia Motors,KIADT,,201950,Jrue Holiday
201950.0,Jrue,Holiday,,NBA All-Star,,2012-13,,,,Award,All-Star,,,201950,Jrue Holiday
201950.0,Jrue,Holiday,,NBA All-Star,,2022-23,,,,Award,All-Star,,,201950,Jrue Holiday
201950.0,Jrue,Holiday,Milwaukee Bucks,NBA Champion,,2020-21,,,,Award,Champion,,,201950,Jrue Holiday
201950.0,Jrue,Holiday,Boston Celtics,NBA Champion,,2023-24,,,,Award,Champion,,,201950,Jrue Holiday
201950.0,Jrue,Holiday,Milwaukee Bucks,NBA Player of the Week,,2020-21,,2021-03-29T00:00:00,East,Award,Kia Motors,KIPWK,,201950,Jrue Holiday
201950.0,Jrue,Holiday,Milwaukee Bucks,NBA Player of the Week,,2022-23,,2023-01-16T00:00:00,East,Award,Kia Motors,KIPWK,,201950,Jrue Holiday
201950.0,Jrue,Holiday,USA,Olympic Gold Medal,,2020,,,,Award,Olympic,Gold,,201950,Jrue Holiday
201950.0,Jrue,Holiday,USA,Olympic Gold Medal,,2024,,,,Award,Olympic,Gold,,201950,Jrue Holiday
203200.0,Justin,Holiday,Golden State Warriors,NBA Champion,,2014-15,,,,Award,Champion,,,203200,Justin Holiday
77040.0,Brad,Holland,Los Angeles Lakers,NBA Champion,,1979-80,,,,Award,Champion,,,77040,Brad Holland
77043.0,Lionel,Hollins,Portland Trail Blazers,All-Defensive Team,1,1977-78,,,1610612757,Award,Kia Motors,KIADT,,77043,Lionel Hollins
77043.0,Lionel,Hollins,Portland Trail Blazers,All-Defensive Team,2,1978-79,,,1610612757,Award,Kia Motors,KIADT,,77043,Lionel Hollins
77043.0,Lionel,Hollins,Portland Trail Blazers,All-Rookie Team,1,1975-76,,,1610612757,Award,Kia Motors,KIART,,77043,Lionel Hollins
77043.0,Lionel,Hollins,,NBA All-Star,,1977-78,,,,Award,All-Star,,,77043,Lionel Hollins
77043.0,Lionel,Hollins,Portland Trail Blazers,NBA Champion,,1976-77,,,,Award,Champion,,,77043,Lionel Hollins
1631096.0,Chet,Holmgren,Oklahoma City Thunder,All-Rookie Team,1,2023-24,,,West,Award,Kia Motors,KIART,,1631096,Chet Holmgren
1631096.0,Chet,Holmgren,,NBA All-Star,,2025-26,,,,Award,All-Star,,,1631096,Chet Holmgren
1631096.0,Chet,Holmgren,Oklahoma City Thunder,NBA Champion,,2024-25,,,,Award,Champion,,,1631096,Chet Holmgren
1631096.0,Chet,Holmgren,Oklahoma City Thunder,NBA Defensive Player of the Month,,2025-26,12/1/2025,,West,Award,Kia Motors,KIRMO,,1631096,Chet Holmgren
1631096.0,Chet,Holmgren,Oklahoma City Thunder,NBA Rookie of the Month,,2023-24,11/1/2023,,West,Award,Kia Motors,KIRMO,,1631096,Chet Holmgren
1631096.0,Chet,Holmgren,Oklahoma City Thunder,NBA Rookie of the Month,,2023-24,12/1/2023,,West,Award,Kia Motors,KIRMO,,1631096,Chet Holmgren
77045.0,Jim,Holstein,Minneapolis Lakers,NBA Champion,,1952-53,,,,Award,Champion,,,77045,Jim Holstein
77045.0,Jim,Holstein,Minneapolis Lakers,NBA Champion,,1953-54,,,,Award,Champion,,,77045,Jim Holstein
77050.0,Red,Holzman,Rochester Royals,NBA Champion,,1950-51,,,,Award,Champion,,,77050,Red Holzman
203918.0,Rodney,Hood,Utah Jazz,NBA Rookie of the Month,,2014-15,4/1/2015,,West,Award,Kia Motors,KIRMO,,203918,Rodney Hood
77054.0,Dennis,Hopson,Chicago Bulls,NBA Champion,,1990-91,,,,Award,Champion,,,77054,Dennis Hopson
201143.0,Al,Horford,Boston Celtics,All-Defensive Team,2,2017-18,,,East,Award,Kia Motors,KIADT,,201143,Al Horford
201143.0,Al,Horford,Atlanta Hawks,All-NBA,3,2010-11,,,1610612737,Award,Kia Motors,KIANT,,201143,Al Horford
201143.0,Al,Horford,Atlanta Hawks,All-Rookie Team,1,2007-08,,,1610612737,Award,Kia Motors,KIART,,201143,Al Horford
201143.0,Al,Horford,,NBA All-Star,,2009-10,,,,Award,All-Star,,,201143,Al Horford
201143.0,Al,Horford,,NBA All-Star,,2010-11,,,,Award,All-Star,,,201143,Al Horford
201143.0,Al,Horford,,NBA All-Star,,2014-15,,,,Award,All-Star,,,201143,Al Horford
201143.0,Al,Horford,,NBA All-Star,,2015-16,,,,Award,All-Star,,,201143,Al Horford
201143.0,Al,Horford,,NBA All-Star,,2017-18,,,,Award,All-Star,,,201143,Al Horford
201143.0,Al,Horford,Boston Celtics,NBA Champion,,2023-24,,,,Award,Champion,,,201143,Al Horford
201143.0,Al,Horford,Atlanta Hawks,NBA Player of the Month,,2014-15,1/1/2015,,East,Award,Kia Motors,KIPMO,,201143,Al Horford
201143.0,Al,Horford,Atlanta Hawks,NBA Player of the Week,,2012-13,,2012-11-19T00:00:00,East,Award,Kia Motors,KIPWK,,201143,Al Horford
201143.0,Al,Horford,Atlanta Hawks,NBA Player of the Week,,2014-15,,2014-12-15T00:00:00,East,Award,Kia Motors,KIPWK,,201143,Al Horford
201143.0,Al,Horford,Atlanta Hawks,NBA Player of the Week,,2014-15,,2015-01-12T00:00:00,East,Award,Kia Motors,KIPWK,,201143,Al Horford
201143.0,Al,Horford,Atlanta Hawks,NBA Rookie of the Month,,2007-08,02/01/2008,,East,Award,Kia Motors,KIRMO,,201143,Al Horford
201143.0,Al,Horford,Atlanta Hawks,NBA Rookie of the Month,,2007-08,03/01/2008,,East,Award,Kia Motors,KIRMO,,201143,Al Horford
201143.0,Al,Horford,Atlanta Hawks,NBA Rookie of the Month,,2007-08,11/01/2007,,East,Award,Kia Motors,KIRMO,,201143,Al Horford
201143.0,Al,Jefferson,Utah Jazz,NBA Player of the Week,,2012-13,,2013-03-25T00:00:00,West,Award,Kia Motors,KIPWK,,201143,Al Horford
204.0,Jeff,Hornacek,,NBA All-Star,,1991-92,,,,Award,All-Star,,,204,Jeff Hornacek
204.0,Jeff,Hornacek,Phoenix Suns,NBA Player of the Month,,1991-92,12/01/1991,,,Award,Kia Motors,KIPMO,,204,Jeff Hornacek
109.0,Robert,Horry,Houston Rockets,All-Rookie Team,2,1992-93,,,1610612745,Award,Kia Motors,KIART,,109,Robert Horry
109.0,Robert,Horry,Houston Rockets,NBA Champion,,1993-94,,,,Award,Champion,,,109,Robert Horry
109.0,Robert,Horry,Houston Rockets,NBA Champion,,1994-95,,,,Award,Champion,,,109,Robert Horry
109.0,Robert,Horry,Los Angeles Lakers,NBA Champion,,1999-00,,,,Award,Champion,,,109,Robert Horry
109.0,Robert,Horry,Los Angeles Lakers,NBA Champion,,2000-01,,,,Award,Champion,,,109,Robert Horry
109.0,Robert,Horry,Los Angeles Lakers,NBA Champion,,2001-02,,,,Award,Champion,,,109,Robert Horry
109.0,Robert,Horry,San Antonio Spurs,NBA Champion,,2004-05,,,,Award,Champion,,,109,Robert Horry
109.0,Robert,Horry,San Antonio Spurs,NBA Champion,,2006-07,,,,Award,Champion,,,109,Robert Horry
1629659.0,Talen,Horton-Tucker,Los Angeles Lakers,NBA Champion,,2019-20,,,,Award,Champion,,,1629659,Talen Horton-Tucker
77061.0,Wilmer,Hosket,New York Knicks,NBA Champion,,1969-70,,,,Award,Champion,,,77061,Wilmer Hosket
77062.0,Bob,Houbregs,,Hall of Fame Inductee,,1987,,,,Award,Hall of Fame,,,77062,Bob Houbregs
2067.0,Eddie,House,Boston Celtics,NBA Champion,,2007-08,,,,Award,Champion,,,2067,Eddie House
275.0,Allan,Houston,,NBA All-Star,,1999-00,,,,Award,All-Star,,,275,Allan Houston
275.0,Allan,Houston,,NBA All-Star,,2000-01,,,,Award,All-Star,,,275,Allan Houston
275.0,Allan,Houston,New York Knicks,NBA Player of the Week,,2002-03,,2003-02-16T00:00:00,East,Award,Kia Motors,KIPWK,,275,Allan Houston
275.0,Allan,Houston,USA,Olympic Gold Medal,,2000,,,,Award,Olympic,Gold,,275,Allan Houston
2730.0,Dwight,Howard,Orlando Magic,All-Defensive Team,2,2007-08,,,1610612753,Award,Kia Motors,KIADT,,2730,Dwight Howard
2730.0,Dwight,Howard,Orlando Magic,All-Defensive Team,1,2008-09,,,1610612753,Award,Kia Motors,KIADT,,2730,Dwight Howard
2730.0,Dwight,Howard,Orlando Magic,All-Defensive Team,1,2009-10,,,1610612753,Award,Kia Motors,KIADT,,2730,Dwight Howard
2730.0,Dwight,Howard,Orlando Magic,All-Defensive Team,1,2010-11,,,1610612753,Award,Kia Motors,KIADT,,2730,Dwight Howard
2730.0,Dwight,Howard,Orlando Magic,All-Defensive Team,1,2011-12,,,1610612753,Award,Kia Motors,KIADT,,2730,Dwight Howard
2730.0,Dwight,Howard,Orlando Magic,All-NBA,3,2006-07,,,1610612753,Award,Kia Motors,KIANT,,2730,Dwight Howard
2730.0,Dwight,Howard,Orlando Magic,All-NBA,1,2007-08,,,1610612753,Award,Kia Motors,KIANT,,2730,Dwight Howard
2730.0,Dwight,Howard,Orlando Magic,All-NBA,1,2008-09,,,1610612753,Award,Kia Motors,KIANT,,2730,Dwight Howard
2730.0,Dwight,Howard,Orlando Magic,All-NBA,1,2009-10,,,1610612753,Award,Kia Motors,KIANT,,2730,Dwight Howard
2730.0,Dwight,Howard,Orlando Magic,All-NBA,1,2010-11,,,1610612753,Award,Kia Motors,KIANT,,2730,Dwight Howard
2730.0,Dwight,Howard,Orlando Magic,All-NBA,1,2011-12,,,1610612753,Award,Kia Motors,KIANT,,2730,Dwight Howard
2730.0,Dwight,Howard,Los Angeles Lakers,All-NBA,3,2012-13,,,1610612747,Award,Kia Motors,KIANT,,2730,Dwight Howard
2730.0,Dwight,Howard,Houston Rockets,All-NBA,2,2013-14,,,1610612745,Award,Kia Motors,KIANT,,2730,Dwight Howard
2730.0,Dwight,Howard,Orlando Magic,All-Rookie Team,1,2004-05,,,1610612753,Award,Kia Motors,KIART,,2730,Dwight Howard
2730.0,Dwight,Howard,,NBA All-Star,,2006-07,,,,Award,All-Star,,,2730,Dwight Howard
2730.0,Dwight,Howard,,NBA All-Star,,2007-08,,,,Award,All-Star,,,2730,Dwight Howard
2730.0,Dwight,Howard,,NBA All-Star,,2008-09,,,,Award,All-Star,,,2730,Dwight Howard
2730.0,Dwight,Howard,,NBA All-Star,,2009-10,,,,Award,All-Star,,,2730,Dwight Howard
2730.0,Dwight,Howard,,NBA All-Star,,2010-11,,,,Award,All-Star,,,2730,Dwight Howard
2730.0,Dwight,Howard,,NBA All-Star,,2011-12,,,,Award,All-Star,,,2730,Dwight Howard
2730.0,Dwight,Howard,,NBA All-Star,,2012-13,,,,Award,All-Star,,,2730,Dwight Howard
2730.0,Dwight,Howard,,NBA All-Star,,2013-14,,,,Award,All-Star,,,2730,Dwight Howard
2730.0,Dwight,Howard,Los Angeles Lakers,NBA Champion,,2019-20,,,,Award,Champion,,,2730,Dwight Howard
2730.0,Dwight,Howard,Orlando Magic,NBA Defensive Player of the Year,,2008-09,,,,Award,Kia Motors,KDPYR,,2730,Dwight Howard
2730.0,Dwight,Howard,Orlando Magic,NBA Defensive Player of the Year,,2009-10,,,,Award,Kia Motors,KDPYR,,2730,Dwight Howard
2730.0,Dwight,Howard,Orlando Magic,NBA Defensive Player of the Year,,2010-11,,,,Award,Kia Motors,KDPYR,,2730,Dwight Howard
2730.0,Dwight,Howard,Orlando Magic,NBA Player of the Month,,2005-06,04/01/2006,,East,Award,Kia Motors,KIPMO,,2730,Dwight Howard
2730.0,Dwight,Howard,Orlando Magic,NBA Player of the Month,,2006-07,11/01/2006,,East,Award,Kia Motors,KIPMO,,2730,Dwight Howard
2730.0,Dwight,Howard,Orlando Magic,NBA Player of the Month,,2007-08,11/01/2007,,East,Award,Kia Motors,KIPMO,,2730,Dwight Howard
2730.0,Dwight,Howard,Orlando Magic,NBA Player of the Month,,2007-08,12/01/2007,,East,Award,Kia Motors,KIPMO,,2730,Dwight Howard
2730.0,Dwight,Howard,Orlando Magic,NBA Player of the Month,,2010-11,02/01/2011,,East,Award,Kia Motors,KIPMO,,2730,Dwight Howard
2730.0,Dwight,Howard,Orlando Magic,NBA Player of the Month,,2010-11,11/01/2010,,East,Award,Kia Motors,KIPMO,,2730,Dwight Howard
2730.0,Dwight,Howard,Orlando Magic,NBA Player of the Week,,2006-07,,2006-11-26T00:00:00,East,Award,Kia Motors,KIPWK,,2730,Dwight Howard
2730.0,Dwight,Howard,Orlando Magic,NBA Player of the Week,,2007-08,,2007-11-18T00:00:00,East,Award,Kia Motors,KIPWK,,2730,Dwight Howard
2730.0,Dwight,Howard,Orlando Magic,NBA Player of the Week,,2007-08,,2007-12-02T00:00:00,East,Award,Kia Motors,KIPWK,,2730,Dwight Howard
2730.0,Dwight,Howard,Orlando Magic,NBA Player of the Week,,2008-09,,2009-01-12T00:00:00,East,Award,Kia Motors,KIPWK,,2730,Dwight Howard
2730.0,Dwight,Howard,Orlando Magic,NBA Player of the Week,,2008-09,,2009-02-23T00:00:00,East,Award,Kia Motors,KIPWK,,2730,Dwight Howard
2730.0,Dwight,Howard,Orlando Magic,NBA Player of the Week,,2008-09,,2009-03-30T00:00:00,East,Award,Kia Motors,KIPWK,,2730,Dwight Howard
2730.0,Dwight,Howard,Orlando Magic,NBA Player of the Week,,2008-09,,2009-04-06T00:00:00,East,Award,Kia Motors,KIPWK,,2730,Dwight Howard
2730.0,Dwight,Howard,Orlando Magic,NBA Player of the Week,,2009-10,,2009-11-02T00:00:00,East,Award,Kia Motors,KIPWK,,2730,Dwight Howard
2730.0,Dwight,Howard,Orlando Magic,NBA Player of the Week,,2009-10,,2009-12-21T00:00:00,East,Award,Kia Motors,KIPWK,,2730,Dwight Howard
2730.0,Dwight,Howard,Orlando Magic,NBA Player of the Week,,2009-10,,2010-02-22T00:00:00,East,Award,Kia Motors,KIPWK,,2730,Dwight Howard
2730.0,Dwight,Howard,Orlando Magic,NBA Player of the Week,,2009-10,,2010-04-12T00:00:00,East,Award,Kia Motors,KIPWK,,2730,Dwight Howard
2730.0,Dwight,Howard,Orlando Magic,NBA Player of the Week,,2010-11,,2010-11-08T00:00:00,East,Award,Kia Motors,KIPWK,,2730,Dwight Howard
2730.0,Dwight,Howard,Orlando Magic,NBA Player of the Week,,2010-11,,2010-11-29T00:00:00,East,Award,Kia Motors,KIPWK,,2730,Dwight Howard
2730.0,Dwight,Howard,Orlando Magic,NBA Player of the Week,,2010-11,,2011-01-24T00:00:00,East,Award,Kia Motors,KIPWK,,2730,Dwight Howard
2730.0,Dwight,Howard,Orlando Magic,NBA Player of the Week,,2011-12,,2012-01-16T00:00:00,East,Award,Kia Motors,KIPWK,,2730,Dwight Howard
2730.0,Dwight,Howard,USA,Olympic Gold Medal,,2008,,,,Award,Olympic,Gold,,2730,Dwight Howard
2572.0,Josh,Howard,Dallas Mavericks,All-Rookie Team,2,2003-04,,,1610612742,Award,Kia Motors,KIART,,2572,Josh Howard
2572.0,Josh,Howard,Dallas Mavericks,NBA Player of the Week,,2006-07,,2006-12-24T00:00:00,West,Award,Kia Motors,KIPWK,,2572,Josh Howard
2572.0,Josh,Howard,Dallas Mavericks,NBA Player of the Week,,2006-07,,2006-12-31T00:00:00,West,Award,Kia Motors,KIPWK,,2572,Josh Howard
436.0,Juwan,Howard,Washington Bullets,All-NBA,3,1995-96,,,1610612764,Award,Kia Motors,KIANT,,436,Juwan Howard
436.0,Juwan,Howard,Washington Bullets,All-Rookie Team,2,1994-95,,,1610612764,Award,Kia Motors,KIART,,436,Juwan Howard
436.0,Juwan,Howard,,NBA All-Star,,1995-96,,,,Award,All-Star,,,436,Juwan Howard
436.0,Juwan,Howard,Miami Heat,NBA Champion,,2011-12,,,,Award,Champion,,,436,Juwan Howard
436.0,Juwan,Howard,Miami Heat,NBA Champion,,2012-13,,,,Award,Champion,,,436,Juwan Howard
436.0,Juwan,Howard,Washington Bullets,NBA Player of the Month,,1995-96,04/01/1996,,,Award,Kia Motors,KIPMO,,436,Juwan Howard
436.0,Juwan,Howard,Washington Bullets,NBA Player of the Week,,1995-96,,1996-04-14T00:00:00,,Award,Kia Motors,KIPWK,,436,Juwan Howard
436.0,Juwan,Howard,Washington Bullets,NBA Rookie of the Month,,1994-95,02/01/1995,,,Award,Kia Motors,KIRMO,,436,Juwan Howard
77070.0,Bailey,Howell,Detroit Pistons,All-NBA,2,1962-63,,,1610612765,Award,Kia Motors,KIANT,,77070,Bailey Howell
77070.0,Bailey,Howell,,Hall of Fame Inductee,,1997,,,,Award,Hall of Fame,,,77070,Bailey Howell
77070.0,Bailey,Howell,,NBA All-Star,,1960-61,,,,Award,All-Star,,,77070,Bailey Howell
77070.0,Bailey,Howell,,NBA All-Star,,1961-62,,,,Award,All-Star,,,77070,Bailey Howell
77070.0,Bailey,Howell,,NBA All-Star,,1962-63,,,,Award,All-Star,,,77070,Bailey Howell
77070.0,Bailey,Howell,,NBA All-Star,,1963-64,,,,Award,All-Star,,,77070,Bailey Howell
77070.0,Bailey,Howell,,NBA All-Star,,1965-66,,,,Award,All-Star,,,77070,Bailey Howell
77070.0,Bailey,Howell,,NBA All-Star,,1966-67,,,,Award,All-Star,,,77070,Bailey Howell
77070.0,Bailey,Howell,Boston Celtics,NBA Champion,,1967-68,,,,Award,Champion,,,77070,Bailey Howell
77070.0,Bailey,Howell,Boston Celtics,NBA Champion,,1968-69,,,,Award,Champion,,,77070,Bailey Howell
77071.0,Phil,Hubbard,USA,Olympic Gold Medal,,1976,,,,Award,Olympic,Gold,,77071,Phil Hubbard
77074.0,Lou,Hudson,Atlanta Hawks,All-NBA,2,1969-70,,,1610612737,Award,Kia Motors,KIANT,,77074,Lou Hudson
77074.0,Lou,Hudson,St. Louis Hawks,All-Rookie Team,1,1966-67,,,1610612737,Award,Kia Motors,KIART,,77074,Lou Hudson
77074.0,Lou,Hudson,,NBA All-Star,,1968-69,,,,Award,All-Star,,,77074,Lou Hudson
77074.0,Lou,Hudson,,NBA All-Star,,1969-70,,,,Award,All-Star,,,77074,Lou Hudson
77074.0,Lou,Hudson,,NBA All-Star,,1970-71,,,,Award,All-Star,,,77074,Lou Hudson
77074.0,Lou,Hudson,,NBA All-Star,,1971-72,,,,Award,All-Star,,,77074,Lou Hudson
77074.0,Lou,Hudson,,NBA All-Star,,1972-73,,,,Award,All-Star,,,77074,Lou Hudson
77074.0,Lou,Hudson,,NBA All-Star,,1973-74,,,,Award,All-Star,,,77074,Lou Hudson
1628989.0,Kevin,Huerter,Atlanta Hawks,All-Rookie Team,2,2018-19,,,East,Award,Kia Motors,KIART,,1628989,Kevin Huerter
1716.0,Larry,Hughes,Washington Wizards,All-Defensive Team,1,2004-05,,,1610612764,Award,Kia Motors,KIADT,,1716,Larry Hughes
1716.0,Larry,Hughes,Washington Wizards,NBA Player of the Week,,2004-05,,2005-01-16T00:00:00,East,Award,Kia Motors,KIPWK,,1716,Larry Hughes
77082.0,Rod,Hundley,,NBA All-Star,,1959-60,,,,Award,All-Star,,,77082,Rod Hundley
77082.0,Rod,Hundley,,NBA All-Star,,1960-61,,,,Award,All-Star,,,77082,Rod Hundley
283.0,Lindsey,Hunter,Detroit Pistons,All-Rookie Team,2,1993-94,,,1610612765,Award,Kia Motors,KIART,,283,Lindsey Hunter
283.0,Lindsey,Hunter,Los Angeles Lakers,NBA Champion,,2001-02,,,,Award,Champion,,,283,Lindsey Hunter
283.0,Lindsey,Hunter,Detroit Pistons,NBA Champion,,2003-04,,,,Award,Champion,,,283,Lindsey Hunter
77089.0,Mel,Hutchins,,NBA All-Star,,1952-53,,,,Award,All-Star,,,77089,Mel Hutchins
77089.0,Mel,Hutchins,,NBA All-Star,,1953-54,,,,Award,All-Star,,,77089,Mel Hutchins
77089.0,Mel,Hutchins,,NBA All-Star,,1955-56,,,,Award,All-Star,,,77089,Mel Hutchins
77089.0,Mel,Hutchins,,NBA All-Star,,1956-57,,,,Award,All-Star,,,77089,Mel Hutchins
77090.0,Joe,Hutton,Minneapolis Lakers,NBA Champion,,1951-52,,,,Award,Champion,,,77090,Joe Hutton
1630538.0,Bones,Hyland,Denver Nuggets,All-Rookie Team,2,2021-22,,,West,Award,Kia Motors,KIART,,1630538,Bones Hyland
77092.0,Marc,Iavaroni,Philadelphia 76ers,NBA Champion,,1982-83,,,,Award,Champion,,,77092,Marc Iavaroni
201586.0,Serge,Ibaka,Oklahoma City Thunder,All-Defensive Team,1,2011-12,,,1610612760,Award,Kia Motors,KIADT,,201586,Serge Ibaka
201586.0,Serge,Ibaka,Oklahoma City Thunder,All-Defensive Team,1,2012-13,,,1610612760,Award,Kia Motors,KIADT,,201586,Serge Ibaka
201586.0,Serge,Ibaka,Oklahoma City Thunder,All-Defensive Team,1,2013-14,,,1610612760,Award,Kia Motors,KIADT,,201586,Serge Ibaka
201586.0,Serge,Ibaka,Toronto Raptors,NBA Champion,,2018-19,,,,Award,Champion,,,201586,Serge Ibaka
201586.0,Serge,Ibaka,Spain,Olympic Silver Medal,,2012,,,,Award,Olympic,Silver,,201586,Serge Ibaka
2738.0,Andre,Iguodala,Philadelphia 76ers,All-Defensive Team,2,2010-11,,,1610612755,Award,Kia Motors,KIADT,,2738,Andre Iguodala
2738.0,Andre,Iguodala,Golden State Warriors,All-Defensive Team,1,2013-14,,,1610612744,Award,Kia Motors,KIADT,,2738,Andre Iguodala
2738.0,Andre,Iguodala,Philadelphia 76ers,All-Rookie Team,1,2004-05,,,1610612755,Award,Kia Motors,KIART,,2738,Andre Iguodala
2738.0,Andre,Iguodala,,NBA All-Star,,2011-12,,,,Award,All-Star,,,2738,Andre Iguodala
2738.0,Andre,Iguodala,Golden State Warriors,NBA Champion,,2014-15,,,,Award,Champion,,,2738,Andre Iguodala
2738.0,Andre,Iguodala,Golden State Warriors,NBA Champion,,2016-17,,,,Award,Champion,,,2738,Andre Iguodala
2738.0,Andre,Iguodala,Golden State Warriors,NBA Champion,,2017-18,,,,Award,Champion,,,2738,Andre Iguodala
2738.0,Andre,Iguodala,Golden State Warriors,NBA Champion,,2021-22,,,,Award,Champion,,,2738,Andre Iguodala
2738.0,Andre,Iguodala,Golden State Warriors,NBA Finals Most Valuable Player,,2014-15,,,,Award,Kia Motors,KFMVP,,2738,Andre Iguodala
2738.0,Andre,Iguodala,USA,Olympic Gold Medal,,2012,,,,Award,Olympic,Gold,,2738,Andre Iguodala
980.0,Zydrunas,Ilgauskas,Cleveland Cavaliers,All-Rookie Team,1,1997-98,,,1610612739,Award,Kia Motors,KIART,,980,Zydrunas Ilgauskas
980.0,Zydrunas,Ilgauskas,,NBA All-Star,,2002-03,,,,Award,All-Star,,,980,Zydrunas Ilgauskas
980.0,Zydrunas,Ilgauskas,,NBA All-Star,,2004-05,,,,Award,All-Star,,,980,Zydrunas Ilgauskas
980.0,Zydrunas,Ilgauskas,Cleveland Cavaliers,NBA Player of the Week,,2003-04,,2004-03-14T00:00:00,East,Award,Kia Motors,KIPWK,,980,Zydrunas Ilgauskas
101141.0,Ersan,Ilyasova,Milwaukee Bucks,NBA Player of the Week,,2011-12,,2012-03-05T00:00:00,East,Award,Kia Motors,KIPWK,,101141,Ersan Ilyasova
77093.0,Darrall,Imhoff,,NBA All-Star,,1966-67,,,,Award,All-Star,,,77093,Darrall Imhoff
1627742.0,Brandon,Ingram,Los Angeles Lakers,All-Rookie Team,2,2016-17,,,West,Award,Kia Motors,KIART,,1627742,Brandon Ingram
1627742.0,Brandon,Ingram,,NBA All-Star,,2019-20,,,,Award,All-Star,,,1627742,Brandon Ingram
1627742.0,Brandon,Ingram,,NBA All-Star,,2025-26,,,,Award,All-Star,,,1627742,Brandon Ingram
1627742.0,Brandon,Ingram,New Orleans Pelicans,NBA Most Improved Player,,2019-20,,,West,Award,Kia Motors,KIMIP,,1627742,Brandon Ingram
1627742.0,Brandon,Ingram,New Orleans Pelicans,NBA Player of the Week,,2019-20,,2019-12-23T00:00:00,West,Award,Kia Motors,KIPWK,,1627742,Brandon Ingram
1627742.0,Brandon,Ingram,New Orleans Pelicans,NBA Player of the Week, ,2020-21,,2020-12-22T00:00:00,West,Award,Kia Motors,KIPWK,,1627742,Brandon Ingram
1627742.0,Brandon,Ingram,New Orleans Pelicans,NBA Player of the Week,,2021-22,,2022-01-31T00:00:00,West,Award,Kia Motors,KIPWK,,1627742,Brandon Ingram
1627742.0,Brandon,Ingram,New Orleans Pelicans,NBA Player of the Week,,2022-23,,2023-03-20T00:00:00,West,Award,Kia Motors,KIPWK,,1627742,Brandon Ingram
202681.0,Kyrie,Irving,Cleveland Cavaliers,All-NBA,3,2014-15,,,1610612739,Award,Kia Motors,KIANT,,202681,Kyrie Irving
202681.0,Kyrie,Irving,Boston Celtics,All-NBA,2,2018-19,,,East,Award,Kia Motors,KIANT,,202681,Kyrie Irving
202681.0,Kyrie,Irving,Brooklyn Nets,All-NBA,3,2020-21,,,East,Award,Kia Motors,KIANT,,202681,Kyrie Irving
202681.0,Kyrie,Irving,Cleveland Cavaliers,All-Rookie Team,1,2011-12,,,1610612739,Award,Kia Motors,KIART,,202681,Kyrie Irving
202681.0,Kyrie,Irving,,NBA All-Star,,2012-13,,,,Award,All-Star,,,202681,Kyrie Irving
202681.0,Kyrie,Irving,,NBA All-Star,,2013-14,,,,Award,All-Star,,,202681,Kyrie Irving
202681.0,Kyrie,Irving,,NBA All-Star,,2014-15,,,,Award,All-Star,,,202681,Kyrie Irving
202681.0,Kyrie,Irving,,NBA All-Star,,2016-17,,,,Award,All-Star,,,202681,Kyrie Irving
202681.0,Kyrie,Irving,,NBA All-Star,,2017-18,,,,Award,All-Star,,,202681,Kyrie Irving
202681.0,Kyrie,Irving,,NBA All-Star,,2018-19,,,,Award,All-Star,,,202681,Kyrie Irving
202681.0,Kyrie,Irving,,NBA All-Star,,2020-21,,,,Award,All-Star,,,202681,Kyrie Irving
202681.0,Kyrie,Irving,,NBA All-Star,,2022-23,,,,Award,All-Star,,,202681,Kyrie Irving
202681.0,Kyrie,Irving,,NBA All-Star,,2024-25,,,,Award,All-Star,,,202681,Kyrie Irving
202681.0,Kyrie,Irving,Cleveland Cavaliers,NBA All-Star Most Valuable Player,,2013-14,,,,Award,Kia Motors,KAMVP,,202681,Kyrie Irving
202681.0,Kyrie,Irving,Cleveland Cavaliers,NBA Champion,,2015-16,,,,Award,Champion,,,202681,Kyrie Irving
202681.0,Kyrie,Irving,Cleveland Cavaliers,NBA Player of the Week,,2012-13,,2013-01-21T00:00:00,East,Award,Kia Motors,KIPWK,,202681,Kyrie Irving
202681.0,Kyrie,Irving,Cleveland Cavaliers,NBA Player of the Week,,2013-14,,2013-12-16T00:00:00,East,Award,Kia Motors,KIPWK,,202681,Kyrie Irving
202681.0,Kyrie,Irving,Cleveland Cavaliers,NBA Player of the Week,,2014-15,,2015-01-26T00:00:00,East,Award,Kia Motors,KIPWK,,202681,Kyrie Irving
202681.0,Kyrie,Irving,Cleveland Cavaliers,NBA Player of the Week,,2014-15,,2015-03-09T00:00:00,East,Award,Kia Motors,KIPWK,,202681,Kyrie Irving
202681.0,Kyrie,Irving,Dallas Mavericks,NBA Player of the Week,,2023-24,,2024-04-01T00:00:00,West,Award,Kia Motors,KIPWK,,202681,Kyrie Irving
202681.0,Kyrie,Irving,Cleveland Cavaliers,NBA Rookie of the Month,,2011-12,01/01/2012,,East,Award,Kia Motors,KIRMO,,202681,Kyrie Irving
202681.0,Kyrie,Irving,Cleveland Cavaliers,NBA Rookie of the Month,,2011-12,02/01/2012,,East,Award,Kia Motors,KIRMO,,202681,Kyrie Irving
202681.0,Kyrie,Irving,Cleveland Cavaliers,NBA Rookie of the Month,,2011-12,03/01/2012,,East,Award,Kia Motors,KIRMO,,202681,Kyrie Irving
202681.0,Kyrie,Irving,Cleveland Cavaliers,NBA Rookie of the Year,,2011-12,,,,Award,Kia Motors,KIROY,,202681,Kyrie Irving
202681.0,Kyrie,Irving,USA,Olympic Gold Medal,,2016,,,,Award,Olympic,Gold,,202681,Kyrie Irving
77097.0,Dan,Issel,,Hall of Fame Inductee,,1993,,,,Award,Hall of Fame,,,77097,Dan Issel
77097.0,Dan,Issel,Denver Nuggets,J. Walter Kennedy Citizenship,,1984-85,,,,Award,Kia Motors,KIWKC,,77097,Dan Issel
77097.0,Dan,Issel,,NBA All-Star,,1976-77,,,,Award,All-Star,,,77097,Dan Issel
947.0,Allen,Iverson,Philadelphia 76ers,All-NBA,1,1998-99,,,1610612755,Award,Kia Motors,KIANT,,947,Allen Iverson
947.0,Allen,Iverson,Philadelphia 76ers,All-NBA,2,1999-00,,,1610612755,Award,Kia Motors,KIANT,,947,Allen Iverson
947.0,Allen,Iverson,Philadelphia 76ers,All-NBA,1,2000-01,,,1610612755,Award,Kia Motors,KIANT,,947,Allen Iverson
947.0,Allen,Iverson,Philadelphia 76ers,All-NBA,2,2001-02,,,1610612755,Award,Kia Motors,KIANT,,947,Allen Iverson
947.0,Allen,Iverson,Philadelphia 76ers,All-NBA,2,2002-03,,,1610612755,Award,Kia Motors,KIANT,,947,Allen Iverson
947.0,Allen,Iverson,Philadelphia 76ers,All-NBA,1,2004-05,,,1610612755,Award,Kia Motors,KIANT,,947,Allen Iverson
947.0,Allen,Iverson,Philadelphia 76ers,All-NBA,3,2005-06,,,1610612755,Award,Kia Motors,KIANT,,947,Allen Iverson
947.0,Allen,Iverson,Philadelphia 76ers,All-Rookie Team,1,1996-97,,,1610612755,Award,Kia Motors,KIART,,947,Allen Iverson
947.0,Allen,Iverson,,Hall of Fame Inductee,,2016,,,,Award,Hall of Fame,,,947,Allen Iverson
947.0,Allen,Iverson,,NBA All-Star,,1999-00,,,,Award,All-Star,,,947,Allen Iverson
947.0,Allen,Iverson,,NBA All-Star,,2000-01,,,,Award,All-Star,,,947,Allen Iverson
947.0,Allen,Iverson,,NBA All-Star,,2001-02,,,,Award,All-Star,,,947,Allen Iverson
947.0,Allen,Iverson,,NBA All-Star,,2002-03,,,,Award,All-Star,,,947,Allen Iverson
947.0,Allen,Iverson,,NBA All-Star,,2003-04,,,,Award,All-Star,,,947,Allen Iverson
947.0,Allen,Iverson,,NBA All-Star,,2004-05,,,,Award,All-Star,,,947,Allen Iverson
947.0,Allen,Iverson,,NBA All-Star,,2005-06,,,,Award,All-Star,,,947,Allen Iverson
947.0,Allen,Iverson,,NBA All-Star,,2006-07,,,,Award,All-Star,,,947,Allen Iverson
947.0,Allen,Iverson,,NBA All-Star,,2007-08,,,,Award,All-Star,,,947,Allen Iverson
947.0,Allen,Iverson,,NBA All-Star,,2008-09,,,,Award,All-Star,,,947,Allen Iverson
947.0,Allen,Iverson,,NBA All-Star,,2009-10,,,,Award,All-Star,,,947,Allen Iverson
947.0,Allen,Iverson,Philadelphia 76ers,NBA All-Star Most Valuable Player,,2000-01,,,,Award,Kia Motors,KAMVP,,947,Allen Iverson
947.0,Allen,Iverson,Philadelphia 76ers,NBA All-Star Most Valuable Player,,2004-05,,,,Award,Kia Motors,KAMVP,,947,Allen Iverson
947.0,Allen,Iverson,Philadelphia 76ers,NBA Most Valuable Player,,2000-01,,,,Award,Kia Motors,KIMVP,,947,Allen Iverson
947.0,Allen,Iverson,Philadelphia 76ers,NBA Player of the Month,,1998-99,02/01/1999,,,Award,Kia Motors,KIPMO,,947,Allen Iverson
947.0,Allen,Iverson,Philadelphia 76ers,NBA Player of the Month,,2000-01,01/01/2001,,,Award,Kia Motors,KIPMO,,947,Allen Iverson
947.0,Allen,Iverson,Philadelphia 76ers,NBA Player of the Month,,2001-02,01/01/2002,,East,Award,Kia Motors,KIPMO,,947,Allen Iverson
947.0,Allen,Iverson,Philadelphia 76ers,NBA Player of the Month,,2004-05,04/01/2005,,East,Award,Kia Motors,KIPMO,,947,Allen Iverson
947.0,Allen,Iverson,Philadelphia 76ers,NBA Player of the Week,,1996-97,,1997-04-13T00:00:00,,Award,Kia Motors,KIPWK,,947,Allen Iverson
947.0,Allen,Iverson,Philadelphia 76ers,NBA Player of the Week,,1997-98,,1998-01-18T00:00:00,,Award,Kia Motors,KIPWK,,947,Allen Iverson
947.0,Allen,Iverson,Philadelphia 76ers,NBA Player of the Week,,2000-01,,2001-01-07T00:00:00,,Award,Kia Motors,KIPWK,,947,Allen Iverson
947.0,Allen,Iverson,Philadelphia 76ers,NBA Player of the Week,,2000-01,,2001-02-18T00:00:00,,Award,Kia Motors,KIPWK,,947,Allen Iverson
947.0,Allen,Iverson,Philadelphia 76ers,NBA Player of the Week,,2001-02,,2001-11-18T00:00:00,East,Award,Kia Motors,KIPWK,,947,Allen Iverson
947.0,Allen,Iverson,Philadelphia 76ers,NBA Player of the Week,,2001-02,,2002-01-20T00:00:00,East,Award,Kia Motors,KIPWK,,947,Allen Iverson
947.0,Allen,Iverson,Philadelphia 76ers,NBA Player of the Week,,2001-02,,2002-01-27T00:00:00,East,Award,Kia Motors,KIPWK,,947,Allen Iverson
947.0,Allen,Iverson,Philadelphia 76ers,NBA Player of the Week,,2001-02,,2002-03-03T00:00:00,East,Award,Kia Motors,KIPWK,,947,Allen Iverson
947.0,Allen,Iverson,Philadelphia 76ers,NBA Player of the Week,,2002-03,,2002-11-24T00:00:00,East,Award,Kia Motors,KIPWK,,947,Allen Iverson
947.0,Allen,Iverson,Philadelphia 76ers,NBA Player of the Week,,2002-03,,2002-12-01T00:00:00,East,Award,Kia Motors,KIPWK,,947,Allen Iverson
947.0,Allen,Iverson,Philadelphia 76ers,NBA Player of the Week,,2002-03,,2003-03-16T00:00:00,East,Award,Kia Motors,KIPWK,,947,Allen Iverson
947.0,Allen,Iverson,Philadelphia 76ers,NBA Player of the Week,,2003-04,,2003-11-16T00:00:00,East,Award,Kia Motors,KIPWK,,947,Allen Iverson
947.0,Allen,Iverson,Philadelphia 76ers,NBA Player of the Week,,2004-05,,2004-12-26T00:00:00,East,Award,Kia Motors,KIPWK,,947,Allen Iverson
947.0,Allen,Iverson,Philadelphia 76ers,NBA Player of the Week,,2004-05,,2005-02-13T00:00:00,East,Award,Kia Motors,KIPWK,,947,Allen Iverson
947.0,Allen,Iverson,Philadelphia 76ers,NBA Player of the Week,,2004-05,,2005-03-06T00:00:00,East,Award,Kia Motors,KIPWK,,947,Allen Iverson
947.0,Allen,Iverson,Philadelphia 76ers,NBA Player of the Week,,2004-05,,2005-03-27T00:00:00,East,Award,Kia Motors,KIPWK,,947,Allen Iverson
947.0,Allen,Iverson,Philadelphia 76ers,NBA Player of the Week,,2005-06,,2005-12-12T00:00:00,East,Award,Kia Motors,KIPWK,,947,Allen Iverson
947.0,Allen,Iverson,Philadelphia 76ers,NBA Player of the Week,,2005-06,,2006-01-15T00:00:00,East,Award,Kia Motors,KIPWK,,947,Allen Iverson
947.0,Allen,Iverson,Philadelphia 76ers,NBA Player of the Week,,2005-06,,2006-03-05T00:00:00,East,Award,Kia Motors,KIPWK,,947,Allen Iverson
947.0,Allen,Iverson,Philadelphia 76ers,NBA Player of the Week,,2006-07,,2006-11-06T00:00:00,East,Award,Kia Motors,KIPWK,,947,Allen Iverson
947.0,Allen,Iverson,Denver Nuggets,NBA Player of the Week,,2007-08,,2007-11-18T00:00:00,West,Award,Kia Motors,KIPWK,,947,Allen Iverson
947.0,Allen,Iverson,Denver Nuggets,NBA Player of the Week,,2007-08,,2008-01-06T00:00:00,West,Award,Kia Motors,KIPWK,,947,Allen Iverson
947.0,Allen,Iverson,Denver Nuggets,NBA Player of the Week,,2007-08,,2008-04-13T00:00:00,West,Award,Kia Motors,KIPWK,,947,Allen Iverson
947.0,Allen,Iverson,Philadelphia 76ers,NBA Rookie of the Month,,1996-97,04/01/1997,,,Award,Kia Motors,KIRMO,,947,Allen Iverson
947.0,Allen,Iverson,Philadelphia 76ers,NBA Rookie of the Month,,1996-97,11/01/1996,,,Award,Kia Motors,KIRMO,,947,Allen Iverson
947.0,Allen,Iverson,Philadelphia 76ers,NBA Rookie of the Year,,1996-97,,,,Award,Kia Motors,KIROY,,947,Allen Iverson
947.0,Allen,Iverson,Philadelphia 76ers,NBA Sporting News Most Valuable Player of the Year,,2000-01,,,,Award,Sporting News,SNMVP,,947,Allen Iverson
947.0,Allen,Iverson,USA,Olympic Bronze Medal,,2004,,,,Award,Olympic,Bronze,,947,Allen Iverson
1631093.0,Jaden,Ivey,Detroit Pistons,All-Rookie Team,2,2022-23,,,East,Award,Kia Motors,KIART,,1631093,Jaden Ivey
1517.0,Bobby,Jackson,Denver Nuggets,All-Rookie Team,2,1997-98,,,1610612743,Award,Kia Motors,KIART,,1517,Bobby Jackson
1517.0,Bobby,Jackson,Sacramento Kings,NBA Sixth Man of the Year,,2002-03,,,,Award,Kia Motors,KISMY,,1517,Bobby Jackson
1641713.0,GG,Jackson,Memphis Grizzlies,All-Rookie Team,2,2023-24,,,West,Award,Kia Motors,KIART,,1641713,GG Jackson
1114.0,Jaren,Jackson,San Antonio Spurs,NBA Champion,,1998-99,,,,Award,Champion,,,1114,Jaren Jackson
1628367.0,Josh,Jackson,Phoenix Suns,All-Rookie Team,2,2017-18,,,West,Award,Kia Motors,KIART,,1628367,Josh Jackson
1628382.0,Justin,Jackson,Milwaukee Bucks,NBA Champion,,2020-21,,,,Award,Champion,,,1628382,Justin Jackson
77103.0,Lucious,Jackson,Philadelphia 76ers,All-Rookie Team,1,1964-65,,,1610612755,Award,Kia Motors,KIART,,77103,Lucious Jackson
77103.0,Lucious,Jackson,,NBA All-Star,,1964-65,,,,Award,All-Star,,,77103,Lucious Jackson
2739.0,Luke,Jackson,Philadelphia 76ers,NBA Champion,,1966-67,,,,Award,Champion,,,2739,Luke Jackson
2739.0,Luke,Jackson,Philadelphia 76ers,NBA Sporting News Rookie of the Year,,1964-65,,,,Award,Sporting News,SNROY,,2739,Luke Jackson
2739.0,Luke,Jackson,USA,Olympic Gold Medal,,1964,,,,Award,Olympic,Gold,,2739,Luke Jackson
1531.0,Marc,Jackson,Golden State Warriors,All-Rookie Team,1,2000-01,,,1610612744,Award,Kia Motors,KIART,,1531,Marc Jackson
1531.0,Marc,Jackson,Golden State Warriors,NBA Rookie of the Month,,2000-01,01/01/2001,,,Award,Kia Motors,KIRMO,,1531,Marc Jackson
1531.0,Marc,Jackson,Golden State Warriors,NBA Rookie of the Month,,2000-01,12/01/2000,,,Award,Kia Motors,KIRMO,,1531,Marc Jackson
349.0,Mark,Jackson,New York Knicks,All-Rookie Team,1,1987-88,,,1610612752,Award,Kia Motors,KIART,,349,Mark Jackson
349.0,Mark,Jackson,,NBA All-Star,,1988-89,,,,Award,All-Star,,,349,Mark Jackson
349.0,Mark,Jackson,New York Knicks,NBA Player of the Week,,1991-92,,1992-03-29T00:00:00,,Award,Kia Motors,KIPWK,,349,Mark Jackson
349.0,Mark,Jackson,New York Knicks,NBA Rookie of the Month,,1987-88,02/01/1988,,,Award,Kia Motors,KIRMO,,349,Mark Jackson
349.0,Mark,Jackson,New York Knicks,NBA Rookie of the Month,,1987-88,11/01/1987,,,Award,Kia Motors,KIRMO,,349,Mark Jackson
349.0,Mark,Jackson,New York Knicks,NBA Rookie of the Month,,1987-88,12/01/1987,,,Award,Kia Motors,KIRMO,,349,Mark Jackson
349.0,Mark,Jackson,New York Knicks,NBA Rookie of the Year,,1987-88,,,,Award,Kia Motors,KIROY,,349,Mark Jackson
349.0,Mark,Jackson,New York Knicks,NBA Sporting News Rookie of the Year,,1987-88,,,,Award,Sporting News,SNROY,,349,Mark Jackson
77106.0,Phil,Jackson,New York Knicks,All-Rookie Team,1,1967-68,,,1610612752,Award,Kia Motors,KIART,,77106,Phil Jackson
77106.0,Phil,Jackson,New York Knicks,NBA Champion,,1972-73,,,,Award,Champion,,,77106,Phil Jackson
202704.0,Reggie,Jackson,Denver Nuggets,NBA Champion,,2022-23,,,,Award,Champion,,,202704,Reggie Jackson
202704.0,Reggie,Jackson,Detroit Pistons,NBA Player of the Week,,2015-16,,2015-12-07T00:00:00,East,Award,Kia Motors,KIPWK,,202704,Reggie Jackson
202704.0,Reggie,Jackson,Detroit Pistons,NBA Player of the Week,,2015-16,,2015-12-21T00:00:00,East,Award,Kia Motors,KIPWK,,202704,Reggie Jackson
1536.0,Stephen,Jackson,San Antonio Spurs,NBA Champion,,2002-03,,,,Award,Champion,,,1536,Stephen Jackson
1536.0,Stephen,Jackson,Golden State Warriors,NBA Player of the Week,,2007-08,,2007-12-02T00:00:00,West,Award,Kia Motors,KIPWK,,1536,Stephen Jackson
1536.0,Stephen,Jackson,Charlotte Bobcats,NBA Player of the Week,,2009-10,,2010-01-19T00:00:00,East,Award,Kia Motors,KIPWK,,1536,Stephen Jackson
1628991.0,Jaren,Jackson Jr.,Memphis Grizzlies,All-Defensive Team,1,2021-22,,,West,Award,Kia Motors,KIADT,,1628991,Jaren Jackson Jr.
1628991.0,Jaren,Jackson Jr.,Memphis Grizzlies,All-Defensive Team,1,2022-23,,,West,Award,Kia Motors,KIADT,,1628991,Jaren Jackson Jr.
1628991.0,Jaren,Jackson Jr.,Memphis Grizzlies,All-Defensive Team,2,2024-25,,,West,Award,Kia Motors,KIADT,,1628991,Jaren Jackson Jr.
1628991.0,Jaren,Jackson Jr.,Memphis Grizzlies,All-Rookie Team,1,2018-19,,,West,Award,Kia Motors,KIART,,1628991,Jaren Jackson Jr.
1628991.0,Jaren,Jackson Jr.,,NBA All-Star,,2022-23,,,,Award,All-Star,,,1628991,Jaren Jackson Jr.
1628991.0,Jaren,Jackson Jr.,,NBA All-Star,,2024-25,,,,Award,All-Star,,,1628991,Jaren Jackson Jr.
1628991.0,Jaren,Jackson Jr.,Memphis Grizzlies,NBA Defensive Player of the Month,,2024-25,12/1/2024,,West,Award,Kia Motors,KIRMO,,1628991,Jaren Jackson Jr.
1628991.0,Jaren,Jackson Jr.,Memphis Grizzlies,NBA Defensive Player of the Year,,2022-23,,,West,Award,Kia Motors,KDPYR,,1628991,Jaren Jackson Jr.
1628991.0,Jaren,Jackson Jr.,Memphis Grizzlies,NBA Player of the Week,,2024-25,,2025-01-20T00:00:00,West,Award,Kia Motors,KIPWK,,1628991,Jaren Jackson Jr.
1628991.0,Jaren,Jackson Jr.,Memphis Grizzlies,NBA Player of the Week,,2025-26,,2025-12-15T00:00:00,West,Award,Kia Motors,KIPWK,,1628991,Jaren Jackson Jr.
2544.0,LeBron,James,Cleveland Cavaliers,All-Defensive Team,1,2008-09,,,1610612739,Award,Kia Motors,KIADT,,2544,LeBron James
2544.0,LeBron,James,Cleveland Cavaliers,All-Defensive Team,1,2009-10,,,1610612739,Award,Kia Motors,KIADT,,2544,LeBron James
2544.0,LeBron,James,Miami Heat,All-Defensive Team,1,2010-11,,,1610612748,Award,Kia Motors,KIADT,,2544,LeBron James
2544.0,LeBron,James,Miami Heat,All-Defensive Team,1,2011-12,,,1610612748,Award,Kia Motors,KIADT,,2544,LeBron James
2544.0,LeBron,James,Miami Heat,All-Defensive Team,1,2012-13,,,1610612748,Award,Kia Motors,KIADT,,2544,LeBron James
2544.0,LeBron,James,Miami Heat,All-Defensive Team,2,2013-14,,,1610612748,Award,Kia Motors,KIADT,,2544,LeBron James
2544.0,LeBron,James,Cleveland Cavaliers,All-NBA,2,2004-05,,,1610612739,Award,Kia Motors,KIANT,,2544,LeBron James
2544.0,LeBron,James,Cleveland Cavaliers,All-NBA,1,2005-06,,,1610612739,Award,Kia Motors,KIANT,,2544,LeBron James
2544.0,LeBron,James,Cleveland Cavaliers,All-NBA,2,2006-07,,,1610612739,Award,Kia Motors,KIANT,,2544,LeBron James
2544.0,LeBron,James,Cleveland Cavaliers,All-NBA,1,2007-08,,,1610612739,Award,Kia Motors,KIANT,,2544,LeBron James
2544.0,LeBron,James,Cleveland Cavaliers,All-NBA,1,2008-09,,,1610612739,Award,Kia Motors,KIANT,,2544,LeBron James
2544.0,LeBron,James,Cleveland Cavaliers,All-NBA,1,2009-10,,,1610612739,Award,Kia Motors,KIANT,,2544,LeBron James
2544.0,LeBron,James,Miami Heat,All-NBA,1,2010-11,,,1610612748,Award,Kia Motors,KIANT,,2544,LeBron James
2544.0,LeBron,James,Miami Heat,All-NBA,1,2011-12,,,1610612748,Award,Kia Motors,KIANT,,2544,LeBron James
2544.0,LeBron,James,Miami Heat,All-NBA,1,2012-13,,,1610612748,Award,Kia Motors,KIANT,,2544,LeBron James
2544.0,LeBron,James,Miami Heat,All-NBA,1,2013-14,,,1610612748,Award,Kia Motors,KIANT,,2544,LeBron James
2544.0,LeBron,James,Cleveland Cavaliers,All-NBA,1,2014-15,,,1610612739,Award,Kia Motors,KIANT,,2544,LeBron James
2544.0,LeBron,James,Cleveland Cavaliers,All-NBA,1,2015-16,,,East,Award,Kia Motors,KIANT,,2544,LeBron James
2544.0,LeBron,James,Cleveland Cavaliers,All-NBA,1,2016-17,,,East,Award,Kia Motors,KIANT,,2544,LeBron James
2544.0,LeBron,James,Cleveland Cavaliers,All-NBA,1,2017-18,,,East,Award,Kia Motors,KIANT,,2544,LeBron James
2544.0,LeBron,James,Los Angeles Lakers,All-NBA,3,2018-19,,,West,Award,Kia Motors,KIANT,,2544,LeBron James
2544.0,LeBron,James,Los Angeles Lakers,All-NBA,1,2019-20,,,West,Award,Kia Motors,KIANT,,2544,LeBron James
2544.0,LeBron,James,Los Angeles Lakers,All-NBA,2,2020-21,,,West,Award,Kia Motors,KIANT,,2544,LeBron James
2544.0,LeBron,James,Los Angeles Lakers,All-NBA,3,2021-22,,,West,Award,Kia Motors,KIANT,,2544,LeBron James
2544.0,LeBron,James,Los Angeles Lakers,All-NBA,3,2022-23,,,West,Award,Kia Motors,KIANT,,2544,LeBron James
2544.0,LeBron,James,Los Angeles Lakers,All-NBA,3,2023-24,,,West,Award,Kia Motors,KIANT,,2544,LeBron James
2544.0,LeBron,James,Los Angeles Lakers,All-NBA,2,2024-25,,,West,Award,Kia Motors,KIANT,,2544,LeBron James
2544.0,LeBron,James,Cleveland Cavaliers,All-Rookie Team,1,2003-04,,,1610612739,Award,Kia Motors,KIART,,2544,LeBron James
2544.0,LeBron,James,,NBA All-Star,,2004-05,,,,Award,All-Star,,,2544,LeBron James
2544.0,LeBron,James,,NBA All-Star,,2005-06,,,,Award,All-Star,,,2544,LeBron James
2544.0,LeBron,James,,NBA All-Star,,2006-07,,,,Award,All-Star,,,2544,LeBron James
2544.0,LeBron,James,,NBA All-Star,,2007-08,,,,Award,All-Star,,,2544,LeBron James
2544.0,LeBron,James,,NBA All-Star,,2008-09,,,,Award,All-Star,,,2544,LeBron James
2544.0,LeBron,James,,NBA All-Star,,2009-10,,,,Award,All-Star,,,2544,LeBron James
2544.0,LeBron,James,,NBA All-Star,,2010-11,,,,Award,All-Star,,,2544,LeBron James
2544.0,LeBron,James,,NBA All-Star,,2011-12,,,,Award,All-Star,,,2544,LeBron James
2544.0,LeBron,James,,NBA All-Star,,2012-13,,,,Award,All-Star,,,2544,LeBron James
2544.0,LeBron,James,,NBA All-Star,,2013-14,,,,Award,All-Star,,,2544,LeBron James
2544.0,LeBron,James,,NBA All-Star,,2014-15,,,,Award,All-Star,,,2544,LeBron James
2544.0,LeBron,James,,NBA All-Star,,2015-16,,,,Award,All-Star,,,2544,LeBron James
2544.0,LeBron,James,,NBA All-Star,,2016-17,,,,Award,All-Star,,,2544,LeBron James
2544.0,LeBron,James,,NBA All-Star,,2017-18,,,,Award,All-Star,,,2544,LeBron James
2544.0,LeBron,James,,NBA All-Star,,2018-19,,,,Award,All-Star,,,2544,LeBron James
2544.0,LeBron,James,,NBA All-Star,,2019-20,,,,Award,All-Star,,,2544,LeBron James
2544.0,LeBron,James,,NBA All-Star,,2020-21,,,,Award,All-Star,,,2544,LeBron James
2544.0,LeBron,James,,NBA All-Star,,2021-22,,,,Award,All-Star,,,2544,LeBron James
2544.0,LeBron,James,,NBA All-Star,,2022-23,,,,Award,All-Star,,,2544,LeBron James
2544.0,LeBron,James,,NBA All-Star,,2023-24,,,,Award,All-Star,,,2544,LeBron James
2544.0,LeBron,James,,NBA All-Star,,2024-25,,,,Award,All-Star,,,2544,LeBron James
2544.0,LeBron,James,,NBA All-Star,,2025-26,,,,Award,All-Star,,,2544,LeBron James
2544.0,LeBron,James,Cleveland Cavaliers,NBA All-Star Most Valuable Player,,2005-06,,,,Award,Kia Motors,KAMVP,,2544,LeBron James
2544.0,LeBron,James,Cleveland Cavaliers,NBA All-Star Most Valuable Player,,2007-08,,,,Award,Kia Motors,KAMVP,,2544,LeBron James
2544.0,LeBron,James,Cleveland Cavaliers,NBA All-Star Most Valuable Player, ,2017-18,,, ,Award,Kia Motors,KAMVP, ,2544,LeBron James
2544.0,LeBron,James,Miami Heat,NBA Champion,,2011-12,,,,Award,Champion,,,2544,LeBron James
2544.0,LeBron,James,Miami Heat,NBA Champion,,2012-13,,,,Award,Champion,,,2544,LeBron James
2544.0,LeBron,James,Cleveland Cavaliers,NBA Champion,,2015-16,,,,Award,Champion,,,2544,LeBron James
2544.0,LeBron,James,Los Angeles Lakers,NBA Champion,,2019-20,,,,Award,Champion,,,2544,LeBron James
2544.0,LeBron,James,Los Angeles Lakers,NBA Cup All-Tournament Team,1,2023-24,,,West,Award,Emirates,EMATT,,2544,LeBron James
2544.0,LeBron,James,Los Angeles Lakers,NBA Cup Most Valuable Player,,2023-24,,,West,Award,Emirates,EMMVP,,2544,LeBron James
2544.0,LeBron,James,Miami Heat,NBA Finals Most Valuable Player,,2011-12,,,,Award,Kia Motors,KFMVP,,2544,LeBron James
2544.0,LeBron,James,Miami Heat,NBA Finals Most Valuable Player,,2012-13,,,,Award,Kia Motors,KFMVP,,2544,LeBron James
2544.0,LeBron,James,Cleveland Cavaliers,NBA Finals Most Valuable Player,,2015-16,,,,Award,Kia Motors,KFMVP,,2544,LeBron James
2544.0,LeBron,James,Los Angeles Lakers,NBA Finals Most Valuable Player,,2019-20,,,,Award,Kia Motors,KFMVP,,2544,LeBron James
2544.0,LeBron,James,Cleveland Cavaliers,NBA Most Valuable Player,,2008-09,,,,Award,Kia Motors,KIMVP,,2544,LeBron James
2544.0,LeBron,James,Cleveland Cavaliers,NBA Most Valuable Player,,2009-10,,,,Award,Kia Motors,KIMVP,,2544,LeBron James
2544.0,LeBron,James,Miami Heat,NBA Most Valuable Player,,2011-12,,,,Award,Kia Motors,KIMVP,,2544,LeBron James
2544.0,LeBron,James,Miami Heat,NBA Most Valuable Player,,2012-13,,,,Award,Kia Motors,KIMVP,,2544,LeBron James
2544.0,LeBron,James,Cleveland Cavaliers,NBA Player of the Month,,2004-05,01/01/2005,,East,Award,Kia Motors,KIPMO,,2544,LeBron James
2544.0,LeBron,James,Cleveland Cavaliers,NBA Player of the Month,,2004-05,11/01/2004,,East,Award,Kia Motors,KIPMO,,2544,LeBron James
2544.0,LeBron,James,Cleveland Cavaliers,NBA Player of the Month,,2005-06,03/01/2006,,East,Award,Kia Motors,KIPMO,,2544,LeBron James
2544.0,LeBron,James,Cleveland Cavaliers,NBA Player of the Month,,2005-06,11/01/2005,,East,Award,Kia Motors,KIPMO,,2544,LeBron James
2544.0,LeBron,James,Cleveland Cavaliers,NBA Player of the Month,,2006-07,03/01/2007,,East,Award,Kia Motors,KIPMO,,2544,LeBron James
2544.0,LeBron,James,Cleveland Cavaliers,NBA Player of the Month,,2007-08,01/01/2008,,East,Award,Kia Motors,KIPMO,,2544,LeBron James
2544.0,LeBron,James,Cleveland Cavaliers,NBA Player of the Month,,2007-08,02/01/2008,,East,Award,Kia Motors,KIPMO,,2544,LeBron James
2544.0,LeBron,James,Cleveland Cavaliers,NBA Player of the Month,,2008-09,01/01/2009,,East,Award,Kia Motors,KIPMO,,2544,LeBron James
2544.0,LeBron,James,Cleveland Cavaliers,NBA Player of the Month,,2008-09,03/01/2009,,East,Award,Kia Motors,KIPMO,,2544,LeBron James
2544.0,LeBron,James,Cleveland Cavaliers,NBA Player of the Month,,2008-09,04/01/2009,,East,Award,Kia Motors,KIPMO,,2544,LeBron James
2544.0,LeBron,James,Cleveland Cavaliers,NBA Player of the Month,,2008-09,11/01/2008,,East,Award,Kia Motors,KIPMO,,2544,LeBron James
2544.0,LeBron,James,Cleveland Cavaliers,NBA Player of the Month,,2009-10,01/01/2010,,East,Award,Kia Motors,KIPMO,,2544,LeBron James
2544.0,LeBron,James,Cleveland Cavaliers,NBA Player of the Month,,2009-10,02/01/2010,,East,Award,Kia Motors,KIPMO,,2544,LeBron James
2544.0,LeBron,James,Cleveland Cavaliers,NBA Player of the Month,,2009-10,11/01/2009,,East,Award,Kia Motors,KIPMO,,2544,LeBron James
2544.0,LeBron,James,Cleveland Cavaliers,NBA Player of the Month,,2009-10,12/01/2009,,East,Award,Kia Motors,KIPMO,,2544,LeBron James
2544.0,LeBron,James,Miami Heat,NBA Player of the Month,,2010-11,01/01/2011,,East,Award,Kia Motors,KIPMO,,2544,LeBron James
2544.0,LeBron,James,Miami Heat,NBA Player of the Month,,2010-11,04/01/2011,,East,Award,Kia Motors,KIPMO,,2544,LeBron James
2544.0,LeBron,James,Miami Heat,NBA Player of the Month,,2010-11,12/01/2010,,East,Award,Kia Motors,KIPMO,,2544,LeBron James
2544.0,LeBron,James,Miami Heat,NBA Player of the Month,,2011-12,01/01/2012,,East,Award,Kia Motors,KIPMO,,2544,LeBron James
2544.0,LeBron,James,Miami Heat,NBA Player of the Month,,2011-12,02/01/2012,,East,Award,Kia Motors,KIPMO,,2544,LeBron James
2544.0,LeBron,James,Miami Heat,NBA Player of the Month,,2012-13,01/01/2013,,East,Award,Kia Motors,KIPMO,,2544,LeBron James
2544.0,LeBron,James,Miami Heat,NBA Player of the Month,,2012-13,02/01/2013,,East,Award,Kia Motors,KIPMO,,2544,LeBron James
2544.0,LeBron,James,Miami Heat,NBA Player of the Month,,2012-13,03/01/2013,,East,Award,Kia Motors,KIPMO,,2544,LeBron James
2544.0,LeBron,James,Miami Heat,NBA Player of the Month,,2012-13,12/01/2012,,East,Award,Kia Motors,KIPMO,,2544,LeBron James
2544.0,LeBron,James,Miami Heat,NBA Player of the Month,,2013-14,12/1/2013,,East,Award,Kia Motors,KIPMO,,2544,LeBron James
2544.0,LeBron,James,Miami Heat,NBA Player of the Month,,2013-14,2/1/2014,,East,Award,Kia Motors,KIPMO,,2544,LeBron James
2544.0,LeBron,James,Cleveland Cavaliers,NBA Player of the Month,,2014-15,2/1/2015,,East,Award,Kia Motors,KIPMO,,2544,LeBron James
2544.0,LeBron,James,Cleveland Cavaliers,NBA Player of the Month,,2014-15,3/1/2015,,East,Award,Kia Motors,KIPMO,,2544,LeBron James
2544.0,LeBron,James,Cleveland Cavaliers,NBA Player of the Month,,2015-16,2/1/2016,,East,Award,Kia Motors,KIPMO,,2544,LeBron James
2544.0,LeBron,James,Cleveland Cavaliers,NBA Player of the Month,,2015-16,3/1/2016,,East,Award,Kia Motors,KIPMO,,2544,LeBron James
2544.0,LeBron,James,Cleveland Cavaliers,NBA Player of the Month,,2015-16,4/1/2016,,East,Award,Kia Motors,KIPMO,,2544,LeBron James
2544.0,LeBron,James,Cleveland Cavaliers,NBA Player of the Month,,2016-17,11/1/2016,,East,Award,Kia Motors,KIPMO,,2544,LeBron James
2544.0,LeBron,James,Cleveland Cavaliers,NBA Player of the Month,,2016-17,2/1/2017,,East,Award,Kia Motors,KIPMO,,2544,LeBron James
2544.0,LeBron,James,Cleveland Cavaliers,NBA Player of the Month,,2017-18,11/1/2017,,East,Award,Kia Motors,KIPMO,,2544,LeBron James
2544.0,LeBron,James,Cleveland Cavaliers,NBA Player of the Month,,2017-18,12/1/2017,,East,Award,Kia Motors,KIPMO,,2544,LeBron James
2544.0,LeBron,James,Cleveland Cavaliers,NBA Player of the Month,,2017-18,2/1/2018,,East,Award,Kia Motors,KIPMO,,2544,LeBron James
2544.0,LeBron,James,Cleveland Cavaliers,NBA Player of the Month,,2017-18,3/1/2018,,East,Award,Kia Motors,KIPMO,,2544,LeBron James
2544.0,LeBron,James,Los Angeles Lakers,NBA Player of the Month,,2019-20,1/1/2020,,West,Award,Kia Motors,KIPMO,,2544,LeBron James
2544.0,LeBron,James,Los Angeles Lakers,NBA Player of the Month,,2019-20,2/1/2020,,West,Award,Kia Motors,KIPMO,,2544,LeBron James
2544.0,LeBron,James,Los Angeles Lakers,NBA Player of the Month,,2024-25,2/1/2025,,West,Award,Kia Motors,KIPMO,,2544,LeBron James
2544.0,LeBron,James,Cleveland Cavaliers,NBA Player of the Week,,2004-05,,2004-11-14T00:00:00,East,Award,Kia Motors,KIPWK,,2544,LeBron James
2544.0,LeBron,James,Cleveland Cavaliers,NBA Player of the Week,,2004-05,,2004-11-28T00:00:00,East,Award,Kia Motors,KIPWK,,2544,LeBron James
2544.0,LeBron,James,Cleveland Cavaliers,NBA Player of the Week,,2004-05,,2005-01-23T00:00:00,East,Award,Kia Motors,KIPWK,,2544,LeBron James
2544.0,LeBron,James,Cleveland Cavaliers,NBA Player of the Week,,2005-06,,2005-11-21T00:00:00,East,Award,Kia Motors,KIPWK,,2544,LeBron James
2544.0,LeBron,James,Cleveland Cavaliers,NBA Player of the Week,,2005-06,,2006-01-30T00:00:00,East,Award,Kia Motors,KIPWK,,2544,LeBron James
2544.0,LeBron,James,Cleveland Cavaliers,NBA Player of the Week,,2005-06,,2006-03-19T00:00:00,East,Award,Kia Motors,KIPWK,,2544,LeBron James
2544.0,LeBron,James,Cleveland Cavaliers,NBA Player of the Week,,2005-06,,2006-03-26T00:00:00,East,Award,Kia Motors,KIPWK,,2544,LeBron James
2544.0,LeBron,James,Cleveland Cavaliers,NBA Player of the Week,,2005-06,,2006-04-02T00:00:00,East,Award,Kia Motors,KIPWK,,2544,LeBron James
2544.0,LeBron,James,Cleveland Cavaliers,NBA Player of the Week,,2006-07,,2006-11-19T00:00:00,East,Award,Kia Motors,KIPWK,,2544,LeBron James
2544.0,LeBron,James,Cleveland Cavaliers,NBA Player of the Week,,2006-07,,2007-03-11T00:00:00,East,Award,Kia Motors,KIPWK,,2544,LeBron James
2544.0,LeBron,James,Cleveland Cavaliers,NBA Player of the Week,,2007-08,,2007-11-25T00:00:00,East,Award,Kia Motors,KIPWK,,2544,LeBron James
2544.0,LeBron,James,Cleveland Cavaliers,NBA Player of the Week,,2007-08,,2008-01-06T00:00:00,East,Award,Kia Motors,KIPWK,,2544,LeBron James
2544.0,LeBron,James,Cleveland Cavaliers,NBA Player of the Week,,2007-08,,2008-02-24T00:00:00,East,Award,Kia Motors,KIPWK,,2544,LeBron James
2544.0,LeBron,James,Cleveland Cavaliers,NBA Player of the Week,,2008-09,,2008-11-10T00:00:00,East,Award,Kia Motors,KIPWK,,2544,LeBron James
2544.0,LeBron,James,Cleveland Cavaliers,NBA Player of the Week,,2008-09,,2008-11-17T00:00:00,East,Award,Kia Motors,KIPWK,,2544,LeBron James
2544.0,LeBron,James,Cleveland Cavaliers,NBA Player of the Week,,2008-09,,2008-12-29T00:00:00,East,Award,Kia Motors,KIPWK,,2544,LeBron James
2544.0,LeBron,James,Cleveland Cavaliers,NBA Player of the Week,,2008-09,,2009-01-26T00:00:00,East,Award,Kia Motors,KIPWK,,2544,LeBron James
2544.0,LeBron,James,Cleveland Cavaliers,NBA Player of the Week,,2008-09,,2009-02-09T00:00:00,East,Award,Kia Motors,KIPWK,,2544,LeBron James
2544.0,LeBron,James,Cleveland Cavaliers,NBA Player of the Week,,2008-09,,2009-03-16T00:00:00,East,Award,Kia Motors,KIPWK,,2544,LeBron James
2544.0,LeBron,James,Cleveland Cavaliers,NBA Player of the Week,,2008-09,,2009-03-23T00:00:00,East,Award,Kia Motors,KIPWK,,2544,LeBron James
2544.0,LeBron,James,Cleveland Cavaliers,NBA Player of the Week,,2009-10,,2009-11-23T00:00:00,East,Award,Kia Motors,KIPWK,,2544,LeBron James
2544.0,LeBron,James,Cleveland Cavaliers,NBA Player of the Week,,2009-10,,2009-12-28T00:00:00,East,Award,Kia Motors,KIPWK,,2544,LeBron James
2544.0,LeBron,James,Cleveland Cavaliers,NBA Player of the Week,,2009-10,,2010-01-11T00:00:00,East,Award,Kia Motors,KIPWK,,2544,LeBron James
2544.0,LeBron,James,Cleveland Cavaliers,NBA Player of the Week,,2009-10,,2010-01-26T00:00:00,East,Award,Kia Motors,KIPWK,,2544,LeBron James
2544.0,LeBron,James,Cleveland Cavaliers,NBA Player of the Week,,2009-10,,2010-02-08T00:00:00,East,Award,Kia Motors,KIPWK,,2544,LeBron James
2544.0,LeBron,James,Cleveland Cavaliers,NBA Player of the Week,,2009-10,,2010-03-01T00:00:00,East,Award,Kia Motors,KIPWK,,2544,LeBron James
2544.0,LeBron,James,Miami Heat,NBA Player of the Week,,2010-11,,2010-12-27T00:00:00,East,Award,Kia Motors,KIPWK,,2544,LeBron James
2544.0,LeBron,James,Miami Heat,NBA Player of the Week,,2010-11,,2011-01-10T00:00:00,East,Award,Kia Motors,KIPWK,,2544,LeBron James
2544.0,LeBron,James,Miami Heat,NBA Player of the Week,,2010-11,,2011-01-31T00:00:00,East,Award,Kia Motors,KIPWK,,2544,LeBron James
2544.0,LeBron,James,Miami Heat,NBA Player of the Week,,2010-11,,2011-02-07T00:00:00,East,Award,Kia Motors,KIPWK,,2544,LeBron James
2544.0,LeBron,James,Miami Heat,NBA Player of the Week,,2011-12,,2011-12-25T00:00:00,East,Award,Kia Motors,KIPWK,,2544,LeBron James
2544.0,LeBron,James,Miami Heat,NBA Player of the Week,,2011-12,,2012-01-02T00:00:00,East,Award,Kia Motors,KIPWK,,2544,LeBron James
2544.0,LeBron,James,Miami Heat,NBA Player of the Week,,2011-12,,2012-01-23T00:00:00,East,Award,Kia Motors,KIPWK,,2544,LeBron James
2544.0,LeBron,James,Miami Heat,NBA Player of the Week,,2011-12,,2012-02-13T00:00:00,East,Award,Kia Motors,KIPWK,,2544,LeBron James
2544.0,LeBron,James,Miami Heat,NBA Player of the Week,,2011-12,,2012-04-02T00:00:00,East,Award,Kia Motors,KIPWK,,2544,LeBron James
2544.0,LeBron,James,Miami Heat,NBA Player of the Week,,2011-12,,2012-04-16T00:00:00,East,Award,Kia Motors,KIPWK,,2544,LeBron James
2544.0,LeBron,James,Miami Heat,NBA Player of the Week,,2012-13,,2012-11-05T00:00:00,East,Award,Kia Motors,KIPWK,,2544,LeBron James
2544.0,LeBron,James,Miami Heat,NBA Player of the Week,,2012-13,,2012-11-12T00:00:00,East,Award,Kia Motors,KIPWK,,2544,LeBron James
2544.0,LeBron,James,Miami Heat,NBA Player of the Week,,2012-13,,2012-12-17T00:00:00,East,Award,Kia Motors,KIPWK,,2544,LeBron James
2544.0,LeBron,James,Miami Heat,NBA Player of the Week,,2012-13,,2013-02-04T00:00:00,East,Award,Kia Motors,KIPWK,,2544,LeBron James
2544.0,LeBron,James,Miami Heat,NBA Player of the Week,,2012-13,,2013-02-19T00:00:00,East,Award,Kia Motors,KIPWK,,2544,LeBron James
2544.0,LeBron,James,Miami Heat,NBA Player of the Week,,2012-13,,2013-03-18T00:00:00,East,Award,Kia Motors,KIPWK,,2544,LeBron James
2544.0,LeBron,James,Miami Heat,NBA Player of the Week,,2013-14,,2013-11-18T00:00:00,East,Award,Kia Motors,KIPWK,,2544,LeBron James
2544.0,LeBron,James,Miami Heat,NBA Player of the Week,,2013-14,,2013-12-02T00:00:00,East,Award,Kia Motors,KIPWK,,2544,LeBron James
2544.0,LeBron,James,Cleveland Cavaliers,NBA Player of the Week,,2014-15,,2014-11-10T00:00:00,East,Award,Kia Motors,KIPWK,,2544,LeBron James
2544.0,LeBron,James,Cleveland Cavaliers,NBA Player of the Week,,2014-15,,2014-11-24T00:00:00,East,Award,Kia Motors,KIPWK,,2544,LeBron James
2544.0,LeBron,James,Cleveland Cavaliers,NBA Player of the Week,,2014-15,,2015-01-17T00:00:00,East,Award,Kia Motors,KIPWK,,2544,LeBron James
2544.0,LeBron,James,Cleveland Cavaliers,NBA Player of the Week,,2015-16,,2015-11-23T00:00:00,East,Award,Kia Motors,KIPWK,,2544,LeBron James
2544.0,LeBron,James,Cleveland Cavaliers,NBA Player of the Week,,2015-16,,2016-01-11T00:00:00,East,Award,Kia Motors,KIPWK,,2544,LeBron James
2544.0,LeBron,James,Cleveland Cavaliers,NBA Player of the Week,,2015-16,,2016-03-07T00:00:00,East,Award,Kia Motors,KIPWK,,2544,LeBron James
2544.0,LeBron,James,Cleveland Cavaliers,NBA Player of the Week,,2015-16,,2016-03-28T00:00:00,East,Award,Kia Motors,KIPWK,,2544,LeBron James
2544.0,LeBron,James,Cleveland Cavaliers,NBA Player of the Week,,2015-16,,2016-04-04T00:00:00,East,Award,Kia Motors,KIPWK,,2544,LeBron James
2544.0,LeBron,James,Cleveland Cavaliers,NBA Player of the Week,,2016-17,,2016-10-31T00:00:00,East,Award,Kia Motors,KIPWK,,2544,LeBron James
2544.0,LeBron,James,Cleveland Cavaliers,NBA Player of the Week,,2016-17,,2016-11-07T00:00:00,East,Award,Kia Motors,KIPWK,,2544,LeBron James
2544.0,LeBron,James,Cleveland Cavaliers,NBA Player of the Week,,2016-17,,2016-12-12T00:00:00,East,Award,Kia Motors,KIPWK,,2544,LeBron James
2544.0,LeBron,James,Cleveland Cavaliers,NBA Player of the Week,,2016-17,,2017-02-13T00:00:00,East,Award,Kia Motors,KIPWK,,2544,LeBron James
2544.0,LeBron,James,Cleveland Cavaliers,NBA Player of the Week,,2017-18,,2017-11-27T00:00:00,East,Award,Kia Motors,KIPWK,,2544,LeBron James
2544.0,LeBron,James,Cleveland Cavaliers,NBA Player of the Week,,2017-18,,2017-12-11T00:00:00,East,Award,Kia Motors,KIPWK,,2544,LeBron James
2544.0,LeBron,James,Cleveland Cavaliers,NBA Player of the Week,,2017-18,,2018-03-12T00:00:00,East,Award,Kia Motors,KIPWK,,2544,LeBron James
2544.0,LeBron,James,Cleveland Cavaliers,NBA Player of the Week,,2017-18,,2018-03-19T00:00:00,East,Award,Kia Motors,KIPWK,,2544,LeBron James
2544.0,LeBron,James,Los Angeles Lakers,NBA Player of the Week,,2019-20,,2019-12-09T00:00:00,West,Award,Kia Motors,KIPWK,,2544,LeBron James
2544.0,LeBron,James,Los Angeles Lakers,NBA Player of the Week,,2019-20,,2019-12-30T00:00:00,West,Award,Kia Motors,KIPWK,,2544,LeBron James
2544.0,LeBron,James,Los Angeles Lakers,NBA Player of the Week,,2019-20,,2020-03-02T00:00:00,West,Award,Kia Motors,KIPWK,,2544,LeBron James
2544.0,LeBron,James,Los Angeles Lakers,NBA Player of the Week,,2021-22,,2021-12-06T00:00:00,West,Award,Kia Motors,KIPWK,,2544,LeBron James
2544.0,LeBron,James,Los Angeles Lakers,NBA Player of the Week,,2022-23,,2023-01-02T00:00:00,West,Award,Kia Motors,KIPWK,,2544,LeBron James
2544.0,LeBron,James,Los Angeles Lakers,NBA Player of the Week,,2022-23,,2023-01-16T00:00:00,West,Award,Kia Motors,KIPWK,,2544,LeBron James
2544.0,LeBron,James,Los Angeles Lakers,NBA Player of the Week,,2023-24,,2024-02-26T00:00:00,West,Award,Kia Motors,KIPWK,,2544,LeBron James
2544.0,LeBron,James,Los Angeles Lakers,NBA Player of the Week,,2024-25,,2025-01-27T00:00:00,West,Award,Kia Motors,KIPWK,,2544,LeBron James
2544.0,LeBron,James,Cleveland Cavaliers,NBA Rookie of the Month,,2003-04,01/01/2004,,East,Award,Kia Motors,KIRMO,,2544,LeBron James
2544.0,LeBron,James,Cleveland Cavaliers,NBA Rookie of the Month,,2003-04,02/01/2004,,East,Award,Kia Motors,KIRMO,,2544,LeBron James
2544.0,LeBron,James,Cleveland Cavaliers,NBA Rookie of the Month,,2003-04,03/01/2004,,East,Award,Kia Motors,KIRMO,,2544,LeBron James
2544.0,LeBron,James,Cleveland Cavaliers,NBA Rookie of the Month,,2003-04,04/01/2004,,East,Award,Kia Motors,KIRMO,,2544,LeBron James
2544.0,LeBron,James,Cleveland Cavaliers,NBA Rookie of the Month,,2003-04,11/01/2003,,East,Award,Kia Motors,KIRMO,,2544,LeBron James
2544.0,LeBron,James,Cleveland Cavaliers,NBA Rookie of the Month,,2003-04,12/01/2003,,East,Award,Kia Motors,KIRMO,,2544,LeBron James
2544.0,LeBron,James,Cleveland Cavaliers,NBA Rookie of the Year,,2003-04,,,,Award,Kia Motors,KIROY,,2544,LeBron James
2544.0,LeBron,James,Cleveland Cavaliers,NBA Sporting News Most Valuable Player of the Year,,2005-06,,,,Award,Sporting News,SNMVP,,2544,LeBron James
2544.0,LeBron,James,Cleveland Cavaliers,NBA Sporting News Rookie of the Year,,2003-04,,,,Award,Sporting News,SNROY,,2544,LeBron James
2544.0,LeBron,James,USA,Olympic Bronze Medal,,2004,,,,Award,Olympic,Bronze,,2544,LeBron James
2544.0,LeBron,James,USA,Olympic Gold Medal,,2008,,,,Award,Olympic,Gold,,2544,LeBron James
2544.0,LeBron,James,USA,Olympic Gold Medal,,2012,,,,Award,Olympic,Gold,,2544,LeBron James
2544.0,LeBron,James,USA,Olympic Gold Medal,,2024,,,,Award,Olympic,Gold,,2544,LeBron James
2229.0,Mike,James,Detroit Pistons,NBA Champion,,2003-04,,,,Award,Champion,,,2229,Mike James
2229.0,Mike,James,Toronto Raptors,NBA Player of the Week,,2005-06,,2006-01-08T00:00:00,East,Award,Kia Motors,KIPWK,,2229,Mike James
1712.0,Antawn,Jamison,Golden State Warriors,All-Rookie Team,2,1998-99,,,1610612744,Award,Kia Motors,KIART,,1712,Antawn Jamison
1712.0,Antawn,Jamison,,NBA All-Star,,2004-05,,,,Award,All-Star,,,1712,Antawn Jamison
1712.0,Antawn,Jamison,,NBA All-Star,,2007-08,,,,Award,All-Star,,,1712,Antawn Jamison
1712.0,Antawn,Jamison,Washington Wizards,NBA Player of the Week,,2007-08,,2008-03-16T00:00:00,East,Award,Kia Motors,KIPWK,,1712,Antawn Jamison
1712.0,Antawn,Jamison,Dallas Mavericks,NBA Sixth Man of the Year,,2003-04,,,,Award,Kia Motors,KISMY,,1712,Antawn Jamison
1631170.0,Jaime,Jaquez Jr.,Miami Heat,All-Rookie Team,1,2023-24,,,East,Award,Kia Motors,KIART,,1631170,Jaime Jaquez Jr.
1631170.0,Jaime,Jaquez Jr.,Miami Heat,NBA Rookie of the Month,,2023-24,11/1/2023,,East,Award,Kia Motors,KIRMO,,1631170,Jaime Jaquez Jr.
1631170.0,Jaime,Jaquez Jr.,Miami Heat,NBA Rookie of the Month,,2023-24,12/1/2023,,East,Award,Kia Motors,KIRMO,,1631170,Jaime Jaquez Jr.
77123.0,Tony,Jaros,Minneapolis Lakers,NBA Champion,,1948-49,,,,Award,Champion,,,77123,Tony Jaros
77123.0,Tony,Jaros,Minneapolis Lakers,NBA Champion,,1949-50,,,,Award,Champion,,,77123,Tony Jaros
101180.0,Sarunas,Jasikevicius,Lithuania,Olympic Appearance,,2004,,,,Award,Olympic,Appearance,,101180,Sarunas Jasikevicius
101180.0,Sarunas,Jasikevicius,Lithuania,Olympic Appearance,,2008,,,,Award,Olympic,Appearance,,101180,Sarunas Jasikevicius
101180.0,Sarunas,Jasikevicius,Lithuania,Olympic Bronze Medal,,2000,,,,Award,Olympic,Bronze,,101180,Sarunas Jasikevicius
77125.0,Buddy,Jeannette,Baltimore Bullets,All-NBA,2,1947-48,,,1610610024,Award,Kia Motors,KIANT,,77125,Buddy Jeannette
77125.0,Buddy,Jeannette,,Hall of Fame Inductee,,1994,,,,Award,Hall of Fame,,,77125,Buddy Jeannette
77125.0,Buddy,Jeannette,Baltimore Bullets,NBA Champion,,1947-48,,,,Award,Champion,,,77125,Buddy Jeannette
2744.0,Al,Jefferson,Charlotte Hornets,All-NBA,3,2013-14,,,1610612766,Award,Kia Motors,KIANT,,2744,Al Jefferson
2744.0,Al,Jefferson,Boston Celtics,All-Rookie Team,2,2004-05,,,1610612738,Award,Kia Motors,KIART,,2744,Al Jefferson
2744.0,Al,Jefferson,Charlotte Bobcats,NBA Player of the Month,,2013-14,3/1/2014,,East,Award,Kia Motors,KIPMO,,2744,Al Jefferson
2744.0,Al,Jefferson,Charlotte Bobcats,NBA Player of the Month,,2013-14,4/1/2014,,East,Award,Kia Motors,KIPMO,,2744,Al Jefferson
2744.0,Al,Jefferson,Boston Celtics,NBA Player of the Week,,2006-07,,2007-03-04T00:00:00,West,Award,Kia Motors,KIPWK,,2744,Al Jefferson
2744.0,Al,Jefferson,Minnesota Timberwolves,NBA Player of the Week,,2007-08,,2008-01-27T00:00:00,West,Award,Kia Motors,KIPWK,,2744,Al Jefferson
2744.0,Al,Jefferson,Minnesota Timberwolves,NBA Player of the Week,,2008-09,,2009-01-05T00:00:00,West,Award,Kia Motors,KIPWK,,2744,Al Jefferson
2744.0,Al,Jefferson,Utah Jazz,NBA Player of the Week,,2011-12,,2012-04-16T00:00:00,West,Award,Kia Motors,KIPWK,,2744,Al Jefferson
2744.0,Al,Jefferson,Charlotte Bobcats,NBA Player of the Week,,2013-14,,2014-03-17T00:00:00,East,Award,Kia Motors,KIPWK,,2744,Al Jefferson
2744.0,Al,Jefferson,Charlotte Bobcats,NBA Player of the Week,,2013-14,,2014-04-07T00:00:00,East,Award,Kia Motors,KIPWK,,2744,Al Jefferson
2210.0,Richard,Jefferson,New Jersey Nets,All-Rookie Team,2,2001-02,,,1610612751,Award,Kia Motors,KIART,,2210,Richard Jefferson
2210.0,Richard,Jefferson,Cleveland Cavaliers,NBA Champion,,2015-16,,,,Award,Champion,,,2210,Richard Jefferson
2210.0,Richard,Jefferson,New Jersey Nets,NBA Player of the Week,,2002-03,,2003-03-30T00:00:00,East,Award,Kia Motors,KIPWK,,2210,Richard Jefferson
2210.0,Richard,Jefferson,New Jersey Nets,NBA Player of the Week,,2003-04,,2004-04-05T00:00:00,East,Award,Kia Motors,KIPWK,,2210,Richard Jefferson
2210.0,Richard,Jefferson,New Jersey Nets,NBA Player of the Week,,2004-05,,2004-12-12T00:00:00,East,Award,Kia Motors,KIPWK,,2210,Richard Jefferson
2210.0,Richard,Jefferson,New Jersey Nets,NBA Rookie of the Month,,2001-02,01/01/2002,,East,Award,Kia Motors,KIRMO,,2210,Richard Jefferson
2210.0,Richard,Jefferson,USA,Olympic Bronze Medal,,2004,,,,Award,Olympic,Bronze,,2210,Richard Jefferson
201943.0,Brandon,Jennings,Milwaukee Bucks,All-Rookie Team,1,2009-10,,,1610612749,Award,Kia Motors,KIART,,201943,Brandon Jennings
201943.0,Brandon,Jennings,Milwaukee Bucks,NBA Player of the Week,,2009-10,,2009-11-16T00:00:00,East,Award,Kia Motors,KIPWK,,201943,Brandon Jennings
201943.0,Brandon,Jennings,Milwaukee Bucks,NBA Player of the Week,,2012-13,,2012-10-30T00:00:00,East,Award,Kia Motors,KIPWK,,201943,Brandon Jennings
201943.0,Brandon,Jennings,Milwaukee Bucks,NBA Rookie of the Month,,2009-10,01/01/2010,,East,Award,Kia Motors,KIRMO,,201943,Brandon Jennings
201943.0,Brandon,Jennings,Milwaukee Bucks,NBA Rookie of the Month,,2009-10,03/01/2010,,East,Award,Kia Motors,KIRMO,,201943,Brandon Jennings
201943.0,Brandon,Jennings,Milwaukee Bucks,NBA Rookie of the Month,,2009-10,11/01/2009,,East,Award,Kia Motors,KIRMO,,201943,Brandon Jennings
201943.0,Brandon,Jennings,Milwaukee Bucks,NBA Rookie of the Month,,2009-10,12/01/2009,,East,Award,Kia Motors,KIRMO,,201943,Brandon Jennings
1137.0,Chris,Jent,Houston Rockets,NBA Champion,,1993-94,,,,Award,Champion,,,1137,Chris Jent
201973.0,Jonas,Jerebko,Detroit Pistons,All-Rookie Team,2,2009-10,,,1610612765,Award,Kia Motors,KIART,,201973,Jonas Jerebko
201973.0,Jonas,Jerebko,Detroit Pistons,NBA Rookie of the Month,,2009-10,02/01/2010,,East,Award,Kia Motors,KIRMO,,201973,Jonas Jerebko
1630198.0,Isaiah,Joe,Oklahoma City Thunder,NBA Champion,,2024-25,,,,Award,Champion,,,1630198,Isaiah Joe
77132.0,Arnie,Johnson,Rochester Royals,NBA Champion,,1950-51,,,,Award,Champion,,,77132,Arnie Johnson
422.0,Avery,Johnson,San Antonio Spurs,NBA Champion,,1998-99,,,,Award,Champion,,,422,Avery Johnson
422.0,Avery,Johnson,San Antonio Spurs,NBA Sportsmanship,,1997-98,,,,Award,Kia Motors,KSPRT,,422,Avery Johnson
77133.0,Charlie,Johnson,Golden State Warriors,NBA Champion,,1974-75,,,,Award,Champion,,,77133,Charlie Johnson
77133.0,Charlie,Johnson,Washington Bullets,NBA Champion,,1977-78,,,,Award,Champion,,,77133,Charlie Johnson
77135.0,Clay,Johnson,Los Angeles Lakers,NBA Champion,,1981-82,,,,Award,Champion,,,77135,Clay Johnson
77136.0,Clemon,Johnson,Philadelphia 76ers,NBA Champion,,1982-83,,,,Award,Champion,,,77136,Clemon Johnson
77141.0,Dennis,Johnson,Seattle SuperSonics,All-Defensive Team,1,1978-79,,,1610612760,Award,Kia Motors,KIADT,,77141,Dennis Johnson
77141.0,Dennis,Johnson,Seattle SuperSonics,All-Defensive Team,1,1979-80,,,1610612760,Award,Kia Motors,KIADT,,77141,Dennis Johnson
77141.0,Dennis,Johnson,Phoenix Suns,All-Defensive Team,1,1980-81,,,1610612756,Award,Kia Motors,KIADT,,77141,Dennis Johnson
77141.0,Dennis,Johnson,Phoenix Suns,All-Defensive Team,1,1981-82,,,1610612756,Award,Kia Motors,KIADT,,77141,Dennis Johnson
77141.0,Dennis,Johnson,Phoenix Suns,All-Defensive Team,1,1982-83,,,1610612756,Award,Kia Motors,KIADT,,77141,Dennis Johnson
77141.0,Dennis,Johnson,Boston Celtics,All-Defensive Team,2,1983-84,,,1610612738,Award,Kia Motors,KIADT,,77141,Dennis Johnson
77141.0,Dennis,Johnson,Boston Celtics,All-Defensive Team,2,1984-85,,,1610612738,Award,Kia Motors,KIADT,,77141,Dennis Johnson
77141.0,Dennis,Johnson,Boston Celtics,All-Defensive Team,2,1985-86,,,1610612738,Award,Kia Motors,KIADT,,77141,Dennis Johnson
77141.0,Dennis,Johnson,Boston Celtics,All-Defensive Team,1,1986-87,,,1610612738,Award,Kia Motors,KIADT,,77141,Dennis Johnson
77141.0,Dennis,Johnson,Seattle SuperSonics,All-NBA,2,1979-80,,,1610612760,Award,Kia Motors,KIANT,,77141,Dennis Johnson
77141.0,Dennis,Johnson,Phoenix Suns,All-NBA,1,1980-81,,,1610612756,Award,Kia Motors,KIANT,,77141,Dennis Johnson
77141.0,Dennis,Johnson,,Hall of Fame Inductee,,2010,,,,Award,Hall of Fame,,,77141,Dennis Johnson
77141.0,Dennis,Johnson,,NBA All-Star,,1978-79,,,,Award,All-Star,,,77141,Dennis Johnson
77141.0,Dennis,Johnson,,NBA All-Star,,1979-80,,,,Award,All-Star,,,77141,Dennis Johnson
77141.0,Dennis,Johnson,,NBA All-Star,,1980-81,,,,Award,All-Star,,,77141,Dennis Johnson
77141.0,Dennis,Johnson,,NBA All-Star,,1981-82,,,,Award,All-Star,,,77141,Dennis Johnson
77141.0,Dennis,Johnson,,NBA All-Star,,1984-85,,,,Award,All-Star,,,77141,Dennis Johnson
77141.0,Dennis,Johnson,Seattle SuperSonics,NBA Champion,,1978-79,,,,Award,Champion,,,77141,Dennis Johnson
77141.0,Dennis,Johnson,Boston Celtics,NBA Champion,,1983-84,,,,Award,Champion,,,77141,Dennis Johnson
77141.0,Dennis,Johnson,Boston Celtics,NBA Champion,,1985-86,,,,Award,Champion,,,77141,Dennis Johnson
77141.0,Dennis,Johnson,Seattle SuperSonics,NBA Finals Most Valuable Player,,1978-79,,,,Award,Kia Motors,KFMVP,,77141,Dennis Johnson
77141.0,Dennis,Johnson,Seattle SuperSonics,NBA Player of the Week,,1979-80,,1980-01-20T00:00:00,,Award,Kia Motors,KIPWK,,77141,Dennis Johnson
77141.0,Dennis,Johnson,Phoenix Suns,NBA Player of the Week,,1980-81,,1980-12-28T00:00:00,,Award,Kia Motors,KIPWK,,77141,Dennis Johnson
77144.0,Eddie,Johnson,Atlanta Hawks,All-Defensive Team,2,1978-79,,,1610612737,Award,Kia Motors,KIADT,,77144,Eddie Johnson
77144.0,Eddie,Johnson,Atlanta Hawks,All-Defensive Team,2,1979-80,,,1610612737,Award,Kia Motors,KIADT,,77144,Eddie Johnson
77144.0,Eddie,Johnson,,NBA All-Star,,1979-80,,,,Award,All-Star,,,77144,Eddie Johnson
77144.0,Eddie,Johnson,,NBA All-Star,,1980-81,,,,Award,All-Star,,,77144,Eddie Johnson
77144.0,Eddie,Johnson,Atlanta Hawks,NBA Player of the Week,,1981-82,,1982-02-21T00:00:00,,Award,Kia Motors,KIPWK,,77144,Eddie Johnson
77144.0,Eddie,Johnson,Sacramento Kings,NBA Player of the Week,,1983-84,,1983-11-06T00:00:00,,Award,Kia Motors,KIPWK,,77144,Eddie Johnson
77144.0,Eddie,Johnson,Phoenix Suns,NBA Sixth Man of the Year,,1988-89,,,,Award,Kia Motors,KISMY,,77144,Eddie Johnson
77149.0,George,Johnson,San Antonio Spurs,All-Defensive Team,2,1980-81,,,1610612759,Award,Kia Motors,KIADT,,77149,George Johnson
77149.0,George,Johnson,Golden State Warriors,NBA Champion,,1974-75,,,,Award,Champion,,,77149,George Johnson
77150.0,Gus,Johnson,Baltimore Bullets,All-Defensive Team,1,1969-70,,,1610610024,Award,Kia Motors,KIADT,,77150,Gus Johnson
77150.0,Gus,Johnson,Baltimore Bullets,All-Defensive Team,1,1970-71,,,1610610024,Award,Kia Motors,KIADT,,77150,Gus Johnson
77150.0,Gus,Johnson,Baltimore Bullets,All-NBA,2,1964-65,,,1610610024,Award,Kia Motors,KIANT,,77150,Gus Johnson
77150.0,Gus,Johnson,Baltimore Bullets,All-NBA,2,1965-66,,,1610610024,Award,Kia Motors,KIANT,,77150,Gus Johnson
77150.0,Gus,Johnson,Baltimore Bullets,All-NBA,2,1969-70,,,1610610024,Award,Kia Motors,KIANT,,77150,Gus Johnson
77150.0,Gus,Johnson,Baltimore Bullets,All-NBA,2,1970-71,,,1610610024,Award,Kia Motors,KIANT,,77150,Gus Johnson
77150.0,Gus,Johnson,Baltimore Bullets,All-Rookie Team,1,1963-64,,,1610610024,Award,Kia Motors,KIART,,77150,Gus Johnson
77150.0,Gus,Johnson,,Hall of Fame Inductee,,2010,,,,Award,Hall of Fame,,,77150,Gus Johnson
77150.0,Gus,Johnson,,NBA All-Star,,1964-65,,,,Award,All-Star,,,77150,Gus Johnson
77150.0,Gus,Johnson,,NBA All-Star,,1967-68,,,,Award,All-Star,,,77150,Gus Johnson
77150.0,Gus,Johnson,,NBA All-Star,,1968-69,,,,Award,All-Star,,,77150,Gus Johnson
77150.0,Gus,Johnson,,NBA All-Star,,1969-70,,,,Award,All-Star,,,77150,Gus Johnson
77150.0,Gus,Johnson,,NBA All-Star,,1970-71,,,,Award,All-Star,,,77150,Gus Johnson
201274.0,Ivan,Johnson,Atlanta Hawks,NBA Rookie of the Month,,2011-12,04/01/2012,,East,Award,Kia Motors,KIRMO,,201274,Ivan Johnson
1630552.0,Jalen,Johnson,,NBA All-Star,,2025-26,,,,Award,All-Star,,,1630552,Jalen Johnson
1630552.0,Jalen,Johnson,Atlanta Hawks,NBA Player of the Week,,2025-26,,2025-11-10T00:00:00,East,Award,Kia Motors,KIPWK,,1630552,Jalen Johnson
2207.0,Joe,Johnson,Atlanta Hawks,All-NBA,3,2009-10,,,1610612737,Award,Kia Motors,KIANT,,2207,Joe Johnson
2207.0,Joe,Johnson,Boston Celtics-Phoenix Suns,All-Rookie Team,2,2001-02,,,1610612756,Award,Kia Motors,KIART,,2207,Joe Johnson
2207.0,Joe,Johnson,,NBA All-Star,,2006-07,,,,Award,All-Star,,,2207,Joe Johnson
2207.0,Joe,Johnson,,NBA All-Star,,2007-08,,,,Award,All-Star,,,2207,Joe Johnson
2207.0,Joe,Johnson,,NBA All-Star,,2008-09,,,,Award,All-Star,,,2207,Joe Johnson
2207.0,Joe,Johnson,,NBA All-Star,,2009-10,,,,Award,All-Star,,,2207,Joe Johnson
2207.0,Joe,Johnson,,NBA All-Star,,2010-11,,,,Award,All-Star,,,2207,Joe Johnson
2207.0,Joe,Johnson,,NBA All-Star,,2011-12,,,,Award,All-Star,,,2207,Joe Johnson
2207.0,Joe,Johnson,,NBA All-Star,,2013-14,,,,Award,All-Star,,,2207,Joe Johnson
2207.0,Joe,Johnson,Atlanta Hawks,NBA Player of the Month,,2007-08,03/01/2008,,East,Award,Kia Motors,KIPMO,,2207,Joe Johnson
2207.0,Joe,Johnson,Atlanta Hawks,NBA Player of the Week,,2005-06,,2005-12-19T00:00:00,East,Award,Kia Motors,KIPWK,,2207,Joe Johnson
2207.0,Joe,Johnson,Atlanta Hawks,NBA Player of the Week,,2006-07,,2006-11-12T00:00:00,East,Award,Kia Motors,KIPWK,,2207,Joe Johnson
2207.0,Joe,Johnson,Atlanta Hawks,NBA Player of the Week,,2007-08,,2007-12-23T00:00:00,East,Award,Kia Motors,KIPWK,,2207,Joe Johnson
2207.0,Joe,Johnson,Atlanta Hawks,NBA Player of the Week,,2007-08,,2008-04-06T00:00:00,East,Award,Kia Motors,KIPWK,,2207,Joe Johnson
2207.0,Joe,Johnson,Atlanta Hawks,NBA Player of the Week,,2009-10,,2009-11-09T00:00:00,East,Award,Kia Motors,KIPWK,,2207,Joe Johnson
2207.0,Joe,Johnson,Atlanta Hawks,NBA Player of the Week,,2011-12,,2012-03-19T00:00:00,East,Award,Kia Motors,KIPWK,,2207,Joe Johnson
2207.0,Joe,Johnson,Brooklyn Nets,NBA Player of the Week,,2013-14,,2014-03-24T00:00:00,East,Award,Kia Motors,KIPWK,,2207,Joe Johnson
77152.0,John,Johnson,,NBA All-Star,,1970-71,,,,Award,All-Star,,,77152,John Johnson
77152.0,John,Johnson,,NBA All-Star,,1971-72,,,,Award,All-Star,,,77152,John Johnson
77152.0,John,Johnson,Seattle SuperSonics,NBA Champion,,1978-79,,,,Award,Champion,,,77152,John Johnson
1629640.0,Keldon,Johnson,USA,Olympic Gold Medal,,2020,,,,Award,Olympic,Gold,,1629640,Keldon Johnson
134.0,Kevin,Johnson,Phoenix Suns,All-NBA,2,1988-89,,,1610612756,Award,Kia Motors,KIANT,,134,Kevin Johnson
134.0,Kevin,Johnson,Phoenix Suns,All-NBA,2,1989-90,,,1610612756,Award,Kia Motors,KIANT,,134,Kevin Johnson
134.0,Kevin,Johnson,Phoenix Suns,All-NBA,2,1990-91,,,1610612756,Award,Kia Motors,KIANT,,134,Kevin Johnson
134.0,Kevin,Johnson,Phoenix Suns,All-NBA,3,1991-92,,,1610612756,Award,Kia Motors,KIANT,,134,Kevin Johnson
134.0,Kevin,Johnson,Phoenix Suns,All-NBA,2,1993-94,,,1610612756,Award,Kia Motors,KIANT,,134,Kevin Johnson
134.0,Kevin,Johnson,Phoenix Suns,J. Walter Kennedy Citizenship,,1990-91,,,,Award,Kia Motors,KIWKC,,134,Kevin Johnson
134.0,Kevin,Johnson,,NBA All-Star,,1989-90,,,,Award,All-Star,,,134,Kevin Johnson
134.0,Kevin,Johnson,,NBA All-Star,,1990-91,,,,Award,All-Star,,,134,Kevin Johnson
134.0,Kevin,Johnson,,NBA All-Star,,1993-94,,,,Award,All-Star,,,134,Kevin Johnson
134.0,Kevin,Johnson,Phoenix Suns,NBA Most Improved Player,,1988-89,,,,Award,Kia Motors,KIMIP,,134,Kevin Johnson
134.0,Kevin,Johnson,Phoenix Suns,NBA Player of the Month,,1988-89,02/01/1989,,,Award,Kia Motors,KIPMO,,134,Kevin Johnson
134.0,Kevin,Johnson,Phoenix Suns,NBA Player of the Month,,1996-97,04/01/1997,,,Award,Kia Motors,KIPMO,,134,Kevin Johnson
134.0,Kevin,Johnson,Phoenix Suns,NBA Player of the Week,,1988-89,,1989-03-19T00:00:00,,Award,Kia Motors,KIPWK,,134,Kevin Johnson
134.0,Kevin,Johnson,Phoenix Suns,NBA Player of the Week,,1989-90,,1990-03-18T00:00:00,,Award,Kia Motors,KIPWK,,134,Kevin Johnson
134.0,Kevin,Johnson,Phoenix Suns,NBA Player of the Week,,1990-91,,1990-12-16T00:00:00,,Award,Kia Motors,KIPWK,,134,Kevin Johnson
134.0,Kevin,Johnson,Phoenix Suns,NBA Player of the Week,,1995-96,,1996-04-07T00:00:00,,Award,Kia Motors,KIPWK,,134,Kevin Johnson
134.0,Kevin,Johnson,Phoenix Suns,NBA Player of the Week,,1996-97,,1997-03-30T00:00:00,,Award,Kia Motors,KIPWK,,134,Kevin Johnson
134.0,Kevin,Johnson,Phoenix Suns,NBA Rookie of the Month,,1987-88,04/01/1988,,,Award,Kia Motors,KIRMO,,134,Kevin Johnson
913.0,Larry,Johnson,Charlotte Hornets,All-NBA,2,1992-93,,,1610612740,Award,Kia Motors,KIANT,,913,Larry Johnson
913.0,Larry,Johnson,Charlotte Hornets,All-Rookie Team,1,1991-92,,,1610612740,Award,Kia Motors,KIART,,913,Larry Johnson
913.0,Larry,Johnson,,NBA All-Star,,1992-93,,,,Award,All-Star,,,913,Larry Johnson
913.0,Larry,Johnson,,NBA All-Star,,1994-95,,,,Award,All-Star,,,913,Larry Johnson
913.0,Larry,Johnson,Charlotte Hornets,NBA Player of the Week,,1991-92,,1992-03-22T00:00:00,,Award,Kia Motors,KIPWK,,913,Larry Johnson
913.0,Larry,Johnson,New Orleans Hornets,NBA Player of the Week,,1992-93,,1993-02-14T00:00:00,,Award,Kia Motors,KIPWK,,913,Larry Johnson
913.0,Larry,Johnson,New Orleans Hornets,NBA Player of the Week,,1992-93,,1993-04-25T00:00:00,,Award,Kia Motors,KIPWK,,913,Larry Johnson
913.0,Larry,Johnson,New Orleans Hornets,NBA Player of the Week,,1994-95,,1995-01-15T00:00:00,,Award,Kia Motors,KIPWK,,913,Larry Johnson
913.0,Larry,Johnson,Charlotte Hornets,NBA Rookie of the Month,,1991-92,02/01/1992,,,Award,Kia Motors,KIRMO,,913,Larry Johnson
913.0,Larry,Johnson,Charlotte Hornets,NBA Rookie of the Month,,1991-92,03/01/1992,,,Award,Kia Motors,KIRMO,,913,Larry Johnson
913.0,Larry,Johnson,Charlotte Hornets,NBA Rookie of the Month,,1991-92,12/01/1991,,,Award,Kia Motors,KIRMO,,913,Larry Johnson
913.0,Larry,Johnson,Charlotte Hornets,NBA Rookie of the Year,,1991-92,,,,Award,Kia Motors,KIROY,,913,Larry Johnson
913.0,Larry,Johnson,Charlotte Hornets,NBA Sporting News Rookie of the Year,,1991-92,,,,Award,Sporting News,SNROY,,913,Larry Johnson
77142.0,Magic,Johnson,Los Angeles Lakers,All-NBA,2,1981-82,,,1610612747,Award,Kia Motors,KIANT,,77142,Magic Johnson
77142.0,Magic,Johnson,Los Angeles Lakers,All-NBA,1,1982-83,,,1610612747,Award,Kia Motors,KIANT,,77142,Magic Johnson
77142.0,Magic,Johnson,Los Angeles Lakers,All-NBA,1,1983-84,,,1610612747,Award,Kia Motors,KIANT,,77142,Magic Johnson
77142.0,Magic,Johnson,Los Angeles Lakers,All-NBA,1,1984-85,,,1610612747,Award,Kia Motors,KIANT,,77142,Magic Johnson
77142.0,Magic,Johnson,Los Angeles Lakers,All-NBA,1,1985-86,,,1610612747,Award,Kia Motors,KIANT,,77142,Magic Johnson
77142.0,Magic,Johnson,Los Angeles Lakers,All-NBA,1,1986-87,,,1610612747,Award,Kia Motors,KIANT,,77142,Magic Johnson
77142.0,Magic,Johnson,Los Angeles Lakers,All-NBA,1,1987-88,,,1610612747,Award,Kia Motors,KIANT,,77142,Magic Johnson
77142.0,Magic,Johnson,Los Angeles Lakers,All-NBA,1,1988-89,,,1610612747,Award,Kia Motors,KIANT,,77142,Magic Johnson
77142.0,Magic,Johnson,Los Angeles Lakers,All-NBA,1,1989-90,,,1610612747,Award,Kia Motors,KIANT,,77142,Magic Johnson
77142.0,Magic,Johnson,Los Angeles Lakers,All-NBA,1,1990-91,,,1610612747,Award,Kia Motors,KIANT,,77142,Magic Johnson
77142.0,Magic,Johnson,Los Angeles Lakers,All-Rookie Team,1,1979-80,,,1610612747,Award,Kia Motors,KIART,,77142,Magic Johnson
77142.0,Magic,Johnson,,Hall of Fame Inductee,,2002,,,,Award,Hall of Fame,,,77142,Magic Johnson
77142.0,Magic,Johnson,Los Angeles Lakers,IBM Award,,1983-84,,,,Award,IBM,IBMAW,,77142,Magic Johnson
77142.0,Magic,Johnson,Los Angeles Lakers,J. Walter Kennedy Citizenship,,1991-92,,,,Award,Kia Motors,KIWKC,,77142,Magic Johnson
77142.0,Magic,Johnson,,NBA All-Star,,1979-80,,,,Award,All-Star,,,77142,Magic Johnson
77142.0,Magic,Johnson,,NBA All-Star,,1981-82,,,,Award,All-Star,,,77142,Magic Johnson
77142.0,Magic,Johnson,,NBA All-Star,,1982-83,,,,Award,All-Star,,,77142,Magic Johnson
77142.0,Magic,Johnson,,NBA All-Star,,1983-84,,,,Award,All-Star,,,77142,Magic Johnson
77142.0,Magic,Johnson,,NBA All-Star,,1984-85,,,,Award,All-Star,,,77142,Magic Johnson
77142.0,Magic,Johnson,,NBA All-Star,,1985-86,,,,Award,All-Star,,,77142,Magic Johnson
77142.0,Magic,Johnson,,NBA All-Star,,1986-87,,,,Award,All-Star,,,77142,Magic Johnson
77142.0,Magic,Johnson,,NBA All-Star,,1987-88,,,,Award,All-Star,,,77142,Magic Johnson
77142.0,Magic,Johnson,,NBA All-Star,,1988-89,,,,Award,All-Star,,,77142,Magic Johnson
77142.0,Magic,Johnson,,NBA All-Star,,1989-90,,,,Award,All-Star,,,77142,Magic Johnson
77142.0,Magic,Johnson,,NBA All-Star,,1990-91,,,,Award,All-Star,,,77142,Magic Johnson
77142.0,Magic,Johnson,,NBA All-Star,,1991-92,,,,Award,All-Star,,,77142,Magic Johnson
77142.0,Magic,Johnson,Los Angeles Lakers,NBA All-Star Most Valuable Player,,1989-90,,,,Award,Kia Motors,KAMVP,,77142,Magic Johnson
77142.0,Magic,Johnson,Los Angeles Lakers,NBA All-Star Most Valuable Player,,1991-92,,,,Award,Kia Motors,KAMVP,,77142,Magic Johnson
77142.0,Magic,Johnson,Los Angeles Lakers,NBA Champion,,1979-80,,,,Award,Champion,,,77142,Magic Johnson
77142.0,Magic,Johnson,Los Angeles Lakers,NBA Champion,,1981-82,,,,Award,Champion,,,77142,Magic Johnson
77142.0,Magic,Johnson,Los Angeles Lakers,NBA Champion,,1984-85,,,,Award,Champion,,,77142,Magic Johnson
77142.0,Magic,Johnson,Los Angeles Lakers,NBA Champion,,1986-87,,,,Award,Champion,,,77142,Magic Johnson
77142.0,Magic,Johnson,Los Angeles Lakers,NBA Champion,,1987-88,,,,Award,Champion,,,77142,Magic Johnson
77142.0,Magic,Johnson,Los Angeles Lakers,NBA Finals Most Valuable Player,,1979-80,,,,Award,Kia Motors,KFMVP,,77142,Magic Johnson
77142.0,Magic,Johnson,Los Angeles Lakers,NBA Finals Most Valuable Player,,1981-82,,,,Award,Kia Motors,KFMVP,,77142,Magic Johnson
77142.0,Magic,Johnson,Los Angeles Lakers,NBA Finals Most Valuable Player,,1986-87,,,,Award,Kia Motors,KFMVP,,77142,Magic Johnson
77142.0,Magic,Johnson,Los Angeles Lakers,NBA Most Valuable Player,,1986-87,,,,Award,Kia Motors,KIMVP,,77142,Magic Johnson
77142.0,Magic,Johnson,Los Angeles Lakers,NBA Most Valuable Player,,1988-89,,,,Award,Kia Motors,KIMVP,,77142,Magic Johnson
77142.0,Magic,Johnson,Los Angeles Lakers,NBA Most Valuable Player,,1989-90,,,,Award,Kia Motors,KIMVP,,77142,Magic Johnson
77142.0,Magic,Johnson,Los Angeles Lakers,NBA Player of the Month,,1980-81,10/01/1980,,,Award,Kia Motors,KIPMO,,77142,Magic Johnson
77142.0,Magic,Johnson,Los Angeles Lakers,NBA Player of the Month,,1983-84,11/01/1983,,,Award,Kia Motors,KIPMO,,77142,Magic Johnson
77142.0,Magic,Johnson,Los Angeles Lakers,NBA Player of the Month,,1984-85,02/01/1985,,,Award,Kia Motors,KIPMO,,77142,Magic Johnson
77142.0,Magic,Johnson,Los Angeles Lakers,NBA Player of the Month,,1986-87,03/01/1987,,,Award,Kia Motors,KIPMO,,77142,Magic Johnson
77142.0,Magic,Johnson,Los Angeles Lakers,NBA Player of the Month,,1986-87,12/01/1986,,,Award,Kia Motors,KIPMO,,77142,Magic Johnson
77142.0,Magic,Johnson,Los Angeles Lakers,NBA Player of the Month,,1989-90,02/01/1990,,,Award,Kia Motors,KIPMO,,77142,Magic Johnson
77142.0,Magic,Johnson,Los Angeles Lakers,NBA Player of the Week,,1979-80,,1979-11-11T00:00:00,,Award,Kia Motors,KIPWK,,77142,Magic Johnson
77142.0,Magic,Johnson,Los Angeles Lakers,NBA Player of the Week,,1979-80,,1980-03-16T00:00:00,,Award,Kia Motors,KIPWK,,77142,Magic Johnson
77142.0,Magic,Johnson,Los Angeles Lakers,NBA Player of the Week,,1982-83,,1983-03-13T00:00:00,,Award,Kia Motors,KIPWK,,77142,Magic Johnson
77142.0,Magic,Johnson,Los Angeles Lakers,NBA Player of the Week,,1982-83,,1983-04-10T00:00:00,,Award,Kia Motors,KIPWK,,77142,Magic Johnson
77142.0,Magic,Johnson,Los Angeles Lakers,NBA Player of the Week,,1983-84,,1983-11-13T00:00:00,,Award,Kia Motors,KIPWK,,77142,Magic Johnson
77142.0,Magic,Johnson,Los Angeles Lakers,NBA Player of the Week,,1983-84,,1984-02-26T00:00:00,,Award,Kia Motors,KIPWK,,77142,Magic Johnson
77142.0,Magic,Johnson,Los Angeles Lakers,NBA Player of the Week,,1984-85,,1985-02-17T00:00:00,,Award,Kia Motors,KIPWK,,77142,Magic Johnson
77142.0,Magic,Johnson,Los Angeles Lakers,NBA Player of the Week,,1985-86,,1986-03-09T00:00:00,,Award,Kia Motors,KIPWK,,77142,Magic Johnson
77142.0,Magic,Johnson,Los Angeles Lakers,NBA Player of the Week,,1986-87,,1986-12-21T00:00:00,,Award,Kia Motors,KIPWK,,77142,Magic Johnson
77142.0,Magic,Johnson,Los Angeles Lakers,NBA Player of the Week,,1986-87,,1987-02-15T00:00:00,,Award,Kia Motors,KIPWK,,77142,Magic Johnson
77142.0,Magic,Johnson,Los Angeles Lakers,NBA Player of the Week,,1986-87,,1987-03-08T00:00:00,,Award,Kia Motors,KIPWK,,77142,Magic Johnson
77142.0,Magic,Johnson,Los Angeles Lakers,NBA Player of the Week,,1986-87,,1987-03-22T00:00:00,,Award,Kia Motors,KIPWK,,77142,Magic Johnson
77142.0,Magic,Johnson,Los Angeles Lakers,NBA Player of the Week,,1986-87,,1987-04-05T00:00:00,,Award,Kia Motors,KIPWK,,77142,Magic Johnson
77142.0,Magic,Johnson,Los Angeles Lakers,NBA Player of the Week,,1987-88,,1987-12-13T00:00:00,,Award,Kia Motors,KIPWK,,77142,Magic Johnson
77142.0,Magic,Johnson,Los Angeles Lakers,NBA Player of the Week,,1988-89,,1988-12-04T00:00:00,,Award,Kia Motors,KIPWK,,77142,Magic Johnson
77142.0,Magic,Johnson,Los Angeles Lakers,NBA Player of the Week,,1988-89,,1989-01-01T00:00:00,,Award,Kia Motors,KIPWK,,77142,Magic Johnson
77142.0,Magic,Johnson,Los Angeles Lakers,NBA Player of the Week,,1989-90,,1990-04-15T00:00:00,,Award,Kia Motors,KIPWK,,77142,Magic Johnson
77142.0,Magic,Johnson,Los Angeles Lakers,NBA Player of the Week,,1990-91,,1991-04-07T00:00:00,,Award,Kia Motors,KIPWK,,77142,Magic Johnson
77142.0,Magic,Johnson,Los Angeles Lakers,NBA Sporting News Most Valuable Player of the Year,,1986-87,,,,Award,Sporting News,SNMVP,,77142,Magic Johnson
77142.0,Magic,Johnson,USA,Olympic Gold Medal,,1992,,,,Award,Olympic,Gold,,77142,Magic Johnson
77160.0,Marques,Johnson,Milwaukee Bucks,All-NBA,1,1978-79,,,1610612749,Award,Kia Motors,KIANT,,77160,Marques Johnson
77160.0,Marques,Johnson,Milwaukee Bucks,All-NBA,2,1979-80,,,1610612749,Award,Kia Motors,KIANT,,77160,Marques Johnson
77160.0,Marques,Johnson,Milwaukee Bucks,All-NBA,2,1980-81,,,1610612749,Award,Kia Motors,KIANT,,77160,Marques Johnson
77160.0,Marques,Johnson,Milwaukee Bucks,All-Rookie Team,1,1977-78,,,1610612749,Award,Kia Motors,KIART,,77160,Marques Johnson
77160.0,Marques,Johnson,,NBA All-Star,,1978-79,,,,Award,All-Star,,,77160,Marques Johnson
77160.0,Marques,Johnson,,NBA All-Star,,1979-80,,,,Award,All-Star,,,77160,Marques Johnson
77160.0,Marques,Johnson,,NBA All-Star,,1980-81,,,,Award,All-Star,,,77160,Marques Johnson
77160.0,Marques,Johnson,,NBA All-Star,,1982-83,,,,Award,All-Star,,,77160,Marques Johnson
77160.0,Marques,Johnson,,NBA All-Star,,1985-86,,,,Award,All-Star,,,77160,Marques Johnson
77160.0,Marques,Johnson,Los Angeles Clippers,NBA Comeback Player of the Year,,1985-86,,,,Award,Kia Motors,KCPYR,,77160,Marques Johnson
77160.0,Marques,Johnson,Milwaukee Bucks,NBA Player of the Week,,1979-80,,1979-11-04T00:00:00,,Award,Kia Motors,KIPWK,,77160,Marques Johnson
77168.0,Mickey,Johnson,New Jersey Nets,NBA Player of the Week,,1982-83,,1983-01-09T00:00:00,,Award,Kia Motors,KIPWK,,77168,Mickey Johnson
77168.0,Mickey,Johnson,Golden State Warriors,NBA Player of the Week,,1983-84,,1984-03-04T00:00:00,,Award,Kia Motors,KIPWK,,77168,Mickey Johnson
77163.0,Reggie,Johnson,Philadelphia 76ers,NBA Champion,,1982-83,,,,Award,Champion,,,77163,Reggie Johnson
77164.0,Rich,Johnson,Boston Celtics,NBA Champion,,1968-69,,,,Award,Champion,,,77164,Rich Johnson
77167.0,Vinnie,Johnson,Detroit Pistons,NBA Champion,,1988-89,,,,Award,Champion,,,77167,Vinnie Johnson
77167.0,Vinnie,Johnson,Detroit Pistons,NBA Champion,,1989-90,,,,Award,Champion,,,77167,Vinnie Johnson
202325.0,Wesley,Johnson,Minnesota Timberwolves,All-Rookie Team,2,2010-11,,,1610612750,Award,Kia Motors,KIART,,202325,Wesley Johnson
77170.0,Neil,Johnston,,Hall of Fame Inductee,,1990,,,,Award,Hall of Fame,,,77170,Nate Johnston
77169.0,Neil,Johnston,Philadelphia Warriors,All-NBA,1,1952-53,,,1610612744,Award,Kia Motors,KIANT,,77169,Neil Johnston
77169.0,Neil,Johnston,Philadelphia Warriors,All-NBA,1,1953-54,,,1610612744,Award,Kia Motors,KIANT,,77169,Neil Johnston
77169.0,Neil,Johnston,Philadelphia Warriors,All-NBA,1,1954-55,,,1610612744,Award,Kia Motors,KIANT,,77169,Neil Johnston
77169.0,Neil,Johnston,Philadelphia Warriors,All-NBA,1,1955-56,,,1610612744,Award,Kia Motors,KIANT,,77169,Neil Johnston
77169.0,Neil,Johnston,Philadelphia Warriors,All-NBA,2,1956-57,,,1610612744,Award,Kia Motors,KIANT,,77169,Neil Johnston
77169.0,Neil,Johnston,,NBA All-Star,,1952-53,,,,Award,All-Star,,,77169,Neil Johnston
77169.0,Neil,Johnston,,NBA All-Star,,1953-54,,,,Award,All-Star,,,77169,Neil Johnston
77169.0,Neil,Johnston,,NBA All-Star,,1954-55,,,,Award,All-Star,,,77169,Neil Johnston
77169.0,Neil,Johnston,,NBA All-Star,,1955-56,,,,Award,All-Star,,,77169,Neil Johnston
77169.0,Neil,Johnston,,NBA All-Star,,1956-57,,,,Award,All-Star,,,77169,Neil Johnston
77169.0,Neil,Johnston,,NBA All-Star,,1957-58,,,,Award,All-Star,,,77169,Neil Johnston
77169.0,Neil,Johnston,Philadelphia Warriors,NBA Champion,,1955-56,,,,Award,Champion,,,77169,Neil Johnston
203999.0,Nikola,Jokic,Denver Nuggets,All-NBA,1,2018-19,,,West,Award,Kia Motors,KIANT,,203999,Nikola Jokić
203999.0,Nikola,Jokic,Denver Nuggets,All-NBA,2,2019-20,,,West,Award,Kia Motors,KIANT,,203999,Nikola Jokić
203999.0,Nikola,Jokic,Denver Nuggets,All-NBA,1,2020-21,,,West,Award,Kia Motors,KIANT,,203999,Nikola Jokić
203999.0,Nikola,Jokic,Denver Nuggets,All-NBA,1,2021-22,,,West,Award,Kia Motors,KIANT,,203999,Nikola Jokić
203999.0,Nikola,Jokic,Denver Nuggets,All-NBA,2,2022-23,,,West,Award,Kia Motors,KIANT,,203999,Nikola Jokić
203999.0,Nikola,Jokic,Denver Nuggets,All-NBA,1,2023-24,,,West,Award,Kia Motors,KIANT,,203999,Nikola Jokić
203999.0,Nikola,Jokic,Denver Nuggets,All-NBA,1,2024-25,,,West,Award,Kia Motors,KIANT,,203999,Nikola Jokić
203999.0,Nikola,Jokic,Denver Nuggets,All-Rookie Team,1,2015-16,,,West,Award,Kia Motors,KIART,,203999,Nikola Jokić
203999.0,Nikola,Jokic,,NBA All-Star,,2018-19,,,,Award,All-Star,,,203999,Nikola Jokić
203999.0,Nikola,Jokic,,NBA All-Star,,2019-20,,,,Award,All-Star,,,203999,Nikola Jokić
203999.0,Nikola,Jokic,,NBA All-Star,,2020-21,,,,Award,All-Star,,,203999,Nikola Jokić
203999.0,Nikola,Jokic,,NBA All-Star,,2021-22,,,,Award,All-Star,,,203999,Nikola Jokić
203999.0,Nikola,Jokic,,NBA All-Star,,2022-23,,,,Award,All-Star,,,203999,Nikola Jokić
203999.0,Nikola,Jokic,,NBA All-Star,,2023-24,,,,Award,All-Star,,,203999,Nikola Jokić
203999.0,Nikola,Jokic,,NBA All-Star,,2024-25,,,,Award,All-Star,,,203999,Nikola Jokić
203999.0,Nikola,Jokic,,NBA All-Star,,2025-26,,,,Award,All-Star,,,203999,Nikola Jokić
203999.0,Nikola,Jokic,Denver Nuggets,NBA Champion,,2022-23,,,,Award,Champion,,,203999,Nikola Jokić
203999.0,Nikola,Jokic,Denver Nuggets,NBA Finals Most Valuable Player,,2022-23,,,,Award,Kia Motors,KFMVP,,203999,Nikola Jokić
203999.0,Nikola,Jokic,Denver Nuggets,NBA Most Valuable Player,,2020-21,,,West,Award,Kia Motors,KIMVP,,203999,Nikola Jokić
203999.0,Nikola,Jokic,Denver Nuggets,NBA Most Valuable Player,,2021-22,,,West,Award,Kia Motors,KIMVP,,203999,Nikola Jokić
203999.0,Nikola,Jokic,Denver Nuggets,NBA Most Valuable Player,,2023-24,,,West,Award,Kia Motors,KIMVP,,203999,Nikola Jokić
203999.0,Nikola,Jokic,Denver Nuggets,NBA Player of the Month,,2020-21,1/1/2021,,West,Award,Kia Motors,KIPMO,,203999,Nikola Jokić
203999.0,Nikola,Jokic,Denver Nuggets,NBA Player of the Month,,2020-21,3/1/2021,,West,Award,Kia Motors,KIPMO,,203999,Nikola Jokić
203999.0,Nikola,Jokic,Denver Nuggets,NBA Player of the Month,,2021-22,1/1/2022,,West,Award,Kia Motors,KIPMO,,203999,Nikola Jokić
203999.0,Nikola,Jokic,Denver Nuggets,NBA Player of the Month,,2021-22,3/1/2022,,West,Award,Kia Motors,KIPMO,,203999,Nikola Jokić
203999.0,Nikola,Jokic,Denver Nuggets,NBA Player of the Month,,2022-23,1/1/2023,,West,Award,Kia Motors,KIPMO,,203999,Nikola Jokić
203999.0,Nikola,Jokic,Denver Nuggets,NBA Player of the Month,,2022-23,2/1/2023,,West,Award,Kia Motors,KIPMO,,203999,Nikola Jokić
203999.0,Nikola,Jokic,Denver Nuggets,NBA Player of the Month,,2023-24,11/1/2023,,West,Award,Kia Motors,KIPMO,,203999,Nikola Jokić
203999.0,Nikola,Jokic,Denver Nuggets,NBA Player of the Month,,2024-25,1/1/2025,,West,Award,Kia Motors,KIPMO,,203999,Nikola Jokić
203999.0,Nikola,Jokic,Denver Nuggets,NBA Player of the Month,,2025-26,11/1/2025,,West,Award,Kia Motors,KIPMO,,203999,Nikola Jokić
203999.0,Nikola,Jokic,Denver Nuggets,NBA Player of the Week,,2017-18,,2017-11-06T00:00:00,West,Award,Kia Motors,KIPWK,,203999,Nikola Jokić
203999.0,Nikola,Jokic,Denver Nuggets,NBA Player of the Week,,2017-18,,2018-04-02T00:00:00,West,Award,Kia Motors,KIPWK,,203999,Nikola Jokić
203999.0,Nikola,Jokic,Denver Nuggets,NBA Player of the Week,,2018-19,,2018-10-15T00:00:00,West,Award,Kia Motors,KIPWK,,203999,Nikola Jokić
203999.0,Nikola,Jokic,Denver Nuggets,NBA Player of the Week,,2018-19,,2019-01-28T00:00:00,West,Award,Kia Motors,KIPWK,,203999,Nikola Jokić
203999.0,Nikola,Jokic,Denver Nuggets,NBA Player of the Week,,2019-20,,2020-02-03T00:00:00,West,Award,Kia Motors,KIPWK,,203999,Nikola Jokić
203999.0,Nikola,Jokic,Denver Nuggets,NBA Player of the Week, ,2020-21,,2021-01-18T00:00:00,West,Award,Kia Motors,KIPWK,,203999,Nikola Jokić
203999.0,Nikola,Jokic,Denver Nuggets,NBA Player of the Week,,2020-21,,2021-01-25T00:00:00,West,Award,Kia Motors,KIPWK,,203999,Nikola Jokić
203999.0,Nikola,Jokic,Denver Nuggets,NBA Player of the Week,,2020-21,,2021-03-15T00:00:00,West,Award,Kia Motors,KIPWK,,203999,Nikola Jokić
203999.0,Nikola,Jokic,Denver Nuggets,NBA Player of the Week,,2021-22,,2022-01-17T00:00:00,West,Award,Kia Motors,KIPWK,,203999,Nikola Jokić
203999.0,Nikola,Jokic,Denver Nuggets,NBA Player of the Week,,2021-22,,2022-03-28T00:00:00,West,Award,Kia Motors,KIPWK,,203999,Nikola Jokić
203999.0,Nikola,Jokic,Denver Nuggets,NBA Player of the Week,,2022-23,,2022-12-12T00:00:00,West,Award,Kia Motors,KIPWK,,203999,Nikola Jokić
203999.0,Nikola,Jokic,Denver Nuggets,NBA Player of the Week,,2023-24,,2023-10-23T00:00:00,West,Award,Kia Motors,KIPWK,,203999,Nikola Jokić
203999.0,Nikola,Jokic,Denver Nuggets,NBA Player of the Week,,2023-24,,2024-04-08T00:00:00,West,Award,Kia Motors,KIPWK,,203999,Nikola Jokić
203999.0,Nikola,Jokic,Denver Nuggets,NBA Player of the Week,,2024-25,,2024-11-04T00:00:00,West,Award,Kia Motors,KIPWK,,203999,Nikola Jokić
203999.0,Nikola,Jokic,Denver Nuggets,NBA Player of the Week,,2024-25,,2024-12-30T00:00:00,West,Award,Kia Motors,KIPWK,,203999,Nikola Jokić
203999.0,Nikola,Jokic,Denver Nuggets,NBA Player of the Week,,2024-25,,2025-02-03T00:00:00,West,Award,Kia Motors,KIPWK,,203999,Nikola Jokić
203999.0,Nikola,Jokic,Denver Nuggets,NBA Player of the Week,,2025-26,,2025-11-03T00:00:00,West,Award,Kia Motors,KIPWK,,203999,Nikola Jokić
203999.0,Nikola,Jokic,Denver Nuggets,NBA Player of the Week,,2025-26,,2025-11-10T00:00:00,West,Award,Kia Motors,KIPWK,,203999,Nikola Jokić
203999.0,Nikola,Jokic,Serbia,Olympic Bronze Medal,,2024,,,,Award,Olympic,Silver,,203999,Nikola Jokić
203999.0,Nikola,Jokic,Serbia,Olympic Silver Medal,,2016,,,,Award,Olympic,Silver,,203999,Nikola Jokić
77193.0,Bobby,Jones,Denver Nuggets,All-Defensive Team,1,1976-77,,,1610612743,Award,Kia Motors,KIADT,,77193,Bobby Jones
77193.0,Bobby,Jones,Denver Nuggets,All-Defensive Team,1,1977-78,,,1610612743,Award,Kia Motors,KIADT,,77193,Bobby Jones
77193.0,Bobby,Jones,Philadelphia 76ers,All-Defensive Team,1,1978-79,,,1610612755,Award,Kia Motors,KIADT,,77193,Bobby Jones
77193.0,Bobby,Jones,Philadelphia 76ers,All-Defensive Team,1,1979-80,,,1610612755,Award,Kia Motors,KIADT,,77193,Bobby Jones
77193.0,Bobby,Jones,Philadelphia 76ers,All-Defensive Team,1,1980-81,,,1610612755,Award,Kia Motors,KIADT,,77193,Bobby Jones
77193.0,Bobby,Jones,Philadelphia 76ers,All-Defensive Team,1,1981-82,,,1610612755,Award,Kia Motors,KIADT,,77193,Bobby Jones
77193.0,Bobby,Jones,Philadelphia 76ers,All-Defensive Team,1,1982-83,,,1610612755,Award,Kia Motors,KIADT,,77193,Bobby Jones
77193.0,Bobby,Jones,Philadelphia 76ers,All-Defensive Team,1,1983-84,,,1610612755,Award,Kia Motors,KIADT,,77193,Bobby Jones
77193.0,Bobby,Jones,Philadelphia 76ers,All-Defensive Team,2,1984-85,,,1610612755,Award,Kia Motors,KIADT,,77193,Bobby Jones
77193.0,Bobby,Jones,,NBA All-Star,,1976-77,,,,Award,All-Star,,,77193,Bobby Jones
77193.0,Bobby,Jones,,NBA All-Star,,1977-78,,,,Award,All-Star,,,77193,Bobby Jones
77193.0,Bobby,Jones,,NBA All-Star,,1980-81,,,,Award,All-Star,,,77193,Bobby Jones
77193.0,Bobby,Jones,,NBA All-Star,,1981-82,,,,Award,All-Star,,,77193,Bobby Jones
77193.0,Bobby,Jones,Philadelphia 76ers,NBA Champion,,1982-83,,,,Award,Champion,,,77193,Bobby Jones
77193.0,Bobby,Jones,Philadelphia 76ers,NBA Sixth Man of the Year,,1982-83,,,,Award,Kia Motors,KISMY,,77193,Bobby Jones
200784.0,Bobby,Jones,USA,Olympic Silver Medal,,1972,,,,Award,Olympic,Silver,,200784,Bobby Jones
77175.0,Caldwell,Jones,Philadelphia 76ers,All-Defensive Team,1,1980-81,,,1610612755,Award,Kia Motors,KIADT,,77175,Caldwell Jones
77175.0,Caldwell,Jones,Philadelphia 76ers,All-Defensive Team,1,1981-82,,,1610612755,Award,Kia Motors,KIADT,,77175,Caldwell Jones
77175.0,Caldwell,Jones,Philadelphia 76ers,NBA Player of the Week,,1980-81,,1981-02-08T00:00:00,,Award,Kia Motors,KIPWK,,77175,Caldwell Jones
77178.0,Charles,Jones,Houston Rockets,NBA Champion,,1994-95,,,,Award,Champion,,,77178,Charles Jones
2563.0,Dahntay,Jones,Cleveland Cavaliers,NBA Champion,,2015-16,,,,Award,Champion,,,2563,Dahntay Jones
1627745.0,Damian,Jones,Golden State Warriors,NBA Champion,,2016-17,,,,Award,Champion,,,1627745,Damian Jones
1627745.0,Damian,Jones,Golden State Warriors,NBA Champion,,2017-18,,,,Award,Champion,,,1627745,Damian Jones
1641794.0,Dillon,Jones,Oklahoma City Thunder,NBA Champion,,2024-25,,,,Award,Champion,,,1641794,Dillon Jones
77182.0,Dwight,Jones,USA,Olympic Silver Medal,,1972,,,,Award,Olympic,Silver,,77182,Dwight Jones
224.0,Eddie,Jones,Los Angeles Lakers,All-Defensive Team,2,1997-98,,,1610612747,Award,Kia Motors,KIADT,,224,Eddie Jones
224.0,Eddie,Jones,Charlotte Hornets,All-Defensive Team,2,1998-99,,,1610612740,Award,Kia Motors,KIADT,,224,Eddie Jones
224.0,Eddie,Jones,Charlotte Hornets,All-Defensive Team,2,1999-00,,,1610612740,Award,Kia Motors,KIADT,,224,Eddie Jones
224.0,Eddie,Jones,Charlotte Hornets,All-NBA,3,1999-00,,,1610612740,Award,Kia Motors,KIANT,,224,Eddie Jones
224.0,Eddie,Jones,Los Angeles Lakers,All-Rookie Team,1,1994-95,,,1610612747,Award,Kia Motors,KIART,,224,Eddie Jones
224.0,Eddie,Jones,,NBA All-Star,,1996-97,,,,Award,All-Star,,,224,Eddie Jones
224.0,Eddie,Jones,,NBA All-Star,,1997-98,,,,Award,All-Star,,,224,Eddie Jones
224.0,Eddie,Jones,,NBA All-Star,,1999-00,,,,Award,All-Star,,,224,Eddie Jones
224.0,Eddie,Jones,Los Angeles Lakers,NBA Player of the Month,,1997-98,11/01/1997,,,Award,Kia Motors,KIPMO,,224,Eddie Jones
224.0,Eddie,Jones,Miami Heat,NBA Player of the Week,,2001-02,,2002-01-06T00:00:00,East,Award,Kia Motors,KIPWK,,224,Eddie Jones
1630529.0,Herbert,Jones,New Orleans Pelicans,All-Defensive Team,1,2023-24,,,West,Award,Kia Motors,KIADT,,1630529,Herbert Jones
1630529.0,Herbert,Jones,New Orleans Pelicans,All-Rookie Team,2,2021-22,,,West,Award,Kia Motors,KIART,,1630529,Herbert Jones
2592.0,James,Jones,Miami Heat,NBA Champion,,2011-12,,,,Award,Champion,,,2592,James Jones
2592.0,James,Jones,Miami Heat,NBA Champion,,2012-13,,,,Award,Champion,,,2592,James Jones
2592.0,James,Jones,Cleveland Cavaliers,NBA Champion,,2015-16,,,,Award,Champion,,,2592,James Jones
77187.0,Johnny,Jones,Boston Celtics,NBA Champion,,1967-68,,,,Award,Champion,,,77187,Johnny Jones
77188.0,K.C.,Jones,Boston Celtics,NBA Champion,,1958-59,,,,Award,Champion,,,77188,K.C. Jones
77188.0,K.C.,Jones,Boston Celtics,NBA Champion,,1959-60,,,,Award,Champion,,,77188,K.C. Jones
77188.0,K.C.,Jones,Boston Celtics,NBA Champion,,1960-61,,,,Award,Champion,,,77188,K.C. Jones
77188.0,K.C.,Jones,Boston Celtics,NBA Champion,,1961-62,,,,Award,Champion,,,77188,K.C. Jones
77188.0,K.C.,Jones,Boston Celtics,NBA Champion,,1962-63,,,,Award,Champion,,,77188,K.C. Jones
77188.0,K.C.,Jones,Boston Celtics,NBA Champion,,1963-64,,,,Award,Champion,,,77188,K.C. Jones
77188.0,K.C.,Jones,Boston Celtics,NBA Champion,,1964-65,,,,Award,Champion,,,77188,K.C. Jones
77188.0,K.C.,Jones,Boston Celtics,NBA Champion,,1965-66,,,,Award,Champion,,,77188,K.C. Jones
77188.0,KC,Jones,,Hall of Fame Inductee,,1989,,,,Award,Hall of Fame,,,77188,K.C. Jones
77188.0,KC,Jones,USA,Olympic Gold Medal,,1956,,,,Award,Olympic,Gold,,77188,K.C. Jones
77194.0,Robin,Jones,Portland Trail Blazers,NBA Champion,,1976-77,,,,Award,Champion,,,77194,Robin Jones
77196.0,Sam,Jones,Boston Celtics,All-NBA,2,1964-65,,,1610612738,Award,Kia Motors,KIANT,,77196,Sam Jones
77196.0,Sam,Jones,Boston Celtics,All-NBA,2,1965-66,,,1610612738,Award,Kia Motors,KIANT,,77196,Sam Jones
77196.0,Sam,Jones,Boston Celtics,All-NBA,2,1966-67,,,1610612738,Award,Kia Motors,KIANT,,77196,Sam Jones
77196.0,Sam,Jones,,Hall of Fame Inductee,,1984,,,,Award,Hall of Fame,,,77196,Sam Jones
77196.0,Sam,Jones,,NBA All-Star,,1961-62,,,,Award,All-Star,,,77196,Sam Jones
77196.0,Sam,Jones,,NBA All-Star,,1963-64,,,,Award,All-Star,,,77196,Sam Jones
77196.0,Sam,Jones,,NBA All-Star,,1964-65,,,,Award,All-Star,,,77196,Sam Jones
77196.0,Sam,Jones,,NBA All-Star,,1965-66,,,,Award,All-Star,,,77196,Sam Jones
77196.0,Sam,Jones,,NBA All-Star,,1967-68,,,,Award,All-Star,,,77196,Sam Jones
77196.0,Sam,Jones,Boston Celtics,NBA Champion,,1958-59,,,,Award,Champion,,,77196,Sam Jones
77196.0,Sam,Jones,Boston Celtics,NBA Champion,,1959-60,,,,Award,Champion,,,77196,Sam Jones
77196.0,Sam,Jones,Boston Celtics,NBA Champion,,1960-61,,,,Award,Champion,,,77196,Sam Jones
77196.0,Sam,Jones,Boston Celtics,NBA Champion,,1961-62,,,,Award,Champion,,,77196,Sam Jones
77196.0,Sam,Jones,Boston Celtics,NBA Champion,,1962-63,,,,Award,Champion,,,77196,Sam Jones
77196.0,Sam,Jones,Boston Celtics,NBA Champion,,1963-64,,,,Award,Champion,,,77196,Sam Jones
77196.0,Sam,Jones,Boston Celtics,NBA Champion,,1964-65,,,,Award,Champion,,,77196,Sam Jones
77196.0,Sam,Jones,Boston Celtics,NBA Champion,,1965-66,,,,Award,Champion,,,77196,Sam Jones
77196.0,Sam,Jones,Boston Celtics,NBA Champion,,1967-68,,,,Award,Champion,,,77196,Sam Jones
77196.0,Sam,Jones,Boston Celtics,NBA Champion,,1968-69,,,,Award,Champion,,,77196,Sam Jones
77198.0,Wali,Jones,Philadelphia 76ers,NBA Champion,,1966-67,,,,Award,Champion,,,77198,Wali Jones
77199.0,Wally,Jones,Baltimore Bullets,All-Rookie Team,1,1964-65,,,1610610024,Award,Kia Motors,KIART,,77199,Wallace Jones
201599.0,DeAndre,Jordan,Los Angeles Clippers,All-Defensive Team,1,2014-15,,,1610612746,Award,Kia Motors,KIADT,,201599,DeAndre Jordan
201599.0,DeAndre,Jordan,LA Clippers,All-Defensive Team,1,2015-16,,,West,Award,Kia Motors,KIADT,,201599,DeAndre Jordan
201599.0,DeAndre,Jordan,Los Angeles Clippers,All-NBA,3,2014-15,,,1610612746,Award,Kia Motors,KIANT,,201599,DeAndre Jordan
201599.0,DeAndre,Jordan,LA Clippers,All-NBA,1,2015-16,,,West,Award,Kia Motors,KIANT,,201599,DeAndre Jordan
201599.0,DeAndre,Jordan,LA Clippers,All-NBA,3,2016-17,,,West,Award,Kia Motors,KIANT,,201599,DeAndre Jordan
201599.0,DeAndre,Jordan,,NBA All-Star,,2016-17,,,,Award,All-Star,,,201599,DeAndre Jordan
201599.0,DeAndre,Jordan,Denver Nuggets,NBA Champion,,2022-23,,,,Award,Champion,,,201599,DeAndre Jordan
201599.0,DeAndre,Jordan,USA,Olympic Gold Medal,,2016,,,,Award,Olympic,Gold,,201599,DeAndre Jordan
77205.0,Eddie,Jordan,Los Angeles Lakers,NBA Champion,,1981-82,,,,Award,Champion,,,77205,Eddie Jordan
893.0,Michael,Jordan,Chicago Bulls,All-Defensive Team,1,1987-88,,,1610612741,Award,Kia Motors,KIADT,,893,Michael Jordan
893.0,Michael,Jordan,Chicago Bulls,All-Defensive Team,1,1988-89,,,1610612741,Award,Kia Motors,KIADT,,893,Michael Jordan
893.0,Michael,Jordan,Chicago Bulls,All-Defensive Team,1,1989-90,,,1610612741,Award,Kia Motors,KIADT,,893,Michael Jordan
893.0,Michael,Jordan,Chicago Bulls,All-Defensive Team,1,1990-91,,,1610612741,Award,Kia Motors,KIADT,,893,Michael Jordan
893.0,Michael,Jordan,Chicago Bulls,All-Defensive Team,1,1991-92,,,1610612741,Award,Kia Motors,KIADT,,893,Michael Jordan
893.0,Michael,Jordan,Chicago Bulls,All-Defensive Team,1,1992-93,,,1610612741,Award,Kia Motors,KIADT,,893,Michael Jordan
893.0,Michael,Jordan,Chicago Bulls,All-Defensive Team,1,1995-96,,,1610612741,Award,Kia Motors,KIADT,,893,Michael Jordan
893.0,Michael,Jordan,Chicago Bulls,All-Defensive Team,1,1996-97,,,1610612741,Award,Kia Motors,KIADT,,893,Michael Jordan
893.0,Michael,Jordan,Chicago Bulls,All-Defensive Team,1,1997-98,,,1610612741,Award,Kia Motors,KIADT,,893,Michael Jordan
893.0,Michael,Jordan,Chicago Bulls,All-NBA,2,1984-85,,,1610612741,Award,Kia Motors,KIANT,,893,Michael Jordan
893.0,Michael,Jordan,Chicago Bulls,All-NBA,1,1986-87,,,1610612741,Award,Kia Motors,KIANT,,893,Michael Jordan
893.0,Michael,Jordan,Chicago Bulls,All-NBA,1,1987-88,,,1610612741,Award,Kia Motors,KIANT,,893,Michael Jordan
893.0,Michael,Jordan,Chicago Bulls,All-NBA,1,1988-89,,,1610612741,Award,Kia Motors,KIANT,,893,Michael Jordan
893.0,Michael,Jordan,Chicago Bulls,All-NBA,1,1989-90,,,1610612741,Award,Kia Motors,KIANT,,893,Michael Jordan
893.0,Michael,Jordan,Chicago Bulls,All-NBA,1,1990-91,,,1610612741,Award,Kia Motors,KIANT,,893,Michael Jordan
893.0,Michael,Jordan,Chicago Bulls,All-NBA,1,1991-92,,,1610612741,Award,Kia Motors,KIANT,,893,Michael Jordan
893.0,Michael,Jordan,Chicago Bulls,All-NBA,1,1992-93,,,1610612741,Award,Kia Motors,KIANT,,893,Michael Jordan
893.0,Michael,Jordan,Chicago Bulls,All-NBA,1,1995-96,,,1610612741,Award,Kia Motors,KIANT,,893,Michael Jordan
893.0,Michael,Jordan,Chicago Bulls,All-NBA,1,1996-97,,,1610612741,Award,Kia Motors,KIANT,,893,Michael Jordan
893.0,Michael,Jordan,Chicago Bulls,All-NBA,1,1997-98,,,1610612741,Award,Kia Motors,KIANT,,893,Michael Jordan
893.0,Michael,Jordan,Chicago Bulls,All-Rookie Team,1,1984-85,,,1610612741,Award,Kia Motors,KIART,,893,Michael Jordan
893.0,Michael,Jordan,,Hall of Fame Inductee,,2009,,,,Award,Hall of Fame,,,893,Michael Jordan
893.0,Michael,Jordan,Chicago Bulls,IBM Award,,1984-85,,,,Award,IBM,IBMAW,,893,Michael Jordan
893.0,Michael,Jordan,Chicago Bulls,IBM Award,,1988-89,,,,Award,IBM,IBMAW,,893,Michael Jordan
893.0,Michael,Jordan,,NBA All-Star,,1984-85,,,,Award,All-Star,,,893,Michael Jordan
893.0,Michael,Jordan,,NBA All-Star,,1985-86,,,,Award,All-Star,,,893,Michael Jordan
893.0,Michael,Jordan,,NBA All-Star,,1986-87,,,,Award,All-Star,,,893,Michael Jordan
893.0,Michael,Jordan,,NBA All-Star,,1987-88,,,,Award,All-Star,,,893,Michael Jordan
893.0,Michael,Jordan,,NBA All-Star,,1988-89,,,,Award,All-Star,,,893,Michael Jordan
893.0,Michael,Jordan,,NBA All-Star,,1989-90,,,,Award,All-Star,,,893,Michael Jordan
893.0,Michael,Jordan,,NBA All-Star,,1990-91,,,,Award,All-Star,,,893,Michael Jordan
893.0,Michael,Jordan,,NBA All-Star,,1991-92,,,,Award,All-Star,,,893,Michael Jordan
893.0,Michael,Jordan,,NBA All-Star,,1992-93,,,,Award,All-Star,,,893,Michael Jordan
893.0,Michael,Jordan,,NBA All-Star,,1995-96,,,,Award,All-Star,,,893,Michael Jordan
893.0,Michael,Jordan,,NBA All-Star,,1996-97,,,,Award,All-Star,,,893,Michael Jordan
893.0,Michael,Jordan,,NBA All-Star,,1997-98,,,,Award,All-Star,,,893,Michael Jordan
893.0,Michael,Jordan,,NBA All-Star,,2001-02,,,,Award,All-Star,,,893,Michael Jordan
893.0,Michael,Jordan,,NBA All-Star,,2002-03,,,,Award,All-Star,,,893,Michael Jordan
893.0,Michael,Jordan,Chicago Bulls,NBA All-Star Most Valuable Player,,1987-88,,,,Award,Kia Motors,KAMVP,,893,Michael Jordan
893.0,Michael,Jordan,Chicago Bulls,NBA All-Star Most Valuable Player,,1995-96,,,,Award,Kia Motors,KAMVP,,893,Michael Jordan
893.0,Michael,Jordan,Chicago Bulls,NBA All-Star Most Valuable Player,,1997-98,,,,Award,Kia Motors,KAMVP,,893,Michael Jordan
893.0,Michael,Jordan,Chicago Bulls,NBA Champion,,1990-91,,,,Award,Champion,,,893,Michael Jordan
893.0,Michael,Jordan,Chicago Bulls,NBA Champion,,1991-92,,,,Award,Champion,,,893,Michael Jordan
893.0,Michael,Jordan,Chicago Bulls,NBA Champion,,1992-93,,,,Award,Champion,,,893,Michael Jordan
893.0,Michael,Jordan,Chicago Bulls,NBA Champion,,1995-96,,,,Award,Champion,,,893,Michael Jordan
893.0,Michael,Jordan,Chicago Bulls,NBA Champion,,1996-97,,,,Award,Champion,,,893,Michael Jordan
893.0,Michael,Jordan,Chicago Bulls,NBA Champion,,1997-98,,,,Award,Champion,,,893,Michael Jordan
893.0,Michael,Jordan,Chicago Bulls,NBA Defensive Player of the Year,,1987-88,,,,Award,Kia Motors,KDPYR,,893,Michael Jordan
893.0,Michael,Jordan,Chicago Bulls,NBA Finals Most Valuable Player,,1990-91,,,,Award,Kia Motors,KFMVP,,893,Michael Jordan
893.0,Michael,Jordan,Chicago Bulls,NBA Finals Most Valuable Player,,1991-92,,,,Award,Kia Motors,KFMVP,,893,Michael Jordan
893.0,Michael,Jordan,Chicago Bulls,NBA Finals Most Valuable Player,,1992-93,,,,Award,Kia Motors,KFMVP,,893,Michael Jordan
893.0,Michael,Jordan,Chicago Bulls,NBA Finals Most Valuable Player,,1995-96,,,,Award,Kia Motors,KFMVP,,893,Michael Jordan
893.0,Michael,Jordan,Chicago Bulls,NBA Finals Most Valuable Player,,1996-97,,,,Award,Kia Motors,KFMVP,,893,Michael Jordan
893.0,Michael,Jordan,Chicago Bulls,NBA Finals Most Valuable Player,,1997-98,,,,Award,Kia Motors,KFMVP,,893,Michael Jordan
893.0,Michael,Jordan,Chicago Bulls,NBA Most Valuable Player,,1987-88,,,,Award,Kia Motors,KIMVP,,893,Michael Jordan
893.0,Michael,Jordan,Chicago Bulls,NBA Most Valuable Player,,1990-91,,,,Award,Kia Motors,KIMVP,,893,Michael Jordan
893.0,Michael,Jordan,Chicago Bulls,NBA Most Valuable Player,,1991-92,,,,Award,Kia Motors,KIMVP,,893,Michael Jordan
893.0,Michael,Jordan,Chicago Bulls,NBA Most Valuable Player,,1995-96,,,,Award,Kia Motors,KIMVP,,893,Michael Jordan
893.0,Michael,Jordan,Chicago Bulls,NBA Most Valuable Player,,1997-98,,,,Award,Kia Motors,KIMVP,,893,Michael Jordan
893.0,Michael,Jordan,Chicago Bulls,NBA Player of the Month,,1986-87,02/01/1987,,,Award,Kia Motors,KIPMO,,893,Michael Jordan
893.0,Michael,Jordan,Chicago Bulls,NBA Player of the Month,,1986-87,11/01/1986,,,Award,Kia Motors,KIPMO,,893,Michael Jordan
893.0,Michael,Jordan,Chicago Bulls,NBA Player of the Month,,1987-88,01/01/1988,,,Award,Kia Motors,KIPMO,,893,Michael Jordan
893.0,Michael,Jordan,Chicago Bulls,NBA Player of the Month,,1987-88,11/01/1987,,,Award,Kia Motors,KIPMO,,893,Michael Jordan
893.0,Michael,Jordan,Chicago Bulls,NBA Player of the Month,,1988-89,03/01/1989,,,Award,Kia Motors,KIPMO,,893,Michael Jordan
893.0,Michael,Jordan,Chicago Bulls,NBA Player of the Month,,1988-89,12/01/1988,,,Award,Kia Motors,KIPMO,,893,Michael Jordan
893.0,Michael,Jordan,Chicago Bulls,NBA Player of the Month,,1989-90,03/01/1990,,,Award,Kia Motors,KIPMO,,893,Michael Jordan
893.0,Michael,Jordan,Chicago Bulls,NBA Player of the Month,,1989-90,12/01/1989,,,Award,Kia Motors,KIPMO,,893,Michael Jordan
893.0,Michael,Jordan,Chicago Bulls,NBA Player of the Month,,1990-91,03/01/1991,,,Award,Kia Motors,KIPMO,,893,Michael Jordan
893.0,Michael,Jordan,Chicago Bulls,NBA Player of the Month,,1990-91,04/01/1991,,,Award,Kia Motors,KIPMO,,893,Michael Jordan
893.0,Michael,Jordan,Chicago Bulls,NBA Player of the Month,,1991-92,03/01/1992,,,Award,Kia Motors,KIPMO,,893,Michael Jordan
893.0,Michael,Jordan,Chicago Bulls,NBA Player of the Month,,1992-93,11/01/1992,,,Award,Kia Motors,KIPMO,,893,Michael Jordan
893.0,Michael,Jordan,Chicago Bulls,NBA Player of the Month,,1995-96,01/01/1996,,,Award,Kia Motors,KIPMO,,893,Michael Jordan
893.0,Michael,Jordan,Chicago Bulls,NBA Player of the Month,,1996-97,11/01/1996,,,Award,Kia Motors,KIPMO,,893,Michael Jordan
893.0,Michael,Jordan,Chicago Bulls,NBA Player of the Month,,1997-98,03/01/1998,,,Award,Kia Motors,KIPMO,,893,Michael Jordan
893.0,Michael,Jordan,Chicago Bulls,NBA Player of the Month,,1997-98,12/01/1997,,,Award,Kia Motors,KIPMO,,893,Michael Jordan
893.0,Michael,Jordan,Chicago Bulls,NBA Player of the Week,,1984-85,,1985-01-20T00:00:00,,Award,Kia Motors,KIPWK,,893,Michael Jordan
893.0,Michael,Jordan,Chicago Bulls,NBA Player of the Week,,1986-87,,1986-11-09T00:00:00,,Award,Kia Motors,KIPWK,,893,Michael Jordan
893.0,Michael,Jordan,Chicago Bulls,NBA Player of the Week,,1986-87,,1987-03-01T00:00:00,,Award,Kia Motors,KIPWK,,893,Michael Jordan
893.0,Michael,Jordan,Chicago Bulls,NBA Player of the Week,,1986-87,,1987-04-12T00:00:00,,Award,Kia Motors,KIPWK,,893,Michael Jordan
893.0,Michael,Jordan,Chicago Bulls,NBA Player of the Week,,1987-88,,1988-01-24T00:00:00,,Award,Kia Motors,KIPWK,,893,Michael Jordan
893.0,Michael,Jordan,Chicago Bulls,NBA Player of the Week,,1987-88,,1988-03-27T00:00:00,,Award,Kia Motors,KIPWK,,893,Michael Jordan
893.0,Michael,Jordan,Chicago Bulls,NBA Player of the Week,,1987-88,,1988-04-03T00:00:00,,Award,Kia Motors,KIPWK,,893,Michael Jordan
893.0,Michael,Jordan,Chicago Bulls,NBA Player of the Week,,1988-89,,1988-11-20T00:00:00,,Award,Kia Motors,KIPWK,,893,Michael Jordan
893.0,Michael,Jordan,Chicago Bulls,NBA Player of the Week,,1988-89,,1989-01-15T00:00:00,,Award,Kia Motors,KIPWK,,893,Michael Jordan
893.0,Michael,Jordan,Chicago Bulls,NBA Player of the Week,,1988-89,,1989-03-26T00:00:00,,Award,Kia Motors,KIPWK,,893,Michael Jordan
893.0,Michael,Jordan,Chicago Bulls,NBA Player of the Week,,1988-89,,1989-04-02T00:00:00,,Award,Kia Motors,KIPWK,,893,Michael Jordan
893.0,Michael,Jordan,Chicago Bulls,NBA Player of the Week,,1989-90,,1989-12-10T00:00:00,,Award,Kia Motors,KIPWK,,893,Michael Jordan
893.0,Michael,Jordan,Chicago Bulls,NBA Player of the Week,,1989-90,,1990-04-01T00:00:00,,Award,Kia Motors,KIPWK,,893,Michael Jordan
893.0,Michael,Jordan,Chicago Bulls,NBA Player of the Week,,1990-91,,1990-12-02T00:00:00,,Award,Kia Motors,KIPWK,,893,Michael Jordan
893.0,Michael,Jordan,Chicago Bulls,NBA Player of the Week,,1990-91,,1990-12-25T00:00:00,,Award,Kia Motors,KIPWK,,893,Michael Jordan
893.0,Michael,Jordan,Chicago Bulls,NBA Player of the Week,,1991-92,,1992-01-12T00:00:00,,Award,Kia Motors,KIPWK,,893,Michael Jordan
893.0,Michael,Jordan,Chicago Bulls,NBA Player of the Week,,1992-93,,1992-11-22T00:00:00,,Award,Kia Motors,KIPWK,,893,Michael Jordan
893.0,Michael,Jordan,Chicago Bulls,NBA Player of the Week,,1995-96,,1995-12-24T00:00:00,,Award,Kia Motors,KIPWK,,893,Michael Jordan
893.0,Michael,Jordan,Chicago Bulls,NBA Player of the Week,,1995-96,,1996-01-21T00:00:00,,Award,Kia Motors,KIPWK,,893,Michael Jordan
893.0,Michael,Jordan,Chicago Bulls,NBA Player of the Week,,1995-96,,1996-03-10T00:00:00,,Award,Kia Motors,KIPWK,,893,Michael Jordan
893.0,Michael,Jordan,Chicago Bulls,NBA Player of the Week,,1997-98,,1997-11-23T00:00:00,,Award,Kia Motors,KIPWK,,893,Michael Jordan
893.0,Michael,Jordan,Chicago Bulls,NBA Player of the Week,,1997-98,,1997-12-21T00:00:00,,Award,Kia Motors,KIPWK,,893,Michael Jordan
893.0,Michael,Jordan,Chicago Bulls,NBA Player of the Week,,1997-98,,1998-04-05T00:00:00,,Award,Kia Motors,KIPWK,,893,Michael Jordan
893.0,Michael,Jordan,Washington Wizards,NBA Player of the Week,,2002-03,,2003-01-05T00:00:00,East,Award,Kia Motors,KIPWK,,893,Michael Jordan
893.0,Michael,Jordan,Washington Wizards,NBA Player of the Week,,2002-03,,2003-03-02T00:00:00,East,Award,Kia Motors,KIPWK,,893,Michael Jordan
893.0,Michael,Jordan,Chicago Bulls,NBA Rookie of the Month,,1984-85,01/01/1985,,,Award,Kia Motors,KIRMO,,893,Michael Jordan
893.0,Michael,Jordan,Chicago Bulls,NBA Rookie of the Month,,1984-85,03/01/1985,,,Award,Kia Motors,KIRMO,,893,Michael Jordan
893.0,Michael,Jordan,Chicago Bulls,NBA Rookie of the Month,,1984-85,11/01/1984,,,Award,Kia Motors,KIRMO,,893,Michael Jordan
893.0,Michael,Jordan,Chicago Bulls,NBA Rookie of the Year,,1984-85,,,,Award,Kia Motors,KIROY,,893,Michael Jordan
893.0,Michael,Jordan,Chicago Bulls,NBA Sporting News Most Valuable Player of the Year,,1987-88,,,,Award,Sporting News,SNMVP,,893,Michael Jordan
893.0,Michael,Jordan,Chicago Bulls,NBA Sporting News Most Valuable Player of the Year,,1988-89,,,,Award,Sporting News,SNMVP,,893,Michael Jordan
893.0,Michael,Jordan,Chicago Bulls,NBA Sporting News Most Valuable Player of the Year,,1990-91,,,,Award,Sporting News,SNMVP,,893,Michael Jordan
893.0,Michael,Jordan,Chicago Bulls,NBA Sporting News Most Valuable Player of the Year,,1991-92,,,,Award,Sporting News,SNMVP,,893,Michael Jordan
893.0,Michael,Jordan,Chicago Bulls,NBA Sporting News Most Valuable Player of the Year,,1995-96,,,,Award,Sporting News,SNMVP,,893,Michael Jordan
893.0,Michael,Jordan,Chicago Bulls,NBA Sporting News Most Valuable Player of the Year,,1996-97,,,,Award,Sporting News,SNMVP,,893,Michael Jordan
893.0,Michael,Jordan,Chicago Bulls,NBA Sporting News Most Valuable Player of the Year,,1997-98,,,,Award,Sporting News,SNMVP,,893,Michael Jordan
893.0,Michael,Jordan,Chicago Bulls,NBA Sporting News Rookie of the Year,,1984-85,,,,Award,Sporting News,SNROY,,893,Michael Jordan
893.0,Michael,Jordan,USA,Olympic Gold Medal,,1984,,,,Award,Olympic,Gold,,893,Michael Jordan
893.0,Michael,Jordan,USA,Olympic Gold Medal,,1992,,,,Award,Olympic,Gold,,893,Michael Jordan
77211.0,Johnny,Jorgensen,Minneapolis Lakers,NBA Champion,,1948-49,,,,Award,Champion,,,77211,Johnny Jorgensen
202709.0,Cory,Joseph,San Antonio Spurs,NBA Champion,,2013-14,,,,Award,Champion,,,202709,Cory Joseph
1631107.0,Nikola,Jovic,Serbia,Olympic Bronze Medal,,2024,,,,Award,Olympic,Silver,,1631107,Nikola Jović
77217.0,Edwin,Kachan,Minneapolis Lakers,NBA Champion,,1948-49,,,,Award,Champion,,,77217,Edwin Kachan
2549.0,Chris,Kaman,,NBA All-Star,,2009-10,,,,Award,All-Star,,,2549,Chris Kaman
2549.0,Chris,Kaman,Los Angeles Clippers,NBA Player of the Week,,2009-10,,2009-11-09T00:00:00,West,Award,Kia Motors,KIPWK,,2549,Chris Kaman
2549.0,Chris,Kaman,Los Angeles Clippers,NBA Player of the Week,,2009-10,,2010-01-11T00:00:00,West,Award,Kia Motors,KIPWK,,2549,Chris Kaman
2549.0,Chris,Kaman,Germany,Olympic Appearance,,2008,,,,Award,Olympic,Appearance,,2549,Chris Kaman
77221.0,Ralph,Kaplowitz,Philadelphia Warriors,NBA Champion,,1946-47,,,,Award,Champion,,,77221,Ralph Kaplowitz
2574.0,Jason,Kapono,Miami Heat,NBA Champion,,2005-06,,,,Award,Champion,,,2574,Jason Kapono
77246.0,Larry,Kenon,,NBA All-Star,,1977-78,,,,Award,All-Star,,,77246,Larry Kenon
77246.0,Larry,Kenon,,NBA All-Star,,1978-79,,,,Award,All-Star,,,77246,Larry Kenon
77247.0,Bill,Kenville,Syracuse Nationals,NBA Champion,,1954-55,,,,Award,Champion,,,77247,Bill Kenville
77248.0,Johnny,Kerr,,NBA All-Star,,1955-56,,,,Award,All-Star,,,77248,Johnny Kerr
77248.0,Johnny,Kerr,,NBA All-Star,,1958-59,,,,Award,All-Star,,,77248,Johnny Kerr
77248.0,Johnny,Kerr,,NBA All-Star,,1962-63,,,,Award,All-Star,,,77248,Johnny Kerr
77248.0,Johnny,Kerr,Syracuse Nationals,NBA Champion,,1954-55,,,,Award,Champion,,,77248,Johnny Kerr
70.0,Steve,Kerr,Chicago Bulls,NBA Champion,,1995-96,,,,Award,Champion,,,70,Steve Kerr
70.0,Steve,Kerr,Chicago Bulls,NBA Champion,,1996-97,,,,Award,Champion,,,70,Steve Kerr
70.0,Steve,Kerr,Chicago Bulls,NBA Champion,,1997-98,,,,Award,Champion,,,70,Steve Kerr
70.0,Steve,Kerr,San Antonio Spurs,NBA Champion,,1998-99,,,,Award,Champion,,,70,Steve Kerr
70.0,Steve,Kerr,San Antonio Spurs,NBA Champion,,2002-03,,,,Award,Champion,,,70,Steve Kerr
760.0,Jerome,Kersey,San Antonio Spurs,NBA Champion,,1998-99,,,,Award,Champion,,,760,Jerome Kersey
1631117.0,Walker,Kessler,Utah Jazz,All-Rookie Team,1,2022-23,,,West,Award,Kia Motors,KIART,,1631117,Walker Kessler
1631117.0,Walker,Kessler,Utah Jazz,NBA Rookie of the Month,,2022-23,2/1/2023,,West,Award,Kia Motors,KIRMO,,1631117,Walker Kessler
2751.0,Viktor,Khryapa,Russia,Olympic Appearance,,2008,,,,Award,Olympic,Appearance,,2751,Viktor Khryapa
2751.0,Viktor,Khryapa,Russia,Olympic Bronze Medal,,2012,,,,Award,Olympic,Bronze,,2751,Viktor Khryapa
467.0,Jason,Kidd,Phoenix Suns,All-Defensive Team,1,1998-99,,,1610612756,Award,Kia Motors,KIADT,,467,Jason Kidd
467.0,Jason,Kidd,Phoenix Suns,All-Defensive Team,2,1999-00,,,1610612756,Award,Kia Motors,KIADT,,467,Jason Kidd
467.0,Jason,Kidd,Phoenix Suns,All-Defensive Team,1,2000-01,,,1610612756,Award,Kia Motors,KIADT,,467,Jason Kidd
467.0,Jason,Kidd,New Jersey Nets,All-Defensive Team,1,2001-02,,,1610612751,Award,Kia Motors,KIADT,,467,Jason Kidd
467.0,Jason,Kidd,New Jersey Nets,All-Defensive Team,2,2002-03,,,1610612751,Award,Kia Motors,KIADT,,467,Jason Kidd
467.0,Jason,Kidd,New Jersey Nets,All-Defensive Team,2,2003-04,,,1610612751,Award,Kia Motors,KIADT,,467,Jason Kidd
467.0,Jason,Kidd,New Jersey Nets,All-Defensive Team,2,2004-05,,,1610612751,Award,Kia Motors,KIADT,,467,Jason Kidd
467.0,Jason,Kidd,New Jersey Nets,All-Defensive Team,1,2005-06,,,1610612751,Award,Kia Motors,KIADT,,467,Jason Kidd
467.0,Jason,Kidd,New Jersey Nets,All-Defensive Team,2,2006-07,,,1610612751,Award,Kia Motors,KIADT,,467,Jason Kidd
467.0,Jason,Kidd,Phoenix Suns,All-NBA,1,1998-99,,,1610612756,Award,Kia Motors,KIANT,,467,Jason Kidd
467.0,Jason,Kidd,Phoenix Suns,All-NBA,1,1999-00,,,1610612756,Award,Kia Motors,KIANT,,467,Jason Kidd
467.0,Jason,Kidd,Phoenix Suns,All-NBA,1,2000-01,,,1610612756,Award,Kia Motors,KIANT,,467,Jason Kidd
467.0,Jason,Kidd,New Jersey Nets,All-NBA,1,2001-02,,,1610612751,Award,Kia Motors,KIANT,,467,Jason Kidd
467.0,Jason,Kidd,New Jersey Nets,All-NBA,2,2002-03,,,1610612751,Award,Kia Motors,KIANT,,467,Jason Kidd
467.0,Jason,Kidd,New Jersey Nets,All-NBA,1,2003-04,,,1610612751,Award,Kia Motors,KIANT,,467,Jason Kidd
467.0,Jason,Kidd,Dallas Mavericks,All-Rookie Team,1,1994-95,,,1610612742,Award,Kia Motors,KIART,,467,Jason Kidd
467.0,Jason,Kidd,,Hall of Fame Inductee,,2018,,,,Award,Hall of Fame,,,467,Jason Kidd
467.0,Jason,Kidd,,NBA All-Star,,1995-96,,,,Award,All-Star,,,467,Jason Kidd
467.0,Jason,Kidd,,NBA All-Star,,1997-98,,,,Award,All-Star,,,467,Jason Kidd
467.0,Jason,Kidd,,NBA All-Star,,1999-00,,,,Award,All-Star,,,467,Jason Kidd
467.0,Jason,Kidd,,NBA All-Star,,2000-01,,,,Award,All-Star,,,467,Jason Kidd
467.0,Jason,Kidd,,NBA All-Star,,2001-02,,,,Award,All-Star,,,467,Jason Kidd
467.0,Jason,Kidd,,NBA All-Star,,2002-03,,,,Award,All-Star,,,467,Jason Kidd
467.0,Jason,Kidd,,NBA All-Star,,2003-04,,,,Award,All-Star,,,467,Jason Kidd
467.0,Jason,Kidd,,NBA All-Star,,2006-07,,,,Award,All-Star,,,467,Jason Kidd
467.0,Jason,Kidd,,NBA All-Star,,2007-08,,,,Award,All-Star,,,467,Jason Kidd
467.0,Jason,Kidd,,NBA All-Star,,2009-10,,,,Award,All-Star,,,467,Jason Kidd
467.0,Jason,Kidd,Dallas Mavericks,NBA Champion,,2010-11,,,,Award,Champion,,,467,Jason Kidd
467.0,Jason,Kidd,Phoenix Suns,NBA Player of the Month,,1998-99,04/01/1999,,,Award,Kia Motors,KIPMO,,467,Jason Kidd
467.0,Jason,Kidd,New Jersey Nets,NBA Player of the Month,,2001-02,11/01/2001,,East,Award,Kia Motors,KIPMO,,467,Jason Kidd
467.0,Jason,Kidd,New Jersey Nets,NBA Player of the Month,,2002-03,12/01/2002,,East,Award,Kia Motors,KIPMO,,467,Jason Kidd
467.0,Jason,Kidd,Dallas Mavericks,NBA Player of the Week,,1994-95,,1995-03-19T00:00:00,,Award,Kia Motors,KIPWK,,467,Jason Kidd
467.0,Jason,Kidd,Dallas Mavericks,NBA Player of the Week,,1995-96,,1996-02-04T00:00:00,,Award,Kia Motors,KIPWK,,467,Jason Kidd
467.0,Jason,Kidd,Phoenix Suns,NBA Player of the Week,,1997-98,,1998-03-15T00:00:00,,Award,Kia Motors,KIPWK,,467,Jason Kidd
467.0,Jason,Kidd,Phoenix Suns,NBA Player of the Week,,1997-98,,1998-04-19T00:00:00,,Award,Kia Motors,KIPWK,,467,Jason Kidd
467.0,Jason,Kidd,Phoenix Suns,NBA Player of the Week,,1998-99,,1999-04-18T00:00:00,,Award,Kia Motors,KIPWK,,467,Jason Kidd
467.0,Jason,Kidd,Phoenix Suns,NBA Player of the Week,,1999-00,,1999-12-20T00:00:00,,Award,Kia Motors,KIPWK,,467,Jason Kidd
467.0,Jason,Kidd,Phoenix Suns,NBA Player of the Week,,2000-01,,2001-04-01T00:00:00,,Award,Kia Motors,KIPWK,,467,Jason Kidd
467.0,Jason,Kidd,New Jersey Nets,NBA Player of the Week,,2001-02,,2001-12-30T00:00:00,East,Award,Kia Motors,KIPWK,,467,Jason Kidd
467.0,Jason,Kidd,New Jersey Nets,NBA Player of the Week,,2001-02,,2002-02-03T00:00:00,East,Award,Kia Motors,KIPWK,,467,Jason Kidd
467.0,Jason,Kidd,New Jersey Nets,NBA Player of the Week,,2001-02,,2002-03-24T00:00:00,East,Award,Kia Motors,KIPWK,,467,Jason Kidd
467.0,Jason,Kidd,New Jersey Nets,NBA Player of the Week,,2002-03,,2002-12-22T00:00:00,East,Award,Kia Motors,KIPWK,,467,Jason Kidd
467.0,Jason,Kidd,New Jersey Nets,NBA Player of the Week,,2002-03,,2003-04-06T00:00:00,East,Award,Kia Motors,KIPWK,,467,Jason Kidd
467.0,Jason,Kidd,New Jersey Nets,NBA Player of the Week,,2003-04,,2003-12-28T00:00:00,East,Award,Kia Motors,KIPWK,,467,Jason Kidd
467.0,Jason,Kidd,New Jersey Nets,NBA Player of the Week,,2003-04,,2004-02-01T00:00:00,East,Award,Kia Motors,KIPWK,,467,Jason Kidd
467.0,Jason,Kidd,New Jersey Nets,NBA Player of the Week,,2004-05,,2005-04-17T00:00:00,East,Award,Kia Motors,KIPWK,,467,Jason Kidd
467.0,Jason,Kidd,New Jersey Nets,NBA Player of the Week,,2006-07,,2007-03-18T00:00:00,East,Award,Kia Motors,KIPWK,,467,Jason Kidd
467.0,Jason,Kidd,Dallas Mavericks,NBA Player of the Week,,2008-09,,2009-04-06T00:00:00,West,Award,Kia Motors,KIPWK,,467,Jason Kidd
467.0,Jason,Kidd,Dallas Mavericks,NBA Rookie of the Month,,1994-95,03/01/1995,,,Award,Kia Motors,KIRMO,,467,Jason Kidd
467.0,Jason,Kidd,Dallas Mavericks,NBA Rookie of the Year,,1994-95,,,,Award,Kia Motors,KIROY,,467,Jason Kidd
467.0,Jason,Kidd,Dallas Mavericks,NBA Sportsmanship,,2011-12,,,,Award,Kia Motors,KSPRT,,467,Jason Kidd
467.0,Jason,Kidd,New York Knicks,NBA Sportsmanship,,2012-13,,,,Award,Kia Motors,KSPRT,,467,Jason Kidd
467.0,Jason,Kidd,USA,Olympic Gold Medal,,2000,,,,Award,Olympic,Gold,,467,Jason Kidd
467.0,Jason,Kidd,USA,Olympic Gold Medal,,2008,,,,Award,Olympic,Gold,,467,Jason Kidd
203077.0,Michael,Kidd-Gilchrist,Charlotte Bobcats,All-Rookie Team,2,2012-13,,,1610612766,Award,Kia Motors,KIART,,203077,Michael Kidd-Gilchrist
77264.0,Bernard,King,Golden State Warriors,All-NBA,2,1981-82,,,1610612744,Award,Kia Motors,KIANT,,77264,Bernard King
77264.0,Bernard,King,New York Knicks,All-NBA,1,1983-84,,,1610612752,Award,Kia Motors,KIANT,,77264,Bernard King
77264.0,Bernard,King,New York Knicks,All-NBA,1,1984-85,,,1610612752,Award,Kia Motors,KIANT,,77264,Bernard King
77264.0,Bernard,King,Washington Bullets,All-NBA,3,1990-91,,,1610612764,Award,Kia Motors,KIANT,,77264,Bernard King
77264.0,Bernard,King,New Jersey Nets,All-Rookie Team,1,1977-78,,,1610612751,Award,Kia Motors,KIART,,77264,Bernard King
77264.0,Bernard,King,,Hall of Fame Inductee,,2013,,,,Award,Hall of Fame,,,77264,Bernard King
77264.0,Bernard,King,,NBA All-Star,,1981-82,,,,Award,All-Star,,,77264,Bernard King
77264.0,Bernard,King,,NBA All-Star,,1983-84,,,,Award,All-Star,,,77264,Bernard King
77264.0,Bernard,King,,NBA All-Star,,1984-85,,,,Award,All-Star,,,77264,Bernard King
77264.0,Bernard,King,,NBA All-Star,,1990-91,,,,Award,All-Star,,,77264,Bernard King
77264.0,Bernard,King,Golden State Warriors,NBA Comeback Player of the Year,,1980-81,,,,Award,Kia Motors,KCPYR,,77264,Bernard King
77264.0,Bernard,King,Golden State Warriors,NBA Player of the Month,,1980-81,01/01/1981,,,Award,Kia Motors,KIPMO,,77264,Bernard King
77264.0,Bernard,King,New York Knicks,NBA Player of the Month,,1983-84,02/01/1984,,,Award,Kia Motors,KIPMO,,77264,Bernard King
77264.0,Bernard,King,Golden State Warriors,NBA Player of the Week,,1980-81,,1981-01-04T00:00:00,,Award,Kia Motors,KIPWK,,77264,Bernard King
77264.0,Bernard,King,Golden State Warriors,NBA Player of the Week,,1981-82,,1981-12-20T00:00:00,,Award,Kia Motors,KIPWK,,77264,Bernard King
77264.0,Bernard,King,New York Knicks,NBA Player of the Week,,1983-84,,1984-02-05T00:00:00,,Award,Kia Motors,KIPWK,,77264,Bernard King
77264.0,Bernard,King,New York Knicks,NBA Player of the Week,,1984-85,,1984-11-25T00:00:00,,Award,Kia Motors,KIPWK,,77264,Bernard King
77264.0,Bernard,King,Washington Wizards,NBA Player of the Week,,1987-88,,1988-01-31T00:00:00,,Award,Kia Motors,KIPWK,,77264,Bernard King
77264.0,Bernard,King,Washington Wizards,NBA Player of the Week,,1990-91,,1991-01-13T00:00:00,,Award,Kia Motors,KIPWK,,77264,Bernard King
77264.0,Bernard,King,New York Knicks,NBA Sporting News Most Valuable Player of the Year,,1983-84,,,,Award,Sporting News,SNMVP,,77264,Bernard King
77268.0,George,King,Syracuse Nationals,NBA Champion,,1954-55,,,,Award,Champion,,,77268,George King
1562.0,Gerard,King,San Antonio Spurs,NBA Champion,,1998-99,,,,Award,Champion,,,1562,Gerard King
77270.0,Jim,King,,NBA All-Star,,1967-68,,,,Award,All-Star,,,77270,Jim King
77270.0,Jim,King,USA,Olympic Gold Medal,,1968,,,,Award,Olympic,Gold,,77270,Jim King
351.0,Stacey,King,Chicago Bulls,All-Rookie Team,2,1989-90,,,1610612741,Award,Kia Motors,KIART,,351,Stacey King
351.0,Stacey,King,Chicago Bulls,NBA Champion,,1990-91,,,,Award,Champion,,,351,Stacey King
351.0,Stacey,King,Chicago Bulls,NBA Champion,,1991-92,,,,Award,Champion,,,351,Stacey King
351.0,Stacey,King,Chicago Bulls,NBA Champion,,1992-93,,,,Award,Champion,,,351,Stacey King
200814.0,Tarence,Kinsey,Memphis Grizzlies,NBA Rookie of the Month,,2006-07,04/01/2007,,West,Award,Kia Motors,KIRMO,,200814,Tarence Kinsey
1905.0,Andrei,Kirilenko,Utah Jazz,All-Defensive Team,2,2003-04,,,1610612762,Award,Kia Motors,KIADT,,1905,Andrei Kirilenko
1905.0,Andrei,Kirilenko,Utah Jazz,All-Defensive Team,2,2004-05,,,1610612762,Award,Kia Motors,KIADT,,1905,Andrei Kirilenko
1905.0,Andrei,Kirilenko,Utah Jazz,All-Defensive Team,1,2005-06,,,1610612762,Award,Kia Motors,KIADT,,1905,Andrei Kirilenko
1905.0,Andrei,Kirilenko,Utah Jazz,All-Rookie Team,1,2001-02,,,1610612762,Award,Kia Motors,KIART,,1905,Andrei Kirilenko
1905.0,Andrei,Kirilenko,,NBA All-Star,,2003-04,,,,Award,All-Star,,,1905,Andrei Kirilenko
1905.0,Andrei,Kirilenko,Utah Jazz,NBA Player of the Week,,2003-04,,2003-11-09T00:00:00,West,Award,Kia Motors,KIPWK,,1905,Andrei Kirilenko
1905.0,Andrei,Kirilenko,Utah Jazz,NBA Player of the Week,,2003-04,,2004-02-29T00:00:00,West,Award,Kia Motors,KIPWK,,1905,Andrei Kirilenko
1905.0,Andrei,Kirilenko,Russia,Olympic Appearance,,2000,,,,Award,Olympic,Appearance,,1905,Andrei Kirilenko
1905.0,Andrei,Kirilenko,Russia,Olympic Appearance,,2008,,,,Award,Olympic,Appearance,,1905,Andrei Kirilenko
1905.0,Andrei,Kirilenko,Russia,Olympic Bronze Medal,,2012,,,,Award,Olympic,Bronze,,1905,Andrei Kirilenko
1123.0,Greg,Kite,Boston Celtics,NBA Champion,,1983-84,,,,Award,Champion,,,1123,Greg Kite
1123.0,Greg,Kite,Boston Celtics,NBA Champion,,1985-86,,,,Award,Champion,,,1123,Greg Kite
954.0,Kerry,Kittles,New Jersey Nets,All-Rookie Team,2,1996-97,,,1610612751,Award,Kia Motors,KIART,,954,Kerry Kittles
954.0,Kerry,Kittles,New Jersey Nets,NBA Rookie of the Month,,1996-97,12/01/1996,,,Award,Kia Motors,KIRMO,,954,Kerry Kittles
170.0,Joe,Kleine,USA,Olympic Gold Medal,,1984,,,,Award,Olympic,Gold,,170,Joe Kleine
101132.0,Linas,Kleiza,Lithuania,Olympic Appearance,,2008,,,,Award,Olympic,Appearance,,101132,Linas Kleiza
101132.0,Linas,Kleiza,Lithuania,Olympic Appearance,,2012,,,,Award,Olympic,Appearance,,101132,Linas Kleiza
77284.0,Herm,Klotz,Baltimore Bullets,NBA Champion,,1947-48,,,,Award,Champion,,,77284,Herm Klotz
77290.0,Billy,Knight,,NBA All-Star,,1976-77,,,,Award,All-Star,,,77290,Billy Knight
77290.0,Billy,Knight,Indiana Pacers,NBA Player of the Week,,1980-81,,1980-11-16T00:00:00,,Award,Kia Motors,KIPWK,,77290,Billy Knight
202688.0,Brandon,Knight,Detroit Pistons,All-Rookie Team,1,2011-12,,,1610612765,Award,Kia Motors,KIART,,202688,Brandon Knight
1510.0,Brevin,Knight,Cleveland Cavaliers,All-Rookie Team,1,1997-98,,,1610612739,Award,Kia Motors,KIART,,1510,Brevin Knight
969.0,Travis,Knight,Los Angeles Lakers,All-Rookie Team,2,1996-97,,,1610612747,Award,Kia Motors,KIART,,969,Travis Knight
969.0,Travis,Knight,Los Angeles Lakers,NBA Champion,,1999-00,,,,Award,Champion,,,969,Travis Knight
1628995.0,Kevin,Knox II,New York Knicks,NBA Rookie of the Month,,2018-19,12/1/2018,1900-01-01T12:00:00,East,Award,Kia Motors,KIRMO,,1628995,Kevin Knox II
77295.0,Don,Kojis,,NBA All-Star,,1967-68,,,,Award,All-Star,,,77295,Don Kojis
77295.0,Don,Kojis,,NBA All-Star,,1968-69,,,,Award,All-Star,,,77295,Don Kojis
77297.0,Howard,Komives,New York Knicks,All-Rookie Team,1,1964-65,,,1610612752,Award,Kia Motors,KIART,,77297,Howard Komives
402.0,Jon,Koncak,USA,Olympic Gold Medal,,1984,,,,Award,Olympic,Gold,,402,Jon Koncak
1628436.0,Luke,Kornet,Boston Celtics,NBA Champion,,2023-24,,,,Award,Champion,,,1628436,Luke Kornet
2594.0,Kyle,Korver,,NBA All-Star,,2014-15,,,,Award,All-Star,,,2594,Kyle Korver
2594.0,Kyle,Korver,Atlanta Hawks,NBA Player of the Month,,2014-15,1/1/2015,,East,Award,Kia Motors,KIPMO,,2594,Kyle Korver
2594.0,Kyle,Korver,Atlanta Hawks,NBA Sportsmanship,,2014-15,,,,Award,Kia Motors,KSPRT,,2594,Kyle Korver
2420.0,Nenad,Krstic,New Jersey Nets,All-Rookie Team,2,2004-05,,,1610612751,Award,Kia Motors,KIART,,2420,Nenad Krstic
2420.0,Nenad,Krstic,Serbia & Montenegro,Olympic Appearance,,2004,,,,Award,Olympic,Appearance,,2420,Nenad Krstic
77316.0,Steve,Kuberski,Boston Celtics,NBA Champion,,1973-74,,,,Award,Champion,,,77316,Steve Kuberski
77316.0,Steve,Kuberski,Boston Celtics,NBA Champion,,1975-76,,,,Award,Champion,,,77316,Steve Kuberski
389.0,Toni,Kukoc,Chicago Bulls,All-Rookie Team,2,1993-94,,,1610612741,Award,Kia Motors,KIART,,389,Toni Kukoc
389.0,Toni,Kukoc,Chicago Bulls,NBA Champion,,1995-96,,,,Award,Champion,,,389,Toni Kukoc
389.0,Toni,Kukoc,Chicago Bulls,NBA Champion,,1996-97,,,,Award,Champion,,,389,Toni Kukoc
389.0,Toni,Kukoc,Chicago Bulls,NBA Champion,,1997-98,,,,Award,Champion,,,389,Toni Kukoc
389.0,Toni,Kukoc,Chicago Bulls,NBA Sixth Man of the Year,,1995-96,,,,Award,Kia Motors,KISMY,,389,Toni Kukoc
389.0,Toni,Kukoc,Croatia,Olympic Appearance,,1996,,,,Award,Olympic,Appearance,,389,Toni Kukoc
389.0,Toni,Kukoc,Yugoslavia,Olympic Silver Medal,,1988,,,,Award,Olympic,Silver,,389,Toni Kukoc
389.0,Toni,Kukoc,Croatia,Olympic Silver Medal,,1992,,,,Award,Olympic,Silver,,389,Toni Kukoc
600005.0,Bob,Lanier,Detroit Pistons,All-Rookie Team,1,1970-71,,,1610612765,Award,Kia Motors,KIART,,600005,Bob Lanier
600005.0,Bob,Lanier,,Hall of Fame Inductee,,1992,,,,Award,Hall of Fame,,,600005,Bob Lanier
600005.0,Bob,Lanier,Detroit Pistons,J. Walter Kennedy Citizenship,,1977-78,,,,Award,Kia Motors,KIWKC,,600005,Bob Lanier
600005.0,Bob,Lanier,,NBA All-Star,,1971-72,,,,Award,All-Star,,,600005,Bob Lanier
600005.0,Bob,Lanier,,NBA All-Star,,1972-73,,,,Award,All-Star,,,600005,Bob Lanier
600005.0,Bob,Lanier,,NBA All-Star,,1973-74,,,,Award,All-Star,,,600005,Bob Lanier
600005.0,Bob,Lanier,,NBA All-Star,,1974-75,,,,Award,All-Star,,,600005,Bob Lanier
600005.0,Bob,Lanier,,NBA All-Star,,1976-77,,,,Award,All-Star,,,600005,Bob Lanier
600005.0,Bob,Lanier,,NBA All-Star,,1977-78,,,,Award,All-Star,,,600005,Bob Lanier
600005.0,Bob,Lanier,,NBA All-Star,,1978-79,,,,Award,All-Star,,,600005,Bob Lanier
600005.0,Bob,Lanier,,NBA All-Star,,1981-82,,,,Award,All-Star,,,600005,Bob Lanier
600005.0,Bob,Lanier,Detroit Pistons,NBA All-Star Most Valuable Player,,1973-74,,,,Award,Kia Motors,KAMVP,,600005,Bob Lanier
201951.0,Ty,Lawson,Denver Nuggets,NBA Player of the Week,,2011-12,,2012-02-27T00:00:00,West,Award,Kia Motors,KIPWK,,201951,Ty Lawson
77356.0,Butch,Lee,Los Angeles Lakers,NBA Champion,,1979-80,,,,Award,Champion,,,77356,Butch Lee
77356.0,Butch,Lee,Puerto Rico,Olympic Appearance,,1976,,,,Award,Olympic,Appearance,,77356,Butch Lee
77357.0,Clyde,Lee,,NBA All-Star,,1967-68,,,,Award,All-Star,,,77357,Clyde Lee
1627814.0,Damion,Lee,Golden State Warriors,NBA Champion,,2021-22,,,,Award,Champion,,,1627814,Damion Lee
101135.0,David,Lee,Golden State Warriors,All-NBA,3,2012-13,,,1610612744,Award,Kia Motors,KIANT,,101135,David Lee
101135.0,David,Lee,,NBA All-Star,,2009-10,,,,Award,All-Star,,,101135,David Lee
101135.0,David,Lee,,NBA All-Star,,2012-13,,,,Award,All-Star,,,101135,David Lee
101135.0,David,Lee,Golden State Warriors,NBA Champion,,2014-15,,,,Award,Champion,,,101135,David Lee
101135.0,David,Lee,New York Knicks,NBA Player of the Week,,2008-09,,2009-02-02T00:00:00,East,Award,Kia Motors,KIPWK,,101135,David Lee
101135.0,David,Lee,Golden State Warriors,NBA Player of the Week,,2012-13,,2012-12-10T00:00:00,West,Award,Kia Motors,KIPWK,,101135,David Lee
101135.0,David,Lee,Golden State Warriors,NBA Player of the Week,,2012-13,,2012-12-17T00:00:00,West,Award,Kia Motors,KIPWK,,101135,David Lee
101135.0,David,Lee,Golden State Warriors,NBA Player of the Week,,2012-13,,2013-01-28T00:00:00,West,Award,Kia Motors,KIPWK,,101135,David Lee
101135.0,David,Lee,Golden State Warriors,NBA Player of the Week,,2013-14,,2014-01-06T00:00:00,West,Award,Kia Motors,KIPWK,,101135,David Lee
77364.0,Ron,Lee,Phoenix Suns,All-Rookie Team,1,1976-77,,,1610612756,Award,Kia Motors,KIART,,77364,Ron Lee
702.0,Voshon,Lenard,Denver Nuggets,NBA Player of the Week,,2003-04,,2003-11-30T00:00:00,West,Award,Kia Motors,KIPWK,,702,Voshon Lenard
202695.0,Kawhi,Leonard,San Antonio Spurs,All-Defensive Team,2,2013-14,,,1610612759,Award,Kia Motors,KIADT,,202695,Kawhi Leonard
202695.0,Kawhi,Leonard,San Antonio Spurs,All-Defensive Team,1,2014-15,,,1610612759,Award,Kia Motors,KIADT,,202695,Kawhi Leonard
202695.0,Kawhi,Leonard,San Antonio Spurs,All-Defensive Team,1,2015-16,,,West,Award,Kia Motors,KIADT,,202695,Kawhi Leonard
202695.0,Kawhi,Leonard,San Antonio Spurs,All-Defensive Team,1,2016-17,,,West,Award,Kia Motors,KIADT,,202695,Kawhi Leonard
202695.0,Kawhi,Leonard,Toronto Raptors,All-Defensive Team,2,2018-19,,,East,Award,Kia Motors,KIADT,,202695,Kawhi Leonard
202695.0,Kawhi,Leonard,LA Clippers,All-Defensive Team,2,2019-20,,,West,Award,Kia Motors,KIADT,,202695,Kawhi Leonard
202695.0,Kawhi,Leonard,LA Clippers,All-Defensive Team,2,2020-21,,,West,Award,Kia Motors,KIADT,,202695,Kawhi Leonard
202695.0,Kawhi,Leonard,San Antonio Spurs,All-NBA,1,2015-16,,,West,Award,Kia Motors,KIANT,,202695,Kawhi Leonard
202695.0,Kawhi,Leonard,San Antonio Spurs,All-NBA,1,2016-17,,,West,Award,Kia Motors,KIANT,,202695,Kawhi Leonard
202695.0,Kawhi,Leonard,Toronto Raptors,All-NBA,2,2018-19,,,East,Award,Kia Motors,KIANT,,202695,Kawhi Leonard
202695.0,Kawhi,Leonard,LA Clippers,All-NBA,2,2019-20,,,West,Award,Kia Motors,KIANT,,202695,Kawhi Leonard
202695.0,Kawhi,Leonard,LA Clippers,All-NBA,1,2020-21,,,West,Award,Kia Motors,KIANT,,202695,Kawhi Leonard
202695.0,Kawhi,Leonard,LA Clippers,All-NBA,2,2023-24,,,West,Award,Kia Motors,KIANT,,202695,Kawhi Leonard
202695.0,Kawhi,Leonard,San Antonio Spurs,All-Rookie Team,1,2011-12,,,1610612759,Award,Kia Motors,KIART,,202695,Kawhi Leonard
202695.0,Kawhi,Leonard,,NBA All-Star,,2015-16,,,,Award,All-Star,,,202695,Kawhi Leonard
202695.0,Kawhi,Leonard,,NBA All-Star,,2016-17,,,,Award,All-Star,,,202695,Kawhi Leonard
202695.0,Kawhi,Leonard,,NBA All-Star,,2018-19,,,,Award,All-Star,,,202695,Kawhi Leonard
202695.0,Kawhi,Leonard,,NBA All-Star,,2019-20,,,,Award,All-Star,,,202695,Kawhi Leonard
202695.0,Kawhi,Leonard,,NBA All-Star,,2020-21,,,,Award,All-Star,,,202695,Kawhi Leonard
202695.0,Kawhi,Leonard,,NBA All-Star,,2023-24,,,,Award,All-Star,,,202695,Kawhi Leonard
202695.0,Kawhi,Leonard,,NBA All-Star,,2025-26,,,,Award,All-Star,,,202695,Kawhi Leonard
202695.0,Kawhi,Leonard,LA Clippers,NBA All-Star Most Valuable Player,,2019-20,,,,Award,Kia Motors,KAMVP,,202695,Kawhi Leonard
202695.0,Kawhi,Leonard,San Antonio Spurs,NBA Champion,,2013-14,,,,Award,Champion,,,202695,Kawhi Leonard
202695.0,Kawhi,Leonard,Toronto Raptors,NBA Champion,,2018-19,,,,Award,Champion,,,202695,Kawhi Leonard
202695.0,Kawhi,Leonard,San Antonio Spurs,NBA Defensive Player of the Year,,2014-15,,,,Award,Kia Motors,KDPYR,,202695,Kawhi Leonard
202695.0,Kawhi,Leonard,San Antonio Spurs,NBA Defensive Player of the Year,,2015-16,,,West,Award,Kia Motors,KDPYR,,202695,Kawhi Leonard
202695.0,Kawhi,Leonard,San Antonio Spurs,NBA Finals Most Valuable Player,,2013-14,,,,Award,Kia Motors,KFMVP,,202695,Kawhi Leonard
202695.0,Kawhi,Leonard,Toronto Raptors,NBA Finals Most Valuable Player,,2018-19,,,,Award,Kia Motors,KFMVP,,202695,Kawhi Leonard
202695.0,Kawhi,Leonard,San Antonio Spurs,NBA Player of the Week,,2015-16,,2015-12-21T00:00:00,West,Award,Kia Motors,KIPWK,,202695,Kawhi Leonard
202695.0,Kawhi,Leonard,San Antonio Spurs,NBA Player of the Week,,2015-16,,2016-03-07T00:00:00,West,Award,Kia Motors,KIPWK,,202695,Kawhi Leonard
202695.0,Kawhi,Leonard,San Antonio Spurs,NBA Player of the Week,,2016-17,,2017-01-23T00:00:00,West,Award,Kia Motors,KIPWK,,202695,Kawhi Leonard
202695.0,Kawhi,Leonard,San Antonio Spurs,NBA Player of the Week,,2016-17,,2017-03-06T00:00:00,West,Award,Kia Motors,KIPWK,,202695,Kawhi Leonard
202695.0,Kawhi,Leonard,Toronto Raptors,NBA Player of the Week,,2018-19,,2018-11-26T00:00:00,East,Award,Kia Motors,KIPWK,,202695,Kawhi Leonard
202695.0,Kawhi,Leonard,Toronto Raptors,NBA Player of the Week,,2018-19,,2019-01-07T00:00:00,East,Award,Kia Motors,KIPWK,,202695,Kawhi Leonard
202695.0,Kawhi,Leonard,LA Clippers,NBA Player of the Week,,2019-20,,2020-01-13T00:00:00,West,Award,Kia Motors,KIPWK,,202695,Kawhi Leonard
202695.0,Kawhi,Leonard,LA Clippers,NBA Player of the Week,,2022-23,,2023-04-03T00:00:00,West,Award,Kia Motors,KIPWK,,202695,Kawhi Leonard
202695.0,Kawhi,Leonard,Los Angeles Clippers,NBA Player of the Week,,2023-24,,2024-01-29T00:00:00,West,Award,Kia Motors,KIPWK,,202695,Kawhi Leonard
202695.0,Kawhi,Leonard,LA Clippers,NBA Player of the Week,,2024-25,,2025-03-31T00:00:00,West,Award,Kia Motors,KIPWK,,202695,Kawhi Leonard
202695.0,Kawhi,Leonard,LA Clippers,NBA Player of the Week,,2025-26,,2025-12-22T00:00:00,West,Award,Kia Motors,KIPWK,,202695,Kawhi Leonard
77373.0,Ronnie,Lester,Los Angeles Lakers,NBA Champion,,1984-85,,,,Award,Champion,,,77373,Ronnie Lester
77376.0,Fat,Lever,Denver Nuggets,NBA Player of the Month,,1987-88,04/01/1988,,,Award,Kia Motors,KIPMO,,77376,Lafayette Lever
77376.0,Lafayette,Lever,Denver Nuggets,All-Defensive Team,2,1987-88,,,1610612743,Award,Kia Motors,KIADT,,77376,Lafayette Lever
77376.0,Lafayette,Lever,Denver Nuggets,All-NBA,2,1986-87,,,1610612743,Award,Kia Motors,KIANT,,77376,Lafayette Lever
77376.0,Lafayette,Lever,,NBA All-Star,,1987-88,,,,Award,All-Star,,,77376,Lafayette Lever
77376.0,Lafayette,Lever,,NBA All-Star,,1989-90,,,,Award,All-Star,,,77376,Lafayette Lever
77376.0,Lafayette,Lever,Denver Nuggets,NBA Player of the Week,,1986-87,,1987-02-01T00:00:00,,Award,Kia Motors,KIPWK,,77376,Lafayette Lever
77376.0,Lafayette,Lever,Denver Nuggets,NBA Player of the Week,,1987-88,,1988-04-17T00:00:00,,Award,Kia Motors,KIPWK,,77376,Lafayette Lever
77377.0,Cliff,Levingston,Chicago Bulls,NBA Champion,,1990-91,,,,Award,Champion,,,77377,Cliff Levingston
77377.0,Cliff,Levingston,Chicago Bulls,NBA Champion,,1991-92,,,,Award,Champion,,,77377,Cliff Levingston
77381.0,Grady,Lewis,Baltimore Bullets,NBA Champion,,1947-48,,,,Award,Champion,,,77381,Grady Lewis
1740.0,Rashard,Lewis,,NBA All-Star,,2004-05,,,,Award,All-Star,,,1740,Rashard Lewis
1740.0,Rashard,Lewis,,NBA All-Star,,2008-09,,,,Award,All-Star,,,1740,Rashard Lewis
1740.0,Rashard,Lewis,Miami Heat,NBA Champion,,2012-13,,,,Award,Champion,,,1740,Rashard Lewis
1740.0,Rashard,Lewis,Seattle SuperSonics,NBA Player of the Week,,2002-03,,2002-11-17T00:00:00,West,Award,Kia Motors,KIPWK,,1740,Rashard Lewis
1740.0,Rashard,Lewis,Seattle SuperSonics,NBA Player of the Week,,2003-04,,2003-11-02T00:00:00,West,Award,Kia Motors,KIPWK,,1740,Rashard Lewis
77384.0,Reggie,Lewis,,NBA All-Star,,1991-92,,,,Award,All-Star,,,77384,Reggie Lewis
77384.0,Reggie,Lewis,Boston Celtics,NBA Player of the Week,,1991-92,,1992-04-12T00:00:00,,Award,Kia Motors,KIPWK,,77384,Reggie Lewis
203081.0,Damian,Lillard,Portland Trail Blazers,All-NBA,3,2013-14,,,1610612757,Award,Kia Motors,KIANT,,203081,Damian Lillard
203081.0,Damian,Lillard,Portland Trail Blazers,All-NBA,2,2015-16,,,West,Award,Kia Motors,KIANT,,203081,Damian Lillard
203081.0,Damian,Lillard,Portland Trail Blazers,All-NBA,1,2017-18,,,West,Award,Kia Motors,KIANT,,203081,Damian Lillard
203081.0,Damian,Lillard,Portland Trail Blazers,All-NBA,2,2018-19,,,West,Award,Kia Motors,KIANT,,203081,Damian Lillard
203081.0,Damian,Lillard,Portland Trail Blazers,All-NBA,2,2019-20,,,West,Award,Kia Motors,KIANT,,203081,Damian Lillard
203081.0,Damian,Lillard,Portland Trail Blazers,All-NBA,2,2020-21,,,West,Award,Kia Motors,KIANT,,203081,Damian Lillard
203081.0,Damian,Lillard,Portland Trail Blazers,All-NBA,3,2022-23,,,West,Award,Kia Motors,KIANT,,203081,Damian Lillard
203081.0,Damian,Lillard,Portland Trail Blazers,All-Rookie Team,1,2012-13,,,1610612757,Award,Kia Motors,KIART,,203081,Damian Lillard
203081.0,Damian,Lillard,,NBA All-Star,,2013-14,,,,Award,All-Star,,,203081,Damian Lillard
203081.0,Damian,Lillard,,NBA All-Star,,2014-15,,,,Award,All-Star,,,203081,Damian Lillard
203081.0,Damian,Lillard,,NBA All-Star,,2017-18,,,,Award,All-Star,,,203081,Damian Lillard
203081.0,Damian,Lillard,,NBA All-Star,,2018-19,,,,Award,All-Star,,,203081,Damian Lillard
203081.0,Damian,Lillard,,NBA All-Star,,2019-20,,,,Award,All-Star,,,203081,Damian Lillard
203081.0,Damian,Lillard,,NBA All-Star,,2020-21,,,,Award,All-Star,,,203081,Damian Lillard
203081.0,Damian,Lillard,,NBA All-Star,,2022-23,,,,Award,All-Star,,,203081,Damian Lillard
203081.0,Damian,Lillard,,NBA All-Star,,2023-24,,,,Award,All-Star,,,203081,Damian Lillard
203081.0,Damian,Lillard,,NBA All-Star,,2024-25,,,,Award,All-Star,,,203081,Damian Lillard
203081.0,Damian,Lillard,Milwaukee Bucks,NBA All-Star Most Valuable Player,,2023-24,,,,Award,Kia Motors,KAMVP,,203081,Damian Lillard
203081.0,Damian,Lillard,Milwaukee Bucks,NBA Cup All-Tournament Team,1,2024-25,,,East,Award,Emirates,EMATT,,203081,Damian Lillard
203081.0,Damian,Lillard,Portland Trail Blazers,NBA Player of the Month,,2016-17,3/1/2017,,West,Award,Kia Motors,KIPMO,,203081,Damian Lillard
203081.0,Damian,Lillard,Portland Trail Blazers,NBA Player of the Week,,2014-15,,2014-11-10T00:00:00,West,Award,Kia Motors,KIPWK,,203081,Damian Lillard
203081.0,Damian,Lillard,Portland Trail Blazers,NBA Player of the Week,,2014-15,,2015-02-23T00:00:00,West,Award,Kia Motors,KIPWK,,203081,Damian Lillard
203081.0,Damian,Lillard,Portland Trail Blazers,NBA Player of the Week,,2016-17,,2017-03-20T00:00:00,West,Award,Kia Motors,KIPWK,,203081,Damian Lillard
203081.0,Damian,Lillard,Portland Trail Blazers,NBA Player of the Week,,2017-18,,2018-01-15T00:00:00,West,Award,Kia Motors,KIPWK,,203081,Damian Lillard
203081.0,Damian,Lillard,Portland Trail Blazers,NBA Player of the Week,,2017-18,,2018-03-05T00:00:00,West,Award,Kia Motors,KIPWK,,203081,Damian Lillard
203081.0,Damian,Lillard,Portland Trail Blazers,NBA Player of the Week,,2017-18,,2018-03-26T00:00:00,West,Award,Kia Motors,KIPWK,,203081,Damian Lillard
203081.0,Damian,Lillard,Portland Trail Blazers,NBA Player of the Week,,2018-19,,2019-03-25T00:00:00,West,Award,Kia Motors,KIPWK,,203081,Damian Lillard
203081.0,Damian,Lillard,Portland Trail Blazers,NBA Player of the Week,,2019-20,,2020-01-20T00:00:00,West,Award,Kia Motors,KIPWK,,203081,Damian Lillard
203081.0,Damian,Lillard,Portland Trail Blazers,NBA Player of the Week,,2019-20,,2020-01-27T00:00:00,West,Award,Kia Motors,KIPWK,,203081,Damian Lillard
203081.0,Damian,Lillard,Portland Trail Blazers,NBA Player of the Week, ,2020-21,,2021-01-11T00:00:00,West,Award,Kia Motors,KIPWK,,203081,Damian Lillard
203081.0,Damian,Lillard,Portland Trail Blazers,NBA Player of the Week,,2020-21,,2021-02-15T00:00:00,West,Award,Kia Motors,KIPWK,,203081,Damian Lillard
203081.0,Damian,Lillard,Portland Trail Blazers,NBA Player of the Week,,2020-21,,2021-05-10T00:00:00,West,Award,Kia Motors,KIPWK,,203081,Damian Lillard
203081.0,Damian,Lillard,Portland Trail Blazers,NBA Player of the Week,,2021-22,,2021-11-15T00:00:00,West,Award,Kia Motors,KIPWK,,203081,Damian Lillard
203081.0,Damian,Lillard,Portland Trail Blazers,NBA Player of the Week,,2022-23,,2022-10-17T00:00:00,West,Award,Kia Motors,KIPWK,,203081,Damian Lillard
203081.0,Damian,Lillard,Portland Trail Blazers,NBA Player of the Week,,2022-23,,2023-01-23T00:00:00,West,Award,Kia Motors,KIPWK,,203081,Damian Lillard
203081.0,Damian,Lillard,Portland Trail Blazers,NBA Player of the Week,,2022-23,,2023-01-30T00:00:00,West,Award,Kia Motors,KIPWK,,203081,Damian Lillard
203081.0,Damian,Lillard,Portland Trail Blazers,NBA Rookie of the Month,,2012-13,01/01/2013,,West,Award,Kia Motors,KIRMO,,203081,Damian Lillard
203081.0,Damian,Lillard,Portland Trail Blazers,NBA Rookie of the Month,,2012-13,02/01/2013,,West,Award,Kia Motors,KIRMO,,203081,Damian Lillard
203081.0,Damian,Lillard,Portland Trail Blazers,NBA Rookie of the Month,,2012-13,03/01/2013,,West,Award,Kia Motors,KIRMO,,203081,Damian Lillard
203081.0,Damian,Lillard,Portland Trail Blazers,NBA Rookie of the Month,,2012-13,04/01/2013,,West,Award,Kia Motors,KIRMO,,203081,Damian Lillard
203081.0,Damian,Lillard,Portland Trail Blazers,NBA Rookie of the Month,,2012-13,12/01/2012,,West,Award,Kia Motors,KIRMO,,203081,Damian Lillard
203081.0,Damian,Lillard,Portland Trail Blazers,NBA Rookie of the Year,,2012-13,,,,Award,Kia Motors,KIROY,,203081,Damian Lillard
203081.0,Damian,Lillard,USA,Olympic Gold Medal,,2020,,,,Award,Olympic,Gold,,203081,Damian Lillard
202391.0,Jeremy,Lin,Toronto Raptors,NBA Champion,,2018-19,,,,Award,Champion,,,202391,Jeremy Lin
202391.0,Jeremy,Lin,New York Knicks,NBA Player of the Week,,2011-12,,2012-02-06T00:00:00,East,Award,Kia Motors,KIPWK,,202391,Jeremy Lin
1641726.0,Dereck,Lively II,Dallas Mavericks,All-Rookie Team,2,2023-24,,,West,Award,Kia Motors,KIART,,1641726,Dereck Lively II
2733.0,Shaun,Livingston,Golden State Warriors,NBA Champion,,2014-15,,,,Award,Champion,,,2733,Shaun Livingston
2733.0,Shaun,Livingston,Golden State Warriors,NBA Champion,,2016-17,,,,Award,Champion,,,2733,Shaun Livingston
2733.0,Shaun,Livingston,Golden State Warriors,NBA Champion,,2017-18,,,,Award,Champion,,,2733,Shaun Livingston
2733.0,Shaun,Livingston,Los Angeles Clippers,NBA Rookie of the Month,,2004-05,04/01/2005,,West,Award,Kia Motors,KIRMO,,2733,Shaun Livingston
77394.0,Earl,Lloyd,Syracuse Nationals,NBA Champion,,1954-55,,,,Award,Champion,,,77394,Earl Lloyd
77403.0,John,Logan,St. Louis Bombers,All-NBA,2,1946-47,,,1610610034,Award,Kia Motors,KIANT,,77403,Johnny Logan
77403.0,John,Logan,St. Louis Bombers,All-NBA,2,1947-48,,,1610610034,Award,Kia Motors,KIANT,,77403,Johnny Logan
77403.0,John,Logan,St. Louis Bombers,All-NBA,2,1948-49,,,1610610034,Award,Kia Motors,KIANT,,77403,Johnny Logan
1381.0,John,Long,Detroit Pistons,NBA Champion,,1988-89,,,,Award,Champion,,,1381,John Long
26.0,Luc,Longley,Chicago Bulls,NBA Champion,,1995-96,,,,Award,Champion,,,26,Luc Longley
26.0,Luc,Longley,Chicago Bulls,NBA Champion,,1996-97,,,,Award,Champion,,,26,Luc Longley
26.0,Luc,Longley,Chicago Bulls,NBA Champion,,1997-98,,,,Award,Champion,,,26,Luc Longley
26.0,Luc,Longley,Australia,Olympic Appearance,,1988,,,,Award,Olympic,Appearance,,26,Luc Longley
26.0,Luc,Longley,Australia,Olympic Appearance,,1992,,,,Award,Olympic,Appearance,,26,Luc Longley
26.0,Luc,Longley,Australia,Olympic Appearance,,2000,,,,Award,Olympic,Appearance,,26,Luc Longley
1626172.0,Kevon,Looney,Golden State Warriors,NBA Champion,,2017-18,,,,Award,Champion,,,1626172,Kevon Looney
1626172.0,Kevon,Looney,Golden State Warriors,NBA Champion,,2021-22,,,,Award,Champion,,,1626172,Kevon Looney
201572.0,Brook,Lopez,Milwaukee Bucks,All-Defensive Team,2,2019-20,,,East,Award,Kia Motors,KIADT,,201572,Brook Lopez
201572.0,Brook,Lopez,Milwaukee Bucks,All-Defensive Team,1,2022-23,,,East,Award,Kia Motors,KIADT,,201572,Brook Lopez
201572.0,Brook,Lopez,New Jersey Nets,All-Rookie Team,1,2008-09,,,1610612751,Award,Kia Motors,KIART,,201572,Brook Lopez
201572.0,Brook,Lopez,,NBA All-Star,,2012-13,,,,Award,All-Star,,,201572,Brook Lopez
201572.0,Brook,Lopez,Milwaukee Bucks,NBA Champion,,2020-21,,,,Award,Champion,,,201572,Brook Lopez
201572.0,Brook,Lopez,Brooklyn Nets,NBA Player of the Week,,2014-15,,2015-03-23T00:00:00,East,Award,Kia Motors,KIPWK,,201572,Brook Lopez
201572.0,Brook,Lopez,Brooklyn Nets,NBA Player of the Week,,2014-15,,2015-03-30T00:00:00,East,Award,Kia Motors,KIPWK,,201572,Brook Lopez
201572.0,Brook,Lopez,Brooklyn Nets,NBA Player of the Week,,2015-16,,2016-01-04T00:00:00,East,Award,Kia Motors,KIPWK,,201572,Brook Lopez
201572.0,Brook,Lopez,New Jersey Nets,NBA Rookie of the Month,,2008-09,01/01/2009,,East,Award,Kia Motors,KIRMO,,201572,Brook Lopez
201572.0,Brook,Lopez,New Jersey Nets,NBA Rookie of the Month,,2008-09,02/01/2009,,East,Award,Kia Motors,KIRMO,,201572,Brook Lopez
2221.0,Raul,Lopez,Spain,Olympic Appearance,,2000,,,,Award,Olympic,Appearance,,2221,Raul Lopez
2221.0,Raul,Lopez,Spain,Olympic Silver Medal,,2008,,,,Award,Olympic,Silver,,2221,Raul Lopez
77409.0,Jim,Loscutoff,Boston Celtics,NBA Champion,,1956-57,,,,Award,Champion,,,77409,Jim Loscutoff
77409.0,Jim,Loscutoff,Boston Celtics,NBA Champion,,1958-59,,,,Award,Champion,,,77409,Jim Loscutoff
77409.0,Jim,Loscutoff,Boston Celtics,NBA Champion,,1960-61,,,,Award,Champion,,,77409,Jim Loscutoff
77409.0,Jim,Loscutoff,Boston Celtics,NBA Champion,,1961-62,,,,Award,Champion,,,77409,Jim Loscutoff
77409.0,Jim,Loscutoff,Boston Celtics,NBA Champion,,1962-63,,,,Award,Champion,,,77409,Jim Loscutoff
77409.0,Jim,Loscutoff,Boston Celtics,NBA Champion,,1963-64,,,,Award,Champion,,,77409,Jim Loscutoff
77412.0,Bob,Love,Chicago Bulls,All-Defensive Team,2,1971-72,,,1610612741,Award,Kia Motors,KIADT,,77412,Bob Love
77412.0,Bob,Love,Chicago Bulls,All-Defensive Team,2,1973-74,,,1610612741,Award,Kia Motors,KIADT,,77412,Bob Love
77412.0,Bob,Love,Chicago Bulls,All-Defensive Team,2,1974-75,,,1610612741,Award,Kia Motors,KIADT,,77412,Bob Love
77412.0,Bob,Love,Chicago Bulls,All-NBA,2,1970-71,,,1610612741,Award,Kia Motors,KIANT,,77412,Bob Love
77412.0,Bob,Love,Chicago Bulls,All-NBA,2,1971-72,,,1610612741,Award,Kia Motors,KIANT,,77412,Bob Love
77412.0,Bob,Love,,NBA All-Star,,1970-71,,,,Award,All-Star,,,77412,Bob Love
77412.0,Bob,Love,,NBA All-Star,,1971-72,,,,Award,All-Star,,,77412,Bob Love
77412.0,Bob,Love,,NBA All-Star,,1972-73,,,,Award,All-Star,,,77412,Bob Love
201567.0,Kevin,Love,Minnesota Timberwolves,All-NBA,2,2011-12,,,1610612750,Award,Kia Motors,KIANT,,201567,Kevin Love
201567.0,Kevin,Love,Minnesota Timberwolves,All-NBA,2,2013-14,,,1610612750,Award,Kia Motors,KIANT,,201567,Kevin Love
201567.0,Kevin,Love,Minnesota Timberwolves,All-Rookie Team,2,2008-09,,,1610612750,Award,Kia Motors,KIART,,201567,Kevin Love
201567.0,Kevin,Love,,NBA All-Star,,2010-11,,,,Award,All-Star,,,201567,Kevin Love
201567.0,Kevin,Love,,NBA All-Star,,2011-12,,,,Award,All-Star,,,201567,Kevin Love
201567.0,Kevin,Love,,NBA All-Star,,2013-14,,,,Award,All-Star,,,201567,Kevin Love
201567.0,Kevin,Love,,NBA All-Star,,2016-17,,,,Award,All-Star,,,201567,Kevin Love
201567.0,Kevin,Love,,NBA All-Star,,2017-18,,,,Award,All-Star,,,201567,Kevin Love
201567.0,Kevin,Love,Cleveland Cavaliers,NBA Champion,,2015-16,,,,Award,Champion,,,201567,Kevin Love
201567.0,Kevin,Love,Minnesota Timberwolves,NBA Most Improved Player,,2010-11,,,,Award,Kia Motors,KIMIP,,201567,Kevin Love
201567.0,Kevin,Love,Minnesota Timberwolves,NBA Player of the Week,,2013-14,,2013-11-04T00:00:00,West,Award,Kia Motors,KIPWK,,201567,Kevin Love
201567.0,Kevin,Love,Minnesota Timberwolves,NBA Player of the Week,,2013-14,,2014-02-24T00:00:00,West,Award,Kia Motors,KIPWK,,201567,Kevin Love
201567.0,Kevin,Love,Cleveland Cavaliers,NBA Player of the Week,,2016-17,,2016-11-28T00:00:00,East,Award,Kia Motors,KIPWK,,201567,Kevin Love
201567.0,Kevin,Love,Minnesota Timberwolves,NBA Rookie of the Month,,2008-09,03/01/2009,,West,Award,Kia Motors,KIRMO,,201567,Kevin Love
201567.0,Kevin,Love,USA,Olympic Gold Medal,,2012,,,,Award,Olympic,Gold,,201567,Kevin Love
77414.0,Clyde,Lovellette,Minneapolis Lakers,All-NBA,2,1955-56,,,1610612747,Award,Kia Motors,KIANT,,77414,Clyde Lovellette
77414.0,Clyde,Lovellette,,Hall of Fame Inductee,,1988,,,,Award,Hall of Fame,,,77414,Clyde Lovellette
77414.0,Clyde,Lovellette,,NBA All-Star,,1955-56,,,,Award,All-Star,,,77414,Clyde Lovellette
77414.0,Clyde,Lovellette,,NBA All-Star,,1956-57,,,,Award,All-Star,,,77414,Clyde Lovellette
77414.0,Clyde,Lovellette,,NBA All-Star,,1959-60,,,,Award,All-Star,,,77414,Clyde Lovellette
77414.0,Clyde,Lovellette,,NBA All-Star,,1960-61,,,,Award,All-Star,,,77414,Clyde Lovellette
77414.0,Clyde,Lovellette,Minneapolis Lakers,NBA Champion,,1953-54,,,,Award,Champion,,,77414,Clyde Lovellette
77414.0,Clyde,Lovellette,Boston Celtics,NBA Champion,,1962-63,,,,Award,Champion,,,77414,Clyde Lovellette
77414.0,Clyde,Lovellette,Boston Celtics,NBA Champion,,1963-64,,,,Award,Champion,,,77414,Clyde Lovellette
200768.0,Kyle,Lowry,Toronto Raptors,All-NBA,3,2015-16,,,East,Award,Kia Motors,KIANT,,200768,Kyle Lowry
200768.0,Kyle,Lowry,,NBA All-Star,,2014-15,,,,Award,All-Star,,,200768,Kyle Lowry
200768.0,Kyle,Lowry,,NBA All-Star,,2015-16,,,,Award,All-Star,,,200768,Kyle Lowry
200768.0,Kyle,Lowry,,NBA All-Star,,2016-17,,,,Award,All-Star,,,200768,Kyle Lowry
200768.0,Kyle,Lowry,,NBA All-Star,,2017-18,,,,Award,All-Star,,,200768,Kyle Lowry
200768.0,Kyle,Lowry,,NBA All-Star,,2018-19,,,,Award,All-Star,,,200768,Kyle Lowry
200768.0,Kyle,Lowry,,NBA All-Star,,2019-20,,,,Award,All-Star,,,200768,Kyle Lowry
200768.0,Kyle,Lowry,Toronto Raptors,NBA Champion,,2018-19,,,,Award,Champion,,,200768,Kyle Lowry
200768.0,Kyle,Lowry,Toronto Raptors,NBA Player of the Month,,2014-15,12/1/2014,,East,Award,Kia Motors,KIPMO,,200768,Kyle Lowry
200768.0,Kyle,Lowry,Toronto Raptors,NBA Player of the Month,,2015-16,1/1/2016,,East,Award,Kia Motors,KIPMO,,200768,Kyle Lowry
200768.0,Kyle,Lowry,Toronto Raptors,NBA Player of the Week,,2013-14,,2014-02-03T00:00:00,East,Award,Kia Motors,KIPWK,,200768,Kyle Lowry
200768.0,Kyle,Lowry,Toronto Raptors,NBA Player of the Week,,2014-15,,2014-12-01T00:00:00,East,Award,Kia Motors,KIPWK,,200768,Kyle Lowry
200768.0,Kyle,Lowry,Toronto Raptors,NBA Player of the Week,,2015-16,,2016-02-29T00:00:00,East,Award,Kia Motors,KIPWK,,200768,Kyle Lowry
200768.0,Kyle,Lowry,Toronto Raptors,NBA Player of the Week,,2015-16,,2016-03-21T00:00:00,East,Award,Kia Motors,KIPWK,,200768,Kyle Lowry
200768.0,Kyle,Lowry,Toronto Raptors,NBA Player of the Week,,2019-20,,2019-12-16T00:00:00,East,Award,Kia Motors,KIPWK,,200768,Kyle Lowry
200768.0,Kyle,Lowry,USA,Olympic Gold Medal,,2016,,,,Award,Olympic,Gold,,200768,Kyle Lowry
77418.0,Jerry,Lucas,Cincinnati Royals,All-NBA,2,1963-64,,,1610612758,Award,Kia Motors,KIANT,,77418,Jerry Lucas
77418.0,Jerry,Lucas,Cincinnati Royals,All-NBA,1,1964-65,,,1610612758,Award,Kia Motors,KIANT,,77418,Jerry Lucas
77418.0,Jerry,Lucas,Cincinnati Royals,All-NBA,1,1965-66,,,1610612758,Award,Kia Motors,KIANT,,77418,Jerry Lucas
77418.0,Jerry,Lucas,Cincinnati Royals,All-NBA,2,1966-67,,,1610612758,Award,Kia Motors,KIANT,,77418,Jerry Lucas
77418.0,Jerry,Lucas,Cincinnati Royals,All-NBA,1,1967-68,,,1610612758,Award,Kia Motors,KIANT,,77418,Jerry Lucas
77418.0,Jerry,Lucas,Cincinnati Royals,All-Rookie Team,1,1963-64,,,1610612758,Award,Kia Motors,KIART,,77418,Jerry Lucas
77418.0,Jerry,Lucas,,Hall of Fame Inductee,,1980,,,,Award,Hall of Fame,,,77418,Jerry Lucas
77418.0,Jerry,Lucas,,NBA All-Star,,1963-64,,,,Award,All-Star,,,77418,Jerry Lucas
77418.0,Jerry,Lucas,,NBA All-Star,,1964-65,,,,Award,All-Star,,,77418,Jerry Lucas
77418.0,Jerry,Lucas,,NBA All-Star,,1965-66,,,,Award,All-Star,,,77418,Jerry Lucas
77418.0,Jerry,Lucas,,NBA All-Star,,1966-67,,,,Award,All-Star,,,77418,Jerry Lucas
77418.0,Jerry,Lucas,,NBA All-Star,,1967-68,,,,Award,All-Star,,,77418,Jerry Lucas
77418.0,Jerry,Lucas,,NBA All-Star,,1968-69,,,,Award,All-Star,,,77418,Jerry Lucas
77418.0,Jerry,Lucas,,NBA All-Star,,1970-71,,,,Award,All-Star,,,77418,Jerry Lucas
77418.0,Jerry,Lucas,Cincinnati Royals,NBA All-Star Most Valuable Player,,1964-65,,,,Award,Kia Motors,KAMVP,,77418,Jerry Lucas
77418.0,Jerry,Lucas,New York Knicks,NBA Champion,,1972-73,,,,Award,Champion,,,77418,Jerry Lucas
77418.0,Jerry,Lucas,Cincinnati Royals,NBA Rookie of the Year,,1963-64,,,,Award,Kia Motors,KIROY,,77418,Jerry Lucas
77418.0,Jerry,Lucas,Cincinnati Royals,NBA Sporting News Rookie of the Year,,1963-64,,,,Award,Sporting News,SNROY,,77418,Jerry Lucas
77418.0,Jerry,Lucas,USA,Olympic Gold Medal,,1960,,,,Award,Olympic,Gold,,77418,Jerry Lucas
77419.0,John,Lucas,Houston Rockets,All-Rookie Team,1,1976-77,,,1610612745,Award,Kia Motors,KIART,,77419,John Lucas
77420.0,Maurice,Lucas,Portland Trail Blazers,All-Defensive Team,1,1977-78,,,1610612757,Award,Kia Motors,KIADT,,77420,Maurice Lucas
77420.0,Maurice,Lucas,Portland Trail Blazers,All-Defensive Team,2,1978-79,,,1610612757,Award,Kia Motors,KIADT,,77420,Maurice Lucas
77420.0,Maurice,Lucas,Portland Trail Blazers,All-NBA,2,1977-78,,,1610612757,Award,Kia Motors,KIANT,,77420,Maurice Lucas
77420.0,Maurice,Lucas,,NBA All-Star,,1976-77,,,,Award,All-Star,,,77420,Maurice Lucas
77420.0,Maurice,Lucas,,NBA All-Star,,1977-78,,,,Award,All-Star,,,77420,Maurice Lucas
77420.0,Maurice,Lucas,,NBA All-Star,,1978-79,,,,Award,All-Star,,,77420,Maurice Lucas
77420.0,Maurice,Lucas,,NBA All-Star,,1982-83,,,,Award,All-Star,,,77420,Maurice Lucas
77420.0,Maurice,Lucas,Portland Trail Blazers,NBA Champion,,1976-77,,,,Award,Champion,,,77420,Maurice Lucas
77420.0,Maurice,Lucas,Phoenix Suns,NBA Player of the Week,,1982-83,,1982-12-26T00:00:00,,Award,Kia Motors,KIPWK,,77420,Maurice Lucas
1731.0,Tyronn,Lue,Los Angeles Lakers,NBA Champion,,2000-01,,,,Award,Champion,,,1731,Tyronn Lue
1928.0,Todd,MacCulloch,Canada,Olympic Appearance,,2000,,,,Award,Olympic,Appearance,,1928,Todd MacCulloch
931.0,Don,MacLean,Washington Bullets,NBA Most Improved Player,,1993-94,,,,Award,Kia Motors,KIMIP,,931,Don MacLean
77429.0,Ed,Macauley,Boston Celtics,All-NBA,1,1950-51,,,1610612738,Award,Kia Motors,KIANT,,77429,Ed Macauley
77429.0,Ed,Macauley,Boston Celtics,All-NBA,1,1951-52,,,1610612738,Award,Kia Motors,KIANT,,77429,Ed Macauley
77429.0,Ed,Macauley,Boston Celtics,All-NBA,1,1952-53,,,1610612738,Award,Kia Motors,KIANT,,77429,Ed Macauley
77429.0,Ed,Macauley,Boston Celtics,All-NBA,2,1953-54,,,1610612738,Award,Kia Motors,KIANT,,77429,Ed Macauley
77429.0,Ed,Macauley,,Hall of Fame Inductee,,1960,,,,Award,Hall of Fame,,,77429,Ed Macauley
77429.0,Ed,Macauley,,NBA All-Star,,1950-51,,,,Award,All-Star,,,77429,Ed Macauley
77429.0,Ed,Macauley,,NBA All-Star,,1951-52,,,,Award,All-Star,,,77429,Ed Macauley
77429.0,Ed,Macauley,,NBA All-Star,,1952-53,,,,Award,All-Star,,,77429,Ed Macauley
77429.0,Ed,Macauley,,NBA All-Star,,1953-54,,,,Award,All-Star,,,77429,Ed Macauley
77429.0,Ed,Macauley,,NBA All-Star,,1954-55,,,,Award,All-Star,,,77429,Ed Macauley
77429.0,Ed,Macauley,,NBA All-Star,,1955-56,,,,Award,All-Star,,,77429,Ed Macauley
77429.0,Ed,Macauley,,NBA All-Star,,1956-57,,,,Award,All-Star,,,77429,Ed Macauley
77429.0,Ed,Macauley,Boston Celtics,NBA All-Star Most Valuable Player,,1950-51,,,,Award,Kia Motors,KAMVP,,77429,Ed Macauley
77429.0,Ed,Macauley,Boston Celtics,NBA All-Star Selection,,1950-51,,,East,Award,All-Star,,,77429,Ed Macauley
77429.0,Ed,Macauley,St. Louis Hawks,NBA Champion,,1957-58,,,,Award,Champion,,,77429,Ed Macauley
101178.0,Arvydas,Macijauskas,Lithuania,Olympic Appearance,,2004,,,,Award,Olympic,Appearance,,101178,Arvydas Macijauskas
1855.0,Mark,Macon,Denver Nuggets,All-Rookie Team,2,1991-92,,,1610612743,Award,Kia Motors,KIART,,1855,Mark Macon
2058.0,Mark,Madsen,Los Angeles Lakers,NBA Champion,,2000-01,,,,Award,Champion,,,2058,Mark Madsen
2058.0,Mark,Madsen,Los Angeles Lakers,NBA Champion,,2001-02,,,,Award,Champion,,,2058,Mark Madsen
2048.0,Jamaal,Magloire,,NBA All-Star,,2003-04,,,,Award,All-Star,,,2048,Jamaal Magloire
2048.0,Jamaal,Magloire,New Orleans Hornets,NBA Player of the Month,,2003-04,04/01/2004,,West,Award,Kia Motors,KIPMO,,2048,Jamaal Magloire
2048.0,Jamaal,Magloire,New Orleans Hornets,NBA Player of the Week,,2003-04,,2004-04-12T00:00:00,East,Award,Kia Motors,KIPWK,,2048,Jamaal Magloire
101133.0,Ian,Mahinmi,Dallas Mavericks,NBA Champion,,2010-11,,,,Award,Champion,,,101133,Ian Mahinmi
328.0,Rick,Mahorn,Philadelphia 76ers,All-Defensive Team,2,1989-90,,,1610612755,Award,Kia Motors,KIADT,,328,Rick Mahorn
328.0,Rick,Mahorn,Detroit Pistons,NBA Champion,,1988-89,,,,Award,Champion,,,328,Rick Mahorn
105.0,Dan,Majerle,Phoenix Suns,All-Defensive Team,2,1990-91,,,1610612756,Award,Kia Motors,KIADT,,105,Dan Majerle
105.0,Dan,Majerle,Phoenix Suns,All-Defensive Team,2,1992-93,,,1610612756,Award,Kia Motors,KIADT,,105,Dan Majerle
105.0,Dan,Majerle,,NBA All-Star,,1991-92,,,,Award,All-Star,,,105,Dan Majerle
105.0,Dan,Majerle,,NBA All-Star,,1992-93,,,,Award,All-Star,,,105,Dan Majerle
105.0,Dan,Majerle,,NBA All-Star,,1994-95,,,,Award,All-Star,,,105,Dan Majerle
105.0,Dan,Majerle,USA,Olympic Bronze Medal,,1988,,,,Award,Olympic,Bronze,,105,Dan Majerle
117.0,Jeff,Malone,Washington Bullets,All-Rookie Team,1,1983-84,,,1610612764,Award,Kia Motors,KIART,,117,Jeff Malone
117.0,Jeff,Malone,,NBA All-Star,,1985-86,,,,Award,All-Star,,,117,Jeff Malone
117.0,Jeff,Malone,,NBA All-Star,,1986-87,,,,Award,All-Star,,,117,Jeff Malone
117.0,Jeff,Malone,Utah Jazz,NBA Player of the Week,,1991-92,,1991-12-08T00:00:00,,Award,Kia Motors,KIPWK,,117,Jeff Malone
252.0,Karl,Malone,Utah Jazz,All-Defensive Team,2,1987-88,,,1610612762,Award,Kia Motors,KIADT,,252,Karl Malone
252.0,Karl,Malone,Utah Jazz,All-Defensive Team,1,1996-97,,,1610612762,Award,Kia Motors,KIADT,,252,Karl Malone
252.0,Karl,Malone,Utah Jazz,All-Defensive Team,1,1997-98,,,1610612762,Award,Kia Motors,KIADT,,252,Karl Malone
252.0,Karl,Malone,Utah Jazz,All-Defensive Team,1,1998-99,,,1610612762,Award,Kia Motors,KIADT,,252,Karl Malone
252.0,Karl,Malone,Utah Jazz,All-NBA,2,1987-88,,,1610612762,Award,Kia Motors,KIANT,,252,Karl Malone
252.0,Karl,Malone,Utah Jazz,All-NBA,1,1988-89,,,1610612762,Award,Kia Motors,KIANT,,252,Karl Malone
252.0,Karl,Malone,Utah Jazz,All-NBA,1,1989-90,,,1610612762,Award,Kia Motors,KIANT,,252,Karl Malone
252.0,Karl,Malone,Utah Jazz,All-NBA,1,1990-91,,,1610612762,Award,Kia Motors,KIANT,,252,Karl Malone
252.0,Karl,Malone,Utah Jazz,All-NBA,1,1991-92,,,1610612762,Award,Kia Motors,KIANT,,252,Karl Malone
252.0,Karl,Malone,Utah Jazz,All-NBA,1,1992-93,,,1610612762,Award,Kia Motors,KIANT,,252,Karl Malone
252.0,Karl,Malone,Utah Jazz,All-NBA,1,1993-94,,,1610612762,Award,Kia Motors,KIANT,,252,Karl Malone
252.0,Karl,Malone,Utah Jazz,All-NBA,1,1994-95,,,1610612762,Award,Kia Motors,KIANT,,252,Karl Malone
252.0,Karl,Malone,Utah Jazz,All-NBA,1,1995-96,,,1610612762,Award,Kia Motors,KIANT,,252,Karl Malone
252.0,Karl,Malone,Utah Jazz,All-NBA,1,1996-97,,,1610612762,Award,Kia Motors,KIANT,,252,Karl Malone
252.0,Karl,Malone,Utah Jazz,All-NBA,1,1997-98,,,1610612762,Award,Kia Motors,KIANT,,252,Karl Malone
252.0,Karl,Malone,Utah Jazz,All-NBA,1,1998-99,,,1610612762,Award,Kia Motors,KIANT,,252,Karl Malone
252.0,Karl,Malone,Utah Jazz,All-NBA,2,1999-00,,,1610612762,Award,Kia Motors,KIANT,,252,Karl Malone
252.0,Karl,Malone,Utah Jazz,All-NBA,3,2000-01,,,1610612762,Award,Kia Motors,KIANT,,252,Karl Malone
252.0,Karl,Malone,Utah Jazz,All-Rookie Team,1,1985-86,,,1610612762,Award,Kia Motors,KIART,,252,Karl Malone
252.0,Karl,Malone,,Hall of Fame Inductee,,2010,,,,Award,Hall of Fame,,,252,Karl Malone
252.0,Karl,Malone,Utah Jazz,IBM Award,,1997-98,,,,Award,IBM,IBMAW,,252,Karl Malone
252.0,Karl,Malone,,NBA All-Star,,1987-88,,,,Award,All-Star,,,252,Karl Malone
252.0,Karl,Malone,,NBA All-Star,,1988-89,,,,Award,All-Star,,,252,Karl Malone
252.0,Karl,Malone,,NBA All-Star,,1989-90,,,,Award,All-Star,,,252,Karl Malone
252.0,Karl,Malone,,NBA All-Star,,1990-91,,,,Award,All-Star,,,252,Karl Malone
252.0,Karl,Malone,,NBA All-Star,,1991-92,,,,Award,All-Star,,,252,Karl Malone
252.0,Karl,Malone,,NBA All-Star,,1992-93,,,,Award,All-Star,,,252,Karl Malone
252.0,Karl,Malone,,NBA All-Star,,1993-94,,,,Award,All-Star,,,252,Karl Malone
252.0,Karl,Malone,,NBA All-Star,,1994-95,,,,Award,All-Star,,,252,Karl Malone
252.0,Karl,Malone,,NBA All-Star,,1995-96,,,,Award,All-Star,,,252,Karl Malone
252.0,Karl,Malone,,NBA All-Star,,1996-97,,,,Award,All-Star,,,252,Karl Malone
252.0,Karl,Malone,,NBA All-Star,,1997-98,,,,Award,All-Star,,,252,Karl Malone
252.0,Karl,Malone,,NBA All-Star,,1999-00,,,,Award,All-Star,,,252,Karl Malone
252.0,Karl,Malone,,NBA All-Star,,2000-01,,,,Award,All-Star,,,252,Karl Malone
252.0,Karl,Malone,,NBA All-Star,,2001-02,,,,Award,All-Star,,,252,Karl Malone
252.0,Karl,Malone,Utah Jazz,NBA All-Star Most Valuable Player,,1988-89,,,,Award,Kia Motors,KAMVP,,252,Karl Malone
252.0,Karl,Malone,Utah Jazz,NBA All-Star Most Valuable Player,,1992-93,,,,Award,Kia Motors,KAMVP,,252,Karl Malone
252.0,Karl,Malone,Utah Jazz,NBA Most Valuable Player,,1996-97,,,,Award,Kia Motors,KIMVP,,252,Karl Malone
252.0,Karl,Malone,Utah Jazz,NBA Most Valuable Player,,1998-99,,,,Award,Kia Motors,KIMVP,,252,Karl Malone
252.0,Karl,Malone,Utah Jazz,NBA Player of the Month,,1987-88,03/01/1988,,,Award,Kia Motors,KIPMO,,252,Karl Malone
252.0,Karl,Malone,Utah Jazz,NBA Player of the Month,,1989-90,01/01/1990,,,Award,Kia Motors,KIPMO,,252,Karl Malone
252.0,Karl,Malone,Utah Jazz,NBA Player of the Month,,1990-91,12/01/1990,,,Award,Kia Motors,KIPMO,,252,Karl Malone
252.0,Karl,Malone,Utah Jazz,NBA Player of the Month,,1994-95,04/01/1995,,,Award,Kia Motors,KIPMO,,252,Karl Malone
252.0,Karl,Malone,Utah Jazz,NBA Player of the Month,,1996-97,03/01/1997,,,Award,Kia Motors,KIPMO,,252,Karl Malone
252.0,Karl,Malone,Utah Jazz,NBA Player of the Month,,1997-98,02/01/1998,,,Award,Kia Motors,KIPMO,,252,Karl Malone
252.0,Karl,Malone,Utah Jazz,NBA Player of the Month,,2000-01,11/01/2000,,,Award,Kia Motors,KIPMO,,252,Karl Malone
252.0,Karl,Malone,Utah Jazz,NBA Player of the Week,,1986-87,,1987-03-15T00:00:00,,Award,Kia Motors,KIPWK,,252,Karl Malone
252.0,Karl,Malone,Utah Jazz,NBA Player of the Week,,1987-88,,1988-01-03T00:00:00,,Award,Kia Motors,KIPWK,,252,Karl Malone
252.0,Karl,Malone,Utah Jazz,NBA Player of the Week,,1987-88,,1988-04-24T00:00:00,,Award,Kia Motors,KIPWK,,252,Karl Malone
252.0,Karl,Malone,Utah Jazz,NBA Player of the Week,,1988-89,,1989-04-16T00:00:00,,Award,Kia Motors,KIPWK,,252,Karl Malone
252.0,Karl,Malone,Utah Jazz,NBA Player of the Week,,1989-90,,1989-12-30T00:00:00,,Award,Kia Motors,KIPWK,,252,Karl Malone
252.0,Karl,Malone,Utah Jazz,NBA Player of the Week,,1989-90,,1990-01-28T00:00:00,,Award,Kia Motors,KIPWK,,252,Karl Malone
252.0,Karl,Malone,Utah Jazz,NBA Player of the Week,,1991-92,,1992-03-08T00:00:00,,Award,Kia Motors,KIPWK,,252,Karl Malone
252.0,Karl,Malone,Utah Jazz,NBA Player of the Week,,1991-92,,1992-04-19T00:00:00,,Award,Kia Motors,KIPWK,,252,Karl Malone
252.0,Karl,Malone,Utah Jazz,NBA Player of the Week,,1992-93,,1993-01-31T00:00:00,,Award,Kia Motors,KIPWK,,252,Karl Malone
252.0,Karl,Malone,Utah Jazz,NBA Player of the Week,,1993-94,,1993-12-19T00:00:00,,Award,Kia Motors,KIPWK,,252,Karl Malone
252.0,Karl,Malone,Utah Jazz,NBA Player of the Week,,1994-95,,1994-12-18T00:00:00,,Award,Kia Motors,KIPWK,,252,Karl Malone
252.0,Karl,Malone,Utah Jazz,NBA Player of the Week,,1994-95,,1995-04-23T00:00:00,,Award,Kia Motors,KIPWK,,252,Karl Malone
252.0,Karl,Malone,Utah Jazz,NBA Player of the Week,,1995-96,,1995-12-31T00:00:00,,Award,Kia Motors,KIPWK,,252,Karl Malone
252.0,Karl,Malone,Utah Jazz,NBA Player of the Week,,1996-97,,1996-11-24T00:00:00,,Award,Kia Motors,KIPWK,,252,Karl Malone
252.0,Karl,Malone,Utah Jazz,NBA Player of the Week,,1996-97,,1997-03-16T00:00:00,,Award,Kia Motors,KIPWK,,252,Karl Malone
252.0,Karl,Malone,Utah Jazz,NBA Player of the Week,,1996-97,,1997-03-23T00:00:00,,Award,Kia Motors,KIPWK,,252,Karl Malone
252.0,Karl,Malone,Utah Jazz,NBA Player of the Week,,1997-98,,1997-11-30T00:00:00,,Award,Kia Motors,KIPWK,,252,Karl Malone
252.0,Karl,Malone,Utah Jazz,NBA Player of the Week,,1997-98,,1998-02-15T00:00:00,,Award,Kia Motors,KIPWK,,252,Karl Malone
252.0,Karl,Malone,Utah Jazz,NBA Player of the Week,,1997-98,,1998-03-08T00:00:00,,Award,Kia Motors,KIPWK,,252,Karl Malone
252.0,Karl,Malone,Utah Jazz,NBA Player of the Week,,1998-99,,1999-04-11T00:00:00,,Award,Kia Motors,KIPWK,,252,Karl Malone
252.0,Karl,Malone,Utah Jazz,NBA Player of the Week,,1999-00,,2000-03-06T00:00:00,,Award,Kia Motors,KIPWK,,252,Karl Malone
252.0,Karl,Malone,Utah Jazz,NBA Player of the Week,,2000-01,,2000-11-06T00:00:00,,Award,Kia Motors,KIPWK,,252,Karl Malone
252.0,Karl,Malone,Utah Jazz,NBA Player of the Week,,2001-02,,2002-02-17T00:00:00,West,Award,Kia Motors,KIPWK,,252,Karl Malone
252.0,Karl,Malone,Utah Jazz,NBA Rookie of the Month,,1985-86,12/01/1985,,,Award,Kia Motors,KIRMO,,252,Karl Malone
252.0,Karl,Malone,Utah Jazz,NBA Sporting News Most Valuable Player of the Year,,1998-99,,,,Award,Sporting News,SNMVP,,252,Karl Malone
252.0,Karl,Malone,USA,Olympic Gold Medal,,1992,,,,Award,Olympic,Gold,,252,Karl Malone
252.0,Karl,Malone,USA,Olympic Gold Medal,,1996,,,,Award,Olympic,Gold,,252,Karl Malone
77449.0,Moses,Malone,Houston Rockets,All-Defensive Team,2,1978-79,,,1610612745,Award,Kia Motors,KIADT,,77449,Moses Malone
77449.0,Moses,Malone,Philadelphia 76ers,All-Defensive Team,1,1982-83,,,1610612755,Award,Kia Motors,KIADT,,77449,Moses Malone
77449.0,Moses,Malone,Houston Rockets,All-NBA,1,1978-79,,,1610612745,Award,Kia Motors,KIANT,,77449,Moses Malone
77449.0,Moses,Malone,Houston Rockets,All-NBA,2,1979-80,,,1610612745,Award,Kia Motors,KIANT,,77449,Moses Malone
77449.0,Moses,Malone,Houston Rockets,All-NBA,2,1980-81,,,1610612745,Award,Kia Motors,KIANT,,77449,Moses Malone
77449.0,Moses,Malone,Houston Rockets,All-NBA,1,1981-82,,,1610612745,Award,Kia Motors,KIANT,,77449,Moses Malone
77449.0,Moses,Malone,Philadelphia 76ers,All-NBA,1,1982-83,,,1610612755,Award,Kia Motors,KIANT,,77449,Moses Malone
77449.0,Moses,Malone,Philadelphia 76ers,All-NBA,2,1983-84,,,1610612755,Award,Kia Motors,KIANT,,77449,Moses Malone
77449.0,Moses,Malone,Philadelphia 76ers,All-NBA,1,1984-85,,,1610612755,Award,Kia Motors,KIANT,,77449,Moses Malone
77449.0,Moses,Malone,Washington Bullets,All-NBA,2,1986-87,,,1610612764,Award,Kia Motors,KIANT,,77449,Moses Malone
77449.0,Moses,Malone,,Hall of Fame Inductee,,2001,,,,Award,Hall of Fame,,,77449,Moses Malone
77449.0,Moses,Malone,,NBA All-Star,,1977-78,,,,Award,All-Star,,,77449,Moses Malone
77449.0,Moses,Malone,,NBA All-Star,,1978-79,,,,Award,All-Star,,,77449,Moses Malone
77449.0,Moses,Malone,,NBA All-Star,,1979-80,,,,Award,All-Star,,,77449,Moses Malone
77449.0,Moses,Malone,,NBA All-Star,,1980-81,,,,Award,All-Star,,,77449,Moses Malone
77449.0,Moses,Malone,,NBA All-Star,,1981-82,,,,Award,All-Star,,,77449,Moses Malone
77449.0,Moses,Malone,,NBA All-Star,,1982-83,,,,Award,All-Star,,,77449,Moses Malone
77449.0,Moses,Malone,,NBA All-Star,,1983-84,,,,Award,All-Star,,,77449,Moses Malone
77449.0,Moses,Malone,,NBA All-Star,,1984-85,,,,Award,All-Star,,,77449,Moses Malone
77449.0,Moses,Malone,,NBA All-Star,,1985-86,,,,Award,All-Star,,,77449,Moses Malone
77449.0,Moses,Malone,,NBA All-Star,,1986-87,,,,Award,All-Star,,,77449,Moses Malone
77449.0,Moses,Malone,,NBA All-Star,,1987-88,,,,Award,All-Star,,,77449,Moses Malone
77449.0,Moses,Malone,,NBA All-Star,,1988-89,,,,Award,All-Star,,,77449,Moses Malone
77449.0,Moses,Malone,Philadelphia 76ers,NBA Champion,,1982-83,,,,Award,Champion,,,77449,Moses Malone
77449.0,Moses,Malone,Philadelphia 76ers,NBA Finals Most Valuable Player,,1982-83,,,,Award,Kia Motors,KFMVP,,77449,Moses Malone
77449.0,Moses,Malone,Houston Rockets,NBA Most Valuable Player,,1978-79,,,,Award,Kia Motors,KIMVP,,77449,Moses Malone
77449.0,Moses,Malone,Houston Rockets,NBA Most Valuable Player,,1981-82,,,,Award,Kia Motors,KIMVP,,77449,Moses Malone
77449.0,Moses,Malone,Philadelphia 76ers,NBA Most Valuable Player,,1982-83,,,,Award,Kia Motors,KIMVP,,77449,Moses Malone
77449.0,Moses,Malone,Houston Rockets,NBA Player of the Month,,1979-80,11/01/1979,,,Award,Kia Motors,KIPMO,,77449,Moses Malone
77449.0,Moses,Malone,Houston Rockets,NBA Player of the Month,,1981-82,02/01/1982,,,Award,Kia Motors,KIPMO,,77449,Moses Malone
77449.0,Moses,Malone,Philadelphia 76ers,NBA Player of the Month,,1982-83,02/01/1983,,,Award,Kia Motors,KIPMO,,77449,Moses Malone
77449.0,Moses,Malone,Philadelphia 76ers,NBA Player of the Month,,1982-83,12/01/1982,,,Award,Kia Motors,KIPMO,,77449,Moses Malone
77449.0,Moses,Malone,Houston Rockets,NBA Player of the Week,,1980-81,,1981-03-15T00:00:00,,Award,Kia Motors,KIPWK,,77449,Moses Malone
77449.0,Moses,Malone,Houston Rockets,NBA Player of the Week,,1981-82,,1982-02-07T00:00:00,,Award,Kia Motors,KIPWK,,77449,Moses Malone
77449.0,Moses,Malone,Houston Rockets,NBA Player of the Week,,1981-82,,1982-03-28T00:00:00,,Award,Kia Motors,KIPWK,,77449,Moses Malone
77449.0,Moses,Malone,Philadelphia 76ers,NBA Player of the Week,,1982-83,,1983-02-06T00:00:00,,Award,Kia Motors,KIPWK,,77449,Moses Malone
77449.0,Moses,Malone,Philadelphia 76ers,NBA Player of the Week,,1983-84,,1984-03-25T00:00:00,,Award,Kia Motors,KIPWK,,77449,Moses Malone
77449.0,Moses,Malone,Philadelphia 76ers,NBA Player of the Week,,1984-85,,1984-11-18T00:00:00,,Award,Kia Motors,KIPWK,,77449,Moses Malone
77449.0,Moses,Malone,Washington Wizards,NBA Player of the Week,,1986-87,,1987-02-22T00:00:00,,Award,Kia Motors,KIPWK,,77449,Moses Malone
77449.0,Moses,Malone,Houston Rockets,NBA Sporting News Most Valuable Player of the Year,,1978-79,,,,Award,Sporting News,SNMVP,,77449,Moses Malone
77449.0,Moses,Malone,Houston Rockets,NBA Sporting News Most Valuable Player of the Year,,1981-82,,,,Award,Sporting News,SNMVP,,77449,Moses Malone
77449.0,Moses,Malone,Philadelphia 76ers,NBA Sporting News Most Valuable Player of the Year,,1982-83,,,,Award,Sporting News,SNMVP,,77449,Moses Malone
1074.0,Matt,Maloney,Houston Rockets,All-Rookie Team,2,1996-97,,,1610612745,Award,Kia Motors,KIART,,1074,Matt Maloney
330.0,Danny,Manning,,NBA All-Star,,1992-93,,,,Award,All-Star,,,330,Danny Manning
330.0,Danny,Manning,,NBA All-Star,,1993-94,,,,Award,All-Star,,,330,Danny Manning
330.0,Danny,Manning,Los Angeles Clippers,NBA Player of the Week,,1991-92,,1992-03-01T00:00:00,,Award,Kia Motors,KIPWK,,330,Danny Manning
330.0,Danny,Manning,Phoenix Suns,NBA Sixth Man of the Year,,1997-98,,,,Award,Kia Motors,KISMY,,330,Danny Manning
330.0,Danny,Manning,USA,Olympic Bronze Medal,,1988,,,,Award,Olympic,Bronze,,330,Danny Manning
77459.0,Pete,Maravich,Atlanta Hawks,All-NBA,2,1972-73,,,1610612737,Award,Kia Motors,KIANT,,77459,Pete Maravich
77459.0,Pete,Maravich,New Orleans Jazz,All-NBA,1,1975-76,,,1610612762,Award,Kia Motors,KIANT,,77459,Pete Maravich
77459.0,Pete,Maravich,New Orleans Jazz,All-NBA,1,1976-77,,,1610612762,Award,Kia Motors,KIANT,,77459,Pete Maravich
77459.0,Pete,Maravich,New Orleans Jazz,All-NBA,2,1977-78,,,1610612762,Award,Kia Motors,KIANT,,77459,Pete Maravich
77459.0,Pete,Maravich,Atlanta Hawks,All-Rookie Team,1,1970-71,,,1610612737,Award,Kia Motors,KIART,,77459,Pete Maravich
77459.0,Pete,Maravich,,Hall of Fame Inductee,,1987,,,,Award,Hall of Fame,,,77459,Pete Maravich
77459.0,Pete,Maravich,,NBA All-Star,,1972-73,,,,Award,All-Star,,,77459,Pete Maravich
77459.0,Pete,Maravich,,NBA All-Star,,1973-74,,,,Award,All-Star,,,77459,Pete Maravich
77459.0,Pete,Maravich,,NBA All-Star,,1976-77,,,,Award,All-Star,,,77459,Pete Maravich
77459.0,Pete,Maravich,,NBA All-Star,,1977-78,,,,Award,All-Star,,,77459,Pete Maravich
77459.0,Pete,Maravich,,NBA All-Star,,1978-79,,,,Award,All-Star,,,77459,Pete Maravich
950.0,Stephon,Marbury,New Jersey Nets,All-NBA,3,1999-00,,,1610612751,Award,Kia Motors,KIANT,,950,Stephon Marbury
950.0,Stephon,Marbury,Phoenix Suns,All-NBA,3,2002-03,,,1610612756,Award,Kia Motors,KIANT,,950,Stephon Marbury
950.0,Stephon,Marbury,Minnesota Timberwolves,All-Rookie Team,1,1996-97,,,1610612750,Award,Kia Motors,KIART,,950,Stephon Marbury
950.0,Stephon,Marbury,,NBA All-Star,,2000-01,,,,Award,All-Star,,,950,Stephon Marbury
950.0,Stephon,Marbury,,NBA All-Star,,2002-03,,,,Award,All-Star,,,950,Stephon Marbury
950.0,Stephon,Marbury,Minnesota Timberwolves,NBA Player of the Week,,1998-99,,1999-02-21T00:00:00,,Award,Kia Motors,KIPWK,,950,Stephon Marbury
950.0,Stephon,Marbury,New Jersey Nets,NBA Player of the Week,,2000-01,,2000-11-12T00:00:00,,Award,Kia Motors,KIPWK,,950,Stephon Marbury
950.0,Stephon,Marbury,Phoenix Suns,NBA Player of the Week,,2001-02,,2001-12-02T00:00:00,West,Award,Kia Motors,KIPWK,,950,Stephon Marbury
950.0,Stephon,Marbury,Phoenix Suns,NBA Player of the Week,,2002-03,,2002-12-01T00:00:00,West,Award,Kia Motors,KIPWK,,950,Stephon Marbury
950.0,Stephon,Marbury,Phoenix Suns,NBA Player of the Week,,2002-03,,2003-01-12T00:00:00,West,Award,Kia Motors,KIPWK,,950,Stephon Marbury
950.0,Stephon,Marbury,New York Knicks,NBA Player of the Week,,2003-04,,2004-01-18T00:00:00,East,Award,Kia Motors,KIPWK,,950,Stephon Marbury
950.0,Stephon,Marbury,New York Knicks,NBA Player of the Week,,2004-05,,2005-01-02T00:00:00,East,Award,Kia Motors,KIPWK,,950,Stephon Marbury
950.0,Stephon,Marbury,Minnesota Timberwolves,NBA Rookie of the Month,,1996-97,01/01/1997,,,Award,Kia Motors,KIRMO,,950,Stephon Marbury
950.0,Stephon,Marbury,USA,Olympic Bronze Medal,,2004,,,,Award,Olympic,Bronze,,950,Stephon Marbury
36.0,Sarunas,Marciulionis,,Hall of Fame Inductee,,2014,,,,Award,Hall of Fame,,,36,Sarunas Marciulionis
36.0,Sarunas,Marciulionis,Lithuania,Olympic Bronze Medal,,1992,,,,Award,Olympic,Bronze,,36,Sarunas Marciulionis
36.0,Sarunas,Marciulionis,Lithuania,Olympic Bronze Medal,,1996,,,,Award,Olympic,Bronze,,36,Sarunas Marciulionis
36.0,Sarunas,Marciulionis,Soviet Union,Olympic Gold Medal,,1988,,,,Award,Olympic,Gold,,36,Sarunas Marciulionis
77463.0,Jack,Marin,Baltimore Bullets,All-Rookie Team,1,1966-67,,,1610610024,Award,Kia Motors,KIART,,77463,Jack Marin
77463.0,Jack,Marin,,NBA All-Star,,1971-72,,,,Award,All-Star,,,77463,Jack Marin
77463.0,Jack,Marin,,NBA All-Star,,1972-73,,,,Award,All-Star,,,77463,Jack Marin
1890.0,Shawn,Marion,Phoenix Suns,All-NBA,3,2004-05,,,1610612756,Award,Kia Motors,KIANT,,1890,Shawn Marion
1890.0,Shawn,Marion,Phoenix Suns,All-NBA,3,2005-06,,,1610612756,Award,Kia Motors,KIANT,,1890,Shawn Marion
1890.0,Shawn,Marion,Phoenix Suns,All-Rookie Team,2,1999-00,,,1610612756,Award,Kia Motors,KIART,,1890,Shawn Marion
1890.0,Shawn,Marion,,NBA All-Star,,2002-03,,,,Award,All-Star,,,1890,Shawn Marion
1890.0,Shawn,Marion,,NBA All-Star,,2004-05,,,,Award,All-Star,,,1890,Shawn Marion
1890.0,Shawn,Marion,,NBA All-Star,,2005-06,,,,Award,All-Star,,,1890,Shawn Marion
1890.0,Shawn,Marion,,NBA All-Star,,2006-07,,,,Award,All-Star,,,1890,Shawn Marion
1890.0,Shawn,Marion,Dallas Mavericks,NBA Champion,,2010-11,,,,Award,Champion,,,1890,Shawn Marion
1890.0,Shawn,Marion,Phoenix Suns,NBA Player of the Month,,2001-02,03/01/2002,,West,Award,Kia Motors,KIPMO,,1890,Shawn Marion
1890.0,Shawn,Marion,Phoenix Suns,NBA Player of the Month,,2005-06,02/01/2006,,West,Award,Kia Motors,KIPMO,,1890,Shawn Marion
1890.0,Shawn,Marion,Phoenix Suns,NBA Player of the Week,,2000-01,,2001-02-25T00:00:00,,Award,Kia Motors,KIPWK,,1890,Shawn Marion
1890.0,Shawn,Marion,Phoenix Suns,NBA Player of the Week,,2001-02,,2002-03-31T00:00:00,West,Award,Kia Motors,KIPWK,,1890,Shawn Marion
1890.0,Shawn,Marion,Phoenix Suns,NBA Player of the Week,,2002-03,,2003-04-13T00:00:00,West,Award,Kia Motors,KIPWK,,1890,Shawn Marion
1890.0,Shawn,Marion,Phoenix Suns,NBA Player of the Week,,2004-05,,2004-11-28T00:00:00,West,Award,Kia Motors,KIPWK,,1890,Shawn Marion
1890.0,Shawn,Marion,Phoenix Suns,NBA Player of the Week,,2004-05,,2004-12-19T00:00:00,West,Award,Kia Motors,KIPWK,,1890,Shawn Marion
1890.0,Shawn,Marion,Phoenix Suns,NBA Player of the Week,,2005-06,,2006-01-01T00:00:00,West,Award,Kia Motors,KIPWK,,1890,Shawn Marion
1890.0,Shawn,Marion,USA,Olympic Bronze Medal,,2004,,,,Award,Olympic,Bronze,,1890,Shawn Marion
1628374.0,Lauri,Markkanen,Chicago Bulls,All-Rookie Team,1,2017-18,,,East,Award,Kia Motors,KIART,,1628374,Lauri Markkanen
1628374.0,Lauri,Markkanen,,NBA All-Star,,2022-23,,,,Award,All-Star,,,1628374,Lauri Markkanen
1628374.0,Lauri,Markkanen,Utah Jazz,NBA Most Improved Player,,2022-23,,,West,Award,Kia Motors,KIMIP,,1628374,Lauri Markkanen
1628374.0,Lauri,Markkanen,Utah Jazz,NBA Player of the Week,,2023-24,,2024-01-08T00:00:00,West,Award,Kia Motors,KIPWK,,1628374,Lauri Markkanen
1752.0,Sean,Marks,New Zealand,Olympic Appearance,,2000,,,,Award,Olympic,Appearance,,1752,Sean Marks
1752.0,Sean,Marks,New Zealand,Olympic Appearance,,2004,,,,Award,Olympic,Appearance,,1752,Sean Marks
923.0,Donyell,Marshall,Golden State Warriors,All-Rookie Team,2,1994-95,,,1610612744,Award,Kia Motors,KIART,,923,Donyell Marshall
2030.0,Kenyon,Martin,New Jersey Nets,All-Rookie Team,1,2000-01,,,1610612751,Award,Kia Motors,KIART,,2030,Kenyon Martin
2030.0,Kenyon,Martin,,NBA All-Star,,2003-04,,,,Award,All-Star,,,2030,Kenyon Martin
2030.0,Kenyon,Martin,New Jersey Nets,NBA Player of the Month,,2003-04,02/01/2004,,East,Award,Kia Motors,KIPMO,,2030,Kenyon Martin
2030.0,Kenyon,Martin,New Jersey Nets,NBA Player of the Week,,2003-04,,2004-02-08T00:00:00,East,Award,Kia Motors,KIPWK,,2030,Kenyon Martin
2030.0,Kenyon,Martin,New Jersey Nets,NBA Rookie of the Month,,2000-01,03/01/2001,,,Award,Kia Motors,KIRMO,,2030,Kenyon Martin
2030.0,Kenyon,Martin,New Jersey Nets,NBA Rookie of the Month,,2000-01,11/01/2000,,,Award,Kia Motors,KIRMO,,2030,Kenyon Martin
2755.0,Kevin,Martin,Sacramento Kings,NBA Player of the Week,,2006-07,,2007-03-04T00:00:00,West,Award,Kia Motors,KIPWK,,2755,Kevin Martin
77480.0,Slater,Martin,Minneapolis Lakers,All-NBA,2,1954-55,,,1610612747,Award,Kia Motors,KIANT,,77480,Slater Martin
77480.0,Slater,Martin,Minneapolis Lakers,All-NBA,2,1955-56,,,1610612747,Award,Kia Motors,KIANT,,77480,Slater Martin
77480.0,Slater,Martin,St. Louis Hawks,All-NBA,2,1956-57,,,1610612737,Award,Kia Motors,KIANT,,77480,Slater Martin
77480.0,Slater,Martin,St. Louis Hawks,All-NBA,2,1957-58,,,1610612737,Award,Kia Motors,KIANT,,77480,Slater Martin
77480.0,Slater,Martin,St. Louis Hawks,All-NBA,2,1958-59,,,1610612737,Award,Kia Motors,KIANT,,77480,Slater Martin
77480.0,Slater,Martin,,Hall of Fame Inductee,,1982,,,,Award,Hall of Fame,,,77480,Slater Martin
77480.0,Slater,Martin,,NBA All-Star,,1952-53,,,,Award,All-Star,,,77480,Slater Martin
77480.0,Slater,Martin,,NBA All-Star,,1953-54,,,,Award,All-Star,,,77480,Slater Martin
77480.0,Slater,Martin,,NBA All-Star,,1954-55,,,,Award,All-Star,,,77480,Slater Martin
77480.0,Slater,Martin,,NBA All-Star,,1955-56,,,,Award,All-Star,,,77480,Slater Martin
77480.0,Slater,Martin,,NBA All-Star,,1956-57,,,,Award,All-Star,,,77480,Slater Martin
77480.0,Slater,Martin,,NBA All-Star,,1957-58,,,,Award,All-Star,,,77480,Slater Martin
77480.0,Slater,Martin,,NBA All-Star,,1958-59,,,,Award,All-Star,,,77480,Slater Martin
77480.0,Slater,Martin,Minneapolis Lakers,NBA Champion,,1949-50,,,,Award,Champion,,,77480,Slater Martin
77480.0,Slater,Martin,Minneapolis Lakers,NBA Champion,,1951-52,,,,Award,Champion,,,77480,Slater Martin
77480.0,Slater,Martin,Minneapolis Lakers,NBA Champion,,1952-53,,,,Award,Champion,,,77480,Slater Martin
77480.0,Slater,Martin,Minneapolis Lakers,NBA Champion,,1953-54,,,,Award,Champion,,,77480,Slater Martin
77480.0,Slater,Martin,St. Louis Hawks,NBA Champion,,1957-58,,,,Award,Champion,,,77480,Slater Martin
469.0,Jamal,Mashburn,New Orleans Hornets,All-NBA,3,2002-03,,,1610612740,Award,Kia Motors,KIANT,,469,Jamal Mashburn
469.0,Jamal,Mashburn,Dallas Mavericks,All-Rookie Team,1,1993-94,,,1610612742,Award,Kia Motors,KIART,,469,Jamal Mashburn
469.0,Jamal,Mashburn,,NBA All-Star,,2002-03,,,,Award,All-Star,,,469,Jamal Mashburn
469.0,Jamal,Mashburn,New Orleans Hornets,NBA Player of the Month,,2002-03,02/01/2003,,West,Award,Kia Motors,KIPMO,,469,Jamal Mashburn
469.0,Jamal,Mashburn,Dallas Mavericks,NBA Player of the Week,,1994-95,,1994-12-11T00:00:00,,Award,Kia Motors,KIPWK,,469,Jamal Mashburn
193.0,Anthony,Mason,Charlotte Hornets,All-Defensive Team,2,1996-97,,,1610612740,Award,Kia Motors,KIADT,,193,Anthony Mason
193.0,Anthony,Mason,Charlotte Hornets,All-NBA,3,1996-97,,,1610612740,Award,Kia Motors,KIANT,,193,Anthony Mason
193.0,Anthony,Mason,,NBA All-Star,,2000-01,,,,Award,All-Star,,,193,Anthony Mason
193.0,Anthony,Mason,New York Knicks,NBA Sixth Man of the Year,,1994-95,,,,Award,Kia Motors,KISMY,,193,Anthony Mason
2046.0,Desmond,Mason,Seattle SuperSonics,All-Rookie Team,2,2000-01,,,1610612760,Award,Kia Motors,KIART,,2046,Desmond Mason
763.0,Tony,Massenburg,San Antonio Spurs,NBA Champion,,2004-05,,,,Award,Champion,,,763,Tony Massenburg
1631097.0,Bennedict,Mathurin,Indiana Pacers,All-Rookie Team,1,2022-23,,,East,Award,Kia Motors,KIART,,1631097,Bennedict Mathurin
1631097.0,Bennedict,Mathurin,Indiana Pacers,NBA Rookie of the Month,,2022-23,11/1/2022,,East,Award,Kia Motors,KIRMO,,1631097,Bennedict Mathurin
77484.0,Wes,Matthews,Los Angeles Lakers,NBA Champion,,1986-87,,,,Award,Champion,,,77484,Wes Matthews
77484.0,Wes,Matthews,Los Angeles Lakers,NBA Champion,,1987-88,,,,Award,Champion,,,77484,Wes Matthews
1630178.0,Tyrese,Maxey,,NBA All-Star,,2023-24,,,,Award,All-Star,,,1630178,Tyrese Maxey
1630178.0,Tyrese,Maxey,,NBA All-Star,,2025-26,,,,Award,All-Star,,,1630178,Tyrese Maxey
1630178.0,Tyrese,Maxey,Philadelphia 76ers,NBA Most Improved Player,,2023-24,,,East,Award,Kia Motors,KIMIP,,1630178,Tyrese Maxey
1630178.0,Tyrese,Maxey,Philadelphia 76ers,NBA Player of the Week,,2023-24,,2023-10-23T00:00:00,East,Award,Kia Motors,KIPWK,,1630178,Tyrese Maxey
1630178.0,Tyrese,Maxey,Philadelphia 76ers,NBA Player of the Week,,2024-25,,2024-12-23T00:00:00,East,Award,Kia Motors,KIPWK,,1630178,Tyrese Maxey
1630178.0,Tyrese,Maxey,Philadelphia 76ers,NBA Player of the Week,,2025-26,,2025-10-27T00:00:00,East,Award,Kia Motors,KIPWK,,1630178,Tyrese Maxey
1630178.0,Tyrese,Maxey,Philadelphia 76ers,NBA Player of the Week,,2025-26,,2025-12-29T00:00:00,East,Award,Kia Motors,KIPWK,,1630178,Tyrese Maxey
77487.0,Cedric,Maxwell,Boston Celtics,NBA Champion,,1980-81,,,,Award,Champion,,,77487,Cedric Maxwell
77487.0,Cedric,Maxwell,Boston Celtics,NBA Champion,,1983-84,,,,Award,Champion,,,77487,Cedric Maxwell
77487.0,Cedric,Maxwell,Boston Celtics,NBA Finals Most Valuable Player,,1980-81,,,,Award,Kia Motors,KFMVP,,77487,Cedric Maxwell
137.0,Vernon,Maxwell,Houston Rockets,NBA Champion,,1993-94,,,,Award,Champion,,,137,Vernon Maxwell
137.0,Vernon,Maxwell,Houston Rockets,NBA Champion,,1994-95,,,,Award,Champion,,,137,Vernon Maxwell
77489.0,Don,May,New York Knicks,NBA Champion,,1969-70,,,,Award,Champion,,,77489,Don May
77490.0,Scott,May,Chicago Bulls,All-Rookie Team,1,1976-77,,,1610612741,Award,Kia Motors,KIART,,77490,Scott May
77490.0,Scott,May,USA,Olympic Gold Medal,,1976,,,,Award,Olympic,Gold,,77490,Scott May
201564.0,O.J.,Mayo,Memphis Grizzlies,All-Rookie Team,1,2008-09,,,1610612763,Award,Kia Motors,KIART,,201564,O.J. Mayo
201564.0,OJ,Mayo,Memphis Grizzlies,NBA Rookie of the Month,,2008-09,04/01/2009,,West,Award,Kia Motors,KIRMO,,201564,O.J. Mayo
201564.0,OJ,Mayo,Memphis Grizzlies,NBA Rookie of the Month,,2008-09,11/01/2008,,West,Award,Kia Motors,KIRMO,,201564,O.J. Mayo
77496.0,Travis,Mays,Sacramento Kings,All-Rookie Team,2,1990-91,,,1610612758,Award,Kia Motors,KIART,,77496,Travis Mays
2788.0,DJ,Mbenga,Los Angeles Lakers,NBA Champion,,2008-09,,,,Award,Champion,,,2788,DJ Mbenga
2788.0,DJ,Mbenga,Los Angeles Lakers,NBA Champion,,2009-10,,,,Award,Champion,,,2788,DJ Mbenga
77498.0,Bob,McAdoo,Buffalo Braves,All-NBA,2,1973-74,,,1610612746,Award,Kia Motors,KIANT,,77498,Bob McAdoo
77498.0,Bob,McAdoo,Buffalo Braves,All-NBA,1,1974-75,,,1610612746,Award,Kia Motors,KIANT,,77498,Bob McAdoo
77498.0,Bob,McAdoo,Buffalo Braves,All-Rookie Team,1,1972-73,,,1610612746,Award,Kia Motors,KIART,,77498,Bob McAdoo
77498.0,Bob,McAdoo,,Hall of Fame Inductee,,2000,,,,Award,Hall of Fame,,,77498,Bob McAdoo
77498.0,Bob,McAdoo,,NBA All-Star,,1973-74,,,,Award,All-Star,,,77498,Bob McAdoo
77498.0,Bob,McAdoo,,NBA All-Star,,1974-75,,,,Award,All-Star,,,77498,Bob McAdoo
77498.0,Bob,McAdoo,,NBA All-Star,,1975-76,,,,Award,All-Star,,,77498,Bob McAdoo
77498.0,Bob,McAdoo,,NBA All-Star,,1976-77,,,,Award,All-Star,,,77498,Bob McAdoo
77498.0,Bob,McAdoo,,NBA All-Star,,1977-78,,,,Award,All-Star,,,77498,Bob McAdoo
77498.0,Bob,McAdoo,Los Angeles Lakers,NBA Champion,,1981-82,,,,Award,Champion,,,77498,Bob McAdoo
77498.0,Bob,McAdoo,Los Angeles Lakers,NBA Champion,,1984-85,,,,Award,Champion,,,77498,Bob McAdoo
77498.0,Bob,McAdoo,Buffalo Braves,NBA Most Valuable Player,,1974-75,,,,Award,Kia Motors,KIMVP,,77498,Bob McAdoo
77498.0,Bob,McAdoo,Buffalo Braves,NBA Rookie of the Year,,1972-73,,,,Award,Kia Motors,KIROY,,77498,Bob McAdoo
77498.0,Bob,McAdoo,Buffalo Braves,NBA Sporting News Most Valuable Player of the Year,,1974-75,,,,Award,Sporting News,SNMVP,,77498,Bob McAdoo
77498.0,Bob,McAdoo,Buffalo Braves,NBA Sporting News Rookie of the Year,,1972-73,,,,Award,Sporting News,SNROY,,77498,Bob McAdoo
203949.0,James Michael,McAdoo,Golden State Warriors,NBA Champion,,2014-15,,,,Award,Champion,,,203949,James Michael McAdoo
203949.0,James Michael,McAdoo,Golden State Warriors,NBA Champion,,2016-17,,,,Award,Champion,,,203949,James Michael McAdoo
1642272.0,Jared,McCain,Philadelphia 76ers,NBA Rookie of the Month,,2024-25,11/1/2024,,East,Award,Kia Motors,KIRMO,,1642272,Jared McCain
77506.0,Johnny,McCarthy,Boston Celtics,NBA Champion,,1963-64,,,,Award,Champion,,,77506,Johnny McCarthy
1627775.0,Patrick,McCaw,Golden State Warriors,NBA Champion,,2016-17,,,,Award,Champion,,,1627775,Patrick McCaw
1627775.0,Patrick,McCaw,Golden State Warriors,NBA Champion,,2017-18,,,,Award,Champion,,,1627775,Patrick McCaw
1627775.0,Patrick,McCaw,Toronto Raptors,NBA Champion,,2018-19,,,,Award,Champion,,,1627775,Patrick McCaw
203468.0,CJ,McCollum,Portland Trail Blazers,NBA Most Improved Player,,2015-16,,,West,Award,Kia Motors,KIMIP,,203468,CJ McCollum
203468.0,CJ,McCollum,Portland Trail Blazers,NBA Player of the Week,,2018-19,,2018-11-05T00:00:00,West,Award,Kia Motors,KIPWK,,203468,CJ McCollum
1622.0,Rodney,McCray,Houston Rockets,All-Defensive Team,2,1986-87,,,1610612745,Award,Kia Motors,KIADT,,1622,Rodney McCray
1622.0,Rodney,McCray,Houston Rockets,All-Defensive Team,1,1987-88,,,1610612745,Award,Kia Motors,KIADT,,1622,Rodney McCray
1622.0,Rodney,McCray,Chicago Bulls,NBA Champion,,1992-93,,,,Award,Champion,,,1622,Rodney McCray
1365.0,Xavier,McDaniel,Seattle SuperSonics,All-Rookie Team,1,1985-86,,,1610612760,Award,Kia Motors,KIART,,1365,Xavier McDaniel
1365.0,Xavier,McDaniel,,NBA All-Star,,1987-88,,,,Award,All-Star,,,1365,Xavier McDaniel
1365.0,Xavier,McDaniel,Seattle SuperSonics,NBA Player of the Week,,1987-88,,1987-11-22T00:00:00,,Award,Kia Motors,KIPWK,,1365,Xavier McDaniel
1365.0,Xavier,McDaniel,Seattle SuperSonics,NBA Player of the Week,,1988-89,,1989-04-23T00:00:00,,Award,Kia Motors,KIPWK,,1365,Xavier McDaniel
1630183.0,Jaden,McDaniels,Minnesota Timberwolves,All-Defensive Team,2,2023-24,,,West,Award,Kia Motors,KIADT,,1630183,Jaden McDaniels
77525.0,Glenn,McDonald,Boston Celtics,NBA Champion,,1975-76,,,,Award,Champion,,,77525,Glenn McDonald
686.0,Antonio,McDyess,Denver Nuggets,All-NBA,3,1998-99,,,1610612743,Award,Kia Motors,KIANT,,686,Antonio McDyess
686.0,Antonio,McDyess,Denver Nuggets,All-Rookie Team,1,1995-96,,,1610612743,Award,Kia Motors,KIART,,686,Antonio McDyess
686.0,Antonio,McDyess,,NBA All-Star,,2000-01,,,,Award,All-Star,,,686,Antonio McDyess
686.0,Antonio,McDyess,Denver Nuggets,NBA Player of the Week,,1998-99,,1999-02-28T00:00:00,,Award,Kia Motors,KIPWK,,686,Antonio McDyess
686.0,Antonio,McDyess,Denver Nuggets,NBA Player of the Week,,2000-01,,2000-12-03T00:00:00,,Award,Kia Motors,KIPWK,,686,Antonio McDyess
686.0,Antonio,McDyess,USA,Olympic Gold Medal,,2000,,,,Award,Olympic,Gold,,686,Antonio McDyess
201580.0,JaVale,McGee,Golden State Warriors,NBA Champion,,2016-17,,,,Award,Champion,,,201580,JaVale McGee
201580.0,JaVale,McGee,Golden State Warriors,NBA Champion,,2017-18,,,,Award,Champion,,,201580,JaVale McGee
201580.0,JaVale,McGee,Los Angeles Lakers,NBA Champion,,2019-20,,,,Award,Champion,,,201580,JaVale McGee
201580.0,JaVale,McGee,USA,Olympic Gold Medal,,2020,,,,Award,Olympic,Gold,,201580,JaVale McGee
77530.0,Mike,McGee,Los Angeles Lakers,NBA Champion,,1981-82,,,,Award,Champion,,,77530,Mike McGee
77530.0,Mike,McGee,Los Angeles Lakers,NBA Champion,,1984-85,,,,Award,Champion,,,77530,Mike McGee
77532.0,George,McGinnis,Philadelphia 76ers,All-NBA,1,1975-76,,,1610612755,Award,Kia Motors,KIANT,,77532,George McGinnis
77532.0,George,McGinnis,Philadelphia 76ers,All-NBA,2,1976-77,,,1610612755,Award,Kia Motors,KIANT,,77532,George McGinnis
77532.0,George,McGinnis,,Hall of Fame Inductee,,2017,,,,Award,Hall of Fame,,,77532,George McGinnis
77532.0,George,McGinnis,,NBA All-Star,,1975-76,,,,Award,All-Star,,,77532,George McGinnis
77532.0,George,McGinnis,,NBA All-Star,,1976-77,,,,Award,All-Star,,,77532,George McGinnis
77532.0,George,McGinnis,,NBA All-Star,,1978-79,,,,Award,All-Star,,,77532,George McGinnis
77533.0,Jon,McGlocklin,,NBA All-Star,,1968-69,,,,Award,All-Star,,,77533,Jon McGlocklin
77533.0,Jon,McGlocklin,Milwaukee Bucks,NBA Champion,,1970-71,,,,Award,Champion,,,77533,Jon McGlocklin
1503.0,Tracy,McGrady,Orlando Magic,All-NBA,2,2000-01,,,1610612753,Award,Kia Motors,KIANT,,1503,Tracy McGrady
1503.0,Tracy,McGrady,Orlando Magic,All-NBA,1,2001-02,,,1610612753,Award,Kia Motors,KIANT,,1503,Tracy McGrady
1503.0,Tracy,McGrady,Orlando Magic,All-NBA,1,2002-03,,,1610612753,Award,Kia Motors,KIANT,,1503,Tracy McGrady
1503.0,Tracy,McGrady,Orlando Magic,All-NBA,2,2003-04,,,1610612753,Award,Kia Motors,KIANT,,1503,Tracy McGrady
1503.0,Tracy,McGrady,Houston Rockets,All-NBA,3,2004-05,,,1610612745,Award,Kia Motors,KIANT,,1503,Tracy McGrady
1503.0,Tracy,McGrady,Houston Rockets,All-NBA,2,2006-07,,,1610612745,Award,Kia Motors,KIANT,,1503,Tracy McGrady
1503.0,Tracy,McGrady,Houston Rockets,All-NBA,3,2007-08,,,1610612745,Award,Kia Motors,KIANT,,1503,Tracy McGrady
1503.0,Tracy,McGrady,,Hall of Fame Inductee,,2017,,,,Award,Hall of Fame,,,1503,Tracy McGrady
1503.0,Tracy,McGrady,,NBA All-Star,,2000-01,,,,Award,All-Star,,,1503,Tracy McGrady
1503.0,Tracy,McGrady,,NBA All-Star,,2001-02,,,,Award,All-Star,,,1503,Tracy McGrady
1503.0,Tracy,McGrady,,NBA All-Star,,2002-03,,,,Award,All-Star,,,1503,Tracy McGrady
1503.0,Tracy,McGrady,,NBA All-Star,,2003-04,,,,Award,All-Star,,,1503,Tracy McGrady
1503.0,Tracy,McGrady,,NBA All-Star,,2004-05,,,,Award,All-Star,,,1503,Tracy McGrady
1503.0,Tracy,McGrady,,NBA All-Star,,2005-06,,,,Award,All-Star,,,1503,Tracy McGrady
1503.0,Tracy,McGrady,,NBA All-Star,,2006-07,,,,Award,All-Star,,,1503,Tracy McGrady
1503.0,Tracy,McGrady,Orlando Magic,NBA Most Improved Player,,2000-01,,,,Award,Kia Motors,KIMIP,,1503,Tracy McGrady
1503.0,Tracy,McGrady,Orlando Magic,NBA Player of the Month,,2000-01,02/01/2001,,,Award,Kia Motors,KIPMO,,1503,Tracy McGrady
1503.0,Tracy,McGrady,Orlando Magic,NBA Player of the Month,,2001-02,02/01/2002,,East,Award,Kia Motors,KIPMO,,1503,Tracy McGrady
1503.0,Tracy,McGrady,Orlando Magic,NBA Player of the Month,,2002-03,03/01/2003,,East,Award,Kia Motors,KIPMO,,1503,Tracy McGrady
1503.0,Tracy,McGrady,Orlando Magic,NBA Player of the Month,,2002-03,11/01/2002,,East,Award,Kia Motors,KIPMO,,1503,Tracy McGrady
1503.0,Tracy,McGrady,Orlando Magic,NBA Player of the Week,,2001-02,,2002-03-17T00:00:00,East,Award,Kia Motors,KIPWK,,1503,Tracy McGrady
1503.0,Tracy,McGrady,Orlando Magic,NBA Player of the Week,,2002-03,,2003-02-23T00:00:00,East,Award,Kia Motors,KIPWK,,1503,Tracy McGrady
1503.0,Tracy,McGrady,Orlando Magic,NBA Player of the Week,,2002-03,,2003-03-09T00:00:00,East,Award,Kia Motors,KIPWK,,1503,Tracy McGrady
1503.0,Tracy,McGrady,Orlando Magic,NBA Player of the Week,,2002-03,,2003-04-13T00:00:00,East,Award,Kia Motors,KIPWK,,1503,Tracy McGrady
1503.0,Tracy,McGrady,Orlando Magic,NBA Player of the Week,,2003-04,,2003-12-21T00:00:00,East,Award,Kia Motors,KIPWK,,1503,Tracy McGrady
1503.0,Tracy,McGrady,Houston Rockets,NBA Player of the Week,,2004-05,,2005-01-16T00:00:00,West,Award,Kia Motors,KIPWK,,1503,Tracy McGrady
1503.0,Tracy,McGrady,Houston Rockets,NBA Player of the Week,,2004-05,,2005-02-06T00:00:00,West,Award,Kia Motors,KIPWK,,1503,Tracy McGrady
1503.0,Tracy,McGrady,Houston Rockets,NBA Player of the Week,,2004-05,,2005-03-13T00:00:00,West,Award,Kia Motors,KIPWK,,1503,Tracy McGrady
1503.0,Tracy,McGrady,Houston Rockets,NBA Player of the Week,,2004-05,,2005-04-17T00:00:00,West,Award,Kia Motors,KIPWK,,1503,Tracy McGrady
1503.0,Tracy,McGrady,Houston Rockets,NBA Player of the Week,,2006-07,,2007-04-15T00:00:00,West,Award,Kia Motors,KIPWK,,1503,Tracy McGrady
1503.0,Tracy,McGrady,Houston Rockets,NBA Player of the Week,,2007-08,,2007-11-04T00:00:00,West,Award,Kia Motors,KIPWK,,1503,Tracy McGrady
1503.0,Tracy,McGrady,Houston Rockets,NBA Player of the Week,,2007-08,,2008-03-09T00:00:00,West,Award,Kia Motors,KIPWK,,1503,Tracy McGrady
77537.0,Dick,McGuire,New York Knicks,All-NBA,2,1950-51,,,1610612752,Award,Kia Motors,KIANT,,77537,Dick McGuire
77537.0,Dick,McGuire,,Hall of Fame Inductee,,1993,,,,Award,Hall of Fame,,,77537,Dick McGuire
77537.0,Dick,McGuire,,NBA All-Star,,1950-51,,,,Award,All-Star,,,77537,Dick McGuire
77537.0,Dick,McGuire,,NBA All-Star,,1951-52,,,,Award,All-Star,,,77537,Dick McGuire
77537.0,Dick,McGuire,,NBA All-Star,,1953-54,,,,Award,All-Star,,,77537,Dick McGuire
77537.0,Dick,McGuire,,NBA All-Star,,1954-55,,,,Award,All-Star,,,77537,Dick McGuire
77537.0,Dick,McGuire,,NBA All-Star,,1955-56,,,,Award,All-Star,,,77537,Dick McGuire
77537.0,Dick,McGuire,,NBA All-Star,,1957-58,,,,Award,All-Star,,,77537,Dick McGuire
77537.0,Dick,McGuire,,NBA All-Star,,1958-59,,,,Award,All-Star,,,77537,Dick McGuire
1450.0,Kevin,McHale,Boston Celtics,All-Defensive Team,2,1982-83,,,1610612738,Award,Kia Motors,KIADT,,1450,Kevin McHale
1450.0,Kevin,McHale,Boston Celtics,All-Defensive Team,1,1985-86,,,1610612738,Award,Kia Motors,KIADT,,1450,Kevin McHale
1450.0,Kevin,McHale,Boston Celtics,All-Defensive Team,1,1986-87,,,1610612738,Award,Kia Motors,KIADT,,1450,Kevin McHale
1450.0,Kevin,McHale,Boston Celtics,All-Defensive Team,1,1987-88,,,1610612738,Award,Kia Motors,KIADT,,1450,Kevin McHale
1450.0,Kevin,McHale,Boston Celtics,All-Defensive Team,2,1988-89,,,1610612738,Award,Kia Motors,KIADT,,1450,Kevin McHale
1450.0,Kevin,McHale,Boston Celtics,All-Defensive Team,2,1989-90,,,1610612738,Award,Kia Motors,KIADT,,1450,Kevin McHale
1450.0,Kevin,McHale,Boston Celtics,All-NBA,1,1986-87,,,1610612738,Award,Kia Motors,KIANT,,1450,Kevin McHale
1450.0,Kevin,McHale,Boston Celtics,All-Rookie Team,1,1980-81,,,1610612738,Award,Kia Motors,KIART,,1450,Kevin McHale
1450.0,Kevin,McHale,,Hall of Fame Inductee,,1999,,,,Award,Hall of Fame,,,1450,Kevin McHale
1450.0,Kevin,McHale,,NBA All-Star,,1983-84,,,,Award,All-Star,,,1450,Kevin McHale
1450.0,Kevin,McHale,,NBA All-Star,,1985-86,,,,Award,All-Star,,,1450,Kevin McHale
1450.0,Kevin,McHale,,NBA All-Star,,1986-87,,,,Award,All-Star,,,1450,Kevin McHale
1450.0,Kevin,McHale,,NBA All-Star,,1987-88,,,,Award,All-Star,,,1450,Kevin McHale
1450.0,Kevin,McHale,,NBA All-Star,,1988-89,,,,Award,All-Star,,,1450,Kevin McHale
1450.0,Kevin,McHale,,NBA All-Star,,1989-90,,,,Award,All-Star,,,1450,Kevin McHale
1450.0,Kevin,McHale,,NBA All-Star,,1990-91,,,,Award,All-Star,,,1450,Kevin McHale
1450.0,Kevin,McHale,Boston Celtics,NBA Champion,,1980-81,,,,Award,Champion,,,1450,Kevin McHale
1450.0,Kevin,McHale,Boston Celtics,NBA Champion,,1983-84,,,,Award,Champion,,,1450,Kevin McHale
1450.0,Kevin,McHale,Boston Celtics,NBA Champion,,1985-86,,,,Award,Champion,,,1450,Kevin McHale
1450.0,Kevin,McHale,Boston Celtics,NBA Sixth Man of the Year,,1983-84,,,,Award,Kia Motors,KISMY,,1450,Kevin McHale
1450.0,Kevin,McHale,Boston Celtics,NBA Sixth Man of the Year,,1984-85,,,,Award,Kia Motors,KISMY,,1450,Kevin McHale
365.0,Derrick,McKey,Indiana Pacers,All-Defensive Team,2,1994-95,,,1610612754,Award,Kia Motors,KIADT,,365,Derrick McKey
365.0,Derrick,McKey,Indiana Pacers,All-Defensive Team,2,1995-96,,,1610612754,Award,Kia Motors,KIADT,,365,Derrick McKey
365.0,Derrick,McKey,Seattle SuperSonics,All-Rookie Team,1,1987-88,,,1610612760,Award,Kia Motors,KIART,,365,Derrick McKey
243.0,Aaron,McKie,Philadelphia 76ers,NBA Player of the Week,,2000-01,,2000-12-31T00:00:00,,Award,Kia Motors,KIPWK,,243,Aaron McKie
243.0,Aaron,McKie,Philadelphia 76ers,NBA Sixth Man of the Year,,2000-01,,,,Award,Kia Motors,KISMY,,243,Aaron McKie
77546.0,Bones,McKinney,Washington Capitols,All-NBA,1,1946-47,,,1610610036,Award,Kia Motors,KIANT,,77546,Horace McKinney
77546.0,Bones,McKinney,Washington Capitols,All-NBA,2,1948-49,,,1610610036,Award,Kia Motors,KIANT,,77546,Horace McKinney
203463.0,Ben,McLemore,Sacramento Kings,NBA Rookie of the Month,,2013-14,11/1/2013,,West,Award,Kia Motors,KIRMO,,203463,Ben McLemore
77548.0,Mccoy,McLemore,Milwaukee Bucks,NBA Champion,,1970-71,,,,Award,Champion,,,77548,Mccoy McLemore
77551.0,Jack,McMahon,St. Louis Hawks,NBA Champion,,1957-58,,,,Award,Champion,,,77551,Jack McMahon
203.0,Nate,McMillan,Seattle SuperSonics,All-Defensive Team,2,1993-94,,,1610612760,Award,Kia Motors,KIADT,,203,Nate McMillan
203.0,Nate,McMillan,Seattle SuperSonics,All-Defensive Team,2,1994-95,,,1610612760,Award,Kia Motors,KIADT,,203,Nate McMillan
77553.0,Tom,McMillen,Washington Wizards,NBA Player of the Week,,1984-85,,1985-01-27T00:00:00,,Award,Kia Motors,KIPWK,,77553,Tom McMillen
77553.0,Tom,McMillen,USA,Olympic Silver Medal,,1972,,,,Award,Olympic,Silver,,77553,Tom McMillen
77554.0,Jim,McMillian,Los Angeles Lakers,NBA Champion,,1971-72,,,,Award,Champion,,,77554,Jim McMillian
77558.0,Mark,McNamara,Philadelphia 76ers,NBA Champion,,1982-83,,,,Award,Champion,,,77558,Mark McNamara
77559.0,Joe,McNamee,Rochester Royals,NBA Champion,,1950-51,,,,Award,Champion,,,77559,Joe McNamee
203895.0,Jordan,McRae,Cleveland Cavaliers,NBA Champion,,2015-16,,,,Award,Champion,,,203895,Jordan McRae
2098.0,Slava,Medvedenko,Los Angeles Lakers,NBA Champion,,2001-02,,,,Award,Champion,,,2098,Slava Medvedenko
201975.0,Jodie,Meeks,Toronto Raptors,NBA Champion,,2018-19,,,,Award,Champion,,,201975,Jodie Meeks
77573.0,Monk,Meineke,Fort Wayne Pistons,NBA Rookie of the Year,,1952-53,,,,Award,Kia Motors,KIROY,,77573,Don Meineke
77574.0,Carl,Meinhold,Baltimore Bullets,NBA Champion,,1947-48,,,,Award,Champion,,,77574,Carl Meinhold
77576.0,Bill,Melchionni,Philadelphia 76ers,NBA Champion,,1966-67,,,,Award,Champion,,,77576,Bill Melchionni
77578.0,Dean,Meminger,New York Knicks,NBA Champion,,1972-73,,,,Award,Champion,,,77578,Dean Meminger
200822.0,Pops,Mensah-Bonsu,Great Britain,Olympic Appearance,,2012,,,,Award,Olympic,Appearance,,200822,Pops Mensah-Bonsu
1500.0,Ron,Mercer,Boston Celtics,All-Rookie Team,1,1997-98,,,1610612738,Award,Kia Motors,KIART,,1500,Ron Mercer
77582.0,Joe,Meriweather,Houston Rockets,All-Rookie Team,1,1975-76,,,1610612745,Award,Kia Motors,KIART,,77582,Joe Meriweather
1630241.0,Sam,Merrill,Milwaukee Bucks,NBA Champion,,2020-21,,,,Award,Champion,,,1630241,Sam Merrill
77584.0,Tom,Meschery,,NBA All-Star,,1962-63,,,,Award,All-Star,,,77584,Tom Meschery
77587.0,Stan,Miasek,Detroit Falcons,All-NBA,1,1946-47,,,1610610028,Award,Kia Motors,KIANT,,77587,Stan Miasek
77587.0,Stan,Miasek,Chicago Stags,All-NBA,2,1947-48,,,1610610025,Award,Kia Motors,KIANT,,77587,Stan Miasek
203995.0,Vasilije,Micic,Serbia,Olympic Bronze Medal,,2024,,,,Award,Olympic,Silver,,203995,Vasilije Micić
203114.0,Khris,Middleton,,NBA All-Star,,2018-19,,,,Award,All-Star,,,203114,Khris Middleton
203114.0,Khris,Middleton,,NBA All-Star,,2019-20,,,,Award,All-Star,,,203114,Khris Middleton
203114.0,Khris,Middleton,,NBA All-Star,,2021-22,,,,Award,All-Star,,,203114,Khris Middleton
203114.0,Khris,Middleton,Milwaukee Bucks,NBA Champion,,2020-21,,,,Award,Champion,,,203114,Khris Middleton
203114.0,Khris,Middleton,Milwaukee Bucks,NBA Player of the Week,,2017-18,,2018-01-22T00:00:00,East,Award,Kia Motors,KIPWK,,203114,Khris Middleton
203114.0,Khris,Middleton,USA,Olympic Gold Medal,,2020,,,,Award,Olympic,Gold,,203114,Khris Middleton
2036.0,Chris,Mihm,Cleveland Cavaliers,All-Rookie Team,2,2000-01,,,1610612739,Award,Kia Motors,KIART,,2036,Chris Mihm
600012.0,George,Mikan,Minneapolis Lakers,All-NBA,1,1948-49,,,1610612747,Award,Kia Motors,KIANT,,600012,George Mikan
600012.0,George,Mikan,Minneapolis Lakers,All-NBA,1,1949-50,,,1610612747,Award,Kia Motors,KIANT,,600012,George Mikan
600012.0,George,Mikan,Minneapolis Lakers,All-NBA,1,1950-51,,,1610612747,Award,Kia Motors,KIANT,,600012,George Mikan
600012.0,George,Mikan,Minneapolis Lakers,All-NBA,1,1951-52,,,1610612747,Award,Kia Motors,KIANT,,600012,George Mikan
600012.0,George,Mikan,Minneapolis Lakers,All-NBA,1,1952-53,,,1610612747,Award,Kia Motors,KIANT,,600012,George Mikan
600012.0,George,Mikan,Minneapolis Lakers,All-NBA,1,1953-54,,,1610612747,Award,Kia Motors,KIANT,,600012,George Mikan
600012.0,George,Mikan,,Hall of Fame Inductee,,1959,,,,Award,Hall of Fame,,,600012,George Mikan
600012.0,George,Mikan,,NBA All-Star,,1950-51,,,,Award,All-Star,,,600012,George Mikan
600012.0,George,Mikan,,NBA All-Star,,1951-52,,,,Award,All-Star,,,600012,George Mikan
600012.0,George,Mikan,,NBA All-Star,,1952-53,,,,Award,All-Star,,,600012,George Mikan
600012.0,George,Mikan,,NBA All-Star,,1953-54,,,,Award,All-Star,,,600012,George Mikan
600012.0,George,Mikan,Minneapolis Lakers,NBA All-Star Most Valuable Player,,1952-53,,,,Award,Kia Motors,KAMVP,,600012,George Mikan
600012.0,George,Mikan,Minneapolis Lakers,NBA Champion,,1948-49,,,,Award,Champion,,,600012,George Mikan
600012.0,George,Mikan,Minneapolis Lakers,NBA Champion,,1949-50,,,,Award,Champion,,,600012,George Mikan
600012.0,George,Mikan,Minneapolis Lakers,NBA Champion,,1951-52,,,,Award,Champion,,,600012,George Mikan
600012.0,George,Mikan,Minneapolis Lakers,NBA Champion,,1952-53,,,,Award,Champion,,,600012,George Mikan
600012.0,George,Mikan,Minneapolis Lakers,NBA Champion,,1953-54,,,,Award,Champion,,,600012,George Mikan
77593.0,Vern,Mikkelsen,Minneapolis Lakers,All-NBA,2,1950-51,,,1610612747,Award,Kia Motors,KIANT,,77593,Vern Mikkelsen
77593.0,Vern,Mikkelsen,Minneapolis Lakers,All-NBA,2,1951-52,,,1610612747,Award,Kia Motors,KIANT,,77593,Vern Mikkelsen
77593.0,Vern,Mikkelsen,Minneapolis Lakers,All-NBA,2,1952-53,,,1610612747,Award,Kia Motors,KIANT,,77593,Vern Mikkelsen
77593.0,Vern,Mikkelsen,Minneapolis Lakers,All-NBA,2,1954-55,,,1610612747,Award,Kia Motors,KIANT,,77593,Vern Mikkelsen
77593.0,Vern,Mikkelsen,,Hall of Fame Inductee,,1995,,,,Award,Hall of Fame,,,77593,Vern Mikkelsen
77593.0,Vern,Mikkelsen,,NBA All-Star,,1950-51,,,,Award,All-Star,,,77593,Vern Mikkelsen
77593.0,Vern,Mikkelsen,,NBA All-Star,,1951-52,,,,Award,All-Star,,,77593,Vern Mikkelsen
77593.0,Vern,Mikkelsen,,NBA All-Star,,1952-53,,,,Award,All-Star,,,77593,Vern Mikkelsen
77593.0,Vern,Mikkelsen,,NBA All-Star,,1954-55,,,,Award,All-Star,,,77593,Vern Mikkelsen
77593.0,Vern,Mikkelsen,,NBA All-Star,,1955-56,,,,Award,All-Star,,,77593,Vern Mikkelsen
77593.0,Vern,Mikkelsen,,NBA All-Star,,1956-57,,,,Award,All-Star,,,77593,Vern Mikkelsen
77593.0,Vern,Mikkelsen,Minneapolis Lakers,NBA Champion,,1949-50,,,,Award,Champion,,,77593,Vern Mikkelsen
77593.0,Vern,Mikkelsen,Minneapolis Lakers,NBA Champion,,1951-52,,,,Award,Champion,,,77593,Vern Mikkelsen
77593.0,Vern,Mikkelsen,Minneapolis Lakers,NBA Champion,,1952-53,,,,Award,Champion,,,77593,Vern Mikkelsen
77593.0,Vern,Mikkelsen,Minneapolis Lakers,NBA Champion,,1953-54,,,,Award,Champion,,,77593,Vern Mikkelsen
2032.0,Darius,Miles,Los Angeles Clippers,All-Rookie Team,1,2000-01,,,1610612746,Award,Kia Motors,KIART,,2032,Darius Miles
77596.0,Eddie,Miles,,NBA All-Star,,1965-66,,,,Award,All-Star,,,77596,Eddie Miles
2545.0,Darko,Milicic,Detroit Pistons,NBA Champion,,2003-04,,,,Award,Champion,,,2545,Darko Milicic
1889.0,Andre,Miller,Cleveland Cavaliers,All-Rookie Team,1,1999-00,,,1610612739,Award,Kia Motors,KIART,,1889,Andre Miller
1889.0,Andre,Miller,Cleveland Cavaliers,NBA Player of the Week,,2001-02,,2001-12-09T00:00:00,East,Award,Kia Motors,KIPWK,,1889,Andre Miller
1889.0,Andre,Miller,Cleveland Cavaliers,NBA Player of the Week,,2001-02,,2002-02-17T00:00:00,East,Award,Kia Motors,KIPWK,,1889,Andre Miller
1889.0,Andre,Miller,Philadelphia 76ers,NBA Player of the Week,,2007-08,,2008-02-10T00:00:00,East,Award,Kia Motors,KIPWK,,1889,Andre Miller
1889.0,Andre,Miller,Philadelphia 76ers,NBA Player of the Week,,2007-08,,2008-03-02T00:00:00,East,Award,Kia Motors,KIPWK,,1889,Andre Miller
1802.0,Brad,Miller,,NBA All-Star,,2002-03,,,,Award,All-Star,,,1802,Brad Miller
1802.0,Brad,Miller,,NBA All-Star,,2003-04,,,,Award,All-Star,,,1802,Brad Miller
1802.0,Brad,Miller,Sacramento Kings,NBA Player of the Week,,2004-05,,2005-01-30T00:00:00,West,Award,Kia Motors,KIPWK,,1802,Brad Miller
1802.0,Brad,Miller,Sacramento Kings,NBA Player of the Week,,2007-08,,2008-02-03T00:00:00,West,Award,Kia Motors,KIPWK,,1802,Brad Miller
1641706.0,Brandon,Miller,Charlotte Hornets,All-Rookie Team,1,2023-24,,,East,Award,Kia Motors,KIART,,1641706,Brandon Miller
1641706.0,Brandon,Miller,Charlotte Hornets,NBA Player of the Week,,2025-26,,2026-01-26T00:00:00,East,Award,Kia Motors,KIPWK,,1641706,Brandon Miller
1641706.0,Brandon,Miller,Charlotte Hornets,NBA Rookie of the Month,,2023-24,1/1/2024,,East,Award,Kia Motors,KIRMO,,1641706,Brandon Miller
1641706.0,Brandon,Miller,Charlotte Hornets,NBA Rookie of the Month,,2023-24,2/1/2024,,East,Award,Kia Motors,KIRMO,,1641706,Brandon Miller
1641706.0,Brandon,Miller,Charlotte Hornets,NBA Rookie of the Month,,2023-24,3/1/2024,,East,Award,Kia Motors,KIRMO,,1641706,Brandon Miller
1626259.0,Malcolm,Miller,Toronto Raptors,NBA Champion,,2018-19,,,,Award,Champion,,,1626259,Malcolm Miller
2034.0,Mike,Miller,Orlando Magic,All-Rookie Team,1,2000-01,,,1610612753,Award,Kia Motors,KIART,,2034,Mike Miller
2034.0,Mike,Miller,Miami Heat,NBA Champion,,2011-12,,,,Award,Champion,,,2034,Mike Miller
2034.0,Mike,Miller,Miami Heat,NBA Champion,,2012-13,,,,Award,Champion,,,2034,Mike Miller
2034.0,Mike,Miller,Orlando Magic,NBA Rookie of the Month,,2000-01,02/01/2001,,,Award,Kia Motors,KIRMO,,2034,Mike Miller
2034.0,Mike,Miller,Orlando Magic,NBA Rookie of the Month,,2000-01,03/01/2001,,,Award,Kia Motors,KIRMO,,2034,Mike Miller
2034.0,Mike,Miller,Orlando Magic,NBA Rookie of the Year,,2000-01,,,,Award,Kia Motors,KIROY,,2034,Mike Miller
2034.0,Mike,Miller,Memphis Grizzlies,NBA Sixth Man of the Year,,2005-06,,,,Award,Kia Motors,KISMY,,2034,Mike Miller
2034.0,Mike,Miller,Orlando Magic,NBA Sporting News Rookie of the Year,,2000-01,,,,Award,Sporting News,SNROY,,2034,Mike Miller
932.0,Oliver,Miller,Phoenix Suns,NBA Player of the Week,,1993-94,,1994-01-02T00:00:00,,Award,Kia Motors,KIPWK,,932,Oliver Miller
397.0,Reggie,Miller,Indiana Pacers,All-NBA,3,1994-95,,,1610612754,Award,Kia Motors,KIANT,,397,Reggie Miller
397.0,Reggie,Miller,Indiana Pacers,All-NBA,3,1995-96,,,1610612754,Award,Kia Motors,KIANT,,397,Reggie Miller
397.0,Reggie,Miller,Indiana Pacers,All-NBA,3,1997-98,,,1610612754,Award,Kia Motors,KIANT,,397,Reggie Miller
397.0,Reggie,Miller,,Hall of Fame Inductee,,2012,,,,Award,Hall of Fame,,,397,Reggie Miller
397.0,Reggie,Miller,Indiana Pacers,J. Walter Kennedy Citizenship,,2003-04,,,,Award,Kia Motors,KIWKC,,397,Reggie Miller
397.0,Reggie,Miller,,NBA All-Star,,1989-90,,,,Award,All-Star,,,397,Reggie Miller
397.0,Reggie,Miller,,NBA All-Star,,1994-95,,,,Award,All-Star,,,397,Reggie Miller
397.0,Reggie,Miller,,NBA All-Star,,1995-96,,,,Award,All-Star,,,397,Reggie Miller
397.0,Reggie,Miller,,NBA All-Star,,1997-98,,,,Award,All-Star,,,397,Reggie Miller
397.0,Reggie,Miller,,NBA All-Star,,1999-00,,,,Award,All-Star,,,397,Reggie Miller
397.0,Reggie,Miller,Indiana Pacers,NBA Player of the Week,,1990-91,,1991-02-24T00:00:00,,Award,Kia Motors,KIPWK,,397,Reggie Miller
397.0,Reggie,Miller,Indiana Pacers,NBA Player of the Week,,1995-96,,1996-01-28T00:00:00,,Award,Kia Motors,KIPWK,,397,Reggie Miller
397.0,Reggie,Miller,Indiana Pacers,NBA Player of the Week,,2004-05,,2005-04-03T00:00:00,East,Award,Kia Motors,KIPWK,,397,Reggie Miller
397.0,Reggie,Miller,USA,Olympic Gold Medal,,1996,,,,Award,Olympic,Gold,,397,Reggie Miller
201988.0,Patrick,Mills,Australia,Olympic Appearance,,2008,,,,Award,Olympic,Appearance,,201988,Patty Mills
201988.0,Patrick,Mills,Australia,Olympic Appearance,,2012,,,,Award,Olympic,Appearance,,201988,Patty Mills
201988.0,Patty,Mills,San Antonio Spurs,NBA Champion,,2013-14,,,,Award,Champion,,,201988,Patty Mills
371.0,Terry,Mills,Detroit Pistons,NBA Player of the Week,,1996-97,,1996-12-08T00:00:00,,Award,Kia Motors,KIPWK,,371,Terry Mills
200794.0,Paul,Millsap,Atlanta Hawks,All-Defensive Team,2,2015-16,,,East,Award,Kia Motors,KIADT,,200794,Paul Millsap
200794.0,Paul,Millsap,Utah Jazz,All-Rookie Team,2,2006-06,,,1610612762,Award,Kia Motors,KIART,,200794,Paul Millsap
200794.0,Paul,Millsap,Utah Jazz,All-Rookie Team,2,2006-07,,,1610612762,Award,Kia Motors,KIART,,200794,Paul Millsap
200794.0,Paul,Millsap,,NBA All-Star,,2013-14,,,,Award,All-Star,,,200794,Paul Millsap
200794.0,Paul,Millsap,,NBA All-Star,,2014-15,,,,Award,All-Star,,,200794,Paul Millsap
200794.0,Paul,Millsap,,NBA All-Star,,2015-16,,,,Award,All-Star,,,200794,Paul Millsap
200794.0,Paul,Millsap,,NBA All-Star,,2016-17,,,,Award,All-Star,,,200794,Paul Millsap
200794.0,Paul,Millsap,Atlanta Hawks,NBA Player of the Month,,2014-15,1/1/2015,,East,Award,Kia Motors,KIPMO,,200794,Paul Millsap
200794.0,Paul,Millsap,Atlanta Hawks,NBA Player of the Week,,2013-14,,2014-01-27T00:00:00,East,Award,Kia Motors,KIPWK,,200794,Paul Millsap
200794.0,Paul,Millsap,Atlanta Hawks,NBA Player of the Week,,2015-16,,2016-04-11T00:00:00,East,Award,Kia Motors,KIPWK,,200794,Paul Millsap
200794.0,Paul,Millsap,Denver Nuggets,NBA Player of the Week,,2018-19,,2018-11-26T00:00:00,West,Award,Kia Motors,KIPWK,,200794,Paul Millsap
202703.0, Nikola,Miroti?,,Olympic Bronze Medal,,2016,,,,Award,Olympic,Bronze,,202703,Nikola Mirotic
202703.0,Nikola,Mirotic,Chicago Bulls,All-Rookie Team,1,2014-15,,,1610612741,Award,Kia Motors,KIART,,202703,Nikola Mirotic
202703.0,Nikola,Mirotic,Chicago Bulls,NBA Rookie of the Month,,2014-15,12/1/2014,,East,Award,Kia Motors,KIRMO,,202703,Nikola Mirotic
202703.0,Nikola,Mirotic,Chicago Bulls,NBA Rookie of the Month,,2014-15,3/1/2015,,East,Award,Kia Motors,KIRMO,,202703,Nikola Mirotic
1642274.0,Yves,Missi,New Orleans Pelicans,All-Rookie Team,2,2024-25,,,West,Award,Kia Motors,KIART,,1642274,Yves Missi
1642274.0,Yves,Missi,New Orleans Pelicans,NBA Rookie of the Month,,2024-25,12/1/2024,,West,Award,Kia Motors,KIRMO,,1642274,Yves Missi
1642349.0,Ajay,Mitchell,Oklahoma City Thunder,NBA Champion,,2024-25,,,,Award,Champion,,,1642349,Ajay Mitchell
1628378.0,Donovan,Mitchell,Cleveland Cavaliers,All-NBA,2,2022-23,,,East,Award,Kia Motors,KIANT,,1628378,Donovan Mitchell
1628378.0,Donovan,Mitchell,Cleveland Cavaliers,All-NBA,1,2024-25,,,East,Award,Kia Motors,KIANT,,1628378,Donovan Mitchell
1628378.0,Donovan,Mitchell,Utah Jazz,All-Rookie Team,1,2017-18,,,West,Award,Kia Motors,KIART,,1628378,Donovan Mitchell
1628378.0,Donovan,Mitchell,,NBA All-Star,,2019-20,,,,Award,All-Star,,,1628378,Donovan Mitchell
1628378.0,Donovan,Mitchell,,NBA All-Star,,2020-21,,,,Award,All-Star,,,1628378,Donovan Mitchell
1628378.0,Donovan,Mitchell,,NBA All-Star,,2021-22,,,,Award,All-Star,,,1628378,Donovan Mitchell
1628378.0,Donovan,Mitchell,,NBA All-Star,,2022-23,,,,Award,All-Star,,,1628378,Donovan Mitchell
1628378.0,Donovan,Mitchell,,NBA All-Star,,2023-24,,,,Award,All-Star,,,1628378,Donovan Mitchell
1628378.0,Donovan,Mitchell,,NBA All-Star,,2024-25,,,,Award,All-Star,,,1628378,Donovan Mitchell
1628378.0,Donovan,Mitchell,,NBA All-Star,,2025-26,,,,Award,All-Star,,,1628378,Donovan Mitchell
1628378.0,Donovan,Mitchell,Utah Jazz,NBA Player of the Month,,2021-22,12/1/2021,,West,Award,Kia Motors,KIPMO,,1628378,Donovan Mitchell
1628378.0,Donovan,Mitchell,Cleveland Cavaliers,NBA Player of the Month,,2023-24,1/1/2024,,East,Award,Kia Motors,KIPMO,,1628378,Donovan Mitchell
1628378.0,Donovan,Mitchell,Cleveland Cavaliers,NBA Player of the Month,,2024-25,2/1/2025,,East,Award,Kia Motors,KIPMO,,1628378,Donovan Mitchell
1628378.0,Donovan,Mitchell,Utah Jazz,NBA Player of the Week,,2018-19,,2018-12-31T00:00:00,West,Award,Kia Motors,KIPWK,,1628378,Donovan Mitchell
1628378.0,Donovan,Mitchell,Utah Jazz,NBA Player of the Week,,2018-19,,2019-01-07T00:00:00,West,Award,Kia Motors,KIPWK,,1628378,Donovan Mitchell
1628378.0,Donovan,Mitchell,Utah Jazz,NBA Player of the Week,,2018-19,,2019-02-25T00:00:00,West,Award,Kia Motors,KIPWK,,1628378,Donovan Mitchell
1628378.0,Donovan,Mitchell,Utah Jazz,NBA Player of the Week,,2021-22,,2021-11-29T00:00:00,West,Award,Kia Motors,KIPWK,,1628378,Donovan Mitchell
1628378.0,Donovan,Mitchell,Cleveland Cavaliers,NBA Player of the Week,,2022-23,,2022-12-12T00:00:00,East,Award,Kia Motors,KIPWK,,1628378,Donovan Mitchell
1628378.0,Donovan,Mitchell,Cleveland Cavaliers,NBA Player of the Week,,2022-23,,2023-01-02T00:00:00,East,Award,Kia Motors,KIPWK,,1628378,Donovan Mitchell
1628378.0,Donovan,Mitchell,Cleveland Cavaliers,NBA Player of the Week,,2023-24,,2024-02-05T00:00:00,East,Award,Kia Motors,KIPWK,,1628378,Donovan Mitchell
1628378.0,Donovan,Mitchell,Cleveland Cavaliers,NBA Player of the Week,,2024-25,,2024-10-28T00:00:00,East,Award,Kia Motors,KIPWK,,1628378,Donovan Mitchell
1628378.0,Donovan,Mitchell,Cleveland Cavaliers,NBA Player of the Week,,2024-25,,2025-01-27T00:00:00,West,Award,Kia Motors,KIPWK,,1628378,Donovan Mitchell
1628378.0,Donovan,Mitchell,Cleveland Cavaliers,NBA Player of the Week,,2025-26,,2025-11-17T00:00:00,East,Award,Kia Motors,KIPWK,,1628378,Donovan Mitchell
1628378.0,Donovan,Mitchell,Utah Jazz,NBA Rookie of the Month,,2017-18,1/1/2018,1900-01-01T12:00:00,West,Award,Kia Motors,KIRMO,,1628378,Donovan Mitchell
1628378.0,Donovan,Mitchell,Utah Jazz,NBA Rookie of the Month,,2017-18,12/1/2017,1900-01-01T12:00:00,West,Award,Kia Motors,KIRMO,,1628378,Donovan Mitchell
1628378.0,Donovan,Mitchell,Utah Jazz,NBA Rookie of the Month,,2017-18,2/1/2018,1900-01-01T12:00:00,West,Award,Kia Motors,KIRMO,,1628378,Donovan Mitchell
1628378.0,Donovan,Mitchell,Utah Jazz,NBA Rookie of the Month,,2017-18,3/1/2018,1900-01-01T12:00:00,West,Award,Kia Motors,KIRMO,,1628378,Donovan Mitchell
77615.0,Mike,Mitchell,,NBA All-Star,,1980-81,,,,Award,All-Star,,,77615,Mike Mitchell
77615.0,Mike,Mitchell,Cleveland Cavaliers,NBA Player of the Week,,1979-80,,1979-12-30T00:00:00,,Award,Kia Motors,KIPWK,,77615,Mike Mitchell
77615.0,Mike,Mitchell,Cleveland Cavaliers,NBA Player of the Week,,1980-81,,1981-02-22T00:00:00,,Award,Kia Motors,KIPWK,,77615,Mike Mitchell
77618.0,Steve,Mix,,NBA All-Star,,1974-75,,,,Award,All-Star,,,77618,Steve Mix
1749.0,Cuttino,Mobley,Houston Rockets,All-Rookie Team,2,1998-99,,,1610612745,Award,Kia Motors,KIART,,1749,Cuttino Mobley
1749.0,Cuttino,Mobley,Houston Rockets,NBA Player of the Week,,2000-01,,2001-03-18T00:00:00,,Award,Kia Motors,KIPWK,,1749,Cuttino Mobley
1630596.0,Evan,Mobley,Cleveland Cavaliers,All-Defensive Team,1,2022-23,,,East,Award,Kia Motors,KIADT,,1630596,Evan Mobley
1630596.0,Evan,Mobley,Cleveland Cavaliers,All-Defensive Team,1,2024-25,,,East,Award,Kia Motors,KIADT,,1630596,Evan Mobley
1630596.0,Evan,Mobley,Cleveland Cavaliers,All-NBA,2,2024-25,,,East,Award,Kia Motors,KIANT,,1630596,Evan Mobley
1630596.0,Evan,Mobley,Cleveland Cavaliers,All-Rookie Team,1,2021-22,,,East,Award,Kia Motors,KIART,,1630596,Evan Mobley
1630596.0,Evan,Mobley,,NBA All-Star,,2024-25,,,,Award,All-Star,,,1630596,Evan Mobley
1630596.0,Evan,Mobley,Cleveland Cavaliers,NBA Defensive Player of the Month,,2024-25,12/1/2024,,East,Award,Kia Motors,KIRMO,,1630596,Evan Mobley
1630596.0,Evan,Mobley,Cleveland Cavaliers,NBA Defensive Player of the Month,,2024-25,2/1/2025,,East,Award,Kia Motors,KIRMO,,1630596,Evan Mobley
1630596.0,Evan,Mobley,Cleveland Cavaliers,NBA Defensive Player of the Year,,2024-25,,,East,Award,Kia Motors,KDPYR,,1630596,Evan Mobley
1630596.0,Evan,Mobley,Cleveland Cavaliers,NBA Rookie of the Month,,2021-22,11/1/2021,,East,Award,Kia Motors,KIRMO,,1630596,Evan Mobley
1737.0,Nazr,Mohammed,San Antonio Spurs,NBA Champion,,2004-05,,,,Award,Champion,,,1737,Nazr Mohammed
77624.0,Jack,Molinas,,NBA All-Star,,1953-54,,,,Award,All-Star,,,77624,Jack Molinas
77626.0,Sidney,Moncrief,Milwaukee Bucks,All-Defensive Team,2,1981-82,,,1610612749,Award,Kia Motors,KIADT,,77626,Sidney Moncrief
77626.0,Sidney,Moncrief,Milwaukee Bucks,All-Defensive Team,1,1982-83,,,1610612749,Award,Kia Motors,KIADT,,77626,Sidney Moncrief
77626.0,Sidney,Moncrief,Milwaukee Bucks,All-Defensive Team,1,1983-84,,,1610612749,Award,Kia Motors,KIADT,,77626,Sidney Moncrief
77626.0,Sidney,Moncrief,Milwaukee Bucks,All-Defensive Team,1,1984-85,,,1610612749,Award,Kia Motors,KIADT,,77626,Sidney Moncrief
77626.0,Sidney,Moncrief,Milwaukee Bucks,All-Defensive Team,1,1985-86,,,1610612749,Award,Kia Motors,KIADT,,77626,Sidney Moncrief
77626.0,Sidney,Moncrief,Milwaukee Bucks,All-NBA,2,1981-82,,,1610612749,Award,Kia Motors,KIANT,,77626,Sidney Moncrief
77626.0,Sidney,Moncrief,Milwaukee Bucks,All-NBA,1,1982-83,,,1610612749,Award,Kia Motors,KIANT,,77626,Sidney Moncrief
77626.0,Sidney,Moncrief,Milwaukee Bucks,All-NBA,2,1983-84,,,1610612749,Award,Kia Motors,KIANT,,77626,Sidney Moncrief
77626.0,Sidney,Moncrief,Milwaukee Bucks,All-NBA,2,1984-85,,,1610612749,Award,Kia Motors,KIANT,,77626,Sidney Moncrief
77626.0,Sidney,Moncrief,Milwaukee Bucks,All-NBA,2,1985-86,,,1610612749,Award,Kia Motors,KIANT,,77626,Sidney Moncrief
77626.0,Sidney,Moncrief,,NBA All-Star,,1981-82,,,,Award,All-Star,,,77626,Sidney Moncrief
77626.0,Sidney,Moncrief,,NBA All-Star,,1982-83,,,,Award,All-Star,,,77626,Sidney Moncrief
77626.0,Sidney,Moncrief,,NBA All-Star,,1983-84,,,,Award,All-Star,,,77626,Sidney Moncrief
77626.0,Sidney,Moncrief,,NBA All-Star,,1984-85,,,,Award,All-Star,,,77626,Sidney Moncrief
77626.0,Sidney,Moncrief,,NBA All-Star,,1985-86,,,,Award,All-Star,,,77626,Sidney Moncrief
77626.0,Sidney,Moncrief,Milwaukee Bucks,NBA Defensive Player of the Year,,1982-83,,,,Award,Kia Motors,KDPYR,,77626,Sidney Moncrief
77626.0,Sidney,Moncrief,Milwaukee Bucks,NBA Defensive Player of the Year,,1983-84,,,,Award,Kia Motors,KDPYR,,77626,Sidney Moncrief
77626.0,Sidney,Moncrief,Milwaukee Bucks,NBA Player of the Month,,1981-82,12/01/1981,,,Award,Kia Motors,KIPMO,,77626,Sidney Moncrief
77626.0,Sidney,Moncrief,Milwaukee Bucks,NBA Player of the Week,,1985-86,,1986-02-23T00:00:00,,Award,Kia Motors,KIPWK,,77626,Sidney Moncrief
600006.0,Earl,Monroe,Baltimore Bullets,All-NBA,1,1968-69,,,1610610024,Award,Kia Motors,KIANT,,600006,Earl Monroe
600006.0,Earl,Monroe,Baltimore Bullets,All-Rookie Team,1,1967-68,,,1610610024,Award,Kia Motors,KIART,,600006,Earl Monroe
600006.0,Earl,Monroe,,Hall of Fame Inductee,,1990,,,,Award,Hall of Fame,,,600006,Earl Monroe
600006.0,Earl,Monroe,,NBA All-Star,,1968-69,,,,Award,All-Star,,,600006,Earl Monroe
600006.0,Earl,Monroe,,NBA All-Star,,1970-71,,,,Award,All-Star,,,600006,Earl Monroe
600006.0,Earl,Monroe,,NBA All-Star,,1974-75,,,,Award,All-Star,,,600006,Earl Monroe
600006.0,Earl,Monroe,,NBA All-Star,,1976-77,,,,Award,All-Star,,,600006,Earl Monroe
600006.0,Earl,Monroe,New York Knicks,NBA Champion,,1972-73,,,,Award,Champion,,,600006,Earl Monroe
600006.0,Earl,Monroe,Baltimore Bullets,NBA Rookie of the Year,,1967-68,,,,Award,Kia Motors,KIROY,,600006,Earl Monroe
600006.0,Earl,Monroe,Baltimore Bullets,NBA Sporting News Rookie of the Year,,1967-68,,,,Award,Sporting News,SNROY,,600006,Earl Monroe
202328.0,Greg,Monroe,Detroit Pistons,All-Rookie Team,2,2010-11,,,1610612765,Award,Kia Motors,KIART,,202328,Greg Monroe
376.0,Eric,Montross,Boston Celtics,All-Rookie Team,2,1994-95,,,1610612738,Award,Kia Motors,KIART,,376,Eric Montross
1630541.0,Moses,Moody,Golden State Warriors,NBA Champion,,2021-22,,,,Award,Champion,,,1630541,Moses Moody
200081.0,Jamario,Moon,Toronto Raptors,All-Rookie Team,2,2007-08,,,1610612761,Award,Kia Motors,KIART,,200081,Jamario Moon
200081.0,Jamario,Moon,Toronto Raptors,NBA Rookie of the Month,,2007-08,01/01/2008,,East,Award,Kia Motors,KIRMO,,200081,Jamario Moon
77634.0,Jackie,Moore,Philadelphia Warriors,NBA Champion,,1955-56,,,,Award,Champion,,,77634,Jackie Moore
1629630.0,Ja,Morant,Memphis Grizzlies,All-NBA,2,2021-22,,,West,Award,Kia Motors,KIANT,,1629630,Ja Morant
1629630.0,Ja,Morant,Memphis Grizzlies,All-Rookie Team,1,2019-20,,,West,Award,Kia Motors,KIART,,1629630,Ja Morant
1629630.0,Ja,Morant,,NBA All-Star,,2021-22,,,,Award,All-Star,,,1629630,Ja Morant
1629630.0,Ja,Morant,,NBA All-Star,,2022-23,,,,Award,All-Star,,,1629630,Ja Morant
1629630.0,Ja,Morant,Memphis Grizzlies,NBA Most Improved Player,,2021-22,,,West,Award,Kia Motors,KIMIP,,1629630,Ja Morant
1629630.0,Ja,Morant,Memphis Grizzlies,NBA Player of the Week,,2021-22,,2021-12-27T00:00:00,West,Award,Kia Motors,KIPWK,,1629630,Ja Morant
1629630.0,Ja,Morant,Memphis Grizzlies,NBA Player of the Week,,2021-22,,2022-01-03T00:00:00,West,Award,Kia Motors,KIPWK,,1629630,Ja Morant
1629630.0,Ja,Morant,Memphis Grizzlies,NBA Player of the Week,,2023-24,,2023-12-18T00:00:00,West,Award,Kia Motors,KIPWK,,1629630,Ja Morant
1629630.0,Ja,Morant,Memphis Grizzlies,NBA Rookie of the Month,,2019-20,1/1/2020,,West,Award,Kia Motors,KIRMO,,1629630,Ja Morant
1629630.0,Ja,Morant,Memphis Grizzlies,NBA Rookie of the Month,,2019-20,11/1/2019,1900-01-01T12:00:00,West,Award,Kia Motors,KIRMO,,1629630,Ja Morant
1629630.0,Ja,Morant,Memphis Grizzlies,NBA Rookie of the Month,,2019-20,12/1/2019,1900-01-01T12:00:00,West,Award,Kia Motors,KIRMO,,1629630,Ja Morant
1629630.0,Ja,Morant,Memphis Grizzlies,NBA Rookie of the Year,,2019-20,,,West,Award,Kia Motors,KIROY,,1629630,Ja Morant
203961.0,Eric,Moreland,Toronto Raptors,NBA Champion,,2018-19,,,,Award,Champion,,,203961,Eric Moreland
356.0,Chris,Morris,New Jersey Nets,All-Rookie Team,2,1988-89,,,1610612751,Award,Kia Motors,KIART,,356,Chris Morris
202693.0,Markieff,Morris,Los Angeles Lakers,NBA Champion,,2019-20,,,,Award,Champion,,,202693,Markieff Morris
202693.0,Markieff,Morris,Phoenix Suns,NBA Player of the Week,,2013-14,,2013-11-10T00:00:00,West,Award,Kia Motors,KIPWK,,202693,Markieff Morris
200747.0,Adam,Morrison,Charlotte Bobcats,All-Rookie Team,2,2006-07,,,1610612766,Award,Kia Motors,KIART,,200747,Adam Morrison
200747.0,Adam,Morrison,Los Angeles Lakers,NBA Champion,,2008-09,,,,Award,Champion,,,200747,Adam Morrison
200747.0,Adam,Morrison,Los Angeles Lakers,NBA Champion,,2009-10,,,,Award,Champion,,,200747,Adam Morrison
200747.0,Adam,Morrison,Charlotte Bobcats,NBA Rookie of the Month,,2006-07,11/01/2006,,East,Award,Kia Motors,KIRMO,,200747,Adam Morrison
297.0,Alanzo,Mourning,USA,Olympic Gold Medal,,2000,,,,Award,Olympic,Gold,,297,Alonzo Mourning
297.0,Alonzo,Mourning,Miami Heat,All-Defensive Team,1,1998-99,,,1610612748,Award,Kia Motors,KIADT,,297,Alonzo Mourning
297.0,Alonzo,Mourning,Miami Heat,All-Defensive Team,1,1999-00,,,1610612748,Award,Kia Motors,KIADT,,297,Alonzo Mourning
297.0,Alonzo,Mourning,Miami Heat,All-NBA,1,1998-99,,,1610612748,Award,Kia Motors,KIANT,,297,Alonzo Mourning
297.0,Alonzo,Mourning,Miami Heat,All-NBA,2,1999-00,,,1610612748,Award,Kia Motors,KIANT,,297,Alonzo Mourning
297.0,Alonzo,Mourning,Charlotte Hornets,All-Rookie Team,1,1992-93,,,1610612740,Award,Kia Motors,KIART,,297,Alonzo Mourning
297.0,Alonzo,Mourning,,Hall of Fame Inductee,,2014,,,,Award,Hall of Fame,,,297,Alonzo Mourning
297.0,Alonzo,Mourning,Miami Heat,J. Walter Kennedy Citizenship,,2001-02,,,,Award,Kia Motors,KIWKC,,297,Alonzo Mourning
297.0,Alonzo,Mourning,,NBA All-Star,,1993-94,,,,Award,All-Star,,,297,Alonzo Mourning
297.0,Alonzo,Mourning,,NBA All-Star,,1994-95,,,,Award,All-Star,,,297,Alonzo Mourning
297.0,Alonzo,Mourning,,NBA All-Star,,1995-96,,,,Award,All-Star,,,297,Alonzo Mourning
297.0,Alonzo,Mourning,,NBA All-Star,,1996-97,,,,Award,All-Star,,,297,Alonzo Mourning
297.0,Alonzo,Mourning,,NBA All-Star,,1999-00,,,,Award,All-Star,,,297,Alonzo Mourning
297.0,Alonzo,Mourning,,NBA All-Star,,2000-01,,,,Award,All-Star,,,297,Alonzo Mourning
297.0,Alonzo,Mourning,,NBA All-Star,,2001-02,,,,Award,All-Star,,,297,Alonzo Mourning
297.0,Alonzo,Mourning,Miami Heat,NBA Champion,,2005-06,,,,Award,Champion,,,297,Alonzo Mourning
297.0,Alonzo,Mourning,Miami Heat,NBA Defensive Player of the Year,,1998-99,,,,Award,Kia Motors,KDPYR,,297,Alonzo Mourning
297.0,Alonzo,Mourning,Miami Heat,NBA Defensive Player of the Year,,1999-00,,,,Award,Kia Motors,KDPYR,,297,Alonzo Mourning
297.0,Alonzo,Mourning,Miami Heat,NBA Player of the Month,,1999-00,12/01/1999,,,Award,Kia Motors,KIPMO,,297,Alonzo Mourning
297.0,Alonzo,Mourning,New Orleans Hornets,NBA Player of the Week,,1992-93,,1993-04-18T00:00:00,,Award,Kia Motors,KIPWK,,297,Alonzo Mourning
297.0,Alonzo,Mourning,Miami Heat,NBA Player of the Week,,1996-97,,1997-02-16T00:00:00,,Award,Kia Motors,KIPWK,,297,Alonzo Mourning
297.0,Alonzo,Mourning,Miami Heat,NBA Player of the Week,,1997-98,,1998-03-29T00:00:00,,Award,Kia Motors,KIPWK,,297,Alonzo Mourning
297.0,Alonzo,Mourning,Miami Heat,NBA Player of the Week,,1998-99,,1999-03-14T00:00:00,,Award,Kia Motors,KIPWK,,297,Alonzo Mourning
297.0,Alonzo,Mourning,Miami Heat,NBA Player of the Week,,1999-00,,1999-12-13T00:00:00,,Award,Kia Motors,KIPWK,,297,Alonzo Mourning
297.0,Alonzo,Mourning,Miami Heat,NBA Player of the Week,,1999-00,,2000-04-10T00:00:00,,Award,Kia Motors,KIPWK,,297,Alonzo Mourning
297.0,Alonzo,Mourning,Charlotte Hornets,NBA Rookie of the Month,,1992-93,03/01/1993,,,Award,Kia Motors,KIRMO,,297,Alonzo Mourning
297.0,Alonzo,Mourning,Charlotte Hornets,NBA Rookie of the Month,,1992-93,04/01/1993,,,Award,Kia Motors,KIRMO,,297,Alonzo Mourning
202389.0,Timofey,Mozgov,Cleveland Cavaliers,NBA Champion,,2015-16,,,,Award,Champion,,,202389,Timofey Mozgov
202389.0,Timofey,Mozgov,Russia,Olympic Bronze Medal,,2012,,,,Award,Olympic,Bronze,,202389,Timofey Mozgov
1626144.0,Emmanuel,Mudiay,Denver Nuggets,All-Rookie Team,2,2015-16,,,West,Award,Kia Motors,KIART,,1626144,Emmanuel Mudiay
77658.0,Erwin,Mueller,Chicago Bulls,All-Rookie Team,1,1966-67,,,1610612741,Award,Kia Motors,KIART,,77658,Erwin Mueller
77677.0,Angelo,Musi,Philadelphia Warriors,NBA Champion,,1946-47,,,,Award,Champion,,,77677,Angelo Musi
87.0,Dikembe,Mutombo,Denver Nuggets,All-Defensive Team,2,1994-95,,,1610612743,Award,Kia Motors,KIADT,,87,Dikembe Mutombo
87.0,Dikembe,Mutombo,Atlanta Hawks,All-Defensive Team,1,1996-97,,,1610612737,Award,Kia Motors,KIADT,,87,Dikembe Mutombo
87.0,Dikembe,Mutombo,Atlanta Hawks,All-Defensive Team,1,1997-98,,,1610612737,Award,Kia Motors,KIADT,,87,Dikembe Mutombo
87.0,Dikembe,Mutombo,Atlanta Hawks,All-Defensive Team,2,1998-99,,,1610612737,Award,Kia Motors,KIADT,,87,Dikembe Mutombo
87.0,Dikembe,Mutombo,Philadelphia 76ers-Atlanta Hawks,All-Defensive Team,1,2000-01,,,1610612737,Award,Kia Motors,KIADT,,87,Dikembe Mutombo
87.0,Dikembe,Mutombo,Philadelphia 76ers-Atlanta Hawks,All-Defensive Team,2,2001-02,,,1610612737,Award,Kia Motors,KIADT,,87,Dikembe Mutombo
87.0,Dikembe,Mutombo,Atlanta Hawks,All-NBA,3,1997-98,,,1610612737,Award,Kia Motors,KIANT,,87,Dikembe Mutombo
87.0,Dikembe,Mutombo,Atlanta Hawks-Philadelphia 76ers,All-NBA,2,2000-01,,,1610612755,Award,Kia Motors,KIANT,,87,Dikembe Mutombo
87.0,Dikembe,Mutombo,Philadelphia 76ers,All-NBA,3,2001-02,,,1610612755,Award,Kia Motors,KIANT,,87,Dikembe Mutombo
87.0,Dikembe,Mutombo,Denver Nuggets,All-Rookie Team,1,1991-92,,,1610612743,Award,Kia Motors,KIART,,87,Dikembe Mutombo
87.0,Dikembe,Mutombo,,Hall of Fame Inductee,,2015,,,,Award,Hall of Fame,,,87,Dikembe Mutombo
87.0,Dikembe,Mutombo,Atlanta Hawks,IBM Award,,1998-99,,,,Award,IBM,IBMAW,,87,Dikembe Mutombo
87.0,Dikembe,Mutombo,Philadelphia 76ers,J. Walter Kennedy Citizenship,,2000-01,,,,Award,Kia Motors,KIWKC,,87,Dikembe Mutombo
87.0,Dikembe,Mutombo,Houston Rockets,J. Walter Kennedy Citizenship,,2008-09,,,,Award,Kia Motors,KIWKC,,87,Dikembe Mutombo
87.0,Dikembe,Mutombo,,NBA All-Star,,1991-92,,,,Award,All-Star,,,87,Dikembe Mutombo
87.0,Dikembe,Mutombo,,NBA All-Star,,1994-95,,,,Award,All-Star,,,87,Dikembe Mutombo
87.0,Dikembe,Mutombo,,NBA All-Star,,1995-96,,,,Award,All-Star,,,87,Dikembe Mutombo
87.0,Dikembe,Mutombo,,NBA All-Star,,1996-97,,,,Award,All-Star,,,87,Dikembe Mutombo
87.0,Dikembe,Mutombo,,NBA All-Star,,1997-98,,,,Award,All-Star,,,87,Dikembe Mutombo
87.0,Dikembe,Mutombo,,NBA All-Star,,1999-00,,,,Award,All-Star,,,87,Dikembe Mutombo
87.0,Dikembe,Mutombo,,NBA All-Star,,2000-01,,,,Award,All-Star,,,87,Dikembe Mutombo
87.0,Dikembe,Mutombo,,NBA All-Star,,2001-02,,,,Award,All-Star,,,87,Dikembe Mutombo
87.0,Dikembe,Mutombo,Denver Nuggets,NBA Defensive Player of the Year,,1994-95,,,,Award,Kia Motors,KDPYR,,87,Dikembe Mutombo
87.0,Dikembe,Mutombo,Atlanta Hawks,NBA Defensive Player of the Year,,1996-97,,,,Award,Kia Motors,KDPYR,,87,Dikembe Mutombo
87.0,Dikembe,Mutombo,Atlanta Hawks,NBA Defensive Player of the Year,,1997-98,,,,Award,Kia Motors,KDPYR,,87,Dikembe Mutombo
87.0,Dikembe,Mutombo,Atlanta Hawks-Philadelphia 76ers,NBA Defensive Player of the Year,,2000-01,,,,Award,Kia Motors,KDPYR,,87,Dikembe Mutombo
87.0,Dikembe,Mutombo,Denver Nuggets,NBA Player of the Week,,1992-93,,1993-03-28T00:00:00,,Award,Kia Motors,KIPWK,,87,Dikembe Mutombo
87.0,Dikembe,Mutombo,Denver Nuggets,NBA Player of the Week,,1993-94,,1994-04-10T00:00:00,,Award,Kia Motors,KIPWK,,87,Dikembe Mutombo
87.0,Dikembe,Mutombo,Denver Nuggets,NBA Player of the Week,,1994-95,,1995-04-16T00:00:00,,Award,Kia Motors,KIPWK,,87,Dikembe Mutombo
87.0,Dikembe,Mutombo,Denver Nuggets,NBA Player of the Week,,1995-96,,1995-12-10T00:00:00,,Award,Kia Motors,KIPWK,,87,Dikembe Mutombo
87.0,Dikembe,Mutombo,Atlanta Hawks,NBA Player of the Week,,1996-97,,1996-12-01T00:00:00,,Award,Kia Motors,KIPWK,,87,Dikembe Mutombo
87.0,Dikembe,Mutombo,Atlanta Hawks,NBA Player of the Week,,1997-98,,1997-11-09T00:00:00,,Award,Kia Motors,KIPWK,,87,Dikembe Mutombo
87.0,Dikembe,Mutombo,Atlanta Hawks,NBA Player of the Week,,1998-99,,1999-01-30T00:00:00,,Award,Kia Motors,KIPWK,,87,Dikembe Mutombo
87.0,Dikembe,Mutombo,Atlanta Hawks,NBA Player of the Week,,1999-00,,2000-01-31T00:00:00,,Award,Kia Motors,KIPWK,,87,Dikembe Mutombo
87.0,Dikembe,Mutombo,New York Knicks,NBA Player of the Week,,2003-04,,2003-11-30T00:00:00,East,Award,Kia Motors,KIPWK,,87,Dikembe Mutombo
87.0,Dikembe,Mutombo,Denver Nuggets,NBA Rookie of the Month,,1991-92,01/01/1992,,,Award,Kia Motors,KIRMO,,87,Dikembe Mutombo
87.0,Dikembe,Mutombo,Denver Nuggets,NBA Rookie of the Month,,1991-92,11/01/1991,,,Award,Kia Motors,KIRMO,,87,Dikembe Mutombo
1629004.0,Svi,Mykhailiuk,Boston Celtics,NBA Champion,,2023-24,,,,Award,Champion,,,1629004,Svi Mykhailiuk
77685.0,Larry,Nance,Cleveland Cavaliers,All-Defensive Team,1,1988-89,,,1610612739,Award,Kia Motors,KIADT,,77685,Larry Nance
77685.0,Larry,Nance,Cleveland Cavaliers,All-Defensive Team,2,1991-92,,,1610612739,Award,Kia Motors,KIADT,,77685,Larry Nance
77685.0,Larry,Nance,Cleveland Cavaliers,All-Defensive Team,2,1992-93,,,1610612739,Award,Kia Motors,KIADT,,77685,Larry Nance
77685.0,Larry,Nance,,NBA All-Star,,1984-85,,,,Award,All-Star,,,77685,Larry Nance
77685.0,Larry,Nance,,NBA All-Star,,1988-89,,,,Award,All-Star,,,77685,Larry Nance
77685.0,Larry,Nance,,NBA All-Star,,1992-93,,,,Award,All-Star,,,77685,Larry Nance
77685.0,Larry,Nance,Phoenix Suns,NBA Player of the Month,,1987-88,12/01/1987,,,Award,Kia Motors,KIPMO,,77685,Larry Nance
77685.0,Larry,Nance,Phoenix Suns,NBA Player of the Week,,1982-83,,1983-02-20T00:00:00,,Award,Kia Motors,KIPWK,,77685,Larry Nance
77685.0,Larry,Nance,Phoenix Suns,NBA Player of the Week,,1984-85,,1984-11-04T00:00:00,,Award,Kia Motors,KIPWK,,77685,Larry Nance
77685.0,Larry,Nance,Phoenix Suns,NBA Player of the Week,,1985-86,,1985-12-22T00:00:00,,Award,Kia Motors,KIPWK,,77685,Larry Nance
77685.0,Larry,Nance,Phoenix Suns,NBA Player of the Week,,1987-88,,1987-12-20T00:00:00,,Award,Kia Motors,KIPWK,,77685,Larry Nance
77685.0,Larry,Nance,Cleveland Cavaliers,NBA Player of the Week,,1991-92,,1992-02-02T00:00:00,,Award,Kia Motors,KIPWK,,77685,Larry Nance
959.0,Steve,Nash,Dallas Mavericks,All-NBA,3,2001-02,,,1610612742,Award,Kia Motors,KIANT,,959,Steve Nash
959.0,Steve,Nash,Dallas Mavericks,All-NBA,3,2002-03,,,1610612742,Award,Kia Motors,KIANT,,959,Steve Nash
959.0,Steve,Nash,Phoenix Suns,All-NBA,1,2004-05,,,1610612756,Award,Kia Motors,KIANT,,959,Steve Nash
959.0,Steve,Nash,Phoenix Suns,All-NBA,1,2005-06,,,1610612756,Award,Kia Motors,KIANT,,959,Steve Nash
959.0,Steve,Nash,Phoenix Suns,All-NBA,1,2006-07,,,1610612756,Award,Kia Motors,KIANT,,959,Steve Nash
959.0,Steve,Nash,Phoenix Suns,All-NBA,2,2007-08,,,1610612756,Award,Kia Motors,KIANT,,959,Steve Nash
959.0,Steve,Nash,Phoenix Suns,All-NBA,2,2009-10,,,1610612756,Award,Kia Motors,KIANT,,959,Steve Nash
959.0,Steve,Nash,,Hall of Fame Inductee,,2018,,,,Award,Hall of Fame,,,959,Steve Nash
959.0,Steve,Nash,Phoenix Suns,J. Walter Kennedy Citizenship,,2006-07,,,,Award,Kia Motors,KIWKC,,959,Steve Nash
959.0,Steve,Nash,,NBA All-Star,,2001-02,,,,Award,All-Star,,,959,Steve Nash
959.0,Steve,Nash,,NBA All-Star,,2002-03,,,,Award,All-Star,,,959,Steve Nash
959.0,Steve,Nash,,NBA All-Star,,2004-05,,,,Award,All-Star,,,959,Steve Nash
959.0,Steve,Nash,,NBA All-Star,,2005-06,,,,Award,All-Star,,,959,Steve Nash
959.0,Steve,Nash,,NBA All-Star,,2006-07,,,,Award,All-Star,,,959,Steve Nash
959.0,Steve,Nash,,NBA All-Star,,2007-08,,,,Award,All-Star,,,959,Steve Nash
959.0,Steve,Nash,,NBA All-Star,,2009-10,,,,Award,All-Star,,,959,Steve Nash
959.0,Steve,Nash,,NBA All-Star,,2011-12,,,,Award,All-Star,,,959,Steve Nash
959.0,Steve,Nash,Phoenix Suns,NBA Most Valuable Player,,2004-05,,,,Award,Kia Motors,KIMVP,,959,Steve Nash
959.0,Steve,Nash,Phoenix Suns,NBA Most Valuable Player,,2005-06,,,,Award,Kia Motors,KIMVP,,959,Steve Nash
959.0,Steve,Nash,Dallas Mavericks,NBA Player of the Month,,2002-03,11/01/2002,,West,Award,Kia Motors,KIPMO,,959,Steve Nash
959.0,Steve,Nash,Phoenix Suns,NBA Player of the Month,,2004-05,11/01/2004,,West,Award,Kia Motors,KIPMO,,959,Steve Nash
959.0,Steve,Nash,Phoenix Suns,NBA Player of the Month,,2006-07,01/01/2007,,West,Award,Kia Motors,KIPMO,,959,Steve Nash
959.0,Steve,Nash,Dallas Mavericks,NBA Player of the Week,,2001-02,,2001-12-16T00:00:00,West,Award,Kia Motors,KIPWK,,959,Steve Nash
959.0,Steve,Nash,Phoenix Suns,NBA Player of the Week,,2004-05,,2004-12-26T00:00:00,West,Award,Kia Motors,KIPWK,,959,Steve Nash
959.0,Steve,Nash,Phoenix Suns,NBA Player of the Week,,2004-05,,2005-02-13T00:00:00,West,Award,Kia Motors,KIPWK,,959,Steve Nash
959.0,Steve,Nash,Phoenix Suns,NBA Player of the Week,,2005-06,,2005-11-28T00:00:00,West,Award,Kia Motors,KIPWK,,959,Steve Nash
959.0,Steve,Nash,Phoenix Suns,NBA Player of the Week,,2005-06,,2006-01-08T00:00:00,West,Award,Kia Motors,KIPWK,,959,Steve Nash
959.0,Steve,Nash,Phoenix Suns,NBA Player of the Week,,2006-07,,2006-12-10T00:00:00,West,Award,Kia Motors,KIPWK,,959,Steve Nash
959.0,Steve,Nash,Phoenix Suns,NBA Player of the Week,,2006-07,,2007-01-21T00:00:00,West,Award,Kia Motors,KIPWK,,959,Steve Nash
959.0,Steve,Nash,Phoenix Suns,NBA Player of the Week,,2006-07,,2007-01-28T00:00:00,West,Award,Kia Motors,KIPWK,,959,Steve Nash
959.0,Steve,Nash,Phoenix Suns,NBA Sporting News Most Valuable Player of the Year,,2005-06,,,,Award,Sporting News,SNMVP,,959,Steve Nash
959.0,Steve,Nash,Canada,Olympic Appearance,,2000,,,,Award,Olympic,Appearance,,959,Steve Nash
77689.0,Swen,Nater,Los Angeles Clippers,NBA Player of the Week,,1979-80,,1979-12-23T00:00:00,,Award,Kia Motors,KIPWK,,77689,Swen Nater
77691.0,Calvin,Natt,Portland Trail Blazers,All-Rookie Team,1,1979-80,,,1610612757,Award,Kia Motors,KIART,,77691,Calvin Natt
77691.0,Calvin,Natt,,NBA All-Star,,1984-85,,,,Award,All-Star,,,77691,Calvin Natt
77691.0,Calvin,Natt,Portland Trail Blazers,NBA Player of the Week,,1979-80,,1980-02-24T00:00:00,,Award,Kia Motors,KIPWK,,77691,Calvin Natt
77691.0,Calvin,Natt,Denver Nuggets,NBA Player of the Week,,1984-85,,1985-04-01T00:00:00,,Award,Kia Motors,KIPWK,,77691,Calvin Natt
77691.0,Calvin,Natt,Denver Nuggets,NBA Player of the Week,,1985-86,,1986-01-12T00:00:00,,Award,Kia Motors,KIPWK,,77691,Calvin Natt
77693.0,Willie,Naulls,,NBA All-Star,,1957-58,,,,Award,All-Star,,,77693,Willie Naulls
77693.0,Willie,Naulls,,NBA All-Star,,1959-60,,,,Award,All-Star,,,77693,Willie Naulls
77693.0,Willie,Naulls,,NBA All-Star,,1960-61,,,,Award,All-Star,,,77693,Willie Naulls
77693.0,Willie,Naulls,,NBA All-Star,,1961-62,,,,Award,All-Star,,,77693,Willie Naulls
77693.0,Willie,Naulls,Boston Celtics,NBA Champion,,1963-64,,,,Award,Champion,,,77693,Willie Naulls
77693.0,Willie,Naulls,Boston Celtics,NBA Champion,,1964-65,,,,Award,Champion,,,77693,Willie Naulls
77693.0,Willie,Naulls,Boston Celtics,NBA Champion,,1965-66,,,,Award,Champion,,,77693,Willie Naulls
2434.0, Juan Carlos,Navarro,,Olympic Bronze Medal,,2016,,,,Award,Olympic,Bronze,,2434,Juan Carlos Navarro
2434.0,Juan,Navarro,Spain,Olympic Appearance,,2000,,,,Award,Olympic,Appearance,,2434,Juan Carlos Navarro
2434.0,Juan,Navarro,Spain,Olympic Appearance,,2004,,,,Award,Olympic,Appearance,,2434,Juan Carlos Navarro
2434.0,Juan,Navarro,Spain,Olympic Silver Medal,,2008,,,,Award,Olympic,Silver,,2434,Juan Carlos Navarro
2434.0,Juan,Navarro,Spain,Olympic Silver Medal,,2012,,,,Award,Olympic,Silver,,2434,Juan Carlos Navarro
2434.0,Juan Carlos,Navarro,Memphis Grizzlies,All-Rookie Team,2,2007-08,,,1610612763,Award,Kia Motors,KIART,,2434,Juan Carlos Navarro
202390.0,Gary,Neal,San Antonio Spurs,All-Rookie Team,1,2010-11,,,1610612759,Award,Kia Motors,KIART,,202390,Gary Neal
77696.0,Lloyd,Neal,Portland Trail Blazers,All-Rookie Team,1,1972-73,,,1610612757,Award,Kia Motors,KIART,,77696,Lloyd Neal
77696.0,Lloyd,Neal,Portland Trail Blazers,NBA Champion,,1976-77,,,,Award,Champion,,,77696,Lloyd Neal
203517.0,Nemanja,Nedovic,Serbia,Olympic Silver Medal,,2016,,,,Award,Olympic,Silver,,203517,Nemanja Nedovic
77700.0,Don,Nelson,Boston Celtics,NBA Champion,,1965-66,,,,Award,Champion,,,77700,Don Nelson
77700.0,Don,Nelson,Boston Celtics,NBA Champion,,1967-68,,,,Award,Champion,,,77700,Don Nelson
77700.0,Don,Nelson,Boston Celtics,NBA Champion,,1968-69,,,,Award,Champion,,,77700,Don Nelson
77700.0,Don,Nelson,Boston Celtics,NBA Champion,,1973-74,,,,Award,Champion,,,77700,Don Nelson
77700.0,Don,Nelson,Boston Celtics,NBA Champion,,1975-76,,,,Award,Champion,,,77700,Don Nelson
2749.0,Jameer,Nelson,Orlando Magic,All-Rookie Team,2,2004-05,,,1610612753,Award,Kia Motors,KIART,,2749,Jameer Nelson
2749.0,Jameer,Nelson,,NBA All-Star,,2008-09,,,,Award,All-Star,,,2749,Jameer Nelson
2749.0,Jameer,Nelson,Orlando Magic,NBA Player of the Week,,2008-09,,2008-12-22T00:00:00,East,Award,Kia Motors,KIPWK,,2749,Jameer Nelson
2749.0,Jameer,Nelson,Orlando Magic,NBA Player of the Week,,2008-09,,2009-01-19T00:00:00,East,Award,Kia Motors,KIPWK,,2749,Jameer Nelson
1629614.0,Andrew,Nembhard,Indiana Pacers,NBA Defensive Player of the Month,,2024-25,1/1/2025,,East,Award,Kia Motors,KIRMO,,1629614,Andrew Nembhard
2403.0,Nene,Hilario,Denver Nuggets,All-Rookie Team,1,2002-03,,,1610612743,Award,Kia Motors,KIART,,2403,Nene
2403.0,Nene,Hilaro,Brazil,Olympic Appearance,,2012,,,,Award,Olympic,Appearance,,2403,Nene
1725.0,Rasho,Nesterovic,San Antonio Spurs,NBA Champion,,2004-05,,,,Award,Champion,,,1725,Rasho Nesterovic
77707.0,Chuck,Nevitt,Los Angeles Lakers,NBA Champion,,1984-85,,,,Award,Champion,,,77707,Chuck Nevitt
77710.0,Mike,Newlin,New Jersey Nets,NBA Player of the Week,,1980-81,,1981-02-15T00:00:00,,Award,Kia Motors,KIPWK,,77710,Mike Newlin
77713.0,Jack,Nichols,Boston Celtics,NBA Champion,,1956-57,,,,Award,Champion,,,77713,Jack Nichols
77721.0,Norm,Nixon,Los Angeles Lakers,All-Rookie Team,1,1977-78,,,1610612747,Award,Kia Motors,KIART,,77721,Norm Nixon
77721.0,Norm,Nixon,,NBA All-Star,,1981-82,,,,Award,All-Star,,,77721,Norm Nixon
77721.0,Norm,Nixon,,NBA All-Star,,1984-85,,,,Award,All-Star,,,77721,Norm Nixon
77721.0,Norm,Nixon,Los Angeles Lakers,NBA Champion,,1979-80,,,,Award,Champion,,,77721,Norm Nixon
77721.0,Norm,Nixon,Los Angeles Lakers,NBA Champion,,1981-82,,,,Award,Champion,,,77721,Norm Nixon
1630192.0,Zeke,Nnaji,Denver Nuggets,NBA Champion,,2022-23,,,,Award,Champion,,,1630192,Zeke Nnaji
201149.0,Joakim,Noah,Chicago Bulls,All-Defensive Team,2,2010-11,,,1610612741,Award,Kia Motors,KIADT,,201149,Joakim Noah
201149.0,Joakim,Noah,Chicago Bulls,All-Defensive Team,1,2012-13,,,1610612741,Award,Kia Motors,KIADT,,201149,Joakim Noah
201149.0,Joakim,Noah,Chicago Bulls,All-Defensive Team,1,2013-14,,,1610612741,Award,Kia Motors,KIADT,,201149,Joakim Noah
201149.0,Joakim,Noah,Chicago Bulls,All-NBA,1,2013-14,,,1610612741,Award,Kia Motors,KIANT,,201149,Joakim Noah
201149.0,Joakim,Noah,Chicago Bulls,J. Walter Kennedy Citizenship,,2014-15,,,,Award,Kia Motors,KIWKC,,201149,Joakim Noah
201149.0,Joakim,Noah,,NBA All-Star,,2012-13,,,,Award,All-Star,,,201149,Joakim Noah
201149.0,Joakim,Noah,,NBA All-Star,,2013-14,,,,Award,All-Star,,,201149,Joakim Noah
201149.0,Joakim,Noah,Chicago Bulls,NBA Defensive Player of the Year,,2013-14,,,,Award,Kia Motors,KDPYR,,201149,Joakim Noah
77722.0,Chuck,Noble,,NBA All-Star,,1959-60,,,,Award,All-Star,,,77722,Chuck Noble
2804.0,Andres,Nocioni,Argentina,Olympic Appearance,,2012,,,,Award,Olympic,Appearance,,2804,Andres Nocioni
2804.0,Andres,Nocioni,Argentina,Olympic Bronze Medal,,2008,,,,Award,Olympic,Bronze,,2804,Andres Nocioni
2804.0,Andres,Nocioni,Argentina,Olympic Gold Medal,,2004,,,,Award,Olympic,Gold,,2804,Andres Nocioni
203457.0,Nerlens,Noel,Philadelphia 76ers,All-Rookie Team,1,2014-15,,,1610612755,Award,Kia Motors,KIART,,203457,Nerlens Noel
77723.0,Paul,Noel,Rochester Royals,NBA Champion,,1950-51,,,,Award,Champion,,,77723,Paul Noel
1717.0,Dirk,Nowitzki,Dallas Mavericks,All-NBA,3,2000-01,,,1610612742,Award,Kia Motors,KIANT,,1717,Dirk Nowitzki
1717.0,Dirk,Nowitzki,Dallas Mavericks,All-NBA,2,2001-02,,,1610612742,Award,Kia Motors,KIANT,,1717,Dirk Nowitzki
1717.0,Dirk,Nowitzki,Dallas Mavericks,All-NBA,2,2002-03,,,1610612742,Award,Kia Motors,KIANT,,1717,Dirk Nowitzki
1717.0,Dirk,Nowitzki,Dallas Mavericks,All-NBA,3,2003-04,,,1610612742,Award,Kia Motors,KIANT,,1717,Dirk Nowitzki
1717.0,Dirk,Nowitzki,Dallas Mavericks,All-NBA,1,2004-05,,,1610612742,Award,Kia Motors,KIANT,,1717,Dirk Nowitzki
1717.0,Dirk,Nowitzki,Dallas Mavericks,All-NBA,1,2005-06,,,1610612742,Award,Kia Motors,KIANT,,1717,Dirk Nowitzki
1717.0,Dirk,Nowitzki,Dallas Mavericks,All-NBA,1,2006-07,,,1610612742,Award,Kia Motors,KIANT,,1717,Dirk Nowitzki
1717.0,Dirk,Nowitzki,Dallas Mavericks,All-NBA,2,2007-08,,,1610612742,Award,Kia Motors,KIANT,,1717,Dirk Nowitzki
1717.0,Dirk,Nowitzki,Dallas Mavericks,All-NBA,1,2008-09,,,1610612742,Award,Kia Motors,KIANT,,1717,Dirk Nowitzki
1717.0,Dirk,Nowitzki,Dallas Mavericks,All-NBA,2,2009-10,,,1610612742,Award,Kia Motors,KIANT,,1717,Dirk Nowitzki
1717.0,Dirk,Nowitzki,Dallas Mavericks,All-NBA,2,2010-11,,,1610612742,Award,Kia Motors,KIANT,,1717,Dirk Nowitzki
1717.0,Dirk,Nowitzki,Dallas Mavericks,All-NBA,3,2011-12,,,1610612742,Award,Kia Motors,KIANT,,1717,Dirk Nowitzki
1717.0,Dirk,Nowitzki,,NBA All-Star,,2001-02,,,,Award,All-Star,,,1717,Dirk Nowitzki
1717.0,Dirk,Nowitzki,,NBA All-Star,,2002-03,,,,Award,All-Star,,,1717,Dirk Nowitzki
1717.0,Dirk,Nowitzki,,NBA All-Star,,2003-04,,,,Award,All-Star,,,1717,Dirk Nowitzki
1717.0,Dirk,Nowitzki,,NBA All-Star,,2004-05,,,,Award,All-Star,,,1717,Dirk Nowitzki
1717.0,Dirk,Nowitzki,,NBA All-Star,,2005-06,,,,Award,All-Star,,,1717,Dirk Nowitzki
1717.0,Dirk,Nowitzki,,NBA All-Star,,2006-07,,,,Award,All-Star,,,1717,Dirk Nowitzki
1717.0,Dirk,Nowitzki,,NBA All-Star,,2007-08,,,,Award,All-Star,,,1717,Dirk Nowitzki
1717.0,Dirk,Nowitzki,,NBA All-Star,,2008-09,,,,Award,All-Star,,,1717,Dirk Nowitzki
1717.0,Dirk,Nowitzki,,NBA All-Star,,2009-10,,,,Award,All-Star,,,1717,Dirk Nowitzki
1717.0,Dirk,Nowitzki,,NBA All-Star,,2010-11,,,,Award,All-Star,,,1717,Dirk Nowitzki
1717.0,Dirk,Nowitzki,,NBA All-Star,,2011-12,,,,Award,All-Star,,,1717,Dirk Nowitzki
1717.0,Dirk,Nowitzki,,NBA All-Star,,2013-14,,,,Award,All-Star,,,1717,Dirk Nowitzki
1717.0,Dirk,Nowitzki,,NBA All-Star,,2014-15,,,,Award,All-Star,,,1717,Dirk Nowitzki
1717.0,Dirk,Nowitzki,,NBA All-Star,,2018-19,,,,Award,All-Star,,,1717,Dirk Nowitzki
1717.0,Dirk,Nowitzki,Dallas Mavericks,NBA Champion,,2010-11,,,,Award,Champion,,,1717,Dirk Nowitzki
1717.0,Dirk,Nowitzki,Dallas Mavericks,NBA Finals Most Valuable Player,,2010-11,,,,Award,Kia Motors,KFMVP,,1717,Dirk Nowitzki
1717.0,Dirk,Nowitzki,Dallas Mavericks,NBA Most Valuable Player,,2006-07,,,,Award,Kia Motors,KIMVP,,1717,Dirk Nowitzki
1717.0,Dirk,Nowitzki,Dallas Mavericks,NBA Player of the Month,,2002-03,11/01/2002,,West,Award,Kia Motors,KIPMO,,1717,Dirk Nowitzki
1717.0,Dirk,Nowitzki,Dallas Mavericks,NBA Player of the Month,,2004-05,02/01/2005,,West,Award,Kia Motors,KIPMO,,1717,Dirk Nowitzki
1717.0,Dirk,Nowitzki,Dallas Mavericks,NBA Player of the Month,,2004-05,12/01/2004,,West,Award,Kia Motors,KIPMO,,1717,Dirk Nowitzki
1717.0,Dirk,Nowitzki,Dallas Mavericks,NBA Player of the Month,,2005-06,12/01/2005,,West,Award,Kia Motors,KIPMO,,1717,Dirk Nowitzki
1717.0,Dirk,Nowitzki,Dallas Mavericks,NBA Player of the Month,,2006-07,02/01/2007,,West,Award,Kia Motors,KIPMO,,1717,Dirk Nowitzki
1717.0,Dirk,Nowitzki,Dallas Mavericks,NBA Player of the Month,,2008-09,04/01/2009,,West,Award,Kia Motors,KIPMO,,1717,Dirk Nowitzki
1717.0,Dirk,Nowitzki,Dallas Mavericks,NBA Player of the Week,,2001-02,,2002-01-27T00:00:00,West,Award,Kia Motors,KIPWK,,1717,Dirk Nowitzki
1717.0,Dirk,Nowitzki,Dallas Mavericks,NBA Player of the Week,,2002-03,,2002-11-10T00:00:00,West,Award,Kia Motors,KIPWK,,1717,Dirk Nowitzki
1717.0,Dirk,Nowitzki,Dallas Mavericks,NBA Player of the Week,,2002-03,,2003-01-05T00:00:00,West,Award,Kia Motors,KIPWK,,1717,Dirk Nowitzki
1717.0,Dirk,Nowitzki,Dallas Mavericks,NBA Player of the Week,,2003-04,,2004-04-05T00:00:00,West,Award,Kia Motors,KIPWK,,1717,Dirk Nowitzki
1717.0,Dirk,Nowitzki,Dallas Mavericks,NBA Player of the Week,,2004-05,,2004-12-05T00:00:00,West,Award,Kia Motors,KIPWK,,1717,Dirk Nowitzki
1717.0,Dirk,Nowitzki,Dallas Mavericks,NBA Player of the Week,,2006-07,,2006-11-19T00:00:00,West,Award,Kia Motors,KIPWK,,1717,Dirk Nowitzki
1717.0,Dirk,Nowitzki,Dallas Mavericks,NBA Player of the Week,,2006-07,,2007-01-14T00:00:00,West,Award,Kia Motors,KIPWK,,1717,Dirk Nowitzki
1717.0,Dirk,Nowitzki,Dallas Mavericks,NBA Player of the Week,,2008-09,,2008-11-24T00:00:00,West,Award,Kia Motors,KIPWK,,1717,Dirk Nowitzki
1717.0,Dirk,Nowitzki,Dallas Mavericks,NBA Player of the Week,,2008-09,,2008-12-08T00:00:00,West,Award,Kia Motors,KIPWK,,1717,Dirk Nowitzki
1717.0,Dirk,Nowitzki,Dallas Mavericks,NBA Player of the Week,,2009-10,,2009-11-16T00:00:00,West,Award,Kia Motors,KIPWK,,1717,Dirk Nowitzki
1717.0,Dirk,Nowitzki,Dallas Mavericks,NBA Player of the Week,,2009-10,,2010-03-08T00:00:00,West,Award,Kia Motors,KIPWK,,1717,Dirk Nowitzki
1717.0,Dirk,Nowitzki,Dallas Mavericks,NBA Player of the Week,,2009-10,,2010-04-12T00:00:00,West,Award,Kia Motors,KIPWK,,1717,Dirk Nowitzki
1717.0,Dirk,Nowitzki,Dallas Mavericks,NBA Player of the Week,,2010-11,,2010-11-29T00:00:00,West,Award,Kia Motors,KIPWK,,1717,Dirk Nowitzki
1717.0,Dirk,Nowitzki,Dallas Mavericks,NBA Player of the Week,,2010-11,,2010-12-13T00:00:00,West,Award,Kia Motors,KIPWK,,1717,Dirk Nowitzki
1717.0,Dirk,Nowitzki,Dallas Mavericks,NBA Player of the Week,,2013-14,,2014-04-07T00:00:00,West,Award,Kia Motors,KIPWK,,1717,Dirk Nowitzki
1717.0,Dirk,Nowitzki,Dallas Mavericks,NBA Sporting News Most Valuable Player of the Year,,2006-07,,,,Award,Sporting News,SNMVP,,1717,Dirk Nowitzki
1717.0,Dirk,Nowitzki,Germany,Olympic Appearance,,2008,,,,Award,Olympic,Appearance,,1717,Dirk Nowitzki
1628373.0,Frank,Ntilikina,France,Olympic Silver Medal,,2024,,,,Award,Olympic,Silver,,1628373,Frank Ntilikina
1629134.0,Kendrick,Nunn,Miami Heat,All-Rookie Team,1,2019-20,,,East,Award,Kia Motors,KIART,,1629134,Kendrick Nunn
1629134.0,Kendrick,Nunn,Miami Heat,NBA Rookie of the Month,,2019-20,1/1/2020,,East,Award,Kia Motors,KIRMO,,1629134,Kendrick Nunn
1629134.0,Kendrick,Nunn,Miami Heat,NBA Rookie of the Month,,2019-20,11/1/2019,1900-01-01T12:00:00,East,Award,Kia Motors,KIRMO,,1629134,Kendrick Nunn
1629134.0,Kendrick,Nunn,Miami Heat,NBA Rookie of the Month,,2019-20,12/1/2019,1900-01-01T12:00:00,East,Award,Kia Motors,KIRMO,,1629134,Kendrick Nunn
203994.0,Jusuf,Nurkic,Denver Nuggets,All-Rookie Team,2,2014-15,,,1610612743,Award,Kia Motors,KIART,,203994,Jusuf Nurkić
1629670.0,Jordan,Nwora,Milwaukee Bucks,NBA Champion,,2020-21,,,,Award,Champion,,,1629670,Jordan Nwora
1630171.0,Isaac,Okoro,Cleveland Cavaliers,All-Rookie Team,2,2020-21,,,East,Award,Kia Motors,KIART,,1630171,Isaac Okoro
2246.0,Mehmet,Okur,,NBA All-Star,,2006-07,,,,Award,All-Star,,,2246,Mehmet Okur
2246.0,Mehmet,Okur,Detroit Pistons,NBA Champion,,2003-04,,,,Award,Champion,,,2246,Mehmet Okur
2246.0,Mehmet,Okur,Utah Jazz,NBA Player of the Week,,2006-07,,2007-02-04T00:00:00,West,Award,Kia Motors,KIPWK,,2246,Mehmet Okur
203506.0,Victor,Oladipo,Indiana Pacers,All-Defensive Team,1,2017-18,,,East,Award,Kia Motors,KIADT,,203506,Victor Oladipo
203506.0,Victor,Oladipo,Indiana Pacers,All-NBA,3,2017-18,,,East,Award,Kia Motors,KIANT,,203506,Victor Oladipo
203506.0,Victor,Oladipo,Orlando Magic,All-Rookie Team,1,2013-14,,,1610612753,Award,Kia Motors,KIART,,203506,Victor Oladipo
203506.0,Victor,Oladipo,,NBA All-Star,,2017-18,,,,Award,All-Star,,,203506,Victor Oladipo
203506.0,Victor,Oladipo,,NBA All-Star,,2018-19,,,,Award,All-Star,,,203506,Victor Oladipo
203506.0,Victor,Oladipo,Indiana Pacers,NBA Most Improved Player,,2017-18,,,East,Award,Kia Motors,KIMIP,,203506,Victor Oladipo
203506.0,Victor,Oladipo,Indiana Pacers,NBA Player of the Week,,2017-18,,2017-10-23T00:00:00,East,Award,Kia Motors,KIPWK,,203506,Victor Oladipo
203506.0,Victor,Oladipo,Indiana Pacers,NBA Player of the Week,,2017-18,,2017-12-04T00:00:00,East,Award,Kia Motors,KIPWK,,203506,Victor Oladipo
203506.0,Victor,Oladipo,Indiana Pacers,NBA Player of the Week,,2017-18,,2018-03-26T00:00:00,East,Award,Kia Motors,KIPWK,,203506,Victor Oladipo
203506.0,Victor,Oladipo,Indiana Pacers,NBA Player of the Week,,2018-19,,2018-10-29T00:00:00,East,Award,Kia Motors,KIPWK,,203506,Victor Oladipo
203506.0,Victor,Oladipo,Orlando Magic,NBA Rookie of the Month,,2013-14,12/1/2013,,East,Award,Kia Motors,KIRMO,,203506,Victor Oladipo
203506.0,Victor,Oladipo,Orlando Magic,NBA Rookie of the Month,,2013-14,2/1/2014,,East,Award,Kia Motors,KIRMO,,203506,Victor Oladipo
165.0,Hakeem,Olajuwon,Houston Rockets,All-Defensive Team,2,1984-85,,,1610612745,Award,Kia Motors,KIADT,,165,Hakeem Olajuwon
165.0,Hakeem,Olajuwon,Houston Rockets,All-Defensive Team,1,1986-87,,,1610612745,Award,Kia Motors,KIADT,,165,Hakeem Olajuwon
165.0,Hakeem,Olajuwon,Houston Rockets,All-Defensive Team,1,1987-88,,,1610612745,Award,Kia Motors,KIADT,,165,Hakeem Olajuwon
165.0,Hakeem,Olajuwon,Houston Rockets,All-Defensive Team,1,1989-90,,,1610612745,Award,Kia Motors,KIADT,,165,Hakeem Olajuwon
165.0,Hakeem,Olajuwon,Houston Rockets,All-Defensive Team,2,1990-91,,,1610612745,Award,Kia Motors,KIADT,,165,Hakeem Olajuwon
165.0,Hakeem,Olajuwon,Houston Rockets,All-Defensive Team,1,1992-93,,,1610612745,Award,Kia Motors,KIADT,,165,Hakeem Olajuwon
165.0,Hakeem,Olajuwon,Houston Rockets,All-Defensive Team,1,1993-94,,,1610612745,Award,Kia Motors,KIADT,,165,Hakeem Olajuwon
165.0,Hakeem,Olajuwon,Houston Rockets,All-Defensive Team,2,1995-96,,,1610612745,Award,Kia Motors,KIADT,,165,Hakeem Olajuwon
165.0,Hakeem,Olajuwon,Houston Rockets,All-Defensive Team,2,1996-97,,,1610612745,Award,Kia Motors,KIADT,,165,Hakeem Olajuwon
165.0,Hakeem,Olajuwon,Houston Rockets,All-NBA,2,1985-86,,,1610612745,Award,Kia Motors,KIANT,,165,Hakeem Olajuwon
165.0,Hakeem,Olajuwon,Houston Rockets,All-NBA,1,1986-87,,,1610612745,Award,Kia Motors,KIANT,,165,Hakeem Olajuwon
165.0,Hakeem,Olajuwon,Houston Rockets,All-NBA,1,1987-88,,,1610612745,Award,Kia Motors,KIANT,,165,Hakeem Olajuwon
165.0,Hakeem,Olajuwon,Houston Rockets,All-NBA,1,1988-89,,,1610612745,Award,Kia Motors,KIANT,,165,Hakeem Olajuwon
165.0,Hakeem,Olajuwon,Houston Rockets,All-NBA,2,1989-90,,,1610612745,Award,Kia Motors,KIANT,,165,Hakeem Olajuwon
165.0,Hakeem,Olajuwon,Houston Rockets,All-NBA,3,1990-91,,,1610612745,Award,Kia Motors,KIANT,,165,Hakeem Olajuwon
165.0,Hakeem,Olajuwon,Houston Rockets,All-NBA,1,1992-93,,,1610612745,Award,Kia Motors,KIANT,,165,Hakeem Olajuwon
165.0,Hakeem,Olajuwon,Houston Rockets,All-NBA,1,1993-94,,,1610612745,Award,Kia Motors,KIANT,,165,Hakeem Olajuwon
165.0,Hakeem,Olajuwon,Houston Rockets,All-NBA,3,1994-95,,,1610612745,Award,Kia Motors,KIANT,,165,Hakeem Olajuwon
165.0,Hakeem,Olajuwon,Houston Rockets,All-NBA,2,1995-96,,,1610612745,Award,Kia Motors,KIANT,,165,Hakeem Olajuwon
165.0,Hakeem,Olajuwon,Houston Rockets,All-NBA,1,1996-97,,,1610612745,Award,Kia Motors,KIANT,,165,Hakeem Olajuwon
165.0,Hakeem,Olajuwon,Houston Rockets,All-NBA,3,1998-99,,,1610612745,Award,Kia Motors,KIANT,,165,Hakeem Olajuwon
165.0,Hakeem,Olajuwon,Houston Rockets,All-Rookie Team,1,1984-85,,,1610612745,Award,Kia Motors,KIART,,165,Hakeem Olajuwon
165.0,Hakeem,Olajuwon,,Hall of Fame Inductee,,2008,,,,Award,Hall of Fame,,,165,Hakeem Olajuwon
165.0,Hakeem,Olajuwon,Houston Rockets,IBM Award,,1992-93,,,,Award,IBM,IBMAW,,165,Hakeem Olajuwon
165.0,Hakeem,Olajuwon,,NBA All-Star,,1984-85,,,,Award,All-Star,,,165,Hakeem Olajuwon
165.0,Hakeem,Olajuwon,,NBA All-Star,,1985-86,,,,Award,All-Star,,,165,Hakeem Olajuwon
165.0,Hakeem,Olajuwon,,NBA All-Star,,1986-87,,,,Award,All-Star,,,165,Hakeem Olajuwon
165.0,Hakeem,Olajuwon,,NBA All-Star,,1987-88,,,,Award,All-Star,,,165,Hakeem Olajuwon
165.0,Hakeem,Olajuwon,,NBA All-Star,,1988-89,,,,Award,All-Star,,,165,Hakeem Olajuwon
165.0,Hakeem,Olajuwon,,NBA All-Star,,1989-90,,,,Award,All-Star,,,165,Hakeem Olajuwon
165.0,Hakeem,Olajuwon,,NBA All-Star,,1991-92,,,,Award,All-Star,,,165,Hakeem Olajuwon
165.0,Hakeem,Olajuwon,,NBA All-Star,,1992-93,,,,Award,All-Star,,,165,Hakeem Olajuwon
165.0,Hakeem,Olajuwon,,NBA All-Star,,1993-94,,,,Award,All-Star,,,165,Hakeem Olajuwon
165.0,Hakeem,Olajuwon,,NBA All-Star,,1994-95,,,,Award,All-Star,,,165,Hakeem Olajuwon
165.0,Hakeem,Olajuwon,,NBA All-Star,,1995-96,,,,Award,All-Star,,,165,Hakeem Olajuwon
165.0,Hakeem,Olajuwon,,NBA All-Star,,1996-97,,,,Award,All-Star,,,165,Hakeem Olajuwon
165.0,Hakeem,Olajuwon,Houston Rockets,NBA Champion,,1993-94,,,,Award,Champion,,,165,Hakeem Olajuwon
165.0,Hakeem,Olajuwon,Houston Rockets,NBA Champion,,1994-95,,,,Award,Champion,,,165,Hakeem Olajuwon
165.0,Hakeem,Olajuwon,Houston Rockets,NBA Defensive Player of the Year,,1992-93,,,,Award,Kia Motors,KDPYR,,165,Hakeem Olajuwon
165.0,Hakeem,Olajuwon,Houston Rockets,NBA Defensive Player of the Year,,1993-94,,,,Award,Kia Motors,KDPYR,,165,Hakeem Olajuwon
165.0,Hakeem,Olajuwon,Houston Rockets,NBA Finals Most Valuable Player,,1993-94,,,,Award,Kia Motors,KFMVP,,165,Hakeem Olajuwon
165.0,Hakeem,Olajuwon,Houston Rockets,NBA Finals Most Valuable Player,,1994-95,,,,Award,Kia Motors,KFMVP,,165,Hakeem Olajuwon
165.0,Hakeem,Olajuwon,Houston Rockets,NBA Most Valuable Player,,1993-94,,,,Award,Kia Motors,KIMVP,,165,Hakeem Olajuwon
165.0,Hakeem,Olajuwon,Houston Rockets,NBA Player of the Month,,1985-86,11/01/1985,,,Award,Kia Motors,KIPMO,,165,Hakeem Olajuwon
165.0,Hakeem,Olajuwon,Houston Rockets,NBA Player of the Month,,1989-90,04/01/1990,,,Award,Kia Motors,KIPMO,,165,Hakeem Olajuwon
165.0,Hakeem,Olajuwon,Houston Rockets,NBA Player of the Month,,1992-93,01/01/1993,,,Award,Kia Motors,KIPMO,,165,Hakeem Olajuwon
165.0,Hakeem,Olajuwon,Houston Rockets,NBA Player of the Month,,1992-93,04/01/1993,,,Award,Kia Motors,KIPMO,,165,Hakeem Olajuwon
165.0,Hakeem,Olajuwon,Houston Rockets,NBA Player of the Month,,1993-94,11/01/1993,,,Award,Kia Motors,KIPMO,,165,Hakeem Olajuwon
165.0,Hakeem,Olajuwon,Houston Rockets,NBA Player of the Month,,1994-95,02/01/1995,,,Award,Kia Motors,KIPMO,,165,Hakeem Olajuwon
165.0,Hakeem,Olajuwon,Houston Rockets,NBA Player of the Week,,1988-89,,1988-11-13T00:00:00,,Award,Kia Motors,KIPWK,,165,Hakeem Olajuwon
165.0,Hakeem,Olajuwon,Houston Rockets,NBA Player of the Week,,1988-89,,1989-02-19T00:00:00,,Award,Kia Motors,KIPWK,,165,Hakeem Olajuwon
165.0,Hakeem,Olajuwon,Houston Rockets,NBA Player of the Week,,1989-90,,1990-03-04T00:00:00,,Award,Kia Motors,KIPWK,,165,Hakeem Olajuwon
165.0,Hakeem,Olajuwon,Houston Rockets,NBA Player of the Week,,1992-93,,1993-01-17T00:00:00,,Award,Kia Motors,KIPWK,,165,Hakeem Olajuwon
165.0,Hakeem,Olajuwon,Houston Rockets,NBA Player of the Week,,1992-93,,1993-02-28T00:00:00,,Award,Kia Motors,KIPWK,,165,Hakeem Olajuwon
165.0,Hakeem,Olajuwon,Houston Rockets,NBA Player of the Week,,1992-93,,1993-04-11T00:00:00,,Award,Kia Motors,KIPWK,,165,Hakeem Olajuwon
165.0,Hakeem,Olajuwon,Houston Rockets,NBA Player of the Week,,1993-94,,1993-11-14T00:00:00,,Award,Kia Motors,KIPWK,,165,Hakeem Olajuwon
165.0,Hakeem,Olajuwon,Houston Rockets,NBA Player of the Week,,1993-94,,1994-03-20T00:00:00,,Award,Kia Motors,KIPWK,,165,Hakeem Olajuwon
165.0,Hakeem,Olajuwon,Houston Rockets,NBA Player of the Week,,1994-95,,1995-01-01T00:00:00,,Award,Kia Motors,KIPWK,,165,Hakeem Olajuwon
165.0,Hakeem,Olajuwon,Houston Rockets,NBA Player of the Week,,1994-95,,1995-02-05T00:00:00,,Award,Kia Motors,KIPWK,,165,Hakeem Olajuwon
165.0,Hakeem,Olajuwon,Houston Rockets,NBA Player of the Week,,1995-96,,1996-03-03T00:00:00,,Award,Kia Motors,KIPWK,,165,Hakeem Olajuwon
165.0,Hakeem,Olajuwon,Houston Rockets,NBA Player of the Week,,1996-97,,1996-11-10T00:00:00,,Award,Kia Motors,KIPWK,,165,Hakeem Olajuwon
165.0,Hakeem,Olajuwon,Houston Rockets,NBA Rookie of the Month,,1984-85,02/01/1985,,,Award,Kia Motors,KIRMO,,165,Hakeem Olajuwon
165.0,Hakeem,Olajuwon,Houston Rockets,NBA Rookie of the Month,,1984-85,03/01/1985,,,Award,Kia Motors,KIRMO,,165,Hakeem Olajuwon
165.0,Hakeem,Olajuwon,Houston Rockets,NBA Rookie of the Month,,1984-85,12/01/1984,,,Award,Kia Motors,KIRMO,,165,Hakeem Olajuwon
165.0,Hakeem,Olajuwon,Houston Rockets,NBA Sporting News Most Valuable Player of the Year,,1993-94,,,,Award,Sporting News,SNMVP,,165,Hakeem Olajuwon
165.0,Hakeem,Olajuwon,USA,Olympic Gold Medal,,1996,,,,Award,Olympic,Gold,,165,Hakeem Olajuwon
1709.0,Michael,Olowokandi,Los Angeles Clippers,All-Rookie Team,2,1998-99,,,1610612746,Award,Kia Motors,KIART,,1709,Michael Olowokandi
203482.0,Kelly,Olynyk,Boston Celtics,All-Rookie Team,2,2013-14,,,1610612738,Award,Kia Motors,KIART,,203482,Kelly Olynyk
77771.0,Jose,Ortiz,Puerto Rico,Olympic Appearance,,1988,,,,Award,Olympic,Appearance,,77771,Jose Ortiz
77771.0,Jose,Ortiz,Puerto Rico,Olympic Appearance,,1992,,,,Award,Olympic,Appearance,,77771,Jose Ortiz
77771.0,Jose,Ortiz,Puerto Rico,Olympic Appearance,,1996,,,,Award,Olympic,Appearance,,77771,Jose Ortiz
77771.0,Jose,Ortiz,Puerto Rico,Olympic Appearance,,2004,,,,Award,Olympic,Appearance,,77771,Jose Ortiz
77775.0,Wally,Osterkorn,Syracuse Nationals,NBA Champion,,1954-55,,,,Award,Champion,,,77775,Wally Osterkorn
182.0,Billy,Owens,Golden State Warriors,All-Rookie Team,1,1991-92,,,1610612744,Award,Kia Motors,KIART,,182,Billy Owens
2071.0,Olumide,Oyedeji,Nigeria,Olympic Appearance,,2012,,,,Award,Olympic,Appearance,,2071,Olumide Oyedeji
77788.0,Joe,Pace,Washington Bullets,NBA Champion,,1977-78,,,,Award,Champion,,,77788,Joe Pace
2585.0,Zaza,Pachulia,Golden State Warriors,NBA Champion,,2016-17,,,,Award,Champion,,,2585,Zaza Pachulia
2585.0,Zaza,Pachulia,Golden State Warriors,NBA Champion,,2017-18,,,,Award,Champion,,,2585,Zaza Pachulia
305.0,Robert,Parish,Boston Celtics,All-NBA,2,1981-82,,,1610612738,Award,Kia Motors,KIANT,,305,Robert Parish
305.0,Robert,Parish,Boston Celtics,All-NBA,3,1988-89,,,1610612738,Award,Kia Motors,KIANT,,305,Robert Parish
305.0,Robert,Parish,,Hall of Fame Inductee,,2003,,,,Award,Hall of Fame,,,305,Robert Parish
305.0,Robert,Parish,,NBA All-Star,,1980-81,,,,Award,All-Star,,,305,Robert Parish
305.0,Robert,Parish,,NBA All-Star,,1981-82,,,,Award,All-Star,,,305,Robert Parish
305.0,Robert,Parish,,NBA All-Star,,1982-83,,,,Award,All-Star,,,305,Robert Parish
305.0,Robert,Parish,,NBA All-Star,,1983-84,,,,Award,All-Star,,,305,Robert Parish
305.0,Robert,Parish,,NBA All-Star,,1984-85,,,,Award,All-Star,,,305,Robert Parish
305.0,Robert,Parish,,NBA All-Star,,1985-86,,,,Award,All-Star,,,305,Robert Parish
305.0,Robert,Parish,,NBA All-Star,,1986-87,,,,Award,All-Star,,,305,Robert Parish
305.0,Robert,Parish,,NBA All-Star,,1989-90,,,,Award,All-Star,,,305,Robert Parish
305.0,Robert,Parish,,NBA All-Star,,1990-91,,,,Award,All-Star,,,305,Robert Parish
305.0,Robert,Parish,Boston Celtics,NBA Champion,,1980-81,,,,Award,Champion,,,305,Robert Parish
305.0,Robert,Parish,Boston Celtics,NBA Champion,,1983-84,,,,Award,Champion,,,305,Robert Parish
305.0,Robert,Parish,Boston Celtics,NBA Champion,,1985-86,,,,Award,Champion,,,305,Robert Parish
305.0,Robert,Parish,Chicago Bulls,NBA Champion,,1996-97,,,,Award,Champion,,,305,Robert Parish
305.0,Robert,Parish,Boston Celtics,NBA Player of the Week,,1980-81,,1980-11-30T00:00:00,,Award,Kia Motors,KIPWK,,305,Robert Parish
305.0,Robert,Parish,Boston Celtics,NBA Player of the Week,,1981-82,,1982-03-21T00:00:00,,Award,Kia Motors,KIPWK,,305,Robert Parish
305.0,Robert,Parish,Boston Celtics,NBA Player of the Week,,1986-87,,1986-11-16T00:00:00,,Award,Kia Motors,KIPWK,,305,Robert Parish
305.0,Robert,Parish,Boston Celtics,NBA Player of the Week,,1998-99,,1988-12-18T00:00:00,,Award,Kia Motors,KIPWK,,305,Robert Parish
77799.0,Medford,Park,St. Louis Hawks,NBA Champion,,1957-58,,,,Award,Champion,,,77799,Medford Park
203953.0,Jabari,Parker,Milwaukee Bucks,NBA Rookie of the Month,,2014-15,11/1/2014,,East,Award,Kia Motors,KIRMO,,203953,Jabari Parker
2225.0,Tony,Parker,San Antonio Spurs,All-NBA,3,2008-09,,,1610612759,Award,Kia Motors,KIANT,,2225,Tony Parker
2225.0,Tony,Parker,San Antonio Spurs,All-NBA,2,2011-12,,,1610612759,Award,Kia Motors,KIANT,,2225,Tony Parker
2225.0,Tony,Parker,San Antonio Spurs,All-NBA,2,2012-13,,,1610612759,Award,Kia Motors,KIANT,,2225,Tony Parker
2225.0,Tony,Parker,San Antonio Spurs,All-NBA,2,2013-14,,,1610612759,Award,Kia Motors,KIANT,,2225,Tony Parker
2225.0,Tony,Parker,San Antonio Spurs,All-Rookie Team,1,2001-02,,,1610612759,Award,Kia Motors,KIART,,2225,Tony Parker
2225.0,Tony,Parker,,NBA All-Star,,2005-06,,,,Award,All-Star,,,2225,Tony Parker
2225.0,Tony,Parker,,NBA All-Star,,2006-07,,,,Award,All-Star,,,2225,Tony Parker
2225.0,Tony,Parker,,NBA All-Star,,2008-09,,,,Award,All-Star,,,2225,Tony Parker
2225.0,Tony,Parker,,NBA All-Star,,2011-12,,,,Award,All-Star,,,2225,Tony Parker
2225.0,Tony,Parker,,NBA All-Star,,2012-13,,,,Award,All-Star,,,2225,Tony Parker
2225.0,Tony,Parker,,NBA All-Star,,2013-14,,,,Award,All-Star,,,2225,Tony Parker
2225.0,Tony,Parker,San Antonio Spurs,NBA Champion,,2002-03,,,,Award,Champion,,,2225,Tony Parker
2225.0,Tony,Parker,San Antonio Spurs,NBA Champion,,2004-05,,,,Award,Champion,,,2225,Tony Parker
2225.0,Tony,Parker,San Antonio Spurs,NBA Champion,,2006-07,,,,Award,Champion,,,2225,Tony Parker
2225.0,Tony,Parker,San Antonio Spurs,NBA Champion,,2013-14,,,,Award,Champion,,,2225,Tony Parker
2225.0,Tony,Parker,San Antonio Spurs,NBA Finals Most Valuable Player,,2006-07,,,,Award,Kia Motors,KFMVP,,2225,Tony Parker
2225.0,Tony,Parker,San Antonio Spurs,NBA Player of the Month,,2012-13,01/01/2013,,West,Award,Kia Motors,KIPMO,,2225,Tony Parker
2225.0,Tony,Parker,San Antonio Spurs,NBA Player of the Week,,2005-06,,2006-02-13T00:00:00,West,Award,Kia Motors,KIPWK,,2225,Tony Parker
2225.0,Tony,Parker,San Antonio Spurs,NBA Player of the Week,,2007-08,,2007-11-25T00:00:00,West,Award,Kia Motors,KIPWK,,2225,Tony Parker
2225.0,Tony,Parker,San Antonio Spurs,NBA Player of the Week,,2008-09,,2009-02-02T00:00:00,West,Award,Kia Motors,KIPWK,,2225,Tony Parker
2225.0,Tony,Parker,San Antonio Spurs,NBA Player of the Week,,2008-09,,2009-03-30T00:00:00,West,Award,Kia Motors,KIPWK,,2225,Tony Parker
2225.0,Tony,Parker,San Antonio Spurs,NBA Player of the Week,,2010-11,,2010-12-20T00:00:00,West,Award,Kia Motors,KIPWK,,2225,Tony Parker
2225.0,Tony,Parker,San Antonio Spurs,NBA Player of the Week,,2011-12,,2012-01-30T00:00:00,West,Award,Kia Motors,KIPWK,,2225,Tony Parker
2225.0,Tony,Parker,San Antonio Spurs,NBA Player of the Week,,2012-13,,2013-01-21T00:00:00,West,Award,Kia Motors,KIPWK,,2225,Tony Parker
2225.0,Tony,Parker,San Antonio Spurs,NBA Sporting News Rookie of the Year,,2001-02,,,,Award,Sporting News,SNROY,,2225,Tony Parker
2225.0,Tony,Parker,France,Olympic Appearance,,2012,,,,Award,Olympic,Appearance,,2225,Tony Parker
202718.0,Chandler,Parsons,Houston Rockets,All-Rookie Team,2,2011-12,,,1610612745,Award,Kia Motors,KIART,,202718,Chandler Parsons
1629672.0,Eric,Paschall,Golden State Warriors,All-Rookie Team,1,2019-20,,,West,Award,Kia Motors,KIART,,1629672,Eric Paschall
1097.0,Zarko,Paspalj,Yugoslavia,Olympic Silver Medal,,1988,,,,Award,Olympic,Silver,,1097,Zarko Paspalj
101108.0,Chris,Paul,New Orleans Hornets,All-Defensive Team,2,2007-08,,,1610612740,Award,Kia Motors,KIADT,,101108,Chris Paul
101108.0,Chris,Paul,New Orleans Hornets,All-Defensive Team,1,2008-09,,,1610612740,Award,Kia Motors,KIADT,,101108,Chris Paul
101108.0,Chris,Paul,New Orleans Hornets,All-Defensive Team,2,2010-11,,,1610612740,Award,Kia Motors,KIADT,,101108,Chris Paul
101108.0,Chris,Paul,Los Angeles Clippers,All-Defensive Team,1,2011-12,,,1610612746,Award,Kia Motors,KIADT,,101108,Chris Paul
101108.0,Chris,Paul,Los Angeles Clippers,All-Defensive Team,1,2012-13,,,1610612746,Award,Kia Motors,KIADT,,101108,Chris Paul
101108.0,Chris,Paul,Los Angeles Clippers,All-Defensive Team,1,2013-14,,,1610612746,Award,Kia Motors,KIADT,,101108,Chris Paul
101108.0,Chris,Paul,Los Angeles Clippers,All-Defensive Team,1,2014-15,,,1610612746,Award,Kia Motors,KIADT,,101108,Chris Paul
101108.0,Chris,Paul,LA Clippers,All-Defensive Team,1,2015-16,,,West,Award,Kia Motors,KIADT,,101108,Chris Paul
101108.0,Chris,Paul,LA Clippers,All-Defensive Team,1,2016-17,,,West,Award,Kia Motors,KIADT,,101108,Chris Paul
101108.0,Chris,Paul,New Orleans Hornets,All-NBA,1,2007-08,,,1610612740,Award,Kia Motors,KIANT,,101108,Chris Paul
101108.0,Chris,Paul,New Orleans Hornets,All-NBA,2,2008-09,,,1610612740,Award,Kia Motors,KIANT,,101108,Chris Paul
101108.0,Chris,Paul,Los Angeles Clippers,All-NBA,3,2010-11,,,1610612746,Award,Kia Motors,KIANT,,101108,Chris Paul
101108.0,Chris,Paul,Los Angeles Clippers,All-NBA,1,2011-12,,,1610612746,Award,Kia Motors,KIANT,,101108,Chris Paul
101108.0,Chris,Paul,Los Angeles Clippers,All-NBA,1,2012-13,,,1610612746,Award,Kia Motors,KIANT,,101108,Chris Paul
101108.0,Chris,Paul,Los Angeles Clippers,All-NBA,1,2013-14,,,1610612746,Award,Kia Motors,KIANT,,101108,Chris Paul
101108.0,Chris,Paul,Los Angeles Clippers,All-NBA,2,2014-15,,,1610612746,Award,Kia Motors,KIANT,,101108,Chris Paul
101108.0,Chris,Paul,LA Clippers,All-NBA,2,2015-16,,,West,Award,Kia Motors,KIANT,,101108,Chris Paul
101108.0,Chris,Paul,Oklahoma City Thunder,All-NBA,2,2019-20,,,West,Award,Kia Motors,KIANT,,101108,Chris Paul
101108.0,Chris,Paul,Phoenix Suns,All-NBA,2,2020-21,,,West,Award,Kia Motors,KIANT,,101108,Chris Paul
101108.0,Chris,Paul,Phoenix Suns,All-NBA,3,2021-22,,,West,Award,Kia Motors,KIANT,,101108,Chris Paul
101108.0,Chris,Paul,New Orleans/Okla. City Hornets,All-Rookie Team,1,2005-06,,,1610612740,Award,Kia Motors,KIART,,101108,Chris Paul
101108.0,Chris,Paul,,NBA All-Star,,2007-08,,,,Award,All-Star,,,101108,Chris Paul
101108.0,Chris,Paul,,NBA All-Star,,2008-09,,,,Award,All-Star,,,101108,Chris Paul
101108.0,Chris,Paul,,NBA All-Star,,2009-10,,,,Award,All-Star,,,101108,Chris Paul
101108.0,Chris,Paul,,NBA All-Star,,2010-11,,,,Award,All-Star,,,101108,Chris Paul
101108.0,Chris,Paul,,NBA All-Star,,2011-12,,,,Award,All-Star,,,101108,Chris Paul
101108.0,Chris,Paul,,NBA All-Star,,2012-13,,,,Award,All-Star,,,101108,Chris Paul
101108.0,Chris,Paul,,NBA All-Star,,2013-14,,,,Award,All-Star,,,101108,Chris Paul
101108.0,Chris,Paul,,NBA All-Star,,2014-15,,,,Award,All-Star,,,101108,Chris Paul
101108.0,Chris,Paul,,NBA All-Star,,2015-16,,,,Award,All-Star,,,101108,Chris Paul
101108.0,Chris,Paul,,NBA All-Star,,2019-20,,,,Award,All-Star,,,101108,Chris Paul
101108.0,Chris,Paul,,NBA All-Star,,2020-21,,,,Award,All-Star,,,101108,Chris Paul
101108.0,Chris,Paul,,NBA All-Star,,2021-22,,,,Award,All-Star,,,101108,Chris Paul
101108.0,Chris,Paul,Los Angeles Clippers,NBA All-Star Most Valuable Player,,2012-13,,,,Award,Kia Motors,KAMVP,,101108,Chris Paul
101108.0,Chris,Paul,New Orleans Hornets,NBA Player of the Month,,2007-08,03/01/2008,,West,Award,Kia Motors,KIPMO,,101108,Chris Paul
101108.0,Chris,Paul,New Orleans Hornets,NBA Player of the Month,,2007-08,12/01/2007,,West,Award,Kia Motors,KIPMO,,101108,Chris Paul
101108.0,Chris,Paul,New Orleans Hornets,NBA Player of the Month,,2008-09,03/01/2009,,West,Award,Kia Motors,KIPMO,,101108,Chris Paul
101108.0,Chris,Paul,New Orleans Hornets,NBA Player of the Month,,2008-09,11/01/2008,,West,Award,Kia Motors,KIPMO,,101108,Chris Paul
101108.0,Chris,Paul,New Orleans Hornets,NBA Player of the Month,,2009-10,01/01/2010,,West,Award,Kia Motors,KIPMO,,101108,Chris Paul
101108.0,Chris,Paul,Los Angeles Clippers,NBA Player of the Month,,2011-12,04/01/2012,,West,Award,Kia Motors,KIPMO,,101108,Chris Paul
101108.0,Chris,Paul,L.A. Clippers,NBA Player of the Month,,2012-13,12/01/2012,,West,Award,Kia Motors,KIPMO,,101108,Chris Paul
101108.0,Chris,Paul,LA Clippers,NBA Player of the Month,,2016-17,4/1/2017,,West,Award,Kia Motors,KIPMO,,101108,Chris Paul
101108.0,Chris,Paul,New Orleans/Okla. City Hornets,NBA Player of the Week,,2005-06,,2006-02-06T00:00:00,West,Award,Kia Motors,KIPWK,,101108,Chris Paul
101108.0,Chris,Paul,New Orleans Hornets,NBA Player of the Week,,2007-08,,2007-12-30T00:00:00,West,Award,Kia Motors,KIPWK,,101108,Chris Paul
101108.0,Chris,Paul,New Orleans Hornets,NBA Player of the Week,,2007-08,,2008-03-23T00:00:00,West,Award,Kia Motors,KIPWK,,101108,Chris Paul
101108.0,Chris,Paul,New Orleans Hornets,NBA Player of the Week,,2008-09,,2008-11-03T00:00:00,West,Award,Kia Motors,KIPWK,,101108,Chris Paul
101108.0,Chris,Paul,New Orleans Hornets,NBA Player of the Week,,2008-09,,2008-12-22T00:00:00,West,Award,Kia Motors,KIPWK,,101108,Chris Paul
101108.0,Chris,Paul,New Orleans Hornets,NBA Player of the Week,,2008-09,,2009-01-19T00:00:00,West,Award,Kia Motors,KIPWK,,101108,Chris Paul
101108.0,Chris,Paul,New Orleans Hornets,NBA Player of the Week,,2008-09,,2009-03-23T00:00:00,West,Award,Kia Motors,KIPWK,,101108,Chris Paul
101108.0,Chris,Paul,New Orleans Hornets,NBA Player of the Week,,2010-11,,2010-11-08T00:00:00,West,Award,Kia Motors,KIPWK,,101108,Chris Paul
101108.0,Chris,Paul,Los Angeles Clippers,NBA Player of the Week,,2011-12,,2012-03-26T00:00:00,West,Award,Kia Motors,KIPWK,,101108,Chris Paul
101108.0,Chris,Paul,Los Angeles Clippers,NBA Player of the Week,,2012-13,,2012-12-17T00:00:00,West,Award,Kia Motors,KIPWK,,101108,Chris Paul
101108.0,Chris,Paul,Los Angeles Clippers,NBA Player of the Week,,2014-15,,2015-03-16T00:00:00,West,Award,Kia Motors,KIPWK,,101108,Chris Paul
101108.0,Chris,Paul,LA Clippers,NBA Player of the Week,,2015-16,,2016-01-11T00:00:00,West,Award,Kia Motors,KIPWK,,101108,Chris Paul
101108.0,Chris,Paul,Houston Rockets,NBA Player of the Week,,2017-18,,2017-12-11T00:00:00,West,Award,Kia Motors,KIPWK,,101108,Chris Paul
101108.0,Chris,Paul,Phoenix Suns,NBA Player of the Week,,2021-22,,2022-01-24T00:00:00,West,Award,Kia Motors,KIPWK,,101108,Chris Paul
101108.0,Chris,Paul,New Orleans/Okla. City Hornets,NBA Rookie of the Month,,2005-06,01/01/2006,,East,Award,Kia Motors,KIRMO,,101108,Chris Paul
101108.0,Chris,Paul,New Orleans/Okla. City Hornets,NBA Rookie of the Month,,2005-06,02/01/2006,,West,Award,Kia Motors,KIRMO,,101108,Chris Paul
101108.0,Chris,Paul,New Orleans/Okla. City Hornets,NBA Rookie of the Month,,2005-06,03/01/2006,,West,Award,Kia Motors,KIRMO,,101108,Chris Paul
101108.0,Chris,Paul,New Orleans/Okla. City Hornets,NBA Rookie of the Month,,2005-06,04/01/2006,,West,Award,Kia Motors,KIRMO,,101108,Chris Paul
101108.0,Chris,Paul,New Orleans/Okla. City Hornets,NBA Rookie of the Month,,2005-06,11/01/2005,,West,Award,Kia Motors,KIRMO,,101108,Chris Paul
101108.0,Chris,Paul,New Orleans/Okla. City Hornets,NBA Rookie of the Month,,2005-06,12/01/2005,,West,Award,Kia Motors,KIRMO,,101108,Chris Paul
101108.0,Chris,Paul,New Orleans/Okla. City Hornets,NBA Rookie of the Year,,2005-06,,,,Award,Kia Motors,KIROY,,101108,Chris Paul
101108.0,Chris,Paul,New Orleans/Okla. City Hornets,NBA Sporting News Rookie of the Year,,2005-06,,,,Award,Sporting News,SNROY,,101108,Chris Paul
101108.0,Chris,Paul,USA,Olympic Gold Medal,,2008,,,,Award,Olympic,Gold,,101108,Chris Paul
101108.0,Chris,Paul,USA,Olympic Gold Medal,,2012,,,,Award,Olympic,Gold,,101108,Chris Paul
77819.0,Jim,Paxson,Portland Trail Blazers,All-NBA,2,1983-84,,,1610612757,Award,Kia Motors,KIANT,,77819,Jim Paxson
77819.0,Jim,Paxson,,NBA All-Star,,1982-83,,,,Award,All-Star,,,77819,Jim Paxson
77819.0,Jim,Paxson,,NBA All-Star,,1983-84,,,,Award,All-Star,,,77819,Jim Paxson
77820.0,John,Paxson,Chicago Bulls,NBA Champion,,1990-91,,,,Award,Champion,,,77820,John Paxson
77820.0,John,Paxson,Chicago Bulls,NBA Champion,,1991-92,,,,Award,Champion,,,77820,John Paxson
77820.0,John,Paxson,Chicago Bulls,NBA Champion,,1992-93,,,,Award,Champion,,,77820,John Paxson
203901.0,Elfrid,Payton,Orlando Magic,All-Rookie Team,1,2014-15,,,1610612753,Award,Kia Motors,KIART,,203901,Elfrid Payton
203901.0,Elfrid,Payton,Orlando Magic,NBA Rookie of the Month,,2014-15,1/1/2015,,East,Award,Kia Motors,KIRMO,,203901,Elfrid Payton
56.0,Gary,Payton,Seattle SuperSonics,All-Defensive Team,1,1993-94,,,1610612760,Award,Kia Motors,KIADT,,56,Gary Payton
56.0,Gary,Payton,Seattle SuperSonics,All-Defensive Team,1,1994-95,,,1610612760,Award,Kia Motors,KIADT,,56,Gary Payton
56.0,Gary,Payton,Seattle SuperSonics,All-Defensive Team,1,1995-96,,,1610612760,Award,Kia Motors,KIADT,,56,Gary Payton
56.0,Gary,Payton,Seattle SuperSonics,All-Defensive Team,1,1996-97,,,1610612760,Award,Kia Motors,KIADT,,56,Gary Payton
56.0,Gary,Payton,Seattle SuperSonics,All-Defensive Team,1,1997-98,,,1610612760,Award,Kia Motors,KIADT,,56,Gary Payton
56.0,Gary,Payton,Seattle SuperSonics,All-Defensive Team,1,1998-99,,,1610612760,Award,Kia Motors,KIADT,,56,Gary Payton
56.0,Gary,Payton,Seattle SuperSonics,All-Defensive Team,1,1999-00,,,1610612760,Award,Kia Motors,KIADT,,56,Gary Payton
56.0,Gary,Payton,Seattle SuperSonics,All-Defensive Team,1,2000-01,,,1610612760,Award,Kia Motors,KIADT,,56,Gary Payton
56.0,Gary,Payton,Seattle SuperSonics,All-Defensive Team,1,2001-02,,,1610612760,Award,Kia Motors,KIADT,,56,Gary Payton
56.0,Gary,Payton,Seattle SuperSonics,All-NBA,3,1993-94,,,1610612760,Award,Kia Motors,KIANT,,56,Gary Payton
56.0,Gary,Payton,Seattle SuperSonics,All-NBA,2,1994-95,,,1610612760,Award,Kia Motors,KIANT,,56,Gary Payton
56.0,Gary,Payton,Seattle SuperSonics,All-NBA,2,1995-96,,,1610612760,Award,Kia Motors,KIANT,,56,Gary Payton
56.0,Gary,Payton,Seattle SuperSonics,All-NBA,2,1996-97,,,1610612760,Award,Kia Motors,KIANT,,56,Gary Payton
56.0,Gary,Payton,Seattle SuperSonics,All-NBA,1,1997-98,,,1610612760,Award,Kia Motors,KIANT,,56,Gary Payton
56.0,Gary,Payton,Seattle SuperSonics,All-NBA,2,1998-99,,,1610612760,Award,Kia Motors,KIANT,,56,Gary Payton
56.0,Gary,Payton,Seattle SuperSonics,All-NBA,1,1999-00,,,1610612760,Award,Kia Motors,KIANT,,56,Gary Payton
56.0,Gary,Payton,Seattle SuperSonics,All-NBA,3,2000-01,,,1610612760,Award,Kia Motors,KIANT,,56,Gary Payton
56.0,Gary,Payton,Seattle SuperSonics,All-NBA,2,2001-02,,,1610612760,Award,Kia Motors,KIANT,,56,Gary Payton
56.0,Gary,Payton,Seattle SuperSonics,All-Rookie Team,2,1990-91,,,1610612760,Award,Kia Motors,KIART,,56,Gary Payton
56.0,Gary,Payton,,Hall of Fame Inductee,,2013,,,,Award,Hall of Fame,,,56,Gary Payton
56.0,Gary,Payton,,NBA All-Star,,1993-94,,,,Award,All-Star,,,56,Gary Payton
56.0,Gary,Payton,,NBA All-Star,,1994-95,,,,Award,All-Star,,,56,Gary Payton
56.0,Gary,Payton,,NBA All-Star,,1995-96,,,,Award,All-Star,,,56,Gary Payton
56.0,Gary,Payton,,NBA All-Star,,1996-97,,,,Award,All-Star,,,56,Gary Payton
56.0,Gary,Payton,,NBA All-Star,,1997-98,,,,Award,All-Star,,,56,Gary Payton
56.0,Gary,Payton,,NBA All-Star,,1999-00,,,,Award,All-Star,,,56,Gary Payton
56.0,Gary,Payton,,NBA All-Star,,2000-01,,,,Award,All-Star,,,56,Gary Payton
56.0,Gary,Payton,,NBA All-Star,,2001-02,,,,Award,All-Star,,,56,Gary Payton
56.0,Gary,Payton,,NBA All-Star,,2002-03,,,,Award,All-Star,,,56,Gary Payton
56.0,Gary,Payton,Miami Heat,NBA Champion,,2005-06,,,,Award,Champion,,,56,Gary Payton
56.0,Gary,Payton,Seattle SuperSonics,NBA Defensive Player of the Year,,1995-96,,,,Award,Kia Motors,KDPYR,,56,Gary Payton
56.0,Gary,Payton,Seattle SuperSonics,NBA Player of the Month,,1999-00,04/01/2000,,,Award,Kia Motors,KIPMO,,56,Gary Payton
56.0,Gary,Payton,Seattle SuperSonics,NBA Player of the Week,,1994-95,,1995-01-08T00:00:00,,Award,Kia Motors,KIPWK,,56,Gary Payton
56.0,Gary,Payton,Seattle SuperSonics,NBA Player of the Week,,1998-99,,1999-02-14T00:00:00,,Award,Kia Motors,KIPWK,,56,Gary Payton
56.0,Gary,Payton,Seattle SuperSonics,NBA Player of the Week,,2001-02,,2001-12-23T00:00:00,West,Award,Kia Motors,KIPWK,,56,Gary Payton
56.0,Gary,Payton,USA,Olympic Gold Medal,,1996,,,,Award,Olympic,Gold,,56,Gary Payton
56.0,Gary,Payton,USA,Olympic Gold Medal,,2000,,,,Award,Olympic,Gold,,56,Gary Payton
1627780.0,Gary,Payton II,Golden State Warriors,NBA Champion,,2021-22,,,,Award,Champion,,,1627780,Gary Payton II
201593.0,Nikola,Pekovic,Minnesota Timberwolves,NBA Player of the Week,,2012-13,,2013-04-01T00:00:00,West,Award,Kia Motors,KIPWK,,201593,Nikola Pekovic
2632.0,Kirk,Penney,New Zealand,Olympic Appearance,,2000,,,,Award,Olympic,Appearance,,2632,Kirk Penney
2632.0,Kirk,Penney,New Zealand,Olympic Appearance,,2004,,,,Award,Olympic,Appearance,,2632,Kirk Penney
781.0,Will,Perdue,Chicago Bulls,NBA Champion,,1990-91,,,,Award,Champion,,,781,Will Perdue
781.0,Will,Perdue,Chicago Bulls,NBA Champion,,1991-92,,,,Award,Champion,,,781,Will Perdue
781.0,Will,Perdue,Chicago Bulls,NBA Champion,,1992-93,,,,Award,Champion,,,781,Will Perdue
781.0,Will,Perdue,San Antonio Spurs,NBA Champion,,1998-99,,,,Award,Champion,,,781,Will Perdue
2570.0,Kendrick,Perkins,Boston Celtics,NBA Champion,,2007-08,,,,Award,Champion,,,2570,Kendrick Perkins
64.0,Sam,Perkins,Dallas Mavericks,All-Rookie Team,1,1984-85,,,1610612742,Award,Kia Motors,KIART,,64,Sam Perkins
64.0,Sam,Perkins,USA,Olympic Gold Medal,,1984,,,,Award,Olympic,Gold,,64,Sam Perkins
386.0,Elliot,Perry,Phoenix Suns,NBA Player of the Week,,1994-95,,1994-11-20T00:00:00,,Award,Kia Motors,KIPWK,,386,Elliot Perry
456.0,Chuck,Person,Indiana Pacers,All-Rookie Team,1,1986-87,,,1610612754,Award,Kia Motors,KIART,,456,Chuck Person
456.0,Chuck,Person,Indiana Pacers,NBA Player of the Week,,1988-89,,1989-03-05T00:00:00,,Award,Kia Motors,KIPWK,,456,Chuck Person
456.0,Chuck,Person,Indiana Pacers,NBA Rookie of the Month,,1986-87,02/01/1987,,,Award,Kia Motors,KIRMO,,456,Chuck Person
456.0,Chuck,Person,Indiana Pacers,NBA Rookie of the Month,,1986-87,11/01/1986,,,Award,Kia Motors,KIRMO,,456,Chuck Person
456.0,Chuck,Person,Indiana Pacers,NBA Rookie of the Year,,1986-87,,,,Award,Kia Motors,KIROY,,456,Chuck Person
456.0,Chuck,Person,Indiana Pacers,NBA Sporting News Rookie of the Year,,1986-87,,,,Award,Sporting News,SNROY,,456,Chuck Person
445.0,Wesley,Person,Phoenix Suns,All-Rookie Team,2,1994-95,,,1610612756,Award,Kia Motors,KIART,,445,Wesley Person
445.0,Wesley,Person,Cleveland Cavaliers,NBA Player of the Week,,1997-98,,1997-12-07T00:00:00,,Award,Kia Motors,KIPWK,,445,Wesley Person
2050.0,Morris,Peterson,Toronto Raptors,All-Rookie Team,1,2000-01,,,1610612761,Award,Kia Motors,KIART,,2050,Morris Peterson
77844.0,Geoff,Petrie,Portland Trail Blazers,All-Rookie Team,1,1970-71,,,1610612757,Award,Kia Motors,KIART,,77844,Geoff Petrie
77844.0,Geoff,Petrie,,NBA All-Star,,1970-71,,,,Award,All-Star,,,77844,Geoff Petrie
77844.0,Geoff,Petrie,,NBA All-Star,,1973-74,,,,Award,All-Star,,,77844,Geoff Petrie
77844.0,Geoff,Petrie,Portland Trail Blazers,NBA Rookie of the Year,,1970-71,,,,Award,Kia Motors,KIROY,,77844,Geoff Petrie
77845.0,Drazen,Petrovic,New Jersey Nets,All-NBA,3,1992-93,,,1610612751,Award,Kia Motors,KIANT,,77845,Drazen Petrovic
77845.0,Drazen,Petrovic,,Hall of Fame Inductee,,2002,,,,Award,Hall of Fame,,,77845,Drazen Petrovic
77845.0,Drazen,Petrovic,New Jersey Nets,NBA Player of the Week,,1992-93,,1992-12-06T00:00:00,,Award,Kia Motors,KIPWK,,77845,Drazen Petrovic
77845.0,Drazen,Petrovic,Yugoslavia,Olympic Bronze Medal,,1984,,,,Award,Olympic,Bronze,,77845,Drazen Petrovic
77845.0,Drazen,Petrovic,Yugoslavia,Olympic Silver Medal,,1988,,,,Award,Olympic,Silver,,77845,Drazen Petrovic
77845.0,Drazen,Petrovic,Croatia,Olympic Silver Medal,,1992,,,,Award,Olympic,Silver,,77845,Drazen Petrovic
77847.0,Bob,Pettit,Milwaukee Hawks,All-NBA,1,1954-55,,,1610612737,Award,Kia Motors,KIANT,,77847,Bob Pettit
77847.0,Bob,Pettit,St. Louis Hawks,All-NBA,1,1955-56,,,1610612737,Award,Kia Motors,KIANT,,77847,Bob Pettit
77847.0,Bob,Pettit,St. Louis Hawks,All-NBA,1,1956-57,,,1610612737,Award,Kia Motors,KIANT,,77847,Bob Pettit
77847.0,Bob,Pettit,St. Louis Hawks,All-NBA,1,1957-58,,,1610612737,Award,Kia Motors,KIANT,,77847,Bob Pettit
77847.0,Bob,Pettit,St. Louis Hawks,All-NBA,1,1958-59,,,1610612737,Award,Kia Motors,KIANT,,77847,Bob Pettit
77847.0,Bob,Pettit,St. Louis Hawks,All-NBA,1,1959-60,,,1610612737,Award,Kia Motors,KIANT,,77847,Bob Pettit
77847.0,Bob,Pettit,St. Louis Hawks,All-NBA,1,1960-61,,,1610612737,Award,Kia Motors,KIANT,,77847,Bob Pettit
77847.0,Bob,Pettit,St. Louis Hawks,All-NBA,1,1961-62,,,1610612737,Award,Kia Motors,KIANT,,77847,Bob Pettit
77847.0,Bob,Pettit,St. Louis Hawks,All-NBA,1,1962-63,,,1610612737,Award,Kia Motors,KIANT,,77847,Bob Pettit
77847.0,Bob,Pettit,St. Louis Hawks,All-NBA,1,1963-64,,,1610612737,Award,Kia Motors,KIANT,,77847,Bob Pettit
77847.0,Bob,Pettit,St. Louis Hawks,All-NBA,2,1964-65,,,1610612737,Award,Kia Motors,KIANT,,77847,Bob Pettit
77847.0,Bob,Pettit,,Hall of Fame Inductee,,1971,,,,Award,Hall of Fame,,,77847,Bob Pettit
77847.0,Bob,Pettit,,NBA All-Star,,1954-55,,,,Award,All-Star,,,77847,Bob Pettit
77847.0,Bob,Pettit,,NBA All-Star,,1955-56,,,,Award,All-Star,,,77847,Bob Pettit
77847.0,Bob,Pettit,,NBA All-Star,,1956-57,,,,Award,All-Star,,,77847,Bob Pettit
77847.0,Bob,Pettit,,NBA All-Star,,1957-58,,,,Award,All-Star,,,77847,Bob Pettit
77847.0,Bob,Pettit,,NBA All-Star,,1958-59,,,,Award,All-Star,,,77847,Bob Pettit
77847.0,Bob,Pettit,,NBA All-Star,,1959-60,,,,Award,All-Star,,,77847,Bob Pettit
77847.0,Bob,Pettit,,NBA All-Star,,1960-61,,,,Award,All-Star,,,77847,Bob Pettit
77847.0,Bob,Pettit,,NBA All-Star,,1961-62,,,,Award,All-Star,,,77847,Bob Pettit
77847.0,Bob,Pettit,,NBA All-Star,,1962-63,,,,Award,All-Star,,,77847,Bob Pettit
77847.0,Bob,Pettit,,NBA All-Star,,1963-64,,,,Award,All-Star,,,77847,Bob Pettit
77847.0,Bob,Pettit,,NBA All-Star,,1964-65,,,,Award,All-Star,,,77847,Bob Pettit
77847.0,Bob,Pettit,St. Louis Hawks,NBA All-Star Most Valuable Player,,1955-56,,,,Award,Kia Motors,KAMVP,,77847,Bob Pettit
77847.0,Bob,Pettit,St. Louis Hawks,NBA All-Star Most Valuable Player,,1957-58,,,,Award,Kia Motors,KAMVP,,77847,Bob Pettit
77847.0,Bob,Pettit,St. Louis Hawks,NBA All-Star Most Valuable Player,,1958-59,,,,Award,Kia Motors,KAMVP,,77847,Bob Pettit
77847.0,Bob,Pettit,St. Louis Hawks,NBA All-Star Most Valuable Player,,1961-62,,,,Award,Kia Motors,KAMVP,,77847,Bob Pettit
77847.0,Bob,Pettit,St. Louis Hawks,NBA Champion,,1957-58,,,,Award,Champion,,,77847,Bob Pettit
77847.0,Bob,Pettit,St. Louis Hawks,NBA Most Valuable Player,,1955-56,,,,Award,Kia Motors,KIMVP,,77847,Bob Pettit
77847.0,Bob,Pettit,St. Louis Hawks,NBA Most Valuable Player,,1958-59,,,,Award,Kia Motors,KIMVP,,77847,Bob Pettit
77847.0,Bob,Pettit,Milwaukee Hawks,NBA Rookie of the Year,,1954-55,,,,Award,Kia Motors,KIROY,,77847,Bob Pettit
77847.0,Bob,Pettit,St. Louis Hawks,NBA Sporting News Most Valuable Player of the Year,,1958-59,,,,Award,Sporting News,SNMVP,,77847,Bob Pettit
77853.0,Andy,Phillip,Philadelphia Warriors,All-NBA,2,1951-52,,,1610612744,Award,Kia Motors,KIANT,,77853,Andy Phillip
77853.0,Andy,Phillip,Philadelphia Warriors,All-NBA,2,1952-53,,,1610612744,Award,Kia Motors,KIANT,,77853,Andy Phillip
77853.0,Andy,Phillip,,Hall of Fame Inductee,,1961,,,,Award,Hall of Fame,,,77853,Andy Phillip
77853.0,Andy,Phillip,,NBA All-Star,,1950-51,,,,Award,All-Star,,,77853,Andy Phillip
77853.0,Andy,Phillip,,NBA All-Star,,1951-52,,,,Award,All-Star,,,77853,Andy Phillip
77853.0,Andy,Phillip,,NBA All-Star,,1952-53,,,,Award,All-Star,,,77853,Andy Phillip
77853.0,Andy,Phillip,,NBA All-Star,,1953-54,,,,Award,All-Star,,,77853,Andy Phillip
77853.0,Andy,Phillip,,NBA All-Star,,1954-55,,,,Award,All-Star,,,77853,Andy Phillip
77853.0,Andy,Phillip,Boston Celtics,NBA Champion,,1956-57,,,,Award,Champion,,,77853,Andy Phillip
77855.0,Gary,Phillips,Boston Celtics,NBA Champion,,1961-62,,,,Award,Champion,,,77855,Gary Phillips
184.0,Bobby,Phills,Cleveland Cavaliers,All-Defensive Team,2,1995-96,,,1610612739,Award,Kia Motors,KIADT,,184,Bobby Phills
1718.0,Paul,Pierce,Boston Celtics,All-NBA,3,2001-02,,,1610612738,Award,Kia Motors,KIANT,,1718,Paul Pierce
1718.0,Paul,Pierce,Boston Celtics,All-NBA,3,2002-03,,,1610612738,Award,Kia Motors,KIANT,,1718,Paul Pierce
1718.0,Paul,Pierce,Boston Celtics,All-NBA,3,2007-08,,,1610612738,Award,Kia Motors,KIANT,,1718,Paul Pierce
1718.0,Paul,Pierce,Boston Celtics,All-NBA,2,2008-09,,,1610612738,Award,Kia Motors,KIANT,,1718,Paul Pierce
1718.0,Paul,Pierce,Boston Celtics,All-Rookie Team,1,1998-99,,,1610612738,Award,Kia Motors,KIART,,1718,Paul Pierce
1718.0,Paul,Pierce,,NBA All-Star,,2001-02,,,,Award,All-Star,,,1718,Paul Pierce
1718.0,Paul,Pierce,,NBA All-Star,,2002-03,,,,Award,All-Star,,,1718,Paul Pierce
1718.0,Paul,Pierce,,NBA All-Star,,2003-04,,,,Award,All-Star,,,1718,Paul Pierce
1718.0,Paul,Pierce,,NBA All-Star,,2004-05,,,,Award,All-Star,,,1718,Paul Pierce
1718.0,Paul,Pierce,,NBA All-Star,,2005-06,,,,Award,All-Star,,,1718,Paul Pierce
1718.0,Paul,Pierce,,NBA All-Star,,2007-08,,,,Award,All-Star,,,1718,Paul Pierce
1718.0,Paul,Pierce,,NBA All-Star,,2008-09,,,,Award,All-Star,,,1718,Paul Pierce
1718.0,Paul,Pierce,,NBA All-Star,,2009-10,,,,Award,All-Star,,,1718,Paul Pierce
1718.0,Paul,Pierce,,NBA All-Star,,2010-11,,,,Award,All-Star,,,1718,Paul Pierce
1718.0,Paul,Pierce,,NBA All-Star,,2011-12,,,,Award,All-Star,,,1718,Paul Pierce
1718.0,Paul,Pierce,Boston Celtics,NBA Champion,,2007-08,,,,Award,Champion,,,1718,Paul Pierce
1718.0,Paul,Pierce,Boston Celtics,NBA Finals Most Valuable Player,,2007-08,,,,Award,Kia Motors,KFMVP,,1718,Paul Pierce
1718.0,Paul,Pierce,Boston Celtics,NBA Player of the Month,,2000-01,03/01/2001,,,Award,Kia Motors,KIPMO,,1718,Paul Pierce
1718.0,Paul,Pierce,Boston Celtics,NBA Player of the Month,,2001-02,04/01/2002,,East,Award,Kia Motors,KIPMO,,1718,Paul Pierce
1718.0,Paul,Pierce,Boston Celtics,NBA Player of the Month,,2001-02,12/01/2001,,East,Award,Kia Motors,KIPMO,,1718,Paul Pierce
1718.0,Paul,Pierce,Boston Celtics,NBA Player of the Month,,2011-12,03/01/2012,,East,Award,Kia Motors,KIPMO,,1718,Paul Pierce
1718.0,Paul,Pierce,Boston Celtics,NBA Player of the Week,,2000-01,,2001-03-25T00:00:00,,Award,Kia Motors,KIPWK,,1718,Paul Pierce
1718.0,Paul,Pierce,Boston Celtics,NBA Player of the Week,,2001-02,,2001-12-02T00:00:00,East,Award,Kia Motors,KIPWK,,1718,Paul Pierce
1718.0,Paul,Pierce,Boston Celtics,NBA Player of the Week,,2001-02,,2002-04-07T00:00:00,East,Award,Kia Motors,KIPWK,,1718,Paul Pierce
1718.0,Paul,Pierce,Boston Celtics,NBA Player of the Week,,2002-03,,2002-12-08T00:00:00,East,Award,Kia Motors,KIPWK,,1718,Paul Pierce
1718.0,Paul,Pierce,Boston Celtics,NBA Player of the Week,,2002-03,,2003-01-26T00:00:00,East,Award,Kia Motors,KIPWK,,1718,Paul Pierce
1718.0,Paul,Pierce,Boston Celtics,NBA Player of the Week,,2003-04,,2003-12-14T00:00:00,East,Award,Kia Motors,KIPWK,,1718,Paul Pierce
1718.0,Paul,Pierce,Boston Celtics,NBA Player of the Week,,2003-04,,2004-01-11T00:00:00,East,Award,Kia Motors,KIPWK,,1718,Paul Pierce
1718.0,Paul,Pierce,Boston Celtics,NBA Player of the Week,,2004-05,,2005-02-06T00:00:00,East,Award,Kia Motors,KIPWK,,1718,Paul Pierce
1718.0,Paul,Pierce,Boston Celtics,NBA Player of the Week,,2004-05,,2005-03-13T00:00:00,East,Award,Kia Motors,KIPWK,,1718,Paul Pierce
1718.0,Paul,Pierce,Boston Celtics,NBA Player of the Week,,2005-06,,2006-03-12T00:00:00,East,Award,Kia Motors,KIPWK,,1718,Paul Pierce
1718.0,Paul,Pierce,Boston Celtics,NBA Player of the Week,,2007-08,,2007-12-16T00:00:00,East,Award,Kia Motors,KIPWK,,1718,Paul Pierce
1718.0,Paul,Pierce,Boston Celtics,NBA Player of the Week,,2007-08,,2007-12-30T00:00:00,East,Award,Kia Motors,KIPWK,,1718,Paul Pierce
1718.0,Paul,Pierce,Boston Celtics,NBA Player of the Week,,2009-10,,2010-03-22T00:00:00,East,Award,Kia Motors,KIPWK,,1718,Paul Pierce
1718.0,Paul,Pierce,Boston Celtics,NBA Player of the Week,,2010-11,,2010-12-20T00:00:00,East,Award,Kia Motors,KIPWK,,1718,Paul Pierce
1718.0,Paul,Pierce,Boston Celtics,NBA Player of the Week,,2011-12,,2012-01-30T00:00:00,East,Award,Kia Motors,KIPWK,,1718,Paul Pierce
1718.0,Paul,Pierce,Boston Celtics,NBA Player of the Week,,2011-12,,2012-03-26T00:00:00,East,Award,Kia Motors,KIPWK,,1718,Paul Pierce
1718.0,Paul,Pierce,Boston Celtics,NBA Rookie of the Month,,1998-99,02/01/1999,,,Award,Kia Motors,KIRMO,,1718,Paul Pierce
894.0,Ricky,Pierce,,NBA All-Star,,1990-91,,,,Award,All-Star,,,894,Ricky Pierce
894.0,Ricky,Pierce,Milwaukee Bucks,NBA Player of the Week,,1990-91,,1990-12-30T00:00:00,,Award,Kia Motors,KIPWK,,894,Ricky Pierce
894.0,Ricky,Pierce,Milwaukee Bucks,NBA Sixth Man of the Year,,1986-87,,,,Award,Sporting News,KISMY,,894,Ricky Pierce
894.0,Ricky,Pierce,Milwaukee Bucks,NBA Sixth Man of the Year,,1989-90,,,,Award,Sporting News,KISMY,,894,Ricky Pierce
937.0,Scottie,Pippen,Chicago Bulls,All-Defensive Team,2,1990-91,,,1610612741,Award,Kia Motors,KIADT,,937,Scottie Pippen
937.0,Scottie,Pippen,Chicago Bulls,All-Defensive Team,1,1991-92,,,1610612741,Award,Kia Motors,KIADT,,937,Scottie Pippen
937.0,Scottie,Pippen,Chicago Bulls,All-Defensive Team,1,1992-93,,,1610612741,Award,Kia Motors,KIADT,,937,Scottie Pippen
937.0,Scottie,Pippen,Chicago Bulls,All-Defensive Team,1,1993-94,,,1610612741,Award,Kia Motors,KIADT,,937,Scottie Pippen
937.0,Scottie,Pippen,Chicago Bulls,All-Defensive Team,1,1994-95,,,1610612741,Award,Kia Motors,KIADT,,937,Scottie Pippen
937.0,Scottie,Pippen,Chicago Bulls,All-Defensive Team,1,1995-96,,,1610612741,Award,Kia Motors,KIADT,,937,Scottie Pippen
937.0,Scottie,Pippen,Chicago Bulls,All-Defensive Team,1,1996-97,,,1610612741,Award,Kia Motors,KIADT,,937,Scottie Pippen
937.0,Scottie,Pippen,Chicago Bulls,All-Defensive Team,1,1997-98,,,1610612741,Award,Kia Motors,KIADT,,937,Scottie Pippen
937.0,Scottie,Pippen,Chicago Bulls,All-Defensive Team,1,1998-99,,,1610612741,Award,Kia Motors,KIADT,,937,Scottie Pippen
937.0,Scottie,Pippen,Portland Trail Blazers,All-Defensive Team,2,1999-00,,,1610612757,Award,Kia Motors,KIADT,,937,Scottie Pippen
937.0,Scottie,Pippen,Chicago Bulls,All-NBA,2,1991-92,,,1610612741,Award,Kia Motors,KIANT,,937,Scottie Pippen
937.0,Scottie,Pippen,Chicago Bulls,All-NBA,3,1992-93,,,1610612741,Award,Kia Motors,KIANT,,937,Scottie Pippen
937.0,Scottie,Pippen,Chicago Bulls,All-NBA,1,1993-94,,,1610612741,Award,Kia Motors,KIANT,,937,Scottie Pippen
937.0,Scottie,Pippen,Chicago Bulls,All-NBA,1,1994-95,,,1610612741,Award,Kia Motors,KIANT,,937,Scottie Pippen
937.0,Scottie,Pippen,Chicago Bulls,All-NBA,1,1995-96,,,1610612741,Award,Kia Motors,KIANT,,937,Scottie Pippen
937.0,Scottie,Pippen,Chicago Bulls,All-NBA,2,1996-97,,,1610612741,Award,Kia Motors,KIANT,,937,Scottie Pippen
937.0,Scottie,Pippen,Chicago Bulls,All-NBA,3,1997-98,,,1610612741,Award,Kia Motors,KIANT,,937,Scottie Pippen
937.0,Scottie,Pippen,,Hall of Fame Inductee,,2010,,,,Award,Hall of Fame,,,937,Scottie Pippen
937.0,Scottie,Pippen,,NBA All-Star,,1989-90,,,,Award,All-Star,,,937,Scottie Pippen
937.0,Scottie,Pippen,,NBA All-Star,,1991-92,,,,Award,All-Star,,,937,Scottie Pippen
937.0,Scottie,Pippen,,NBA All-Star,,1992-93,,,,Award,All-Star,,,937,Scottie Pippen
937.0,Scottie,Pippen,,NBA All-Star,,1993-94,,,,Award,All-Star,,,937,Scottie Pippen
937.0,Scottie,Pippen,,NBA All-Star,,1994-95,,,,Award,All-Star,,,937,Scottie Pippen
937.0,Scottie,Pippen,,NBA All-Star,,1995-96,,,,Award,All-Star,,,937,Scottie Pippen
937.0,Scottie,Pippen,,NBA All-Star,,1996-97,,,,Award,All-Star,,,937,Scottie Pippen
937.0,Scottie,Pippen,Chicago Bulls,NBA All-Star Most Valuable Player,,1993-94,,,,Award,Kia Motors,KAMVP,,937,Scottie Pippen
937.0,Scottie,Pippen,Chicago Bulls,NBA Champion,,1990-91,,,,Award,Champion,,,937,Scottie Pippen
937.0,Scottie,Pippen,Chicago Bulls,NBA Champion,,1991-92,,,,Award,Champion,,,937,Scottie Pippen
937.0,Scottie,Pippen,Chicago Bulls,NBA Champion,,1992-93,,,,Award,Champion,,,937,Scottie Pippen
937.0,Scottie,Pippen,Chicago Bulls,NBA Champion,,1995-96,,,,Award,Champion,,,937,Scottie Pippen
937.0,Scottie,Pippen,Chicago Bulls,NBA Champion,,1996-97,,,,Award,Champion,,,937,Scottie Pippen
937.0,Scottie,Pippen,Chicago Bulls,NBA Champion,,1997-98,,,,Award,Champion,,,937,Scottie Pippen
937.0,Scottie,Pippen,Chicago Bulls,NBA Player of the Month,,1993-94,04/01/1994,,,Award,Kia Motors,KIPMO,,937,Scottie Pippen
937.0,Scottie,Pippen,Chicago Bulls,NBA Player of the Month,,1995-96,12/01/1995,,,Award,Kia Motors,KIPMO,,937,Scottie Pippen
937.0,Scottie,Pippen,Chicago Bulls,NBA Player of the Week,,1991-92,,1991-12-29T00:00:00,,Award,Kia Motors,KIPWK,,937,Scottie Pippen
937.0,Scottie,Pippen,Chicago Bulls,NBA Player of the Week,,1993-94,,1993-12-26T00:00:00,,Award,Kia Motors,KIPWK,,937,Scottie Pippen
937.0,Scottie,Pippen,Chicago Bulls,NBA Player of the Week,,1993-94,,1994-04-17T00:00:00,,Award,Kia Motors,KIPWK,,937,Scottie Pippen
937.0,Scottie,Pippen,Chicago Bulls,NBA Player of the Week,,1995-96,,1995-12-17T00:00:00,,Award,Kia Motors,KIPWK,,937,Scottie Pippen
937.0,Scottie,Pippen,Chicago Bulls,NBA Player of the Week,,1996-97,,1997-02-23T00:00:00,,Award,Kia Motors,KIPWK,,937,Scottie Pippen
937.0,Scottie,Pippen,USA,Olympic Gold Medal,,1992,,,,Award,Olympic,Gold,,937,Scottie Pippen
937.0,Scottie,Pippen,USA,Olympic Gold Medal,,1996,,,,Award,Olympic,Gold,,937,Scottie Pippen
202354.0,Dexter,Pittman,Miami Heat,NBA Champion,,2011-12,,,,Award,Champion,,,202354,Dexter Pittman
2565.0,Zoran,Planinic,Croatia,Olympic Appearance,,2008,,,,Award,Olympic,Appearance,,2565,Zoran Planinic
203486.0,Mason,Plumlee,Brooklyn Nets,All-Rookie Team,1,2013-14,,,1610612751,Award,Kia Motors,KIART,,203486,Mason Plumlee
1641764.0,Brandin,Podziemski,Golden State Warriors,All-Rookie Team,1,2023-24,,,West,Award,Kia Motors,KIART,,1641764,Brandin Podziemski
77867.0,Jim,Pollard,Minneapolis Lakers,All-NBA,1,1948-49,,,1610612747,Award,Kia Motors,KIANT,,77867,Jim Pollard
77867.0,Jim,Pollard,Minneapolis Lakers,All-NBA,1,1949-50,,,1610612747,Award,Kia Motors,KIANT,,77867,Jim Pollard
77867.0,Jim,Pollard,Minneapolis Lakers,All-NBA,2,1951-52,,,1610612747,Award,Kia Motors,KIANT,,77867,Jim Pollard
77867.0,Jim,Pollard,Minneapolis Lakers,All-NBA,2,1953-54,,,1610612747,Award,Kia Motors,KIANT,,77867,Jim Pollard
77867.0,Jim,Pollard,,Hall of Fame Inductee,,1978,,,,Award,Hall of Fame,,,77867,Jim Pollard
77867.0,Jim,Pollard,,NBA All-Star,,1950-51,,,,Award,All-Star,,,77867,Jim Pollard
77867.0,Jim,Pollard,,NBA All-Star,,1951-52,,,,Award,All-Star,,,77867,Jim Pollard
77867.0,Jim,Pollard,,NBA All-Star,,1953-54,,,,Award,All-Star,,,77867,Jim Pollard
77867.0,Jim,Pollard,,NBA All-Star,,1954-55,,,,Award,All-Star,,,77867,Jim Pollard
77867.0,Jim,Pollard,Minneapolis Lakers,NBA Champion,,1948-49,,,,Award,Champion,,,77867,Jim Pollard
77867.0,Jim,Pollard,Minneapolis Lakers,NBA Champion,,1949-50,,,,Award,Champion,,,77867,Jim Pollard
77867.0,Jim,Pollard,Minneapolis Lakers,NBA Champion,,1951-52,,,,Award,Champion,,,77867,Jim Pollard
77867.0,Jim,Pollard,Minneapolis Lakers,NBA Champion,,1952-53,,,,Award,Champion,,,77867,Jim Pollard
77867.0,Jim,Pollard,Minneapolis Lakers,NBA Champion,,1953-54,,,,Award,Champion,,,77867,Jim Pollard
1629673.0,Jordan,Poole,Golden State Warriors,NBA Champion,,2021-22,,,,Award,Champion,,,1629673,Jordan Poole
345.0,Terry,Porter,Portland Trail Blazers,J. Walter Kennedy Citizenship,,1992-93,,,,Award,Kia Motors,KIWKC,,345,Terry Porter
345.0,Terry,Porter,,NBA All-Star,,1990-91,,,,Award,All-Star,,,345,Terry Porter
345.0,Terry,Porter,,NBA All-Star,,1992-93,,,,Award,All-Star,,,345,Terry Porter
1629008.0,Michael,Porter Jr.,Denver Nuggets,NBA Champion,,2022-23,,,,Award,Champion,,,1629008,Michael Porter Jr.
203490.0,Otto,Porter Jr.,Golden State Warriors,NBA Champion,,2021-22,,,,Award,Champion,,,203490,Otto Porter Jr.
1626171.0,Bobby,Portis,Milwaukee Bucks,NBA Champion,,2020-21,,,,Award,Champion,,,1626171,Bobby Portis
1626171.0,Bobby,Portis,Milwaukee Bucks,NBA Player of the Week,,2022-23,,2023-04-03T00:00:00,East,Award,Kia Motors,KIPWK,,1626171,Bobby Portis
204001.0,Kristaps,Porzingis,New York Knicks,All-Rookie Team,1,2015-16,,,East,Award,Kia Motors,KIART,,204001,Kristaps Porziņģis
204001.0,Kristaps,Porzingis,,NBA All-Star,,2017-18,,,,Award,All-Star,,,204001,Kristaps Porziņģis
204001.0,Kristaps,Porzingis,Boston Celtics,NBA Champion,,2023-24,,,,Award,Champion,,,204001,Kristaps Porziņģis
204001.0,Kristaps,Porzingis,New York Knicks,NBA Player of the Week,,2017-18,,2017-10-30T00:00:00,East,Award,Kia Motors,KIPWK,,204001,Kristaps Porziņģis
204001.0,Kristaps,Porzingis,Dallas Mavericks,NBA Player of the Week,,2019-20,,2020-02-24T00:00:00,West,Award,Kia Motors,KIPWK,,204001,Kristaps Porziņģis
204001.0,Kristaps,Porzingis,Washington Wizards,NBA Player of the Week,,2022-23,,2022-12-26T00:00:00,East,Award,Kia Motors,KIPWK,,204001,Kristaps Porziņģis
204001.0,Kristaps,Porzingis,Boston Celtics,NBA Player of the Week,,2023-24,,2024-04-01T00:00:00,East,Award,Kia Motors,KIPWK,,204001,Kristaps Porziņģis
204001.0,Kristaps,Porzingis,New York Knicks,NBA Rookie of the Month,,2015-16,1/1/2016,1900-01-01T12:00:00,East,Award,Kia Motors,KIRMO,,204001,Kristaps Porziņģis
204001.0,Kristaps,Porzingis,New York Knicks,NBA Rookie of the Month,,2015-16,11/1/2015,1900-01-01T12:00:00,East,Award,Kia Motors,KIRMO,,204001,Kristaps Porziņģis
204001.0,Kristaps,Porzingis,New York Knicks,NBA Rookie of the Month,,2015-16,12/1/2015,1900-01-01T12:00:00,East,Award,Kia Motors,KIRMO,,204001,Kristaps Porziņģis
1899.0,James,Posey,Denver Nuggets,All-Rookie Team,2,1999-00,,,1610612743,Award,Kia Motors,KIART,,1899,James Posey
1899.0,James,Posey,Miami Heat,NBA Champion,,2005-06,,,,Award,Champion,,,1899,James Posey
1899.0,James,Posey,Boston Celtics,NBA Champion,,2007-08,,,,Award,Champion,,,1899,James Posey
200796.0,Leon,Powe,Boston Celtics,NBA Champion,,2007-08,,,,Award,Champion,,,200796,Leon Powe
2694.0,Josh,Powell,Los Angeles Lakers,NBA Champion,,2008-09,,,,Award,Champion,,,2694,Josh Powell
2694.0,Josh,Powell,Los Angeles Lakers,NBA Champion,,2009-10,,,,Award,Champion,,,2694,Josh Powell
1626181.0,Norman,Powell,,NBA All-Star,,2025-26,,,,Award,All-Star,,,1626181,Norman Powell
1626181.0,Norman,Powell,Toronto Raptors,NBA Champion,,2018-19,,,,Award,Champion,,,1626181,Norman Powell
1626181.0,Norman,Powell,Toronto Raptors,NBA Player of the Week,,2019-20,,2020-03-02T00:00:00,East,Award,Kia Motors,KIPWK,,1626181,Norman Powell
1626181.0,Norman,Powell,Toronto Raptors,NBA Rookie of the Month,,2015-16,4/1/2016,1900-01-01T12:00:00,East,Award,Kia Motors,KIRMO,,1626181,Norman Powell
77879.0,Paul,Pressey,Milwaukee Bucks,All-Defensive Team,1,1984-85,,,1610612749,Award,Kia Motors,KIADT,,77879,Paul Pressey
77879.0,Paul,Pressey,Milwaukee Bucks,All-Defensive Team,1,1985-86,,,1610612749,Award,Kia Motors,KIADT,,77879,Paul Pressey
77879.0,Paul,Pressey,Milwaukee Bucks,All-Defensive Team,2,1986-87,,,1610612749,Award,Kia Motors,KIADT,,77879,Paul Pressey
77881.0,Harold,Pressley,Sacramento Kings,NBA Player of the Week,,1987-88,,1988-04-10T00:00:00,,Award,Kia Motors,KIPWK,,77881,Harold Pressley
77883.0,Jim,Price,Los Angeles Lakers,All-Defensive Team,2,1973-74,,,1610612747,Award,Kia Motors,KIADT,,77883,Jim Price
77883.0,Jim,Price,Los Angeles Lakers,All-Rookie Team,1,1972-73,,,1610612747,Award,Kia Motors,KIART,,77883,Jim Price
77883.0,Jim,Price,,NBA All-Star,,1974-75,,,,Award,All-Star,,,77883,Jim Price
899.0,Mark,Price,Cleveland Cavaliers,All-NBA,3,1988-89,,,1610612739,Award,Kia Motors,KIANT,,899,Mark Price
899.0,Mark,Price,Cleveland Cavaliers,All-NBA,3,1991-92,,,1610612739,Award,Kia Motors,KIANT,,899,Mark Price
899.0,Mark,Price,Cleveland Cavaliers,All-NBA,1,1992-93,,,1610612739,Award,Kia Motors,KIANT,,899,Mark Price
899.0,Mark,Price,Cleveland Cavaliers,All-NBA,3,1993-94,,,1610612739,Award,Kia Motors,KIANT,,899,Mark Price
899.0,Mark,Price,,NBA All-Star,,1988-89,,,,Award,All-Star,,,899,Mark Price
899.0,Mark,Price,,NBA All-Star,,1991-92,,,,Award,All-Star,,,899,Mark Price
899.0,Mark,Price,,NBA All-Star,,1992-93,,,,Award,All-Star,,,899,Mark Price
899.0,Mark,Price,,NBA All-Star,,1993-94,,,,Award,All-Star,,,899,Mark Price
203143.0,Pablo,Prigioni,Argentina,Olympic Appearance,,2012,,,,Award,Olympic,Appearance,,203143,Pablo Prigioni
203143.0,Pablo,Prigioni,Argentina,Olympic Bronze Medal,,2008,,,,Award,Olympic,Bronze,,203143,Pablo Prigioni
2419.0,Tayshaun,Prince,Detroit Pistons,All-Defensive Team,2,2004-05,,,1610612765,Award,Kia Motors,KIADT,,2419,Tayshaun Prince
2419.0,Tayshaun,Prince,Detroit Pistons,All-Defensive Team,2,2005-06,,,1610612765,Award,Kia Motors,KIADT,,2419,Tayshaun Prince
2419.0,Tayshaun,Prince,Detroit Pistons,All-Defensive Team,2,2006-07,,,1610612765,Award,Kia Motors,KIADT,,2419,Tayshaun Prince
2419.0,Tayshaun,Prince,Detroit Pistons,All-Defensive Team,2,2007-08,,,1610612765,Award,Kia Motors,KIADT,,2419,Tayshaun Prince
2419.0,Tayshaun,Prince,Detroit Pistons,NBA Champion,,2003-04,,,,Award,Champion,,,2419,Tayshaun Prince
2419.0,Tayshaun,Prince,USA,Olympic Gold Medal,,2008,,,,Award,Olympic,Gold,,2419,Tayshaun Prince
1630202.0,Payton,Pritchard,Boston Celtics,NBA Champion,,2023-24,,,,Award,Champion,,,1630202,Payton Pritchard
1630202.0,Payton,Pritchard,Boston Celtics,NBA Sixth Man of the Year,,2024-25,,,,Award,Kia Motors,KISMY,,1630202,Payton Pritchard
1629674.0,Neemias,Queta,Boston Celtics,NBA Champion,,2023-24,,,,Award,Champion,,,1629674,Neemias Queta
1630193.0,Immanuel,Quickley,New York Knicks,All-Rookie Team,2,2020-21,,,East,Award,Kia Motors,KIART,,1630193,Immanuel Quickley
1630193.0,Immanuel,Quickley,Toronto Raptors,NBA Player of the Week,,2025-26,,2026-01-19T00:00:00,East,Award,Kia Motors,KIPWK,,1630193,Immanuel Quickley
129.0,Dino,Radja,Boston Celtics,All-Rookie Team,2,1993-94,,,1610612738,Award,Kia Motors,KIART,,129,Dino Radja
129.0,Dino,Radja,,Hall of Fame Inductee,,2018,,,,Award,Hall of Fame,,,129,Dino Radja
129.0,Dino,Radja,Boston Celtics,NBA Rookie of the Month,,1993-94,11/01/1993,,,Award,Kia Motors,KIRMO,,129,Dino Radja
2209.0,Vladimir,Radmanovic,Seattle SuperSonics,All-Rookie Team,2,2001-02,,,1610612760,Award,Kia Motors,KIART,,2209,Vladimir Radmanovic
2209.0,Vladimir,Radmanovic,Serbia & Montenegro,Olympic Appearance,,2004,,,,Award,Olympic,Appearance,,2209,Vladimir Radmanovic
203545.0,Miroslav,Raduljica,Serbia,Olympic Silver Medal,,2016,,,,Award,Olympic,Silver,,203545,Miroslav Raduljica
2080.0,Igor,Rakocevic,Serbia & Montenegro,Olympic Appearance,,2000,,,,Award,Olympic,Appearance,,2080,Igor Rakocevic
2080.0,Igor,Rakocevic,Serbia & Montenegro,Olympic Appearance,,2004,,,,Award,Olympic,Appearance,,2080,Igor Rakocevic
77905.0,Kurt,Rambis,Los Angeles Lakers,NBA Champion,,1981-82,,,,Award,Champion,,,77905,Kurt Rambis
77905.0,Kurt,Rambis,Los Angeles Lakers,NBA Champion,,1984-85,,,,Award,Champion,,,77905,Kurt Rambis
77905.0,Kurt,Rambis,Los Angeles Lakers,NBA Champion,,1986-87,,,,Award,Champion,,,77905,Kurt Rambis
77905.0,Kurt,Rambis,Los Angeles Lakers,NBA Champion,,1987-88,,,,Award,Champion,,,77905,Kurt Rambis
2762.0,Peter,Ramos,Puerto Rico,Olympic Appearance,,2004,,,,Award,Olympic,Appearance,,2762,Peter John Ramos
77907.0,Frank,Ramsey,,Hall of Fame Inductee,,1982,,,,Award,Hall of Fame,,,77907,Frank Ramsey
77907.0,Frank,Ramsey,Boston Celtics,NBA Champion,,1956-57,,,,Award,Champion,,,77907,Frank Ramsey
77907.0,Frank,Ramsey,Boston Celtics,NBA Champion,,1958-59,,,,Award,Champion,,,77907,Frank Ramsey
77907.0,Frank,Ramsey,Boston Celtics,NBA Champion,,1959-60,,,,Award,Champion,,,77907,Frank Ramsey
77907.0,Frank,Ramsey,Boston Celtics,NBA Champion,,1960-61,,,,Award,Champion,,,77907,Frank Ramsey
77907.0,Frank,Ramsey,Boston Celtics,NBA Champion,,1961-62,,,,Award,Champion,,,77907,Frank Ramsey
77907.0,Frank,Ramsey,Boston Celtics,NBA Champion,,1962-63,,,,Award,Champion,,,77907,Frank Ramsey
77907.0,Frank,Ramsey,Boston Celtics,NBA Champion,,1963-64,,,,Award,Champion,,,77907,Frank Ramsey
203944.0,Julius,Randle,New York Knicks,All-NBA,2,2020-21,,,East,Award,Kia Motors,KIANT,,203944,Julius Randle
203944.0,Julius,Randle,New York Knicks,All-NBA,3,2022-23,,,East,Award,Kia Motors,KIANT,,203944,Julius Randle
203944.0,Julius,Randle,,NBA All-Star,,2020-21,,,,Award,All-Star,,,203944,Julius Randle
203944.0,Julius,Randle,,NBA All-Star,,2022-23,,,,Award,All-Star,,,203944,Julius Randle
203944.0,Julius,Randle,,NBA All-Star,,2023-24,,,,Award,All-Star,,,203944,Julius Randle
203944.0,Julius,Randle,New York Knicks,NBA Most Improved Player,,2020-21,,,East,Award,Kia Motors,KIMIP,,203944,Julius Randle
203944.0,Julius,Randle,New York Knicks,NBA Player of the Month,,2020-21,4/1/2021,,East,Award,Kia Motors,KIPMO,,203944,Julius Randle
203944.0,Julius,Randle,New York Knicks,NBA Player of the Week,,2020-21,,2021-04-12T00:00:00,East,Award,Kia Motors,KIPWK,,203944,Julius Randle
203944.0,Julius,Randle,New York Knicks,NBA Player of the Week,,2022-23,,2023-02-27T00:00:00,East,Award,Kia Motors,KIPWK,,203944,Julius Randle
203944.0,Julius,Randle,New York Knicks,NBA Player of the Week,,2023-24,,2023-11-27T00:00:00,East,Award,Kia Motors,KIPWK,,203944,Julius Randle
2216.0,Zach,Randolph,Memphis Grizzlies,All-NBA,3,2010-11,,,1610612763,Award,Kia Motors,KIANT,,2216,Zach Randolph
2216.0,Zach,Randolph,,NBA All-Star,,2009-10,,,,Award,All-Star,,,2216,Zach Randolph
2216.0,Zach,Randolph,,NBA All-Star,,2012-13,,,,Award,All-Star,,,2216,Zach Randolph
2216.0,Zach,Randolph,Memphis Grizzlies,NBA Most Improved Player,,2003-04,,,,Award,Kia Motors,KIMIP,,2216,Zach Randolph
2216.0,Zach,Randolph,Memphis Grizzlies,NBA Player of the Month,,2010-11,01/01/2011,,East,Award,Kia Motors,KIPMO,,2216,Zach Randolph
2216.0,Zach,Randolph,Memphis Grizzlies,NBA Player of the Week,,2010-11,,2011-01-10T00:00:00,West,Award,Kia Motors,KIPWK,,2216,Zach Randolph
2216.0,Zach,Randolph,Memphis Grizzlies,NBA Player of the Week,,2010-11,,2011-01-31T00:00:00,West,Award,Kia Motors,KIPWK,,2216,Zach Randolph
2216.0,Zach,Randolph,Memphis Grizzlies,NBA Player of the Week,,2014-15,,2015-01-26T00:00:00,West,Award,Kia Motors,KIPWK,,2216,Zach Randolph
77911.0,Kelvin,Ransey,Portland Trail Blazers,All-Rookie Team,1,1980-81,,,1610612757,Award,Kia Motors,KIART,,77911,Kelvin Ransey
77911.0,Kelvin,Ransey,Portland Trail Blazers,NBA Player of the Month,,1980-81,03/01/1981,,,Award,Kia Motors,KIPMO,,77911,Kelvin Ransey
77914.0,Ed,Ratleff,USA,Olympic Silver Medal,,1972,,,,Award,Olympic,Silver,,77914,Ed Ratleff
689.0,Theo,Ratliff,Philadelphia 76ers,All-Defensive Team,2,1998-99,,,1610612755,Award,Kia Motors,KIADT,,689,Theo Ratliff
689.0,Theo,Ratliff,Portland Trail Blazers,All-Defensive Team,2,2003-04,,,1610612757,Award,Kia Motors,KIADT,,689,Theo Ratliff
689.0,Theo,Ratliff,,NBA All-Star,,2000-01,,,,Award,All-Star,,,689,Theo Ratliff
77917.0,Clifford,Ray,Chicago Bulls,All-Rookie Team,1,1971-72,,,1610612741,Award,Kia Motors,KIART,,77917,Clifford Ray
77917.0,Clifford,Ray,Golden State Warriors,NBA Champion,,1974-75,,,,Award,Champion,,,77917,Clifford Ray
1442.0,Zeljko,Rebraca,Detroit Pistons,All-Rookie Team,2,2001-02,,,1610612765,Award,Kia Motors,KIART,,1442,Zeljko Rebraca
1442.0,Zeljko,Rebraca,Detroit Pistons,NBA Rookie of the Month,,2001-02,04/01/2002,,East,Award,Kia Motors,KIRMO,,1442,Zeljko Rebraca
2072.0,Michael,Redd,Milwaukee Bucks,All-NBA,3,2003-04,,,1610612749,Award,Kia Motors,KIANT,,2072,Michael Redd
2072.0,Michael,Redd,,NBA All-Star,,2003-04,,,,Award,All-Star,,,2072,Michael Redd
2072.0,Michael,Redd,Milwaukee Bucks,NBA Player of the Month,,2003-04,01/01/2004,,East,Award,Kia Motors,KIPMO,,2072,Michael Redd
2072.0,Michael,Redd,Milwaukee Bucks,NBA Player of the Week,,2006-07,,2006-12-03T00:00:00,East,Award,Kia Motors,KIPWK,,2072,Michael Redd
2072.0,Michael,Redd,Milwaukee Bucks,NBA Player of the Week,,2006-07,,2006-12-31T00:00:00,East,Award,Kia Motors,KIPWK,,2072,Michael Redd
2072.0,Michael,Redd,USA,Olympic Gold Medal,,2008,,,,Award,Olympic,Gold,,2072,Michael Redd
77929.0,Willis,Reed,New York Knicks,All-Defensive Team,1,1969-70,,,1610612752,Award,Kia Motors,KIADT,,77929,Willis Reed
77929.0,Willis,Reed,New York Knicks,All-NBA,2,1966-67,,,1610612752,Award,Kia Motors,KIANT,,77929,Willis Reed
77929.0,Willis,Reed,New York Knicks,All-NBA,2,1967-68,,,1610612752,Award,Kia Motors,KIANT,,77929,Willis Reed
77929.0,Willis,Reed,New York Knicks,All-NBA,2,1968-69,,,1610612752,Award,Kia Motors,KIANT,,77929,Willis Reed
77929.0,Willis,Reed,New York Knicks,All-NBA,1,1969-70,,,1610612752,Award,Kia Motors,KIANT,,77929,Willis Reed
77929.0,Willis,Reed,New York Knicks,All-NBA,2,1970-71,,,1610612752,Award,Kia Motors,KIANT,,77929,Willis Reed
77929.0,Willis,Reed,New York Knicks,All-Rookie Team,1,1964-65,,,1610612752,Award,Kia Motors,KIART,,77929,Willis Reed
77929.0,Willis,Reed,,Hall of Fame Inductee,,1982,,,,Award,Hall of Fame,,,77929,Willis Reed
77929.0,Willis,Reed,,NBA All-Star,,1964-65,,,,Award,All-Star,,,77929,Willis Reed
77929.0,Willis,Reed,,NBA All-Star,,1965-66,,,,Award,All-Star,,,77929,Willis Reed
77929.0,Willis,Reed,,NBA All-Star,,1966-67,,,,Award,All-Star,,,77929,Willis Reed
77929.0,Willis,Reed,,NBA All-Star,,1967-68,,,,Award,All-Star,,,77929,Willis Reed
77929.0,Willis,Reed,,NBA All-Star,,1968-69,,,,Award,All-Star,,,77929,Willis Reed
77929.0,Willis,Reed,,NBA All-Star,,1969-70,,,,Award,All-Star,,,77929,Willis Reed
77929.0,Willis,Reed,,NBA All-Star,,1970-71,,,,Award,All-Star,,,77929,Willis Reed
77929.0,Willis,Reed,New York Knicks,NBA All-Star Most Valuable Player,,1969-70,,,,Award,Kia Motors,KAMVP,,77929,Willis Reed
77929.0,Willis,Reed,New York Knicks,NBA Champion,,1969-70,,,,Award,Champion,,,77929,Willis Reed
77929.0,Willis,Reed,New York Knicks,NBA Champion,,1972-73,,,,Award,Champion,,,77929,Willis Reed
77929.0,Willis,Reed,New York Knicks,NBA Finals Most Valuable Player,,1969-70,,,,Award,Kia Motors,KFMVP,,77929,Willis Reed
77929.0,Willis,Reed,New York Knicks,NBA Finals Most Valuable Player,,1972-73,,,,Award,Kia Motors,KFMVP,,77929,Willis Reed
77929.0,Willis,Reed,New York Knicks,NBA Most Valuable Player,,1969-70,,,,Award,Kia Motors,KIMVP,,77929,Willis Reed
77929.0,Willis,Reed,New York Knicks,NBA Rookie of the Year,,1964-65,,,,Award,Kia Motors,KIROY,,77929,Willis Reed
77929.0,Willis,Reed,New York Knicks,NBA Sporting News Most Valuable Player of the Year,,1969-70,,,,Award,Sporting News,SNMVP,,77929,Willis Reed
735.0,Bryant,Reeves,Vancouver Grizzlies,All-Rookie Team,2,1995-96,,,1610612763,Award,Kia Motors,KIART,,735,Bryant Reeves
77932.0,Richie,Regan,,NBA All-Star,,1956-57,,,,Award,All-Star,,,77932,Richie Regan
462.0,JR,Reid,Charlotte Hornets,All-Rookie Team,2,1989-90,,,1610612740,Award,Kia Motors,KIART,,462,J.R. Reid
462.0,JR,Reid,USA,Olympic Bronze Medal,,1988,,,,Award,Olympic,Bronze,,462,J.R. Reid
1629675.0,Naz,Reid,Minnesota Timberwolves,NBA Sixth Man of the Year,,2023-24,,,West,Award,Kia Motors,KISMY,,1629675,Naz Reid
77936.0,Robert,Reid,Houston Rockets,NBA Player of the Week,,1980-81,,1981-03-29T00:00:00,,Award,Kia Motors,KIPWK,,77936,Robert Reid
77938.0,Joseph,Reiser,Baltimore Bullets,NBA Champion,,1947-48,,,,Award,Champion,,,77938,Joseph Reiser
779.0,Glen,Rice,Charlotte Hornets,All-NBA,2,1996-97,,,1610612740,Award,Kia Motors,KIANT,,779,Glen Rice
779.0,Glen,Rice,Charlotte Hornets,All-NBA,3,1997-98,,,1610612740,Award,Kia Motors,KIANT,,779,Glen Rice
779.0,Glen,Rice,Miami Heat,All-Rookie Team,2,1989-90,,,1610612748,Award,Kia Motors,KIART,,779,Glen Rice
779.0,Glen,Rice,,NBA All-Star,,1995-96,,,,Award,All-Star,,,779,Glen Rice
779.0,Glen,Rice,,NBA All-Star,,1996-97,,,,Award,All-Star,,,779,Glen Rice
779.0,Glen,Rice,,NBA All-Star,,1997-98,,,,Award,All-Star,,,779,Glen Rice
779.0,Glen,Rice,Charlotte Hornets,NBA All-Star Most Valuable Player,,1996-97,,,,Award,Kia Motors,KAMVP,,779,Glen Rice
779.0,Glen,Rice,Los Angeles Lakers,NBA Champion,,1999-00,,,,Award,Champion,,,779,Glen Rice
779.0,Glen,Rice,Miami Heat,NBA Player of the Month,,1991-92,04/01/1992,,,Award,Kia Motors,KIPMO,,779,Glen Rice
779.0,Glen,Rice,Charlotte Hornets,NBA Player of the Month,,1996-97,02/01/1997,,,Award,Kia Motors,KIPMO,,779,Glen Rice
779.0,Glen,Rice,Miami Heat,NBA Player of the Week,,1993-94,,1993-11-28T00:00:00,,Award,Kia Motors,KIPWK,,779,Glen Rice
779.0,Glen,Rice,New Orleans Hornets,NBA Player of the Week,,1996-97,,1997-01-05T00:00:00,,Award,Kia Motors,KIPWK,,779,Glen Rice
779.0,Glen,Rice,New Orleans Hornets,NBA Player of the Week,,1996-97,,1997-02-02T00:00:00,,Award,Kia Motors,KIPWK,,779,Glen Rice
779.0,Glen,Rice,New Orleans Hornets,NBA Player of the Week,,1997-98,,1997-12-14T00:00:00,,Award,Kia Motors,KIPWK,,779,Glen Rice
77950.0,Clint,Richardson,Philadelphia 76ers,NBA Champion,,1982-83,,,,Award,Champion,,,77950,Clint Richardson
2202.0,Jason,Richardson,Golden State Warriors,All-Rookie Team,1,2001-02,,,1610612744,Award,Kia Motors,KIART,,2202,Jason Richardson
2202.0,Jason,Richardson,Golden State Warriors,NBA Player of the Week,,2004-05,,2005-03-20T00:00:00,West,Award,Kia Motors,KIPWK,,2202,Jason Richardson
2202.0,Jason,Richardson,Charlotte Bobcats,NBA Player of the Week,,2007-08,,2008-03-09T00:00:00,East,Award,Kia Motors,KIPWK,,2202,Jason Richardson
2202.0,Jason,Richardson,Charlotte Bobcats,NBA Player of the Week,,2007-08,,2008-03-30T00:00:00,East,Award,Kia Motors,KIPWK,,2202,Jason Richardson
2202.0,Jason,Richardson,Golden State Warriors,NBA Rookie of the Month,,2001-02,02/01/2002,,West,Award,Kia Motors,KIRMO,,2202,Jason Richardson
1626196.0,Josh,Richardson,Philadelphia 76ers,NBA Player of the Week,,2019-20,,2020-01-06T00:00:00,East,Award,Kia Motors,KIPWK,,1626196,Josh Richardson
1626196.0,Josh,Richardson,Miami Heat,NBA Rookie of the Month,,2015-16,3/1/2016,1900-01-01T12:00:00,East,Award,Kia Motors,KIRMO,,1626196,Josh Richardson
77952.0,Michael Ray,Richardson,New York Knicks,NBA Player of the Week,,1979-80,,1979-10-28T00:00:00,,Award,Kia Motors,KIPWK,,77952,Micheal Ray Richardson
77952.0,Michael Ray,Richardson,New York Knicks,NBA Player of the Week,,1980-81,,1981-03-22T00:00:00,,Award,Kia Motors,KIPWK,,77952,Micheal Ray Richardson
77952.0,Michael Ray,Richardson,New Jersey Nets,NBA Player of the Week,,1984-85,,1984-12-30T00:00:00,,Award,Kia Motors,KIPWK,,77952,Micheal Ray Richardson
77952.0,Michael Ray,Richardson,New Jersey Nets,NBA Player of the Week,,1984-85,,1985-04-14T00:00:00,,Award,Kia Motors,KIPWK,,77952,Micheal Ray Richardson
77952.0,Micheal Ray,Richardson,New York Knicks,All-Defensive Team,1,1979-80,,,1610612752,Award,Kia Motors,KIADT,,77952,Micheal Ray Richardson
77952.0,Micheal Ray,Richardson,New York Knicks,All-Defensive Team,1,1980-81,,,1610612752,Award,Kia Motors,KIADT,,77952,Micheal Ray Richardson
77952.0,Micheal Ray,Richardson,,NBA All-Star,,1979-80,,,,Award,All-Star,,,77952,Micheal Ray Richardson
77952.0,Micheal Ray,Richardson,,NBA All-Star,,1980-81,,,,Award,All-Star,,,77952,Micheal Ray Richardson
77952.0,Micheal Ray,Richardson,,NBA All-Star,,1981-82,,,,Award,All-Star,,,77952,Micheal Ray Richardson
77952.0,Micheal Ray,Richardson,,NBA All-Star,,1984-85,,,,Award,All-Star,,,77952,Micheal Ray Richardson
77952.0,Micheal Ray,Richardson,New Jersey Nets,NBA Comeback Player of the Year,,1984-85,,,,Award,Kia Motors,KCPYR,,77952,Micheal Ray Richardson
71.0,Pooh,Richardson,Minnesota Timberwolves,All-Rookie Team,1,1989-90,,,1610612750,Award,Kia Motors,KIART,,71,Pooh Richardson
2047.0,Quentin,Richardson,Los Angeles Clippers,NBA Player of the Week,,2003-04,,2003-11-16T00:00:00,West,Award,Kia Motors,KIPWK,,2047,Quentin Richardson
782.0,Mitch,Richmond,Sacramento Kings,All-NBA,2,1993-94,,,1610612758,Award,Kia Motors,KIANT,,782,Mitch Richmond
782.0,Mitch,Richmond,Sacramento Kings,All-NBA,2,1994-95,,,1610612758,Award,Kia Motors,KIANT,,782,Mitch Richmond
782.0,Mitch,Richmond,Sacramento Kings,All-NBA,3,1995-96,,,1610612758,Award,Kia Motors,KIANT,,782,Mitch Richmond
782.0,Mitch,Richmond,Sacramento Kings,All-NBA,2,1996-97,,,1610612758,Award,Kia Motors,KIANT,,782,Mitch Richmond
782.0,Mitch,Richmond,Sacramento Kings,All-NBA,3,1997-98,,,1610612758,Award,Kia Motors,KIANT,,782,Mitch Richmond
782.0,Mitch,Richmond,Golden State Warriors,All-Rookie Team,1,1988-89,,,1610612744,Award,Kia Motors,KIART,,782,Mitch Richmond
782.0,Mitch,Richmond,,Hall of Fame Inductee,,2014,,,,Award,Hall of Fame,,,782,Mitch Richmond
782.0,Mitch,Richmond,,NBA All-Star,,1992-93,,,,Award,All-Star,,,782,Mitch Richmond
782.0,Mitch,Richmond,,NBA All-Star,,1993-94,,,,Award,All-Star,,,782,Mitch Richmond
782.0,Mitch,Richmond,,NBA All-Star,,1994-95,,,,Award,All-Star,,,782,Mitch Richmond
782.0,Mitch,Richmond,,NBA All-Star,,1995-96,,,,Award,All-Star,,,782,Mitch Richmond
782.0,Mitch,Richmond,,NBA All-Star,,1996-97,,,,Award,All-Star,,,782,Mitch Richmond
782.0,Mitch,Richmond,,NBA All-Star,,1997-98,,,,Award,All-Star,,,782,Mitch Richmond
782.0,Mitch,Richmond,Sacramento Kings,NBA All-Star Most Valuable Player,,1994-95,,,,Award,Kia Motors,KAMVP,,782,Mitch Richmond
782.0,Mitch,Richmond,Los Angeles Lakers,NBA Champion,,2001-02,,,,Award,Champion,,,782,Mitch Richmond
782.0,Mitch,Richmond,Golden State Warriors,NBA Player of the Week,,1990-91,,1991-03-24T00:00:00,,Award,Kia Motors,KIPWK,,782,Mitch Richmond
782.0,Mitch,Richmond,Sacramento Kings,NBA Player of the Week,,1996-97,,1997-01-26T00:00:00,,Award,Kia Motors,KIPWK,,782,Mitch Richmond
782.0,Mitch,Richmond,Golden State Warriors,NBA Rookie of the Month,,1988-89,01/01/1989,,,Award,Kia Motors,KIRMO,,782,Mitch Richmond
782.0,Mitch,Richmond,Golden State Warriors,NBA Rookie of the Month,,1988-89,03/01/1989,,,Award,Kia Motors,KIRMO,,782,Mitch Richmond
782.0,Mitch,Richmond,Golden State Warriors,NBA Rookie of the Month,,1988-89,12/01/1988,,,Award,Kia Motors,KIRMO,,782,Mitch Richmond
782.0,Mitch,Richmond,Golden State Warriors,NBA Rookie of the Year,,1988-89,,,,Award,Kia Motors,KIROY,,782,Mitch Richmond
782.0,Mitch,Richmond,Golden State Warriors,NBA Sporting News Rookie of the Year,,1988-89,,,,Award,Sporting News,SNROY,,782,Mitch Richmond
782.0,Mitch,Richmond,USA,Olympic Bronze Medal,,1988,,,,Award,Olympic,Bronze,,782,Mitch Richmond
782.0,Mitch,Richmond,USA,Olympic Gold Medal,,1996,,,,Award,Olympic,Gold,,782,Mitch Richmond
77954.0,John,Richter,Boston Celtics,NBA Champion,,1959-60,,,,Award,Champion,,,77954,John Richter
375.0,Isaiah,Rider,Minnesota Timberwolves,All-Rookie Team,1,1993-94,,,1610612750,Award,Kia Motors,KIART,,375,Isaiah Rider
77962.0,Pat,Riley,Los Angeles Lakers,NBA Champion,,1971-72,,,,Award,Champion,,,77962,Pat Riley
77966.0,Mike,Riordan,Baltimore Bullets,All-Defensive Team,2,1972-73,,,1610610024,Award,Kia Motors,KIADT,,77966,Mike Riordan
77966.0,Mike,Riordan,New York Knicks,NBA Champion,,1969-70,,,,Award,Champion,,,77966,Mike Riordan
1642258.0,Zaccharie,Risacher,Atlanta Hawks,All-Rookie Team,1,2024-25,,,East,Award,Kia Motors,KIART,,1642258,Zaccharie Risacher
1642258.0,Zaccharie,Risacher,Atlanta Hawks,NBA Rookie of the Month,,2024-25,2/1/2025,,East,Award,Kia Motors,KIRMO,,1642258,Zaccharie Risacher
1642258.0,Zaccharie,Risacher,Atlanta Hawks,NBA Rookie of the Month,,2024-25,3/1/2025,,East,Award,Kia Motors,KIRMO,,1642258,Zaccharie Risacher
77967.0,Arnie,Risen,Rochester Royals,All-NBA,2,1948-49,,,1610612758,Award,Kia Motors,KIANT,,77967,Arnie Risen
77967.0,Arnie,Risen,,Hall of Fame Inductee,,1998,,,,Award,Hall of Fame,,,77967,Arnie Risen
77967.0,Arnie,Risen,,NBA All-Star,,1951-52,,,,Award,All-Star,,,77967,Arnie Risen
77967.0,Arnie,Risen,,NBA All-Star,,1952-53,,,,Award,All-Star,,,77967,Arnie Risen
77967.0,Arnie,Risen,,NBA All-Star,,1953-54,,,,Award,All-Star,,,77967,Arnie Risen
77967.0,Arnie,Risen,Rochester Royals,NBA Champion,,1950-51,,,,Award,Champion,,,77967,Arnie Risen
77967.0,Arnie,Risen,Boston Celtics,NBA Champion,,1956-57,,,,Award,Champion,,,77967,Arnie Risen
470.0,Doc,Rivers,Atlanta Hawks,J. Walter Kennedy Citizenship,,1989-90,,,,Award,Kia Motors,KIWKC,,470,Doc Rivers
470.0,Doc,Rivers,,NBA All-Star,,1987-88,,,,Award,All-Star,,,470,Doc Rivers
203460.0,Andre,Roberson,Oklahoma City Thunder,All-Defensive Team,2,2016-17,,,West,Award,Kia Motors,KIADT,,203460,Andre Roberson
914.0,Stanley,Roberts,Orlando Magic,All-Rookie Team,2,1991-92,,,1610612753,Award,Kia Motors,KIART,,914,Stanley Roberts
926.0,Alvin,Robertson,Seattle SuperSonics,All-Defensive Team,2,1985-86,,,1610612760,Award,Kia Motors,KIADT,,926,Alvin Robertson
926.0,Alvin,Robertson,San Antonio Spurs,All-Defensive Team,1,1986-87,,,1610612759,Award,Kia Motors,KIADT,,926,Alvin Robertson
926.0,Alvin,Robertson,San Antonio Spurs,All-Defensive Team,2,1987-88,,,1610612759,Award,Kia Motors,KIADT,,926,Alvin Robertson
926.0,Alvin,Robertson,San Antonio Spurs,All-Defensive Team,2,1988-89,,,1610612759,Award,Kia Motors,KIADT,,926,Alvin Robertson
926.0,Alvin,Robertson,Milwaukee Bucks,All-Defensive Team,2,1989-90,,,1610612749,Award,Kia Motors,KIADT,,926,Alvin Robertson
926.0,Alvin,Robertson,Milwaukee Bucks,All-Defensive Team,1,1990-91,,,1610612749,Award,Kia Motors,KIADT,,926,Alvin Robertson
926.0,Alvin,Robertson,San Antonio Spurs,All-NBA,2,1985-86,,,1610612759,Award,Kia Motors,KIANT,,926,Alvin Robertson
926.0,Alvin,Robertson,,NBA All-Star,,1985-86,,,,Award,All-Star,,,926,Alvin Robertson
926.0,Alvin,Robertson,,NBA All-Star,,1986-87,,,,Award,All-Star,,,926,Alvin Robertson
926.0,Alvin,Robertson,,NBA All-Star,,1987-88,,,,Award,All-Star,,,926,Alvin Robertson
926.0,Alvin,Robertson,,NBA All-Star,,1990-91,,,,Award,All-Star,,,926,Alvin Robertson
926.0,Alvin,Robertson,San Antonio Spurs,NBA Defensive Player of the Year,,1985-86,,,,Award,Kia Motors,KDPYR,,926,Alvin Robertson
926.0,Alvin,Robertson,San Antonio Spurs,NBA Most Improved Player,,1985-86,,,,Award,Kia Motors,KIMIP,,926,Alvin Robertson
926.0,Alvin,Robertson,San Antonio Spurs,NBA Player of the Month,,1985-86,12/01/1985,,,Award,Kia Motors,KIPMO,,926,Alvin Robertson
926.0,Alvin,Robertson,San Antonio Spurs,NBA Player of the Week,,1985-86,,1985-12-15T00:00:00,,Award,Kia Motors,KIPWK,,926,Alvin Robertson
926.0,Alvin,Robertson,San Antonio Spurs,NBA Player of the Week,,1986-87,,1986-11-23T00:00:00,,Award,Kia Motors,KIPWK,,926,Alvin Robertson
926.0,Alvin,Robertson,Milwaukee Bucks,NBA Player of the Week,,1989-90,,1990-01-21T00:00:00,,Award,Kia Motors,KIPWK,,926,Alvin Robertson
926.0,Alvin,Robertson,USA,Olympic Gold Medal,,1984,,,,Award,Olympic,Gold,,926,Alvin Robertson
600015.0,Oscar,Robertson,Cincinnati Royals,All-NBA,1,1960-61,,,1610612758,Award,Kia Motors,KIANT,,600015,Oscar Robertson
600015.0,Oscar,Robertson,Cincinnati Royals,All-NBA,1,1961-62,,,1610612758,Award,Kia Motors,KIANT,,600015,Oscar Robertson
600015.0,Oscar,Robertson,Cincinnati Royals,All-NBA,1,1962-63,,,1610612758,Award,Kia Motors,KIANT,,600015,Oscar Robertson
600015.0,Oscar,Robertson,Cincinnati Royals,All-NBA,1,1963-64,,,1610612758,Award,Kia Motors,KIANT,,600015,Oscar Robertson
600015.0,Oscar,Robertson,Cincinnati Royals,All-NBA,1,1964-65,,,1610612758,Award,Kia Motors,KIANT,,600015,Oscar Robertson
600015.0,Oscar,Robertson,Cincinnati Royals,All-NBA,1,1965-66,,,1610612758,Award,Kia Motors,KIANT,,600015,Oscar Robertson
600015.0,Oscar,Robertson,Cincinnati Royals,All-NBA,1,1966-67,,,1610612758,Award,Kia Motors,KIANT,,600015,Oscar Robertson
600015.0,Oscar,Robertson,Cincinnati Royals,All-NBA,1,1967-68,,,1610612758,Award,Kia Motors,KIANT,,600015,Oscar Robertson
600015.0,Oscar,Robertson,Cincinnati Royals,All-NBA,1,1968-69,,,1610612758,Award,Kia Motors,KIANT,,600015,Oscar Robertson
600015.0,Oscar,Robertson,Cincinnati Royals,All-NBA,2,1969-70,,,1610612758,Award,Kia Motors,KIANT,,600015,Oscar Robertson
600015.0,Oscar,Robertson,Milwaukee Bucks,All-NBA,2,1970-71,,,1610612749,Award,Kia Motors,KIANT,,600015,Oscar Robertson
600015.0,Oscar,Robertson,,Hall of Fame Inductee,,1980,,,,Award,Hall of Fame,,,600015,Oscar Robertson
600015.0,Oscar,Robertson,,NBA All-Star,,1960-61,,,,Award,All-Star,,,600015,Oscar Robertson
600015.0,Oscar,Robertson,,NBA All-Star,,1961-62,,,,Award,All-Star,,,600015,Oscar Robertson
600015.0,Oscar,Robertson,,NBA All-Star,,1962-63,,,,Award,All-Star,,,600015,Oscar Robertson
600015.0,Oscar,Robertson,,NBA All-Star,,1963-64,,,,Award,All-Star,,,600015,Oscar Robertson
600015.0,Oscar,Robertson,,NBA All-Star,,1964-65,,,,Award,All-Star,,,600015,Oscar Robertson
600015.0,Oscar,Robertson,,NBA All-Star,,1965-66,,,,Award,All-Star,,,600015,Oscar Robertson
600015.0,Oscar,Robertson,,NBA All-Star,,1966-67,,,,Award,All-Star,,,600015,Oscar Robertson
600015.0,Oscar,Robertson,,NBA All-Star,,1967-68,,,,Award,All-Star,,,600015,Oscar Robertson
600015.0,Oscar,Robertson,,NBA All-Star,,1968-69,,,,Award,All-Star,,,600015,Oscar Robertson
600015.0,Oscar,Robertson,,NBA All-Star,,1969-70,,,,Award,All-Star,,,600015,Oscar Robertson
600015.0,Oscar,Robertson,,NBA All-Star,,1970-71,,,,Award,All-Star,,,600015,Oscar Robertson
600015.0,Oscar,Robertson,,NBA All-Star,,1971-72,,,,Award,All-Star,,,600015,Oscar Robertson
600015.0,Oscar,Robertson,Cincinnati Royals,NBA All-Star Most Valuable Player,,1960-61,,,,Award,Kia Motors,KAMVP,,600015,Oscar Robertson
600015.0,Oscar,Robertson,Cincinnati Royals,NBA All-Star Most Valuable Player,,1963-64,,,,Award,Kia Motors,KAMVP,,600015,Oscar Robertson
600015.0,Oscar,Robertson,Cincinnati Royals,NBA All-Star Most Valuable Player,,1968-69,,,,Award,Kia Motors,KAMVP,,600015,Oscar Robertson
600015.0,Oscar,Robertson,Milwaukee Bucks,NBA Champion,,1970-71,,,,Award,Champion,,,600015,Oscar Robertson
600015.0,Oscar,Robertson,Cincinnati Royals,NBA Most Valuable Player,,1963-64,,,,Award,Kia Motors,KIMVP,,600015,Oscar Robertson
600015.0,Oscar,Robertson,Cincinnati Royals,NBA Rookie of the Year,,1960-61,,,,Award,Kia Motors,KIROY,,600015,Oscar Robertson
600015.0,Oscar,Robertson,Cincinnati Royals,NBA Sporting News Most Valuable Player of the Year,,1963-64,,,,Award,Sporting News,SNMVP,,600015,Oscar Robertson
600015.0,Oscar,Robertson,Cincinnati Royals,NBA Sporting News Rookie of the Year,,1960-61,,,,Award,Sporting News,SNROY,,600015,Oscar Robertson
600015.0,Oscar,Robertson,USA,Olympic Gold Medal,,1960,,,,Award,Olympic,Gold,,600015,Oscar Robertson
77984.0,Rick,Robey,Boston Celtics,NBA Champion,,1980-81,,,,Award,Champion,,,77984,Rick Robey
77986.0,Cliff,Robinson,New Jersey Nets,NBA Player of the Week,,1979-80,,1980-03-09T00:00:00,,Award,Kia Motors,KIPWK,,77986,Cliff T. Robinson
361.0,Clifford,Robinson,Phoenix Suns,All-Defensive Team,2,1999-00,,,1610612756,Award,Kia Motors,KIADT,,361,Clifford Robinson
361.0,Clifford,Robinson,Detroit Pistons,All-Defensive Team,2,2001-02,,,1610612765,Award,Kia Motors,KIADT,,361,Clifford Robinson
361.0,Clifford,Robinson,,NBA All-Star,,1993-94,,,,Award,All-Star,,,361,Clifford Robinson
361.0,Clifford,Robinson,Portland Trail Blazers,NBA Player of the Week,,1995-96,,1996-01-07T00:00:00,,Award,Kia Motors,KIPWK,,361,Clifford Robinson
361.0,Clifford,Robinson,Portland Trail Blazers,NBA Sixth Man of the Year,,1992-93,,,,Award,Sporting News,KISMY,,361,Clifford Robinson
764.0,David,Robinson,San Antonio Spurs,All-Defensive Team,2,1989-90,,,1610612759,Award,Kia Motors,KIADT,,764,David Robinson
764.0,David,Robinson,San Antonio Spurs,All-Defensive Team,1,1990-91,,,1610612759,Award,Kia Motors,KIADT,,764,David Robinson
764.0,David,Robinson,San Antonio Spurs,All-Defensive Team,1,1991-92,,,1610612759,Award,Kia Motors,KIADT,,764,David Robinson
764.0,David,Robinson,San Antonio Spurs,All-Defensive Team,2,1992-93,,,1610612759,Award,Kia Motors,KIADT,,764,David Robinson
764.0,David,Robinson,San Antonio Spurs,All-Defensive Team,2,1993-94,,,1610612759,Award,Kia Motors,KIADT,,764,David Robinson
764.0,David,Robinson,San Antonio Spurs,All-Defensive Team,1,1994-95,,,1610612759,Award,Kia Motors,KIADT,,764,David Robinson
764.0,David,Robinson,San Antonio Spurs,All-Defensive Team,1,1995-96,,,1610612759,Award,Kia Motors,KIADT,,764,David Robinson
764.0,David,Robinson,San Antonio Spurs,All-Defensive Team,2,1997-98,,,1610612759,Award,Kia Motors,KIADT,,764,David Robinson
764.0,David,Robinson,San Antonio Spurs,All-NBA,3,1989-90,,,1610612759,Award,Kia Motors,KIANT,,764,David Robinson
764.0,David,Robinson,San Antonio Spurs,All-NBA,1,1990-91,,,1610612759,Award,Kia Motors,KIANT,,764,David Robinson
764.0,David,Robinson,San Antonio Spurs,All-NBA,1,1991-92,,,1610612759,Award,Kia Motors,KIANT,,764,David Robinson
764.0,David,Robinson,San Antonio Spurs,All-NBA,3,1992-93,,,1610612759,Award,Kia Motors,KIANT,,764,David Robinson
764.0,David,Robinson,San Antonio Spurs,All-NBA,2,1993-94,,,1610612759,Award,Kia Motors,KIANT,,764,David Robinson
764.0,David,Robinson,San Antonio Spurs,All-NBA,1,1994-95,,,1610612759,Award,Kia Motors,KIANT,,764,David Robinson
764.0,David,Robinson,San Antonio Spurs,All-NBA,1,1995-96,,,1610612759,Award,Kia Motors,KIANT,,764,David Robinson
764.0,David,Robinson,San Antonio Spurs,All-NBA,2,1997-98,,,1610612759,Award,Kia Motors,KIANT,,764,David Robinson
764.0,David,Robinson,San Antonio Spurs,All-NBA,3,1999-00,,,1610612759,Award,Kia Motors,KIANT,,764,David Robinson
764.0,David,Robinson,San Antonio Spurs,All-NBA,3,2000-01,,,1610612759,Award,Kia Motors,KIANT,,764,David Robinson
764.0,David,Robinson,San Antonio Spurs,All-Rookie Team,1,1989-90,,,1610612759,Award,Kia Motors,KIART,,764,David Robinson
764.0,David,Robinson,,Hall of Fame Inductee,,2009,,,,Award,Hall of Fame,,,764,David Robinson
764.0,David,Robinson,San Antonio Spurs,IBM Award,,1989-90,,,,Award,IBM,IBMAW,,764,David Robinson
764.0,David,Robinson,San Antonio Spurs,IBM Award,,1990-91,,,,Award,IBM,IBMAW,,764,David Robinson
764.0,David,Robinson,San Antonio Spurs,IBM Award,,1993-94,,,,Award,IBM,IBMAW,,764,David Robinson
764.0,David,Robinson,San Antonio Spurs,IBM Award,,1994-95,,,,Award,IBM,IBMAW,,764,David Robinson
764.0,David,Robinson,San Antonio Spurs,IBM Award,,1995-96,,,,Award,IBM,IBMAW,,764,David Robinson
764.0,David,Robinson,San Antonio Spurs,J. Walter Kennedy Citizenship,,2002-03,,,,Award,Kia Motors,KIWKC,,764,David Robinson
764.0,David,Robinson,,NBA All-Star,,1989-90,,,,Award,All-Star,,,764,David Robinson
764.0,David,Robinson,,NBA All-Star,,1990-91,,,,Award,All-Star,,,764,David Robinson
764.0,David,Robinson,,NBA All-Star,,1991-92,,,,Award,All-Star,,,764,David Robinson
764.0,David,Robinson,,NBA All-Star,,1992-93,,,,Award,All-Star,,,764,David Robinson
764.0,David,Robinson,,NBA All-Star,,1993-94,,,,Award,All-Star,,,764,David Robinson
764.0,David,Robinson,,NBA All-Star,,1994-95,,,,Award,All-Star,,,764,David Robinson
764.0,David,Robinson,,NBA All-Star,,1995-96,,,,Award,All-Star,,,764,David Robinson
764.0,David,Robinson,,NBA All-Star,,1997-98,,,,Award,All-Star,,,764,David Robinson
764.0,David,Robinson,,NBA All-Star,,1999-00,,,,Award,All-Star,,,764,David Robinson
764.0,David,Robinson,,NBA All-Star,,2000-01,,,,Award,All-Star,,,764,David Robinson
764.0,David,Robinson,San Antonio Spurs,NBA Champion,,1998-99,,,,Award,Champion,,,764,David Robinson
764.0,David,Robinson,San Antonio Spurs,NBA Champion,,2002-03,,,,Award,Champion,,,764,David Robinson
764.0,David,Robinson,San Antonio Spurs,NBA Defensive Player of the Year,,1991-92,,,,Award,Kia Motors,KDPYR,,764,David Robinson
764.0,David,Robinson,San Antonio Spurs,NBA Most Valuable Player,,1994-95,,,,Award,Kia Motors,KIMVP,,764,David Robinson
764.0,David,Robinson,San Antonio Spurs,NBA Player of the Month,,1990-91,01/01/1991,,,Award,Kia Motors,KIPMO,,764,David Robinson
764.0,David,Robinson,San Antonio Spurs,NBA Player of the Month,,1993-94,02/01/1994,,,Award,Kia Motors,KIPMO,,764,David Robinson
764.0,David,Robinson,San Antonio Spurs,NBA Player of the Month,,1994-95,03/01/1995,,,Award,Kia Motors,KIPMO,,764,David Robinson
764.0,David,Robinson,San Antonio Spurs,NBA Player of the Month,,1995-96,03/01/1996,,,Award,Kia Motors,KIPMO,,764,David Robinson
764.0,David,Robinson,San Antonio Spurs,NBA Player of the Week,,1989-90,,1990-02-25T00:00:00,,Award,Kia Motors,KIPWK,,764,David Robinson
764.0,David,Robinson,San Antonio Spurs,NBA Player of the Week,,1989-90,,1990-03-25T00:00:00,,Award,Kia Motors,KIPWK,,764,David Robinson
764.0,David,Robinson,San Antonio Spurs,NBA Player of the Week,,1989-90,,1990-04-22T00:00:00,,Award,Kia Motors,KIPWK,,764,David Robinson
764.0,David,Robinson,San Antonio Spurs,NBA Player of the Week,,1991-92,,1991-12-01T00:00:00,,Award,Kia Motors,KIPWK,,764,David Robinson
764.0,David,Robinson,San Antonio Spurs,NBA Player of the Week,,1992-93,,1992-11-29T00:00:00,,Award,Kia Motors,KIPWK,,764,David Robinson
764.0,David,Robinson,San Antonio Spurs,NBA Player of the Week,,1992-93,,1993-01-03T00:00:00,,Award,Kia Motors,KIPWK,,764,David Robinson
764.0,David,Robinson,San Antonio Spurs,NBA Player of the Week,,1993-94,,1993-12-05T00:00:00,,Award,Kia Motors,KIPWK,,764,David Robinson
764.0,David,Robinson,San Antonio Spurs,NBA Player of the Week,,1993-94,,1994-02-06T00:00:00,,Award,Kia Motors,KIPWK,,764,David Robinson
764.0,David,Robinson,San Antonio Spurs,NBA Player of the Week,,1993-94,,1994-02-20T00:00:00,,Award,Kia Motors,KIPWK,,764,David Robinson
764.0,David,Robinson,San Antonio Spurs,NBA Player of the Week,,1993-94,,1994-03-06T00:00:00,,Award,Kia Motors,KIPWK,,764,David Robinson
764.0,David,Robinson,San Antonio Spurs,NBA Player of the Week,,1993-94,,1994-04-24T00:00:00,,Award,Kia Motors,KIPWK,,764,David Robinson
764.0,David,Robinson,San Antonio Spurs,NBA Player of the Week,,1994-95,,1995-04-02T00:00:00,,Award,Kia Motors,KIPWK,,764,David Robinson
764.0,David,Robinson,San Antonio Spurs,NBA Player of the Week,,1995-96,,1996-01-14T00:00:00,,Award,Kia Motors,KIPWK,,764,David Robinson
764.0,David,Robinson,San Antonio Spurs,NBA Player of the Week,,1997-98,,1997-12-28T00:00:00,,Award,Kia Motors,KIPWK,,764,David Robinson
764.0,David,Robinson,San Antonio Spurs,NBA Rookie of the Month,,1989-90,01/01/1990,,,Award,Kia Motors,KIRMO,,764,David Robinson
764.0,David,Robinson,San Antonio Spurs,NBA Rookie of the Month,,1989-90,02/01/1990,,,Award,Kia Motors,KIRMO,,764,David Robinson
764.0,David,Robinson,San Antonio Spurs,NBA Rookie of the Month,,1989-90,03/01/1990,,,Award,Kia Motors,KIRMO,,764,David Robinson
764.0,David,Robinson,San Antonio Spurs,NBA Rookie of the Month,,1989-90,04/01/1990,,,Award,Kia Motors,KIRMO,,764,David Robinson
764.0,David,Robinson,San Antonio Spurs,NBA Rookie of the Month,,1989-90,11/01/1989,,,Award,Kia Motors,KIRMO,,764,David Robinson
764.0,David,Robinson,San Antonio Spurs,NBA Rookie of the Month,,1989-90,12/01/1989,,,Award,Kia Motors,KIRMO,,764,David Robinson
764.0,David,Robinson,San Antonio Spurs,NBA Rookie of the Year,,1989-90,,,,Award,Kia Motors,KIROY,,764,David Robinson
764.0,David,Robinson,San Antonio Spurs,NBA Sporting News Most Valuable Player of the Year,,1994-95,,,,Award,Sporting News,SNMVP,,764,David Robinson
764.0,David,Robinson,San Antonio Spurs,NBA Sporting News Rookie of the Year,,1989-90,,,,Award,Sporting News,SNROY,,764,David Robinson
764.0,David,Robinson,San Antonio Spurs,NBA Sportsmanship,,2000-01,,,,Award,Kia Motors,KSPRT,,764,David Robinson
764.0,David,Robinson,USA,Olympic Bronze Medal,,1988,,,,Award,Olympic,Bronze,,764,David Robinson
764.0,David,Robinson,USA,Olympic Gold Medal,,1992,,,,Award,Olympic,Gold,,764,David Robinson
764.0,David,Robinson,USA,Olympic Gold Medal,,1996,,,,Award,Olympic,Gold,,764,David Robinson
77988.0,Flynn,Robinson,,NBA All-Star,,1969-70,,,,Award,All-Star,,,77988,Flynn Robinson
77988.0,Flynn,Robinson,Los Angeles Lakers,NBA Champion,,1971-72,,,,Award,Champion,,,77988,Flynn Robinson
299.0,Glenn,Robinson,Milwaukee Bucks,All-Rookie Team,1,1994-95,,,1610612749,Award,Kia Motors,KIART,,299,Glenn Robinson
299.0,Glenn,Robinson,,NBA All-Star,,1999-00,,,,Award,All-Star,,,299,Glenn Robinson
299.0,Glenn,Robinson,,NBA All-Star,,2000-01,,,,Award,All-Star,,,299,Glenn Robinson
299.0,Glenn,Robinson,San Antonio Spurs,NBA Champion,,2004-05,,,,Award,Champion,,,299,Glenn Robinson
299.0,Glenn,Robinson,Milwaukee Bucks,NBA Player of the Week,,1996-97,,1997-01-12T00:00:00,,Award,Kia Motors,KIPWK,,299,Glenn Robinson
299.0,Glenn,Robinson,Milwaukee Bucks,NBA Player of the Week,,2000-01,,2000-12-17T00:00:00,,Award,Kia Motors,KIPWK,,299,Glenn Robinson
299.0,Glenn,Robinson,Atlanta Hawks,NBA Player of the Week,,2002-03,,2002-11-03T00:00:00,East,Award,Kia Motors,KIPWK,,299,Glenn Robinson
299.0,Glenn,Robinson,Milwaukee Bucks,NBA Rookie of the Month,,1994-95,04/01/1995,,,Award,Kia Motors,KIRMO,,299,Glenn Robinson
299.0,Glenn,Robinson,Milwaukee Bucks,NBA Rookie of the Month,,1994-95,12/01/1994,,,Award,Kia Motors,KIRMO,,299,Glenn Robinson
1629011.0,Mitchell,Robinson,New York Knicks,All-Rookie Team,2,2018-19,,,East,Award,Kia Motors,KIART,,1629011,Mitchell Robinson
101126.0,Nate,Robinson,Chicago Bulls,NBA Player of the Week,,2012-13,,2013-01-28T00:00:00,East,Award,Kia Motors,KIPWK,,101126,Nate Robinson
716.0,Rumeal,Robinson,New Jersey Nets,NBA Player of the Week,,1992-93,,1993-03-14T00:00:00,,Award,Kia Motors,KIPWK,,716,Rumeal Robinson
77993.0,Leonard,Robinson,New Orleans Jazz,All-NBA,1,1977-78,,,1610612762,Award,Kia Motors,KIANT,,77993,Truck Robinson
77993.0,Truck,Robinson,,NBA All-Star,,1977-78,,,,Award,All-Star,,,77993,Truck Robinson
77993.0,Truck,Robinson,,NBA All-Star,,1980-81,,,,Award,All-Star,,,77993,Truck Robinson
77999.0,Red,Rocha,,NBA All-Star,,1950-51,,,,Award,All-Star,,,77999,Red Rocha
77999.0,Red,Rocha,,NBA All-Star,,1951-52,,,,Award,All-Star,,,77999,Red Rocha
77999.0,Red,Rocha,Syracuse Nationals,NBA Champion,,1954-55,,,,Award,Champion,,,77999,Red Rocha
78003.0,Guy,Rodgers,,Hall of Fame Inductee,,2014,,,,Award,Hall of Fame,,,78003,Guy Rodgers
78003.0,Guy,Rodgers,,NBA All-Star,,1962-63,,,,Award,All-Star,,,78003,Guy Rodgers
78003.0,Guy,Rodgers,,NBA All-Star,,1963-64,,,,Award,All-Star,,,78003,Guy Rodgers
78003.0,Guy,Rodgers,,NBA All-Star,,1965-66,,,,Award,All-Star,,,78003,Guy Rodgers
78003.0,Guy,Rodgers,,NBA All-Star,,1966-67,,,,Award,All-Star,,,78003,Guy Rodgers
23.0,Dennis,Rodman,Detroit Pistons,All-Defensive Team,1,1988-89,,,1610612765,Award,Kia Motors,KIADT,,23,Dennis Rodman
23.0,Dennis,Rodman,Detroit Pistons,All-Defensive Team,1,1989-90,,,1610612765,Award,Kia Motors,KIADT,,23,Dennis Rodman
23.0,Dennis,Rodman,Detroit Pistons,All-Defensive Team,1,1990-91,,,1610612765,Award,Kia Motors,KIADT,,23,Dennis Rodman
23.0,Dennis,Rodman,Detroit Pistons,All-Defensive Team,1,1991-92,,,1610612765,Award,Kia Motors,KIADT,,23,Dennis Rodman
23.0,Dennis,Rodman,Detroit Pistons,All-Defensive Team,1,1992-93,,,1610612765,Award,Kia Motors,KIADT,,23,Dennis Rodman
23.0,Dennis,Rodman,San Antonio Spurs,All-Defensive Team,2,1993-94,,,1610612759,Award,Kia Motors,KIADT,,23,Dennis Rodman
23.0,Dennis,Rodman,San Antonio Spurs,All-Defensive Team,1,1994-95,,,1610612759,Award,Kia Motors,KIADT,,23,Dennis Rodman
23.0,Dennis,Rodman,Chicago Bulls,All-Defensive Team,1,1995-96,,,1610612741,Award,Kia Motors,KIADT,,23,Dennis Rodman
23.0,Dennis,Rodman,Detroit Pistons,All-NBA,3,1991-92,,,1610612765,Award,Kia Motors,KIANT,,23,Dennis Rodman
23.0,Dennis,Rodman,San Antonio Spurs,All-NBA,3,1994-95,,,1610612759,Award,Kia Motors,KIANT,,23,Dennis Rodman
23.0,Dennis,Rodman,,Hall of Fame Inductee,,2011,,,,Award,Hall of Fame,,,23,Dennis Rodman
23.0,Dennis,Rodman,Detroit Pistons,IBM Award,,1991-92,,,,Award,IBM,IBMAW,,23,Dennis Rodman
23.0,Dennis,Rodman,,NBA All-Star,,1989-90,,,,Award,All-Star,,,23,Dennis Rodman
23.0,Dennis,Rodman,,NBA All-Star,,1991-92,,,,Award,All-Star,,,23,Dennis Rodman
23.0,Dennis,Rodman,Detroit Pistons,NBA Champion,,1988-89,,,,Award,Champion,,,23,Dennis Rodman
23.0,Dennis,Rodman,Detroit Pistons,NBA Champion,,1989-90,,,,Award,Champion,,,23,Dennis Rodman
23.0,Dennis,Rodman,Chicago Bulls,NBA Champion,,1995-96,,,,Award,Champion,,,23,Dennis Rodman
23.0,Dennis,Rodman,Chicago Bulls,NBA Champion,,1996-97,,,,Award,Champion,,,23,Dennis Rodman
23.0,Dennis,Rodman,Chicago Bulls,NBA Champion,,1997-98,,,,Award,Champion,,,23,Dennis Rodman
23.0,Dennis,Rodman,Detroit Pistons,NBA Defensive Player of the Year,,1989-90,,,,Award,Kia Motors,KDPYR,,23,Dennis Rodman
23.0,Dennis,Rodman,Detroit Pistons,NBA Defensive Player of the Year,,1990-91,,,,Award,Kia Motors,KDPYR,,23,Dennis Rodman
23.0,Dennis,Rodman,Detroit Pistons,NBA Player of the Month,,1991-92,01/01/1992,,,Award,Kia Motors,KIPMO,,23,Dennis Rodman
23.0,Dennis,Rodman,Detroit Pistons,NBA Player of the Week,,1991-92,,1991-12-15T00:00:00,,Award,Kia Motors,KIPWK,,23,Dennis Rodman
200771.0, Sergio,Rodríguez,,Olympic Bronze Medal,,2016,,,,Award,Olympic,Bronze,,200771,Sergio Rodriguez
200771.0,Sergio,Rodriguez,Spain,Olympic Silver Medal,,2012,,,,Award,Olympic,Silver,,200771,Sergio Rodriguez
78007.0,Johnny,Rogers,Spain,Olympic Appearance,,2000,,,,Award,Olympic,Appearance,,78007,Johnny Rogers
915.0,Rodney,Rogers,Phoenix Suns,NBA Sixth Man of the Year,,1999-00,,,,Award,Sporting News,KISMY,,915,Rodney Rogers
78014.0,Wayne,Rollins,Atlanta Hawks,All-Defensive Team,2,1982-83,,,1610612737,Award,Kia Motors,KIADT,,78014,Tree Rollins
78014.0,Wayne,Rollins,Atlanta Hawks,All-Defensive Team,1,1983-84,,,1610612737,Award,Kia Motors,KIADT,,78014,Tree Rollins
201565.0,Derrick,Rose,Chicago Bulls,All-NBA,1,2010-11,,,1610612741,Award,Kia Motors,KIANT,,201565,Derrick Rose
201565.0,Derrick,Rose,Chicago Bulls,All-Rookie Team,1,2008-09,,,1610612741,Award,Kia Motors,KIART,,201565,Derrick Rose
201565.0,Derrick,Rose,,NBA All-Star,,2009-10,,,,Award,All-Star,,,201565,Derrick Rose
201565.0,Derrick,Rose,,NBA All-Star,,2010-11,,,,Award,All-Star,,,201565,Derrick Rose
201565.0,Derrick,Rose,,NBA All-Star,,2011-12,,,,Award,All-Star,,,201565,Derrick Rose
201565.0,Derrick,Rose,Chicago Bulls,NBA Most Valuable Player,,2010-11,,,,Award,Kia Motors,KIMVP,,201565,Derrick Rose
201565.0,Derrick,Rose,Chicago Bulls,NBA Player of the Month,,2009-10,04/01/2010,,East,Award,Kia Motors,KIPMO,,201565,Derrick Rose
201565.0,Derrick,Rose,Chicago Bulls,NBA Player of the Month,,2010-11,03/01/2011,,East,Award,Kia Motors,KIPMO,,201565,Derrick Rose
201565.0,Derrick,Rose,Chicago Bulls,NBA Player of the Week,,2009-10,,2010-01-04T00:00:00,East,Award,Kia Motors,KIPWK,,201565,Derrick Rose
201565.0,Derrick,Rose,Chicago Bulls,NBA Player of the Week,,2010-11,,2010-11-15T00:00:00,East,Award,Kia Motors,KIPWK,,201565,Derrick Rose
201565.0,Derrick,Rose,Chicago Bulls,NBA Player of the Week,,2010-11,,2011-01-17T00:00:00,East,Award,Kia Motors,KIPWK,,201565,Derrick Rose
201565.0,Derrick,Rose,Chicago Bulls,NBA Player of the Week,,2011-12,,2012-01-09T00:00:00,East,Award,Kia Motors,KIPWK,,201565,Derrick Rose
201565.0,Derrick,Rose,Chicago Bulls,NBA Player of the Week,,2011-12,,2012-02-27T00:00:00,East,Award,Kia Motors,KIPWK,,201565,Derrick Rose
201565.0,Derrick,Rose,Chicago Bulls,NBA Rookie of the Month,,2008-09,03/01/2009,,East,Award,Kia Motors,KIRMO,,201565,Derrick Rose
201565.0,Derrick,Rose,Chicago Bulls,NBA Rookie of the Month,,2008-09,11/01/2008,,East,Award,Kia Motors,KIRMO,,201565,Derrick Rose
201565.0,Derrick,Rose,Chicago Bulls,NBA Rookie of the Month,,2008-09,12/01/2008,,East,Award,Kia Motors,KIRMO,,201565,Derrick Rose
201565.0,Derrick,Rose,Chicago Bulls,NBA Rookie of the Year,,2008-09,,,,Award,Kia Motors,KIROY,,201565,Derrick Rose
147.0,Jalen,Rose,Denver Nuggets,All-Rookie Team,2,1994-95,,,1610612743,Award,Kia Motors,KIART,,147,Jalen Rose
147.0,Jalen,Rose,Indiana Pacers,NBA Most Improved Player,,1999-00,,,,Award,Kia Motors,KIMIP,,147,Jalen Rose
147.0,Jalen,Rose,Indiana Pacers,NBA Player of the Week,,1999-00,,2000-03-20T00:00:00,,Award,Kia Motors,KIPWK,,147,Jalen Rose
147.0,Jalen,Rose,Toronto Raptors,NBA Player of the Week,,2004-05,,2005-02-27T00:00:00,East,Award,Kia Motors,KIPWK,,147,Jalen Rose
990.0,Malik,Rose,San Antonio Spurs,NBA Champion,,1998-99,,,,Award,Champion,,,990,Malik Rose
990.0,Malik,Rose,San Antonio Spurs,NBA Champion,,2002-03,,,,Award,Champion,,,990,Malik Rose
78017.0,Alexander,Rosenberg,Philadelphia Warriors,NBA Champion,,1946-47,,,,Award,Champion,,,78017,Alexander Rosenberg
78025.0,Dan,Roundfield,Atlanta Hawks,All-Defensive Team,1,1979-80,,,1610612737,Award,Kia Motors,KIADT,,78025,Dan Roundfield
78025.0,Dan,Roundfield,Atlanta Hawks,All-Defensive Team,2,1980-81,,,1610612737,Award,Kia Motors,KIADT,,78025,Dan Roundfield
78025.0,Dan,Roundfield,Atlanta Hawks,All-Defensive Team,1,1981-82,,,1610612737,Award,Kia Motors,KIADT,,78025,Dan Roundfield
78025.0,Dan,Roundfield,Atlanta Hawks,All-Defensive Team,1,1982-83,,,1610612737,Award,Kia Motors,KIADT,,78025,Dan Roundfield
78025.0,Dan,Roundfield,Atlanta Hawks,All-Defensive Team,2,1983-84,,,1610612737,Award,Kia Motors,KIADT,,78025,Dan Roundfield
78025.0,Dan,Roundfield,Atlanta Hawks,All-NBA,2,1979-80,,,1610612737,Award,Kia Motors,KIANT,,78025,Dan Roundfield
78025.0,Dan,Roundfield,,NBA All-Star,,1979-80,,,,Award,All-Star,,,78025,Dan Roundfield
78025.0,Dan,Roundfield,,NBA All-Star,,1980-81,,,,Award,All-Star,,,78025,Dan Roundfield
78025.0,Dan,Roundfield,,NBA All-Star,,1981-82,,,,Award,All-Star,,,78025,Dan Roundfield
78025.0,Dan,Roundfield,Atlanta Hawks,NBA Player of the Week,,1979-80,,1979-12-16T00:00:00,,Award,Kia Motors,KIPWK,,78025,Dan Roundfield
78025.0,Dan,Roundfield,Atlanta Hawks,NBA Player of the Week,,1980-81,,1980-12-14T00:00:00,,Award,Kia Motors,KIPWK,,78025,Dan Roundfield
78025.0,Dan,Roundfield,Atlanta Hawks,NBA Player of the Week,,1981-82,,1981-11-22T00:00:00,,Award,Kia Motors,KIPWK,,78025,Dan Roundfield
78025.0,Dan,Roundfield,Atlanta Hawks,NBA Player of the Week,,1983-84,,1983-12-25T00:00:00,,Award,Kia Motors,KIPWK,,78025,Dan Roundfield
78028.0,Curtis,Rowe,,NBA All-Star,,1975-76,,,,Award,All-Star,,,78028,Curtis Rowe
200750.0,Brandon,Roy,Portland Trail Blazers,All-NBA,2,2008-09,,,1610612757,Award,Kia Motors,KIANT,,200750,Brandon Roy
200750.0,Brandon,Roy,Portland Trail Blazers,All-NBA,3,2009-10,,,1610612757,Award,Kia Motors,KIANT,,200750,Brandon Roy
200750.0,Brandon,Roy,Portland Trail Blazers,All-Rookie Team,1,2006-07,,,1610612757,Award,Kia Motors,KIART,,200750,Brandon Roy
200750.0,Brandon,Roy,,NBA All-Star,,2007-08,,,,Award,All-Star,,,200750,Brandon Roy
200750.0,Brandon,Roy,,NBA All-Star,,2008-09,,,,Award,All-Star,,,200750,Brandon Roy
200750.0,Brandon,Roy,,NBA All-Star,,2009-10,,,,Award,All-Star,,,200750,Brandon Roy
200750.0,Brandon,Roy,Portland Trail Blazers,NBA Player of the Week,,2007-08,,2007-12-09T00:00:00,West,Award,Kia Motors,KIPWK,,200750,Brandon Roy
200750.0,Brandon,Roy,Portland Trail Blazers,NBA Player of the Week,,2007-08,,2007-12-16T00:00:00,West,Award,Kia Motors,KIPWK,,200750,Brandon Roy
200750.0,Brandon,Roy,Portland Trail Blazers,NBA Player of the Week,,2008-09,,2008-12-01T00:00:00,West,Award,Kia Motors,KIPWK,,200750,Brandon Roy
200750.0,Brandon,Roy,Portland Trail Blazers,NBA Player of the Week,,2008-09,,2009-04-13T00:00:00,West,Award,Kia Motors,KIPWK,,200750,Brandon Roy
200750.0,Brandon,Roy,Portland Trail Blazers,NBA Player of the Week,,2009-10,,2010-03-15T00:00:00,West,Award,Kia Motors,KIPWK,,200750,Brandon Roy
200750.0,Brandon,Roy,Portland Trail Blazers,NBA Rookie of the Month,,2006-07,01/01/2007,,West,Award,Kia Motors,KIRMO,,200750,Brandon Roy
200750.0,Brandon,Roy,Portland Trail Blazers,NBA Rookie of the Month,,2006-07,02/01/2007,,West,Award,Kia Motors,KIRMO,,200750,Brandon Roy
200750.0,Brandon,Roy,Portland Trail Blazers,NBA Rookie of the Month,,2006-07,03/01/2007,,West,Award,Kia Motors,KIRMO,,200750,Brandon Roy
200750.0,Brandon,Roy,Portland Trail Blazers,NBA Rookie of the Year,,2006-07,,,,Award,Kia Motors,KIROY,,200750,Brandon Roy
200750.0,Brandon,Roy,Portland Trail Blazers,NBA Sporting News Rookie of the Year,,2006-07,,,,Award,Sporting News,SNROY,,200750,Brandon Roy
1626179.0,Terry,Rozier,Charlotte Hornets,NBA Player of the Week,,2020-21,,2021-03-22T00:00:00,East,Award,Kia Motors,KIPWK,,1626179,Terry Rozier
201937.0, Ricky,Rubio,,Olympic Bronze Medal,,2016,,,,Award,Olympic,Bronze,,201937,Ricky Rubio
201937.0,Ricky,Rubio,Minnesota Timberwolves,All-Rookie Team,1,2011-12,,,1610612750,Award,Kia Motors,KIART,,201937,Ricky Rubio
201937.0,Ricky,Rubio,Minnesota Timberwolves,NBA Rookie of the Month,,2011-12,01/01/2012,,West,Award,Kia Motors,KIRMO,,201937,Ricky Rubio
201937.0,Ricky,Rubio,Spain,Olympic Silver Medal,,2008,,,,Award,Olympic,Silver,,201937,Ricky Rubio
78041.0,Jeff,Ruland,Washington Bullets,All-Rookie Team,1,1981-82,,,1610612764,Award,Kia Motors,KIART,,78041,Jeff Ruland
78041.0,Jeff,Ruland,,NBA All-Star,,1983-84,,,,Award,All-Star,,,78041,Jeff Ruland
78041.0,Jeff,Ruland,Washington Wizards,NBA Player of the Month,,1982-83,03/01/1983,,,Award,Kia Motors,KIPMO,,78041,Jeff Ruland
78041.0,Jeff,Ruland,Washington Wizards,NBA Player of the Month,,1983-84,12/01/1983,,,Award,Kia Motors,KIPMO,,78041,Jeff Ruland
78041.0,Jeff,Ruland,Washington Wizards,NBA Player of the Week,,1982-83,,1983-03-27T00:00:00,,Award,Kia Motors,KIPWK,,78041,Jeff Ruland
78041.0,Jeff,Ruland,Washington Wizards,NBA Player of the Week,,1983-84,,1983-12-11T00:00:00,,Award,Kia Motors,KIPWK,,78041,Jeff Ruland
78041.0,Jeff,Ruland,Washington Wizards,NBA Player of the Week,,1985-86,,1985-12-08T00:00:00,,Award,Kia Motors,KIPWK,,78041,Jeff Ruland
78041.0,Jeff,Ruland,Washington Bullets,NBA Rookie of the Month,,1981-82,01/01/1982,,,Award,Kia Motors,KIRMO,,78041,Jeff Ruland
78042.0,Bob,Rule,Seattle SuperSonics,All-Rookie Team,1,1967-68,,,1610612760,Award,Kia Motors,KIART,,78042,Bob Rule
78042.0,Bob,Rule,,NBA All-Star,,1969-70,,,,Award,All-Star,,,78042,Bob Rule
78043.0,Jerry,Rullo,Philadelphia Warriors,NBA Champion,,1946-47,,,,Award,Champion,,,78043,Jerry Rullo
201575.0,Brandon,Rush,Golden State Warriors,NBA Champion,,2014-15,,,,Award,Champion,,,201575,Brandon Rush
78049.0,Bill,Russell,Boston Celtics,All-Defensive Team,1,1968-69,,,1610612738,Award,Kia Motors,KIADT,,78049,Bill Russell
78049.0,Bill,Russell,Boston Celtics,All-NBA,2,1957-58,,,1610612738,Award,Kia Motors,KIANT,,78049,Bill Russell
78049.0,Bill,Russell,Boston Celtics,All-NBA,1,1958-59,,,1610612738,Award,Kia Motors,KIANT,,78049,Bill Russell
78049.0,Bill,Russell,Boston Celtics,All-NBA,2,1959-60,,,1610612738,Award,Kia Motors,KIANT,,78049,Bill Russell
78049.0,Bill,Russell,Boston Celtics,All-NBA,2,1960-61,,,1610612738,Award,Kia Motors,KIANT,,78049,Bill Russell
78049.0,Bill,Russell,Boston Celtics,All-NBA,2,1961-62,,,1610612738,Award,Kia Motors,KIANT,,78049,Bill Russell
78049.0,Bill,Russell,Boston Celtics,All-NBA,1,1962-63,,,1610612738,Award,Kia Motors,KIANT,,78049,Bill Russell
78049.0,Bill,Russell,Boston Celtics,All-NBA,2,1963-64,,,1610612738,Award,Kia Motors,KIANT,,78049,Bill Russell
78049.0,Bill,Russell,Boston Celtics,All-NBA,1,1964-65,,,1610612738,Award,Kia Motors,KIANT,,78049,Bill Russell
78049.0,Bill,Russell,Boston Celtics,All-NBA,2,1965-66,,,1610612738,Award,Kia Motors,KIANT,,78049,Bill Russell
78049.0,Bill,Russell,Boston Celtics,All-NBA,2,1966-67,,,1610612738,Award,Kia Motors,KIANT,,78049,Bill Russell
78049.0,Bill,Russell,Boston Celtics,All-NBA,2,1967-68,,,1610612738,Award,Kia Motors,KIANT,,78049,Bill Russell
78049.0,Bill,Russell,,Hall of Fame Inductee,,1975,,,,Award,Hall of Fame,,,78049,Bill Russell
78049.0,Bill,Russell,,NBA All-Star,,1957-58,,,,Award,All-Star,,,78049,Bill Russell
78049.0,Bill,Russell,,NBA All-Star,,1958-59,,,,Award,All-Star,,,78049,Bill Russell
78049.0,Bill,Russell,,NBA All-Star,,1959-60,,,,Award,All-Star,,,78049,Bill Russell
78049.0,Bill,Russell,,NBA All-Star,,1960-61,,,,Award,All-Star,,,78049,Bill Russell
78049.0,Bill,Russell,,NBA All-Star,,1961-62,,,,Award,All-Star,,,78049,Bill Russell
78049.0,Bill,Russell,,NBA All-Star,,1962-63,,,,Award,All-Star,,,78049,Bill Russell
78049.0,Bill,Russell,,NBA All-Star,,1963-64,,,,Award,All-Star,,,78049,Bill Russell
78049.0,Bill,Russell,,NBA All-Star,,1964-65,,,,Award,All-Star,,,78049,Bill Russell
78049.0,Bill,Russell,,NBA All-Star,,1965-66,,,,Award,All-Star,,,78049,Bill Russell
78049.0,Bill,Russell,,NBA All-Star,,1966-67,,,,Award,All-Star,,,78049,Bill Russell
78049.0,Bill,Russell,,NBA All-Star,,1967-68,,,,Award,All-Star,,,78049,Bill Russell
78049.0,Bill,Russell,,NBA All-Star,,1968-69,,,,Award,All-Star,,,78049,Bill Russell
78049.0,Bill,Russell,Boston Celtics,NBA All-Star Most Valuable Player,,1962-63,,,,Award,Kia Motors,KAMVP,,78049,Bill Russell
78049.0,Bill,Russell,Boston Celtics,NBA Champion,,1956-57,,,,Award,Champion,,,78049,Bill Russell
78049.0,Bill,Russell,Boston Celtics,NBA Champion,,1958-59,,,,Award,Champion,,,78049,Bill Russell
78049.0,Bill,Russell,Boston Celtics,NBA Champion,,1959-60,,,,Award,Champion,,,78049,Bill Russell
78049.0,Bill,Russell,Boston Celtics,NBA Champion,,1960-61,,,,Award,Champion,,,78049,Bill Russell
78049.0,Bill,Russell,Boston Celtics,NBA Champion,,1961-62,,,,Award,Champion,,,78049,Bill Russell
78049.0,Bill,Russell,Boston Celtics,NBA Champion,,1962-63,,,,Award,Champion,,,78049,Bill Russell
78049.0,Bill,Russell,Boston Celtics,NBA Champion,,1963-64,,,,Award,Champion,,,78049,Bill Russell
78049.0,Bill,Russell,Boston Celtics,NBA Champion,,1964-65,,,,Award,Champion,,,78049,Bill Russell
78049.0,Bill,Russell,Boston Celtics,NBA Champion,,1965-66,,,,Award,Champion,,,78049,Bill Russell
78049.0,Bill,Russell,Boston Celtics,NBA Champion,,1967-68,,,,Award,Champion,,,78049,Bill Russell
78049.0,Bill,Russell,Boston Celtics,NBA Champion,,1968-69,,,,Award,Champion,,,78049,Bill Russell
78049.0,Bill,Russell,Boston Celtics,NBA Most Valuable Player,,1957-58,,,,Award,Kia Motors,KIMVP,,78049,Bill Russell
78049.0,Bill,Russell,Boston Celtics,NBA Most Valuable Player,,1960-61,,,,Award,Kia Motors,KIMVP,,78049,Bill Russell
78049.0,Bill,Russell,Boston Celtics,NBA Most Valuable Player,,1961-62,,,,Award,Kia Motors,KIMVP,,78049,Bill Russell
78049.0,Bill,Russell,Boston Celtics,NBA Most Valuable Player,,1962-63,,,,Award,Kia Motors,KIMVP,,78049,Bill Russell
78049.0,Bill,Russell,Boston Celtics,NBA Most Valuable Player,,1964-65,,,,Award,Kia Motors,KIMVP,,78049,Bill Russell
78049.0,Bill,Russell,Boston Celtics,NBA Sporting News Most Valuable Player of the Year,,1960-61,,,,Award,Sporting News,SNMVP,,78049,Bill Russell
78049.0,Bill,Russell,Boston Celtics,NBA Sporting News Most Valuable Player of the Year,,1961-62,,,,Award,Sporting News,SNMVP,,78049,Bill Russell
78049.0,Bill,Russell,Boston Celtics,NBA Sporting News Most Valuable Player of the Year,,1962-63,,,,Award,Sporting News,SNMVP,,78049,Bill Russell
78049.0,Bill,Russell,Boston Celtics,NBA Sporting News Most Valuable Player of the Year,,1964-65,,,,Award,Sporting News,SNMVP,,78049,Bill Russell
78049.0,Bill,Russell,USA,Olympic Gold Medal,,1956,,,,Award,Olympic,Gold,,78049,Bill Russell
78047.0,Campy,Russell,,NBA All-Star,,1978-79,,,,Award,All-Star,,,78047,Campy Russell
78045.0,Cazzie,Russell,New York Knicks,All-Rookie Team,1,1966-67,,,1610612752,Award,Kia Motors,KIART,,78045,Cazzie Russell
78045.0,Cazzie,Russell,,NBA All-Star,,1971-72,,,,Award,All-Star,,,78045,Cazzie Russell
78045.0,Cazzie,Russell,New York Knicks,NBA Champion,,1969-70,,,,Award,Champion,,,78045,Cazzie Russell
1626156.0,D'Angelo,Russell,Los Angeles Lakers,All-Rookie Team,2,2015-16,,,West,Award,Kia Motors,KIART,,1626156,D'Angelo Russell
1626156.0,D'Angelo,Russell,,NBA All-Star,,2018-19,,,,Award,All-Star,,,1626156,D'Angelo Russell
1626156.0,D'Angelo,Russell,Brooklyn Nets,NBA Player of the Week,,2018-19,,2019-01-14T00:00:00,East,Award,Kia Motors,KIPWK,,1626156,D'Angelo Russell
717.0,Arvydas,Sabonis,Portland Trail Blazers,All-Rookie Team,1,1995-96,,,1610612757,Award,Kia Motors,KIART,,717,Arvydas Sabonis
717.0,Arvydas,Sabonis,,Hall of Fame Inductee,,2011,,,,Award,Hall of Fame,,,717,Arvydas Sabonis
717.0,Arvydas,Sabonis,Portland Trail Blazers,NBA Player of the Week,,1995-96,,1996-03-31T00:00:00,,Award,Kia Motors,KIPWK,,717,Arvydas Sabonis
717.0,Arvydas,Sabonis,Portland Trail Blazers,NBA Rookie of the Month,,1995-96,04/01/1996,,,Award,Kia Motors,KIRMO,,717,Arvydas Sabonis
717.0,Arvydas,Sabonis,Lithuania,Olympic Bronze Medal,,1992,,,,Award,Olympic,Bronze,,717,Arvydas Sabonis
717.0,Arvydas,Sabonis,Lithuania,Olympic Bronze Medal,,1996,,,,Award,Olympic,Bronze,,717,Arvydas Sabonis
717.0,Arvydas,Sabonis,Soviet Union,Olympic Gold Medal,,1988,,,,Award,Olympic,Gold,,717,Arvydas Sabonis
1627734.0,Domantas,Sabonis,Sacramento Kings,All-NBA,3,2022-23,,,West,Award,Kia Motors,KIANT,,1627734,Domantas Sabonis
1627734.0,Domantas,Sabonis,Sacramento Kings,All-NBA,3,2023-24,,,West,Award,Kia Motors,KIANT,,1627734,Domantas Sabonis
1627734.0,Domantas,Sabonis,,NBA All-Star,,2019-20,,,,Award,All-Star,,,1627734,Domantas Sabonis
1627734.0,Domantas,Sabonis,,NBA All-Star,,2020-21,,,,Award,All-Star,,,1627734,Domantas Sabonis
1627734.0,Domantas,Sabonis,,NBA All-Star,,2022-23,,,,Award,All-Star,,,1627734,Domantas Sabonis
1627734.0,Domantas,Sabonis,Indiana Pacers,NBA Player of the Week, ,2020-21,,2020-12-22T00:00:00,East,Award,Kia Motors,KIPWK,,1627734,Domantas Sabonis
1627734.0,Domantas,Sabonis,Indiana Pacers,NBA Player of the Week,,2021-22,,2021-12-06T00:00:00,East,Award,Kia Motors,KIPWK,,1627734,Domantas Sabonis
1627734.0,Domantas,Sabonis,Sacramento Kings,NBA Player of the Week,,2022-23,,2023-01-09T00:00:00,West,Award,Kia Motors,KIPWK,,1627734,Domantas Sabonis
1627734.0,Domantas,Sabonis,Sacramento Kings,NBA Player of the Week,,2022-23,,2023-03-06T00:00:00,West,Award,Kia Motors,KIPWK,,1627734,Domantas Sabonis
1627734.0,Domantas,Sabonis,Sacramento Kings,NBA Player of the Week,,2022-23,,2023-03-13T00:00:00,West,Award,Kia Motors,KIPWK,,1627734,Domantas Sabonis
1627734.0,Domantas,Sabonis,Sacramento Kings,NBA Player of the Week,,2024-25,,2025-01-06T00:00:00,West,Award,Kia Motors,KIPWK,,1627734,Domantas Sabonis
78050.0,Ed,Sadowski,Boston Celtics,All-NBA,1,1947-48,,,1610612738,Award,Kia Motors,KIANT,,78050,Ed Sadowski
78051.0,Ken,Sailors,Providence Steamrollers,All-NBA,2,1948-49,,,1610610032,Award,Kia Motors,KIANT,,78051,Kenny Sailors
927.0,John,Salley,Detroit Pistons,NBA Champion,,1988-89,,,,Award,Champion,,,927,John Salley
927.0,John,Salley,Detroit Pistons,NBA Champion,,1989-90,,,,Award,Champion,,,927,John Salley
927.0,John,Salley,Chicago Bulls,NBA Champion,,1995-96,,,,Award,Champion,,,927,John Salley
927.0,John,Salley,Los Angeles Lakers,NBA Champion,,1999-00,,,,Award,Champion,,,927,John Salley
78055.0,Ralph,Sampson,Houston Rockets,All-NBA,2,1984-85,,,1610612745,Award,Kia Motors,KIANT,,78055,Ralph Sampson
78055.0,Ralph,Sampson,Houston Rockets,All-Rookie Team,1,1983-84,,,1610612745,Award,Kia Motors,KIART,,78055,Ralph Sampson
78055.0,Ralph,Sampson,,Hall of Fame Inductee,,2012,,,,Award,Hall of Fame,,,78055,Ralph Sampson
78055.0,Ralph,Sampson,,NBA All-Star,,1983-84,,,,Award,All-Star,,,78055,Ralph Sampson
78055.0,Ralph,Sampson,,NBA All-Star,,1984-85,,,,Award,All-Star,,,78055,Ralph Sampson
78055.0,Ralph,Sampson,,NBA All-Star,,1985-86,,,,Award,All-Star,,,78055,Ralph Sampson
78055.0,Ralph,Sampson,,NBA All-Star,,1986-87,,,,Award,All-Star,,,78055,Ralph Sampson
78055.0,Ralph,Sampson,Houston Rockets,NBA All-Star Most Valuable Player,,1984-85,,,,Award,Kia Motors,KAMVP,,78055,Ralph Sampson
78055.0,Ralph,Sampson,Houston Rockets,NBA Rookie of the Month,,1983-84,01/01/1984,,,Award,Kia Motors,KIRMO,,78055,Ralph Sampson
78055.0,Ralph,Sampson,Houston Rockets,NBA Rookie of the Month,,1983-84,02/01/1984,,,Award,Kia Motors,KIRMO,,78055,Ralph Sampson
78055.0,Ralph,Sampson,Houston Rockets,NBA Rookie of the Month,,1983-84,03/01/1984,,,Award,Kia Motors,KIRMO,,78055,Ralph Sampson
78055.0,Ralph,Sampson,Houston Rockets,NBA Rookie of the Month,,1983-84,11/01/1983,,,Award,Kia Motors,KIRMO,,78055,Ralph Sampson
78055.0,Ralph,Sampson,Houston Rockets,NBA Rookie of the Month,,1983-84,12/01/1983,,,Award,Kia Motors,KIRMO,,78055,Ralph Sampson
78055.0,Ralph,Sampson,Houston Rockets,NBA Rookie of the Year,,1983-84,,,,Award,Kia Motors,KIROY,,78055,Ralph Sampson
78055.0,Ralph,Sampson,Houston Rockets,NBA Sporting News Rookie of the Year,,1983-84,,,,Award,Sporting News,SNROY,,78055,Ralph Sampson
2143.0,Pepe,Sanchez,Argentina,Olympic Gold Medal,,2004,,,,Award,Olympic,Gold,,2143,Pepe Sanchez
78060.0,Thomas,Sanders,Boston Celtics,NBA Champion,,1960-61,,,,Award,Champion,,,78060,Thomas Sanders
78060.0,Thomas,Sanders,Boston Celtics,NBA Champion,,1961-62,,,,Award,Champion,,,78060,Thomas Sanders
78060.0,Thomas,Sanders,Boston Celtics,NBA Champion,,1962-63,,,,Award,Champion,,,78060,Thomas Sanders
78060.0,Thomas,Sanders,Boston Celtics,NBA Champion,,1963-64,,,,Award,Champion,,,78060,Thomas Sanders
78060.0,Thomas,Sanders,Boston Celtics,NBA Champion,,1964-65,,,,Award,Champion,,,78060,Thomas Sanders
78060.0,Thomas,Sanders,Boston Celtics,NBA Champion,,1965-66,,,,Award,Champion,,,78060,Thomas Sanders
78060.0,Thomas,Sanders,Boston Celtics,NBA Champion,,1967-68,,,,Award,Champion,,,78060,Thomas Sanders
78060.0,Thomas,Sanders,Boston Celtics,NBA Champion,,1968-69,,,,Award,Champion,,,78060,Thomas Sanders
78060.0,Tom,Sanders,Boston Celtics,All-Defensive Team,2,1968-69,,,1610612738,Award,Kia Motors,KIADT,,78060,Thomas Sanders
2091.0,Daniel,Santiago,Puerto Rico,Olympic Appearance,,1996,,,,Award,Olympic,Appearance,,2091,Daniel Santiago
2091.0,Daniel,Santiago,Puerto Rico,Olympic Appearance,,2004,,,,Award,Olympic,Appearance,,2091,Daniel Santiago
1642259.0,Alex,Sarr,Washington Wizards,All-Rookie Team,1,2024-25,,,West,Award,Kia Motors,KIART,,1642259,Alex Sarr
1642259.0,Alex,Sarr,Washington Wizards,NBA Rookie of the Month,,2024-25,12/1/2024,,East,Award,Kia Motors,KIRMO,,1642259,Alex Sarr
78063.0,Frank,Saul,Rochester Royals,NBA Champion,,1950-51,,,,Award,Champion,,,78063,Frank Saul
78063.0,Frank,Saul,Minneapolis Lakers,NBA Champion,,1951-52,,,,Award,Champion,,,78063,Frank Saul
78063.0,Frank,Saul,Minneapolis Lakers,NBA Champion,,1952-53,,,,Award,Champion,,,78063,Frank Saul
78063.0,Frank,Saul,Minneapolis Lakers,NBA Champion,,1953-54,,,,Award,Champion,,,78063,Frank Saul
78064.0,Woody,Sauldsberry,,NBA All-Star,,1958-59,,,,Award,All-Star,,,78064,Woody Sauldsberry
78064.0,Woody,Sauldsberry,Philadelphia Warriors,NBA Rookie of the Year,,1957-58,,,,Award,Kia Motors,KIROY,,78064,Woody Sauldsberry
2243.0,Brian,Scalabrine,Boston Celtics,NBA Champion,,2007-08,,,,Award,Champion,,,2243,Brian Scalabrine
78071.0,Herm,Schaefer,Minneapolis Lakers,NBA Champion,,1948-49,,,,Award,Champion,,,78071,Herm Schaefer
78071.0,Herm,Schaefer,Minneapolis Lakers,NBA Champion,,1949-50,,,,Award,Champion,,,78071,Herm Schaefer
78075.0,Fred,Schaus,Fort Wayne Zollner Pistons,All-NBA,2,1949-50,,,1610612765,Award,Kia Motors,KIANT,,78075,Fred Schaus
78075.0,Fred,Schaus,,NBA All-Star,,1950-51,,,,Award,All-Star,,,78075,Fred Schaus
78076.0,Dolph,Schayes,Syracuse Nationals,All-NBA,2,1949-50,,,1610612755,Award,Kia Motors,KIANT,,78076,Dolph Schayes
78076.0,Dolph,Schayes,Syracuse Nationals,All-NBA,2,1950-51,,,1610612755,Award,Kia Motors,KIANT,,78076,Dolph Schayes
78076.0,Dolph,Schayes,Syracuse Nationals,All-NBA,1,1951-52,,,1610612755,Award,Kia Motors,KIANT,,78076,Dolph Schayes
78076.0,Dolph,Schayes,Syracuse Nationals,All-NBA,1,1952-53,,,1610612755,Award,Kia Motors,KIANT,,78076,Dolph Schayes
78076.0,Dolph,Schayes,Syracuse Nationals,All-NBA,1,1953-54,,,1610612755,Award,Kia Motors,KIANT,,78076,Dolph Schayes
78076.0,Dolph,Schayes,Syracuse Nationals,All-NBA,1,1954-55,,,1610612755,Award,Kia Motors,KIANT,,78076,Dolph Schayes
78076.0,Dolph,Schayes,Syracuse Nationals,All-NBA,2,1955-56,,,1610612755,Award,Kia Motors,KIANT,,78076,Dolph Schayes
78076.0,Dolph,Schayes,Syracuse Nationals,All-NBA,1,1956-57,,,1610612755,Award,Kia Motors,KIANT,,78076,Dolph Schayes
78076.0,Dolph,Schayes,Syracuse Nationals,All-NBA,1,1957-58,,,1610612755,Award,Kia Motors,KIANT,,78076,Dolph Schayes
78076.0,Dolph,Schayes,Syracuse Nationals,All-NBA,2,1958-59,,,1610612755,Award,Kia Motors,KIANT,,78076,Dolph Schayes
78076.0,Dolph,Schayes,Syracuse Nationals,All-NBA,2,1959-60,,,1610612755,Award,Kia Motors,KIANT,,78076,Dolph Schayes
78076.0,Dolph,Schayes,Syracuse Nationals,All-NBA,2,1960-61,,,1610612755,Award,Kia Motors,KIANT,,78076,Dolph Schayes
78076.0,Dolph,Schayes,,Hall of Fame Inductee,,1973,,,,Award,Hall of Fame,,,78076,Dolph Schayes
78076.0,Dolph,Schayes,,NBA All-Star,,1950-51,,,,Award,All-Star,,,78076,Dolph Schayes
78076.0,Dolph,Schayes,,NBA All-Star,,1951-52,,,,Award,All-Star,,,78076,Dolph Schayes
78076.0,Dolph,Schayes,,NBA All-Star,,1952-53,,,,Award,All-Star,,,78076,Dolph Schayes
78076.0,Dolph,Schayes,,NBA All-Star,,1953-54,,,,Award,All-Star,,,78076,Dolph Schayes
78076.0,Dolph,Schayes,,NBA All-Star,,1954-55,,,,Award,All-Star,,,78076,Dolph Schayes
78076.0,Dolph,Schayes,,NBA All-Star,,1955-56,,,,Award,All-Star,,,78076,Dolph Schayes
78076.0,Dolph,Schayes,,NBA All-Star,,1956-57,,,,Award,All-Star,,,78076,Dolph Schayes
78076.0,Dolph,Schayes,,NBA All-Star,,1957-58,,,,Award,All-Star,,,78076,Dolph Schayes
78076.0,Dolph,Schayes,,NBA All-Star,,1958-59,,,,Award,All-Star,,,78076,Dolph Schayes
78076.0,Dolph,Schayes,,NBA All-Star,,1959-60,,,,Award,All-Star,,,78076,Dolph Schayes
78076.0,Dolph,Schayes,,NBA All-Star,,1960-61,,,,Award,All-Star,,,78076,Dolph Schayes
78076.0,Dolph,Schayes,,NBA All-Star,,1961-62,,,,Award,All-Star,,,78076,Dolph Schayes
78076.0,Dolph,Schayes,Syracuse Nationals,NBA Champion,,1954-55,,,,Award,Champion,,,78076,Dolph Schayes
78086.0,Dick,Schnittker,Minneapolis Lakers,NBA Champion,,1952-53,,,,Award,Champion,,,78086,Dick Schnittker
78086.0,Dick,Schnittker,Minneapolis Lakers,NBA Champion,,1953-54,,,,Award,Champion,,,78086,Dick Schnittker
192.0,Dennis,Scott,Orlando Magic,All-Rookie Team,1,1990-91,,,1610612753,Award,Kia Motors,KIART,,192,Dennis Scott
192.0,Dennis,Scott,Orlando Magic,NBA Player of the Week,,1990-91,,1991-03-10T00:00:00,,Award,Kia Motors,KIPWK,,192,Dennis Scott
192.0,Dennis,Scott,Orlando Magic,NBA Player of the Week,,1995-96,,1996-04-21T00:00:00,,Award,Kia Motors,KIPWK,,192,Dennis Scott
192.0,Dennis,Scott,Orlando Magic,NBA Rookie of the Month,,1990-91,03/01/1991,,,Award,Kia Motors,KIRMO,,192,Dennis Scott
78106.0,Ken,Sears,,NBA All-Star,,1957-58,,,,Award,All-Star,,,78106,Ken Sears
78106.0,Ken,Sears,,NBA All-Star,,1958-59,,,,Award,All-Star,,,78106,Ken Sears
200757.0,Thabo,Sefolosha,Oklahoma City Thunder,All-Defensive Team,2,2009-10,,,1610612760,Award,Kia Motors,KIADT,,200757,Thabo Sefolosha
938.0,Rony,Seikaly,Miami Heat,NBA Most Improved Player,,1989-90,,,,Award,Kia Motors,KIMIP,,938,Rony Seikaly
938.0,Rony,Seikaly,Miami Heat,NBA Player of the Week,,1989-90,,1990-03-11T00:00:00,,Award,Kia Motors,KIPWK,,938,Rony Seikaly
938.0,Rony,Seikaly,Miami Heat,NBA Player of the Week,,1992-93,,1993-03-07T00:00:00,,Award,Kia Motors,KIPWK,,938,Rony Seikaly
78113.0,Frank,Selvy,,NBA All-Star,,1954-55,,,,Award,All-Star,,,78113,Frank Selvy
78113.0,Frank,Selvy,,NBA All-Star,,1961-62,,,,Award,All-Star,,,78113,Frank Selvy
78115.0,George,Senesky,Philadelphia Warriors,NBA Champion,,1946-47,,,,Award,Champion,,,78115,George Senesky
1630578.0,Alperen,Sengun,,NBA All-Star,,2024-25,,,,Award,All-Star,,,1630578,Alperen Sengun
1630578.0,Alperen,Sengun,Houston Rockets,NBA Cup All-Tournament Team,1,2024-25,,,West,Award,Emirates,EMATT,,1630578,Alperen Sengun
1630578.0,Alperen,Sengun,Houston Rockets,NBA Player of the Week,,2023-24,,2024-01-01T00:00:00,West,Award,Kia Motors,KIPWK,,1630578,Alperen Sengun
1630578.0,Alperen,Sengun,Houston Rockets,NBA Player of the Week,,2024-25,,2024-11-25T00:00:00,West,Award,Kia Motors,KIPWK,,1630578,Alperen Sengun
202338.0,Kevin,Seraphin,France,Olympic Appearance,,2012,,,,Award,Olympic,Appearance,,202338,Kevin Seraphin
201196.0,Ramon,Sessions,Milwaukee Bucks,NBA Rookie of the Month,,2007-08,04/01/2008,,East,Award,Kia Motors,KIRMO,,201196,Ramon Sessions
1629012.0,Collin,Sexton,Cleveland Cavaliers,All-Rookie Team,2,2018-19,,,East,Award,Kia Motors,KIART,,1629012,Collin Sexton
78117.0,Paul,Seymour,Syracuse Nationals,All-NBA,2,1953-54,,,1610612755,Award,Kia Motors,KIANT,,78117,Paul Seymour
78117.0,Paul,Seymour,Syracuse Nationals,All-NBA,2,1954-55,,,1610612755,Award,Kia Motors,KIANT,,78117,Paul Seymour
78117.0,Paul,Seymour,,NBA All-Star,,1952-53,,,,Award,All-Star,,,78117,Paul Seymour
78117.0,Paul,Seymour,,NBA All-Star,,1953-54,,,,Award,All-Star,,,78117,Paul Seymour
78117.0,Paul,Seymour,,NBA All-Star,,1954-55,,,,Award,All-Star,,,78117,Paul Seymour
78117.0,Paul,Seymour,Syracuse Nationals,NBA Champion,,1954-55,,,,Award,Champion,,,78117,Paul Seymour
78121.0,Lee,Shaffer,,NBA All-Star,,1962-63,,,,Award,All-Star,,,78121,Lee Shaffer
1629013.0,Landry,Shamet,LA Clippers,All-Rookie Team,2,2018-19,,,West,Award,Kia Motors,KIART,,1629013,Landry Shamet
78125.0,Charlie,Share,St. Louis Hawks,NBA Champion,,1957-58,,,,Award,Champion,,,78125,Charlie Share
78126.0,Bill,Sharman,Boston Celtics,All-NBA,2,1952-53,,,1610612738,Award,Kia Motors,KIANT,,78126,Bill Sharman
78126.0,Bill,Sharman,Boston Celtics,All-NBA,2,1954-55,,,1610612738,Award,Kia Motors,KIANT,,78126,Bill Sharman
78126.0,Bill,Sharman,Boston Celtics,All-NBA,1,1955-56,,,1610612738,Award,Kia Motors,KIANT,,78126,Bill Sharman
78126.0,Bill,Sharman,Boston Celtics,All-NBA,1,1956-57,,,1610612738,Award,Kia Motors,KIANT,,78126,Bill Sharman
78126.0,Bill,Sharman,Boston Celtics,All-NBA,1,1957-58,,,1610612738,Award,Kia Motors,KIANT,,78126,Bill Sharman
78126.0,Bill,Sharman,Boston Celtics,All-NBA,1,1958-59,,,1610612738,Award,Kia Motors,KIANT,,78126,Bill Sharman
78126.0,Bill,Sharman,Boston Celtics,All-NBA,2,1959-60,,,1610612738,Award,Kia Motors,KIANT,,78126,Bill Sharman
78126.0,Bill,Sharman,,Hall of Fame Inductee,,1976,,,,Award,Hall of Fame,,,78126,Bill Sharman
78126.0,Bill,Sharman,,NBA All-Star,,1952-53,,,,Award,All-Star,,,78126,Bill Sharman
78126.0,Bill,Sharman,,NBA All-Star,,1953-54,,,,Award,All-Star,,,78126,Bill Sharman
78126.0,Bill,Sharman,,NBA All-Star,,1954-55,,,,Award,All-Star,,,78126,Bill Sharman
78126.0,Bill,Sharman,,NBA All-Star,,1955-56,,,,Award,All-Star,,,78126,Bill Sharman
78126.0,Bill,Sharman,,NBA All-Star,,1956-57,,,,Award,All-Star,,,78126,Bill Sharman
78126.0,Bill,Sharman,,NBA All-Star,,1957-58,,,,Award,All-Star,,,78126,Bill Sharman
78126.0,Bill,Sharman,,NBA All-Star,,1958-59,,,,Award,All-Star,,,78126,Bill Sharman
78126.0,Bill,Sharman,,NBA All-Star,,1959-60,,,,Award,All-Star,,,78126,Bill Sharman
78126.0,Bill,Sharman,Boston Celtics,NBA All-Star Most Valuable Player,,1954-55,,,,Award,Kia Motors,KAMVP,,78126,Bill Sharman
78126.0,Bill,Sharman,Boston Celtics,NBA Champion,,1956-57,,,,Award,Champion,,,78126,Bill Sharman
78126.0,Bill,Sharman,Boston Celtics,NBA Champion,,1958-59,,,,Award,Champion,,,78126,Bill Sharman
78126.0,Bill,Sharman,Boston Celtics,NBA Champion,,1959-60,,,,Award,Champion,,,78126,Bill Sharman
78126.0,Bill,Sharman,Boston Celtics,NBA Champion,,1960-61,,,,Award,Champion,,,78126,Bill Sharman
216.0,Brian,Shaw,Boston Celtics,All-Rookie Team,2,1988-89,,,1610612738,Award,Kia Motors,KIART,,216,Brian Shaw
216.0,Brian,Shaw,Los Angeles Lakers,NBA Champion,,1999-00,,,,Award,Champion,,,216,Brian Shaw
216.0,Brian,Shaw,Los Angeles Lakers,NBA Champion,,2000-01,,,,Award,Champion,,,216,Brian Shaw
216.0,Brian,Shaw,Los Angeles Lakers,NBA Champion,,2001-02,,,,Award,Champion,,,216,Brian Shaw
78133.0,Lonnie,Shelton,Seattle SuperSonics,All-Defensive Team,2,1981-82,,,1610612760,Award,Kia Motors,KIADT,,78133,Lonnie Shelton
78133.0,Lonnie,Shelton,,NBA All-Star,,1981-82,,,,Award,All-Star,,,78133,Lonnie Shelton
78133.0,Lonnie,Shelton,Seattle SuperSonics,NBA Champion,,1978-79,,,,Award,Champion,,,78133,Lonnie Shelton
78135.0,Steve,Sheppard,USA,Olympic Gold Medal,,1976,,,,Award,Olympic,Gold,,78135,Steve Sheppard
78139.0,Purvis,Short,Golden State Warriors,NBA Player of the Week,,1983-84,,1984-01-08T00:00:00,,Award,Kia Motors,KIPWK,,78139,Purvis Short
78142.0,Gene,Shue,Detroit Pistons,All-NBA,1,1959-60,,,1610612765,Award,Kia Motors,KIANT,,78142,Gene Shue
78142.0,Gene,Shue,Detroit Pistons,All-NBA,2,1960-61,,,1610612765,Award,Kia Motors,KIANT,,78142,Gene Shue
78142.0,Gene,Shue,,NBA All-Star,,1957-58,,,,Award,All-Star,,,78142,Gene Shue
78142.0,Gene,Shue,,NBA All-Star,,1958-59,,,,Award,All-Star,,,78142,Gene Shue
78142.0,Gene,Shue,,NBA All-Star,,1959-60,,,,Award,All-Star,,,78142,Gene Shue
78142.0,Gene,Shue,,NBA All-Star,,1960-61,,,,Award,All-Star,,,78142,Gene Shue
78142.0,Gene,Shue,,NBA All-Star,,1961-62,,,,Award,All-Star,,,78142,Gene Shue
78143.0,John,Shumate,Phoenix Suns-Buffalo Braves,All-Rookie Team,1,1975-76,,,1610612746,Award,Kia Motors,KIART,,78143,John Shumate
202697.0,Iman,Shumpert,New York Knicks,All-Rookie Team,1,2011-12,,,1610612752,Award,Kia Motors,KIART,,202697,Iman Shumpert
202697.0,Iman,Shumpert,Cleveland Cavaliers,NBA Champion,,2015-16,,,,Award,Champion,,,202697,Iman Shumpert
1627783.0,Pascal,Siakam,Toronto Raptors,All-NBA,2,2019-20,,,East,Award,Kia Motors,KIANT,,1627783,Pascal Siakam
1627783.0,Pascal,Siakam,Toronto Raptors,All-NBA,3,2021-22,,,East,Award,Kia Motors,KIANT,,1627783,Pascal Siakam
1627783.0,Pascal,Siakam,,NBA All-Star,,2019-20,,,,Award,All-Star,,,1627783,Pascal Siakam
1627783.0,Pascal,Siakam,,NBA All-Star,,2022-23,,,,Award,All-Star,,,1627783,Pascal Siakam
1627783.0,Pascal,Siakam,,NBA All-Star,,2024-25,,,,Award,All-Star,,,1627783,Pascal Siakam
1627783.0,Pascal,Siakam,,NBA All-Star,,2025-26,,,,Award,All-Star,,,1627783,Pascal Siakam
1627783.0,Pascal,Siakam,Toronto Raptors,NBA Champion,,2018-19,,,,Award,Champion,,,1627783,Pascal Siakam
1627783.0,Pascal,Siakam,Toronto Raptors,NBA Most Improved Player,,2018-19,,,East,Award,Kia Motors,KIMIP,,1627783,Pascal Siakam
1627783.0,Pascal,Siakam,Toronto Raptors,NBA Player of the Week,,2018-19,,2018-11-05T00:00:00,East,Award,Kia Motors,KIPWK,,1627783,Pascal Siakam
1627783.0,Pascal,Siakam,Toronto Raptors,NBA Player of the Week,,2019-20,,2019-10-28T00:00:00,East,Award,Kia Motors,KIPWK,,1627783,Pascal Siakam
1627783.0,Pascal,Siakam,Toronto Raptors,NBA Player of the Week,,2019-20,,2020-01-20T00:00:00,East,Award,Kia Motors,KIPWK,,1627783,Pascal Siakam
1627783.0,Pascal,Siakam,Toronto Raptors,NBA Player of the Week,,2021-22,,2022-01-31T00:00:00,East,Award,Kia Motors,KIPWK,,1627783,Pascal Siakam
1627783.0,Pascal,Siakam,Toronto Raptors,NBA Player of the Week,,2022-23,,2022-12-19T00:00:00,East,Award,Kia Motors,KIPWK,,1627783,Pascal Siakam
78146.0,Jerry,Sichting,Boston Celtics,NBA Champion,,1985-86,,,,Award,Champion,,,78146,Jerry Sichting
78147.0,Larry,Siegfried,Boston Celtics,NBA Champion,,1963-64,,,,Award,Champion,,,78147,Larry Siegfried
78147.0,Larry,Siegfried,Boston Celtics,NBA Champion,,1964-65,,,,Award,Champion,,,78147,Larry Siegfried
78147.0,Larry,Siegfried,Boston Celtics,NBA Champion,,1965-66,,,,Award,Champion,,,78147,Larry Siegfried
78147.0,Larry,Siegfried,Boston Celtics,NBA Champion,,1967-68,,,,Award,Champion,,,78147,Larry Siegfried
78147.0,Larry,Siegfried,Boston Celtics,NBA Champion,,1968-69,,,,Award,Champion,,,78147,Larry Siegfried
78149.0,Jack,Sikma,Seattle SuperSonics,All-Defensive Team,2,1981-82,,,1610612760,Award,Kia Motors,KIADT,,78149,Jack Sikma
78149.0,Jack,Sikma,Seattle SuperSonics,All-Rookie Team,1,1977-78,,,1610612760,Award,Kia Motors,KIART,,78149,Jack Sikma
78149.0,Jack,Sikma,,NBA All-Star,,1978-79,,,,Award,All-Star,,,78149,Jack Sikma
78149.0,Jack,Sikma,,NBA All-Star,,1979-80,,,,Award,All-Star,,,78149,Jack Sikma
78149.0,Jack,Sikma,,NBA All-Star,,1980-81,,,,Award,All-Star,,,78149,Jack Sikma
78149.0,Jack,Sikma,,NBA All-Star,,1981-82,,,,Award,All-Star,,,78149,Jack Sikma
78149.0,Jack,Sikma,,NBA All-Star,,1982-83,,,,Award,All-Star,,,78149,Jack Sikma
78149.0,Jack,Sikma,,NBA All-Star,,1983-84,,,,Award,All-Star,,,78149,Jack Sikma
78149.0,Jack,Sikma,,NBA All-Star,,1984-85,,,,Award,All-Star,,,78149,Jack Sikma
78149.0,Jack,Sikma,Seattle SuperSonics,NBA Champion,,1978-79,,,,Award,Champion,,,78149,Jack Sikma
78149.0,Jack,Sikma,Seattle SuperSonics,NBA Player of the Week,,1981-82,,1982-04-04T00:00:00,,Award,Kia Motors,KIPWK,,78149,Jack Sikma
78149.0,Jack,Sikma,Seattle SuperSonics,NBA Player of the Week,,1984-85,,1984-12-02T00:00:00,,Award,Kia Motors,KIPWK,,78149,Jack Sikma
78151.0,Paul,Silas,Phoenix Suns,All-Defensive Team,2,1970-71,,,1610612756,Award,Kia Motors,KIADT,,78151,Paul Silas
78151.0,Paul,Silas,Phoenix Suns,All-Defensive Team,2,1971-72,,,1610612756,Award,Kia Motors,KIADT,,78151,Paul Silas
78151.0,Paul,Silas,Boston Celtics,All-Defensive Team,2,1972-73,,,1610612738,Award,Kia Motors,KIADT,,78151,Paul Silas
78151.0,Paul,Silas,Boston Celtics,All-Defensive Team,1,1974-75,,,1610612738,Award,Kia Motors,KIADT,,78151,Paul Silas
78151.0,Paul,Silas,Boston Celtics,All-Defensive Team,1,1975-76,,,1610612738,Award,Kia Motors,KIADT,,78151,Paul Silas
78151.0,Paul,Silas,,NBA All-Star,,1971-72,,,,Award,All-Star,,,78151,Paul Silas
78151.0,Paul,Silas,,NBA All-Star,,1974-75,,,,Award,All-Star,,,78151,Paul Silas
78151.0,Paul,Silas,Boston Celtics,NBA Champion,,1973-74,,,,Award,Champion,,,78151,Paul Silas
78151.0,Paul,Silas,Boston Celtics,NBA Champion,,1975-76,,,,Award,Champion,,,78151,Paul Silas
78151.0,Paul,Silas,Seattle SuperSonics,NBA Champion,,1978-79,,,,Award,Champion,,,78151,Paul Silas
78152.0,Mike,Silliman,USA,Olympic Gold Medal,,1968,,,,Award,Olympic,Gold,,78152,Mike Silliman
101134.0,Wayne,Simien,Miami Heat,NBA Champion,,2005-06,,,,Award,Champion,,,101134,Wayne Simien
1627732.0,Ben,Simmons,Philadelphia 76ers,All-Defensive Team,1,2019-20,,,East,Award,Kia Motors,KIADT,,1627732,Ben Simmons
1627732.0,Ben,Simmons,Philadelphia 76ers,All-Defensive Team,1,2020-21,,,East,Award,Kia Motors,KIADT,,1627732,Ben Simmons
1627732.0,Ben,Simmons,Philadelphia 76ers,All-NBA,3,2019-20,,,East,Award,Kia Motors,KIANT,,1627732,Ben Simmons
1627732.0,Ben,Simmons,Philadelphia 76ers,All-Rookie Team,1,2017-18,,,East,Award,Kia Motors,KIART,,1627732,Ben Simmons
1627732.0,Ben,Simmons,,NBA All-Star,,2018-19,,,,Award,All-Star,,,1627732,Ben Simmons
1627732.0,Ben,Simmons,,NBA All-Star,,2019-20,,,,Award,All-Star,,,1627732,Ben Simmons
1627732.0,Ben,Simmons,,NBA All-Star,,2020-21,,,,Award,All-Star,,,1627732,Ben Simmons
1627732.0,Ben,Simmons,Philadelphia 76ers,NBA Player of the Week,,2017-18,,2018-04-02T00:00:00,East,Award,Kia Motors,KIPWK,,1627732,Ben Simmons
1627732.0,Ben,Simmons,Philadelphia 76ers,NBA Player of the Week,,2018-19,,2019-02-25T00:00:00,East,Award,Kia Motors,KIPWK,,1627732,Ben Simmons
1627732.0,Ben,Simmons,Philadelphia 76ers,NBA Player of the Week,,2019-20,,2020-01-13T00:00:00,East,Award,Kia Motors,KIPWK,,1627732,Ben Simmons
1627732.0,Ben,Simmons,Philadelphia 76ers,NBA Rookie of the Month,,2017-18,1/1/2018,1900-01-01T12:00:00,East,Award,Kia Motors,KIRMO,,1627732,Ben Simmons
1627732.0,Ben,Simmons,Philadelphia 76ers,NBA Rookie of the Month,,2017-18,11/1/2017,1900-01-01T12:00:00,East,Award,Kia Motors,KIRMO,,1627732,Ben Simmons
1627732.0,Ben,Simmons,Philadelphia 76ers,NBA Rookie of the Month,,2017-18,12/1/2017,1900-01-01T12:00:00,East,Award,Kia Motors,KIRMO,,1627732,Ben Simmons
1627732.0,Ben,Simmons,Philadelphia 76ers,NBA Rookie of the Month,,2017-18,3/1/2018,1900-01-01T12:00:00,East,Award,Kia Motors,KIRMO,,1627732,Ben Simmons
1627732.0,Ben,Simmons,Philadelphia 76ers,NBA Rookie of the Year,,2017-18,,,East,Award,Kia Motors,KIROY,,1627732,Ben Simmons
2250.0,Bobby,Simmons,Los Angeles Clippers,NBA Most Improved Player,,2004-05,,,,Award,Kia Motors,KIMIP,,2250,Bobby Simmons
78153.0,Connie,Simmons,Baltimore Bullets,NBA Champion,,1947-48,,,,Award,Champion,,,78153,Connie Simmons
1489.0,Lionel,Simmons,Sacramento Kings,All-Rookie Team,1,1990-91,,,1610612758,Award,Kia Motors,KIART,,1489,Lionel Simmons
1489.0,Lionel,Simmons,Sacramento Kings,NBA Player of the Week,,1990-91,,1991-02-17T00:00:00,,Award,Kia Motors,KIPWK,,1489,Lionel Simmons
1489.0,Lionel,Simmons,Sacramento Kings,NBA Rookie of the Month,,1990-91,02/01/1991,,,Award,Kia Motors,KIRMO,,1489,Lionel Simmons
1489.0,Lionel,Simmons,Sacramento Kings,NBA Rookie of the Month,,1990-91,12/01/1990,,,Award,Kia Motors,KIRMO,,1489,Lionel Simmons
54.0,Dickey,Simpkins,Chicago Bulls,NBA Champion,,1997-98,,,,Award,Champion,,,54,Dickey Simpkins
202713.0,Kyle,Singler,Detroit Pistons,All-Rookie Team,2,2012-13,,,1610612765,Award,Kia Motors,KIART,,202713,Kyle Singler
78183.0,Derek,Smith,Los Angeles Clippers,NBA Player of the Week,,1984-85,,1984-12-16T00:00:00,,Award,Kia Motors,KIPWK,,78183,Derek Smith
78183.0,Derek,Smith,Los Angeles Clippers,NBA Player of the Week,,1984-85,,1985-04-07T00:00:00,,Award,Kia Motors,KIPWK,,78183,Derek Smith
78183.0,Derek,Smith,Los Angeles Clippers,NBA Player of the Week,,1985-86,,1985-11-03T00:00:00,,Award,Kia Motors,KIPWK,,78183,Derek Smith
78188.0,Elmore,Smith,Buffalo Braves,All-Rookie Team,1,1971-72,,,1610612746,Award,Kia Motors,KIART,,78188,Elmore Smith
78190.0,Greg,Smith,Milwaukee Bucks,NBA Champion,,1970-71,,,,Award,Champion,,,78190,Greg Smith
202397.0,Ish,Smith,Denver Nuggets,NBA Champion,,2022-23,,,,Award,Champion,,,202397,Ish Smith
2747.0,J.R.,Smith,New York Knicks,NBA Player of the Week,,2012-13,,2013-03-25T00:00:00,East,Award,Kia Motors,KIPWK,,2747,JR Smith
2747.0,J.R.,Smith,New York Knicks,NBA Sixth Man of the Year,,2012-13,,,,Award,Kia Motors,KISMY,,2747,JR Smith
2747.0,JR,Smith,Cleveland Cavaliers,NBA Champion,,2015-16,,,,Award,Champion,,,2747,JR Smith
2747.0,JR,Smith,Los Angeles Lakers,NBA Champion,,2019-20,,,,Award,Champion,,,2747,JR Smith
2747.0,JR,Smith,New Orleans Hornets,NBA Rookie of the Month,,2004-05,01/01/2005,,West,Award,Kia Motors,KIRMO,,2747,JR Smith
2747.0,JR,Smith,New Orleans Hornets,NBA Rookie of the Month,,2004-05,02/01/2005,,West,Award,Kia Motors,KIRMO,,2747,JR Smith
2747.0,JR,Smith,New Orleans Hornets,NBA Rookie of the Month,,2004-05,03/01/2005,,West,Award,Kia Motors,KIRMO,,2747,JR Smith
201160.0,Jason,Smith,Australia,Olympic Appearance,,2004,,,,Award,Olympic,Appearance,,201160,Jason Smith
693.0,Joe,Smith,Golden State Warriors,All-Rookie Team,1,1995-96,,,1610612744,Award,Kia Motors,KIART,,693,Joe Smith
693.0,Joe,Smith,Golden State Warriors,NBA Rookie of the Month,,1995-96,02/01/1996,,,Award,Kia Motors,KIRMO,,693,Joe Smith
693.0,Joe,Smith,Golden State Warriors,NBA Rookie of the Month,,1995-96,12/01/1995,,,Award,Kia Motors,KIRMO,,693,Joe Smith
2746.0,Josh,Smith,Atlanta Hawks,All-Defensive Team,2,2009-10,,,1610612737,Award,Kia Motors,KIADT,,2746,Josh Smith
2746.0,Josh,Smith,Atlanta Hawks,All-Rookie Team,2,2004-05,,,1610612737,Award,Kia Motors,KIART,,2746,Josh Smith
2746.0,Josh,Smith,Atlanta Hawks,NBA Player of the Week,,2007-08,,2007-12-09T00:00:00,East,Award,Kia Motors,KIPWK,,2746,Josh Smith
2746.0,Josh,Smith,Atlanta Hawks,NBA Player of the Week,,2012-13,,2012-12-03T00:00:00,East,Award,Kia Motors,KIPWK,,2746,Josh Smith
181.0,Kenny,Smith,Sacramento Kings,All-Rookie Team,1,1987-88,,,1610612758,Award,Kia Motors,KIART,,181,Kenny Smith
181.0,Kenny,Smith,Houston Rockets,NBA Champion,,1993-94,,,,Award,Champion,,,181,Kenny Smith
181.0,Kenny,Smith,Houston Rockets,NBA Champion,,1994-95,,,,Award,Champion,,,181,Kenny Smith
181.0,Kenny,Smith,Houston Rockets,NBA Player of the Week,,1990-91,,1991-03-17T00:00:00,,Award,Kia Motors,KIPWK,,181,Kenny Smith
78195.0,Larry,Smith,Golden State Warriors,All-Rookie Team,1,1980-81,,,1610612744,Award,Kia Motors,KIART,,78195,Larry Smith
78195.0,Larry,Smith,Golden State Warriors,NBA Player of the Week,,1980-81,,1981-03-08T00:00:00,,Award,Kia Motors,KIPWK,,78195,Larry Smith
78195.0,Larry,Smith,Golden State Warriors,NBA Player of the Week,,1986-87,,1987-03-29T00:00:00,,Award,Kia Motors,KIPWK,,78195,Larry Smith
78199.0,Phil,Smith,Golden State Warriors,All-Defensive Team,2,1975-76,,,1610612744,Award,Kia Motors,KIADT,,78199,Phil Smith
78199.0,Phil,Smith,Golden State Warriors,All-NBA,2,1975-76,,,1610612744,Award,Kia Motors,KIANT,,78199,Phil Smith
78199.0,Phil,Smith,,NBA All-Star,,1975-76,,,,Award,All-Star,,,78199,Phil Smith
78199.0,Phil,Smith,,NBA All-Star,,1976-77,,,,Award,All-Star,,,78199,Phil Smith
78199.0,Phil,Smith,Golden State Warriors,NBA Champion,,1974-75,,,,Award,Champion,,,78199,Phil Smith
78200.0,Randy,Smith,Buffalo Braves,All-NBA,2,1975-76,,,1610612746,Award,Kia Motors,KIANT,,78200,Randy Smith
78200.0,Randy,Smith,,NBA All-Star,,1975-76,,,,Award,All-Star,,,78200,Randy Smith
78200.0,Randy,Smith,,NBA All-Star,,1977-78,,,,Award,All-Star,,,78200,Randy Smith
78200.0,Randy,Smith,Buffalo Braves,NBA All-Star Most Valuable Player,,1977-78,,,,Award,Kia Motors,KAMVP,,78200,Randy Smith
120.0,Steve,Smith,Miami Heat,All-Rookie Team,1,1991-92,,,1610612748,Award,Kia Motors,KIART,,120,Steven Smith
120.0,Steve,Smith,Atlanta Hawks,J. Walter Kennedy Citizenship,,1997-98,,,,Award,Kia Motors,KIWKC,,120,Steven Smith
120.0,Steve,Smith,Atlanta Hawks,NBA Player of the Week,,1997-98,,1998-01-11T00:00:00,,Award,Kia Motors,KIPWK,,120,Steven Smith
120.0,Steve,Smith,San Antonio Spurs,NBA Sportsmanship,,2001-02,,,,Award,Kia Motors,KSPRT,,120,Steven Smith
120.0,Steve,Smith,USA,Olympic Gold Medal,,2000,,,,Award,Olympic,Gold,,120,Steven Smith
120.0,Steven,Smith,,NBA All-Star,,1997-98,,,,Award,All-Star,,,120,Steven Smith
120.0,Steven,Smith,San Antonio Spurs,NBA Champion,,2002-03,,,,Award,Champion,,,120,Steven Smith
1628372.0,Dennis,Smith Jr.,Dallas Mavericks,All-Rookie Team,2,2017-18,,,West,Award,Kia Motors,KIART,,1628372,Dennis Smith Jr.
1631095.0,Jabari,Smith Jr.,Houston Rockets,All-Rookie Team,2,2022-23,,,West,Award,Kia Motors,KIART,,1631095,Jabari Smith Jr.
22.0,Rik,Smits,Indiana Pacers,All-Rookie Team,1,1988-89,,,1610612754,Award,Kia Motors,KIART,,22,Rik Smits
22.0,Rik,Smits,,NBA All-Star,,1997-98,,,,Award,All-Star,,,22,Rik Smits
22.0,Rik,Smits,Indiana Pacers,NBA Player of the Week,,1994-95,,1995-03-12T00:00:00,,Award,Kia Motors,KIPWK,,22,Rik Smits
22.0,Rik,Smits,Indiana Pacers,NBA Player of the Week,,1997-98,,1998-01-04T00:00:00,,Award,Kia Motors,KIPWK,,22,Rik Smits
1091.0,Mike,Smrek,Los Angeles Lakers,NBA Champion,,1986-87,,,,Award,Champion,,,1091,Mike Smrek
1091.0,Mike,Smrek,Los Angeles Lakers,NBA Champion,,1987-88,,,,Award,Champion,,,1091,Mike Smrek
727.0,Eric,Snow,Philadelphia 76ers,All-Defensive Team,2,2002-03,,,1610612755,Award,Kia Motors,KIADT,,727,Eric Snow
727.0,Eric,Snow,Cleveland Cavaliers,J. Walter Kennedy Citizenship,,2004-05,,,,Award,Kia Motors,KIWKC,,727,Eric Snow
727.0,Eric,Snow,Philadelphia 76ers,NBA Sportsmanship,,1999-00,,,,Award,Kia Motors,KSPRT,,727,Eric Snow
78213.0,Dick,Snyder,Seattle SuperSonics,NBA Champion,,1978-79,,,,Award,Champion,,,78213,Dick Snyder
1631110.0,Jeremy,Sochan,San Antonio Spurs,All-Rookie Team,2,2022-23,,,West,Award,Kia Motors,KIART,,1631110,Jeremy Sochan
2443.0,Darius,Songaila,Lithuania,Olympic Appearance,,2004,,,,Award,Olympic,Appearance,,2443,Darius Songaila
2443.0,Darius,Songaila,Lithuania,Olympic Appearance,,2012,,,,Award,Olympic,Appearance,,2443,Darius Songaila
2443.0,Darius,Songaila,Lithuania,Olympic Bronze Medal,,2000,,,,Award,Olympic,Bronze,,2443,Darius Songaila
600009.0,Rory,Sparrow,New York Knicks,J. Walter Kennedy Citizenship,,1985-86,,,,Award,Kia Motors,KIWKC,,600009,Rory Sparrow
201578.0,Marreese,Speights,Golden State Warriors,NBA Champion,,2014-15,,,,Award,Champion,,,201578,Marreese Speights
280.0,Felton,Spencer,Minnesota Timberwolves,All-Rookie Team,2,1990-91,,,1610612750,Award,Kia Motors,KIART,,280,Felton Spencer
201168.0,Tiago,Splitter,San Antonio Spurs,NBA Champion,,2013-14,,,,Award,Champion,,,201168,Tiago Splitter
201168.0,Tiago,Splitter,Brazil,Olympic Appearance,,2012,,,,Award,Olympic,Appearance,,201168,Tiago Splitter
84.0,Latrell,Sprewell,Golden State Warriors,All-Defensive Team,2,1993-94,,,1610612744,Award,Kia Motors,KIADT,,84,Latrell Sprewell
84.0,Latrell,Sprewell,Golden State Warriors,All-NBA,1,1993-94,,,1610612744,Award,Kia Motors,KIANT,,84,Latrell Sprewell
84.0,Latrell,Sprewell,Golden State Warriors,All-Rookie Team,2,1992-93,,,1610612744,Award,Kia Motors,KIART,,84,Latrell Sprewell
84.0,Latrell,Sprewell,,NBA All-Star,,1993-94,,,,Award,All-Star,,,84,Latrell Sprewell
84.0,Latrell,Sprewell,,NBA All-Star,,1994-95,,,,Award,All-Star,,,84,Latrell Sprewell
84.0,Latrell,Sprewell,,NBA All-Star,,1996-97,,,,Award,All-Star,,,84,Latrell Sprewell
84.0,Latrell,Sprewell,,NBA All-Star,,2000-01,,,,Award,All-Star,,,84,Latrell Sprewell
78233.0,Larry,Spriggs,Los Angeles Lakers,NBA Champion,,1984-85,,,,Award,Champion,,,78233,Larry Spriggs
1630531.0,Jaden,Springer,Boston Celtics,NBA Champion,,2023-24,,,,Award,Champion,,,1630531,Jaden Springer
711.0,Jerry,Stackhouse,Philadelphia 76ers,All-Rookie Team,1,1995-96,,,1610612755,Award,Kia Motors,KIART,,711,Jerry Stackhouse
711.0,Jerry,Stackhouse,,NBA All-Star,,1999-00,,,,Award,All-Star,,,711,Jerry Stackhouse
711.0,Jerry,Stackhouse,,NBA All-Star,,2000-01,,,,Award,All-Star,,,711,Jerry Stackhouse
711.0,Jerry,Stackhouse,Washington Wizards,NBA Player of the Week,,2002-03,,2002-11-10T00:00:00,East,Award,Kia Motors,KIPWK,,711,Jerry Stackhouse
711.0,Jerry,Stackhouse,Philadelphia 76ers,NBA Rookie of the Month,,1995-96,03/01/1996,,,Award,Kia Motors,KIRMO,,711,Jerry Stackhouse
78237.0,Kevin,Stacom,Boston Celtics,NBA Champion,,1975-76,,,,Award,Champion,,,78237,Kevin Stacom
78238.0,Dave,Stallworth,New York Knicks,NBA Champion,,1969-70,,,,Award,Champion,,,78238,Dave Stallworth
317.0,John,Starks,New York Knicks,All-Defensive Team,2,1992-93,,,1610612752,Award,Kia Motors,KIADT,,317,John Starks
317.0,John,Starks,,NBA All-Star,,1993-94,,,,Award,All-Star,,,317,John Starks
317.0,John,Starks,New York Knicks,NBA Sixth Man of the Year,,1996-97,,,,Award,Sporting News,KISMY,,317,John Starks
78245.0,Larry,Steele,Portland Trail Blazers,NBA Champion,,1976-77,,,,Award,Champion,,,78245,Larry Steele
2052.0,DeShawn,Stevenson,Dallas Mavericks,NBA Champion,,2010-11,,,,Award,Champion,,,2052,DeShawn Stevenson
1630191.0,Isaiah,Stewart,Detroit Pistons,All-Rookie Team,2,2020-21,,,East,Award,Kia Motors,KIART,,1630191,Isaiah Stewart
1630191.0,Isaiah,Stewart,Detroit Pistons,NBA Defensive Player of the Month,,2025-26,12/1/2025,,East,Award,Kia Motors,KIRMO,,1630191,Isaiah Stewart
1125.0,Larry,Stewart,Washington Bullets,All-Rookie Team,2,1991-92,,,1610612764,Award,Kia Motors,KIART,,1125,Larry Stewart
78257.0,Steve,Stipanovich,Indiana Pacers,All-Rookie Team,1,1983-84,,,1610612754,Award,Kia Motors,KIART,,78257,Steve Stipanovich
304.0,John,Stockton,Utah Jazz,All-Defensive Team,2,1988-89,,,1610612762,Award,Kia Motors,KIADT,,304,John Stockton
304.0,John,Stockton,Utah Jazz,All-Defensive Team,2,1990-91,,,1610612762,Award,Kia Motors,KIADT,,304,John Stockton
304.0,John,Stockton,Utah Jazz,All-Defensive Team,2,1991-92,,,1610612762,Award,Kia Motors,KIADT,,304,John Stockton
304.0,John,Stockton,Utah Jazz,All-Defensive Team,2,1994-95,,,1610612762,Award,Kia Motors,KIADT,,304,John Stockton
304.0,John,Stockton,Utah Jazz,All-Defensive Team,2,1996-97,,,1610612762,Award,Kia Motors,KIADT,,304,John Stockton
304.0,John,Stockton,Utah Jazz,All-NBA,2,1987-88,,,1610612762,Award,Kia Motors,KIANT,,304,John Stockton
304.0,John,Stockton,Utah Jazz,All-NBA,2,1988-89,,,1610612762,Award,Kia Motors,KIANT,,304,John Stockton
304.0,John,Stockton,Utah Jazz,All-NBA,2,1989-90,,,1610612762,Award,Kia Motors,KIANT,,304,John Stockton
304.0,John,Stockton,Utah Jazz,All-NBA,3,1990-91,,,1610612762,Award,Kia Motors,KIANT,,304,John Stockton
304.0,John,Stockton,Utah Jazz,All-NBA,2,1991-92,,,1610612762,Award,Kia Motors,KIANT,,304,John Stockton
304.0,John,Stockton,Utah Jazz,All-NBA,2,1992-93,,,1610612762,Award,Kia Motors,KIANT,,304,John Stockton
304.0,John,Stockton,Utah Jazz,All-NBA,1,1993-94,,,1610612762,Award,Kia Motors,KIANT,,304,John Stockton
304.0,John,Stockton,Utah Jazz,All-NBA,1,1994-95,,,1610612762,Award,Kia Motors,KIANT,,304,John Stockton
304.0,John,Stockton,Utah Jazz,All-NBA,2,1995-96,,,1610612762,Award,Kia Motors,KIANT,,304,John Stockton
304.0,John,Stockton,Utah Jazz,All-NBA,3,1996-97,,,1610612762,Award,Kia Motors,KIANT,,304,John Stockton
304.0,John,Stockton,Utah Jazz,All-NBA,3,1998-99,,,1610612762,Award,Kia Motors,KIANT,,304,John Stockton
304.0,John,Stockton,,Hall of Fame Inductee,,2009,,,,Award,Hall of Fame,,,304,John Stockton
304.0,John,Stockton,,NBA All-Star,,1988-89,,,,Award,All-Star,,,304,John Stockton
304.0,John,Stockton,,NBA All-Star,,1989-90,,,,Award,All-Star,,,304,John Stockton
304.0,John,Stockton,,NBA All-Star,,1990-91,,,,Award,All-Star,,,304,John Stockton
304.0,John,Stockton,,NBA All-Star,,1991-92,,,,Award,All-Star,,,304,John Stockton
304.0,John,Stockton,,NBA All-Star,,1992-93,,,,Award,All-Star,,,304,John Stockton
304.0,John,Stockton,,NBA All-Star,,1993-94,,,,Award,All-Star,,,304,John Stockton
304.0,John,Stockton,,NBA All-Star,,1994-95,,,,Award,All-Star,,,304,John Stockton
304.0,John,Stockton,,NBA All-Star,,1995-96,,,,Award,All-Star,,,304,John Stockton
304.0,John,Stockton,,NBA All-Star,,1996-97,,,,Award,All-Star,,,304,John Stockton
304.0,John,Stockton,,NBA All-Star,,1999-00,,,,Award,All-Star,,,304,John Stockton
304.0,John,Stockton,Utah Jazz,NBA All-Star Most Valuable Player,,1992-93,,,,Award,Kia Motors,KAMVP,,304,John Stockton
304.0,John,Stockton,Utah Jazz,NBA Player of the Month,,1987-88,02/01/1988,,,Award,Kia Motors,KIPMO,,304,John Stockton
304.0,John,Stockton,Utah Jazz,NBA Player of the Week,,1987-88,,1988-02-21T00:00:00,,Award,Kia Motors,KIPWK,,304,John Stockton
304.0,John,Stockton,Utah Jazz,NBA Player of the Week,,1989-90,,1989-11-19T00:00:00,,Award,Kia Motors,KIPWK,,304,John Stockton
304.0,John,Stockton,Utah Jazz,NBA Player of the Week,,1990-91,,1990-12-09T00:00:00,,Award,Kia Motors,KIPWK,,304,John Stockton
304.0,John,Stockton,Utah Jazz,NBA Player of the Week,,1991-92,,1992-02-16T00:00:00,,Award,Kia Motors,KIPWK,,304,John Stockton
304.0,John,Stockton,Utah Jazz,NBA Player of the Week,,1994-95,,1995-01-29T00:00:00,,Award,Kia Motors,KIPWK,,304,John Stockton
304.0,John,Stockton,Utah Jazz,NBA Player of the Week,,2000-01,,2000-11-06T00:00:00,,Award,Kia Motors,KIPWK,,304,John Stockton
304.0,John,Stockton,USA,Olympic Gold Medal,,1992,,,,Award,Olympic,Gold,,304,John Stockton
304.0,John,Stockton,USA,Olympic Gold Medal,,1996,,,,Award,Olympic,Gold,,304,John Stockton
978.0,Peja,Stojakovic,Sacramento Kings,All-NBA,2,2003-04,,,1610612758,Award,Kia Motors,KIANT,,978,Peja Stojakovic
978.0,Peja,Stojakovic,,NBA All-Star,,2001-02,,,,Award,All-Star,,,978,Peja Stojakovic
978.0,Peja,Stojakovic,,NBA All-Star,,2002-03,,,,Award,All-Star,,,978,Peja Stojakovic
978.0,Peja,Stojakovic,,NBA All-Star,,2003-04,,,,Award,All-Star,,,978,Peja Stojakovic
978.0,Peja,Stojakovic,Dallas Mavericks,NBA Champion,,2010-11,,,,Award,Champion,,,978,Peja Stojakovic
978.0,Peja,Stojakovic,Sacramento Kings,NBA Player of the Month,,2003-04,11/01/2003,,West,Award,Kia Motors,KIPMO,,978,Peja Stojakovic
978.0,Peja,Stojakovic,Sacramento Kings,NBA Player of the Week,,2002-03,,2003-03-23T00:00:00,West,Award,Kia Motors,KIPWK,,978,Peja Stojakovic
978.0,Peja,Stojakovic,Sacramento Kings,NBA Player of the Week,,2003-04,,2003-12-14T00:00:00,West,Award,Kia Motors,KIPWK,,978,Peja Stojakovic
978.0,Peja,Stojakovic,Serbia & Montenegro,Olympic Appearance,,2000,,,,Award,Olympic,Appearance,,978,Peja Stojakovic
600016.0,Maurice,Stokes,Rochester Royals,All-NBA,2,1955-56,,,1610612758,Award,Kia Motors,KIANT,,600016,Maurice Stokes
600016.0,Maurice,Stokes,Rochester Royals,All-NBA,2,1956-57,,,1610612758,Award,Kia Motors,KIANT,,600016,Maurice Stokes
600016.0,Maurice,Stokes,Cincinnati Royals,All-NBA,2,1957-58,,,1610612758,Award,Kia Motors,KIANT,,600016,Maurice Stokes
600016.0,Maurice,Stokes,,Hall of Fame Inductee,,2004,,,,Award,Hall of Fame,,,600016,Maurice Stokes
600016.0,Maurice,Stokes,,NBA All-Star,,1955-56,,,,Award,All-Star,,,600016,Maurice Stokes
600016.0,Maurice,Stokes,,NBA All-Star,,1956-57,,,,Award,All-Star,,,600016,Maurice Stokes
600016.0,Maurice,Stokes,,NBA All-Star,,1957-58,,,,Award,All-Star,,,600016,Maurice Stokes
600016.0,Maurice,Stokes,Rochester Royals,NBA Rookie of the Year,,1955-56,,,,Award,Kia Motors,KIROY,,600016,Maurice Stokes
757.0,Damon,Stoudamire,Toronto Raptors,All-Rookie Team,1,1995-96,,,1610612761,Award,Kia Motors,KIART,,757,Damon Stoudamire
757.0,Damon,Stoudamire,Toronto Raptors,NBA Rookie of the Year,,1995-96,,,,Award,Kia Motors,KIROY,,757,Damon Stoudamire
757.0,Damon,Stoudamire,Toronto Raptors,NBA Sporting News Rookie of the Year,,1995-96,,,,Award,Sporting News,SNROY,,757,Damon Stoudamire
757.0,Damon,Stoudemire,Toronto Raptors,NBA Rookie of the Month,,1995-96,01/01/1996,,,Award,Kia Motors,KIRMO,,757,Damon Stoudamire
757.0,Damon,Stoudemire,Toronto Raptors,NBA Rookie of the Month,,1995-96,11/01/1995,,,Award,Kia Motors,KIRMO,,757,Damon Stoudamire
2405.0,Amar'e,Stoudemire,Phoenix Suns,All-NBA,2,2004-05,,,1610612756,Award,Kia Motors,KIANT,,2405,Amar'e Stoudemire
2405.0,Amar'e,Stoudemire,Phoenix Suns,All-NBA,1,2006-07,,,1610612756,Award,Kia Motors,KIANT,,2405,Amar'e Stoudemire
2405.0,Amar'e,Stoudemire,Phoenix Suns,All-NBA,2,2007-08,,,1610612756,Award,Kia Motors,KIANT,,2405,Amar'e Stoudemire
2405.0,Amar'e,Stoudemire,Phoenix Suns,All-NBA,2,2009-10,,,1610612756,Award,Kia Motors,KIANT,,2405,Amar'e Stoudemire
2405.0,Amar'e,Stoudemire,New York Knicks,All-NBA,2,2010-11,,,1610612752,Award,Kia Motors,KIANT,,2405,Amar'e Stoudemire
2405.0,Amar'e,Stoudemire,Phoenix Suns,All-Rookie Team,1,2002-03,,,1610612756,Award,Kia Motors,KIART,,2405,Amar'e Stoudemire
2405.0,Amar'e,Stoudemire,,NBA All-Star,,2004-05,,,,Award,All-Star,,,2405,Amar'e Stoudemire
2405.0,Amar'e,Stoudemire,,NBA All-Star,,2006-07,,,,Award,All-Star,,,2405,Amar'e Stoudemire
2405.0,Amar'e,Stoudemire,,NBA All-Star,,2007-08,,,,Award,All-Star,,,2405,Amar'e Stoudemire
2405.0,Amar'e,Stoudemire,,NBA All-Star,,2008-09,,,,Award,All-Star,,,2405,Amar'e Stoudemire
2405.0,Amar'e,Stoudemire,,NBA All-Star,,2009-10,,,,Award,All-Star,,,2405,Amar'e Stoudemire
2405.0,Amar'e,Stoudemire,,NBA All-Star,,2010-11,,,,Award,All-Star,,,2405,Amar'e Stoudemire
2405.0,Amar'e,Stoudemire,Phoenix Suns,NBA Player of the Week,,2004-05,,2004-11-21T00:00:00,West,Award,Kia Motors,KIPWK,,2405,Amar'e Stoudemire
2405.0,Amar'e,Stoudemire,Phoenix Suns,NBA Player of the Week,,2004-05,,2004-12-12T00:00:00,West,Award,Kia Motors,KIPWK,,2405,Amar'e Stoudemire
2405.0,Amar'e,Stoudemire,Phoenix Suns,NBA Player of the Week,,2006-07,,2007-02-25T00:00:00,West,Award,Kia Motors,KIPWK,,2405,Amar'e Stoudemire
2405.0,Amar'e,Stoudemire,Phoenix Suns,NBA Player of the Week,,2007-08,,2008-02-10T00:00:00,West,Award,Kia Motors,KIPWK,,2405,Amar'e Stoudemire
2405.0,Amar'e,Stoudemire,Phoenix Suns,NBA Player of the Week,,2007-08,,2008-03-16T00:00:00,West,Award,Kia Motors,KIPWK,,2405,Amar'e Stoudemire
2405.0,Amar'e,Stoudemire,Phoenix Suns,NBA Player of the Week,,2008-09,,2008-11-10T00:00:00,West,Award,Kia Motors,KIPWK,,2405,Amar'e Stoudemire
2405.0,Amar'e,Stoudemire,New York Knicks,NBA Player of the Week,,2010-11,,2010-11-22T00:00:00,East,Award,Kia Motors,KIPWK,,2405,Amar'e Stoudemire
2405.0,Amar'e,Stoudemire,New York Knicks,NBA Player of the Week,,2010-11,,2010-12-06T00:00:00,East,Award,Kia Motors,KIPWK,,2405,Amar'e Stoudemire
2405.0,Amare,Stoudemire,Phoenix Suns,NBA Player of the Month,,2004-05,04/01/2005,,West,Award,Kia Motors,KIPMO,,2405,Amar'e Stoudemire
2405.0,Amare,Stoudemire,Phoenix Suns,NBA Player of the Month,,2009-10,03/01/2010,,West,Award,Kia Motors,KIPMO,,2405,Amar'e Stoudemire
2405.0,Amare,Stoudemire,Phoenix Suns,NBA Rookie of the Month,,2002-03,01/01/2003,,West,Award,Kia Motors,KIRMO,,2405,Amar'e Stoudemire
2405.0,Amare,Stoudemire,Phoenix Suns,NBA Rookie of the Month,,2002-03,04/01/2003,,West,Award,Kia Motors,KIRMO,,2405,Amar'e Stoudemire
2405.0,Amare,Stoudemire,Phoenix Suns,NBA Rookie of the Year,,2002-03,,,,Award,Kia Motors,KIROY,,2405,Amar'e Stoudemire
2405.0,Amare,Stoudemire,USA,Olympic Bronze Medal,,2004,,,,Award,Olympic,Bronze,,2405,Amar'e Stoudemire
393.0,Rod,Strickland,Washington Wizards,All-NBA,2,1997-98,,,1610612764,Award,Kia Motors,KIANT,,393,Rod Strickland
393.0,Rod,Strickland,New York Knicks,All-Rookie Team,2,1988-89,,,1610612752,Award,Kia Motors,KIART,,393,Rod Strickland
393.0,Rod,Strickland,Portland Trail Blazers,NBA Player of the Week,,1994-95,,1995-02-26T00:00:00,,Award,Kia Motors,KIPWK,,393,Rod Strickland
201155.0,Rodney,Stuckey,Detroit Pistons,All-Rookie Team,2,2007-08,,,1610612765,Award,Kia Motors,KIART,,201155,Rodney Stuckey
201155.0,Rodney,Stuckey,Detroit Pistons,NBA Player of the Week,,2008-09,,2009-01-05T00:00:00,East,Award,Kia Motors,KIPWK,,201155,Rodney Stuckey
201155.0,Rodney,Stuckey,Detroit Pistons,NBA Player of the Week,,2009-10,,2009-12-14T00:00:00,East,Award,Kia Motors,KIPWK,,201155,Rodney Stuckey
1630591.0,Jalen,Suggs,Orlando Magic,All-Defensive Team,2,2023-24,,,East,Award,Kia Motors,KIADT,,1630591,Jalen Suggs
203096.0,Jared,Sullinger,Boston Celtics,NBA Player of the Week,,2013-14,,2014-02-10T00:00:00,East,Award,Kia Motors,KIPWK,,203096,Jared Sullinger
78278.0,Don,Sunderlage,,NBA All-Star,,1953-54,,,,Award,All-Star,,,78278,Don Sunderlage
78283.0,Bennie,Swain,Boston Celtics,NBA Champion,,1958-59,,,,Award,Champion,,,78283,Bennie Swain
78285.0,Dan,Swartz,Boston Celtics,NBA Champion,,1962-63,,,,Award,Champion,,,78285,Dan Swartz
1887.0,Wally,Szczerbiak,Minnesota Timberwolves,All-Rookie Team,1,1999-00,,,1610612750,Award,Kia Motors,KIART,,1887,Wally Szczerbiak
1887.0,Wally,Szczerbiak,,NBA All-Star,,2001-02,,,,Award,All-Star,,,1887,Wally Szczerbiak
440.0,Zan,Tabak,Houston Rockets,NBA Champion,,1994-95,,,,Award,Champion,,,440,Zan Tabak
440.0,Zan,Tabak,Croatia,Olympic Appearance,,1996,,,,Award,Olympic,Appearance,,440,Zan Tabak
440.0,Zan,Tabak,Croatia,Olympic Silver Medal,,1992,,,,Award,Olympic,Silver,,440,Zan Tabak
1434.0,Dragan,Tarlac,Serbia & Montenegro,Olympic Appearance,,2000,,,,Award,Olympic,Appearance,,1434,Dragan Tarlac
78293.0,Roy,Tarpley,Dallas Mavericks,All-Rookie Team,1,1986-87,,,1610612742,Award,Kia Motors,KIART,,78293,Roy Tarpley
78293.0,Roy,Tarpley,Dallas Mavericks,NBA Player of the Week,,1987-88,,1988-02-28T00:00:00,,Award,Kia Motors,KIPWK,,78293,Roy Tarpley
78293.0,Roy,Tarpley,Dallas Mavericks,NBA Sixth Man of the Year,,1987-88,,,,Award,Sporting News,KISMY,,78293,Roy Tarpley
1630256.0,Jae'Sean,Tate,Houston Rockets,All-Rookie Team,1,2020-21,,,West,Award,Kia Motors,KIART,,1630256,Jae'Sean Tate
1628369.0,Jayson,Tatum,Boston Celtics,All-NBA,3,2019-20,,,East,Award,Kia Motors,KIANT,,1628369,Jayson Tatum
1628369.0,Jayson,Tatum,Boston Celtics,All-NBA,1,2021-22,,,East,Award,Kia Motors,KIANT,,1628369,Jayson Tatum
1628369.0,Jayson,Tatum,Boston Celtics,All-NBA,1,2022-23,,,East,Award,Kia Motors,KIANT,,1628369,Jayson Tatum
1628369.0,Jayson,Tatum,Boston Celtics,All-NBA,1,2023-24,,,East,Award,Kia Motors,KIANT,,1628369,Jayson Tatum
1628369.0,Jayson,Tatum,Boston Celtics,All-NBA,1,2024-25,,,East,Award,Kia Motors,KIANT,,1628369,Jayson Tatum
1628369.0,Jayson,Tatum,Boston Celtics,All-Rookie Team,1,2017-18,,,East,Award,Kia Motors,KIART,,1628369,Jayson Tatum
1628369.0,Jayson,Tatum,,NBA All-Star,,2019-20,,,,Award,All-Star,,,1628369,Jayson Tatum
1628369.0,Jayson,Tatum,,NBA All-Star,,2020-21,,,,Award,All-Star,,,1628369,Jayson Tatum
1628369.0,Jayson,Tatum,,NBA All-Star,,2021-22,,,,Award,All-Star,,,1628369,Jayson Tatum
1628369.0,Jayson,Tatum,,NBA All-Star,,2022-23,,,,Award,All-Star,,,1628369,Jayson Tatum
1628369.0,Jayson,Tatum,,NBA All-Star,,2023-24,,,,Award,All-Star,,,1628369,Jayson Tatum
1628369.0,Jayson,Tatum,,NBA All-Star,,2024-25,,,,Award,All-Star,,,1628369,Jayson Tatum
1628369.0,Jayson,Tatum,Boston Celtics,NBA All-Star Most Valuable Player,,2022-23,,,,Award,Kia Motors,KAMVP,,1628369,Jayson Tatum
1628369.0,Jayson,Tatum,Boston Celtics,NBA Champion,,2023-24,,,,Award,Champion,,,1628369,Jayson Tatum
1628369.0,Jayson,Tatum,Boston Celtics,NBA Player of the Month,,2019-20,2/1/2020,,East,Award,Kia Motors,KIPMO,,1628369,Jayson Tatum
1628369.0,Jayson,Tatum,Boston Celtics,NBA Player of the Month,,2022-23,11/1/2022,,East,Award,Kia Motors,KIPMO,,1628369,Jayson Tatum
1628369.0,Jayson,Tatum,Boston Celtics,NBA Player of the Month,,2023-24,11/1/2023,,East,Award,Kia Motors,KIPMO,,1628369,Jayson Tatum
1628369.0,Jayson,Tatum,Boston Celtics,NBA Player of the Month,,2023-24,2/1/2024,,East,Award,Kia Motors,KIPMO,,1628369,Jayson Tatum
1628369.0,Jayson,Tatum,Boston Celtics,NBA Player of the Month,,2024-25,11/1/2024,,East,Award,Kia Motors,KIPMO,,1628369,Jayson Tatum
1628369.0,Jayson,Tatum,Boston Celtics,NBA Player of the Week,,2019-20,,2020-02-03T00:00:00,East,Award,Kia Motors,KIPWK,,1628369,Jayson Tatum
1628369.0,Jayson,Tatum,Boston Celtics,NBA Player of the Week, ,2020-21,,2021-01-04T00:00:00,East,Award,Kia Motors,KIPWK,,1628369,Jayson Tatum
1628369.0,Jayson,Tatum,Boston Celtics,NBA Player of the Week,,2020-21,,2021-04-05T00:00:00,East,Award,Kia Motors,KIPWK,,1628369,Jayson Tatum
1628369.0,Jayson,Tatum,Boston Celtics,NBA Player of the Week,,2020-21,,2021-04-26T00:00:00,East,Award,Kia Motors,KIPWK,,1628369,Jayson Tatum
1628369.0,Jayson,Tatum,Boston Celtics,NBA Player of the Week,,2021-22,,2021-12-13T00:00:00,East,Award,Kia Motors,KIPWK,,1628369,Jayson Tatum
1628369.0,Jayson,Tatum,Boston Celtics,NBA Player of the Week,,2021-22,,2022-02-28T00:00:00,East,Award,Kia Motors,KIPWK,,1628369,Jayson Tatum
1628369.0,Jayson,Tatum,Boston Celtics,NBA Player of the Week,,2021-22,,2022-03-14T00:00:00,East,Award,Kia Motors,KIPWK,,1628369,Jayson Tatum
1628369.0,Jayson,Tatum,Boston Celtics,NBA Player of the Week,,2021-22,,2022-03-21T00:00:00,East,Award,Kia Motors,KIPWK,,1628369,Jayson Tatum
1628369.0,Jayson,Tatum,Boston Celtics,NBA Player of the Week,,2022-23,,2022-10-17T00:00:00,East,Award,Kia Motors,KIPWK,,1628369,Jayson Tatum
1628369.0,Jayson,Tatum,Boston Celtics,NBA Player of the Week,,2023-24,,2023-10-30T00:00:00,East,Award,Kia Motors,KIPWK,,1628369,Jayson Tatum
1628369.0,Jayson,Tatum,Boston Celtics,NBA Player of the Week,,2024-25,,2024-10-21T00:00:00,East,Award,Kia Motors,KIPWK,,1628369,Jayson Tatum
1628369.0,Jayson,Tatum,Boston Celtics,NBA Player of the Week,,2024-25,,2024-12-30T00:00:00,East,Award,Kia Motors,KIPWK,,1628369,Jayson Tatum
1628369.0,Jayson,Tatum,Boston Celtics,NBA Rookie of the Month,,2017-18,2/1/2018,1900-01-01T12:00:00,East,Award,Kia Motors,KIRMO,,1628369,Jayson Tatum
1628369.0,Jayson,Tatum,USA,Olympic Gold Medal,,2020,,,,Award,Olympic,Gold,,1628369,Jayson Tatum
1628369.0,Jayson,Tatum,USA,Olympic Gold Medal,,2024,,,,Award,Olympic,Gold,,1628369,Jayson Tatum
78296.0,Brian,Taylor,Kansas City Kings,All-Defensive Team,2,1976-77,,,1610612758,Award,Kia Motors,KIADT,,78296,Brian Taylor
1508.0,Maurice,Taylor,Los Angeles Clippers,All-Rookie Team,2,1997-98,,,1610612746,Award,Kia Motors,KIART,,1508,Maurice Taylor
78304.0,Terry,Teagle,Golden State Warriors,NBA Player of the Week,,1989-90,,1990-01-07T00:00:00,,Award,Kia Motors,KIPWK,,78304,Terry Teagle
201952.0,Jeff,Teague,,NBA All-Star,,2014-15,,,,Award,All-Star,,,201952,Jeff Teague
201952.0,Jeff,Teague,Milwaukee Bucks,NBA Champion,,2020-21,,,,Award,Champion,,,201952,Jeff Teague
201952.0,Jeff,Teague,Atlanta Hawks,NBA Player of the Month,,2014-15,1/1/2015,,East,Award,Kia Motors,KIPMO,,201952,Jeff Teague
201952.0,Jeff,Teague,Atlanta Hawks,NBA Player of the Week,,2013-14,,2014-04-14T00:00:00,East,Award,Kia Motors,KIPWK,,201952,Jeff Teague
201952.0,Jeff,Teague,Atlanta Hawks,NBA Player of the Week,,2014-15,,2014-12-29T00:00:00,East,Award,Kia Motors,KIPWK,,201952,Jeff Teague
1891.0,Jason,Terry,Atlanta Hawks,All-Rookie Team,2,1999-00,,,1610612737,Award,Kia Motors,KIART,,1891,Jason Terry
1891.0,Jason,Terry,Dallas Mavericks,NBA Champion,,2010-11,,,,Award,Champion,,,1891,Jason Terry
1891.0,Jason,Terry,Dallas Mavericks,NBA Player of the Week,,2004-05,,2005-01-23T00:00:00,West,Award,Kia Motors,KIPWK,,1891,Jason Terry
1891.0,Jason,Terry,Dallas Mavericks,NBA Sixth Man of the Year,,2008-09,,,,Award,Sporting News,KISMY,,1891,Jason Terry
78309.0,Tom,Thacker,Boston Celtics,NBA Champion,,1967-68,,,,Award,Champion,,,78309,Tom Thacker
78310.0,Reggie,Theus,Chicago Bulls,All-Rookie Team,1,1978-79,,,1610612741,Award,Kia Motors,KIART,,78310,Reggie Theus
78310.0,Reggie,Theus,,NBA All-Star,,1980-81,,,,Award,All-Star,,,78310,Reggie Theus
78310.0,Reggie,Theus,,NBA All-Star,,1982-83,,,,Award,All-Star,,,78310,Reggie Theus
78310.0,Reggie,Theus,Chicago Bulls,NBA Player of the Week,,1982-83,,1982-11-07T00:00:00,,Award,Kia Motors,KIPWK,,78310,Reggie Theus
78314.0,David,Thirdkill,Boston Celtics,NBA Champion,,1985-86,,,,Award,Champion,,,78314,David Thirdkill
202738.0,Isaiah,Thomas,Boston Celtics,All-NBA,2,2016-17,,,East,Award,Kia Motors,KIANT,,202738,Isaiah Thomas
202738.0,Isaiah,Thomas,Sacramento Kings,All-Rookie Team,2,2011-12,,,1610612758,Award,Kia Motors,KIART,,202738,Isaiah Thomas
202738.0,Isaiah,Thomas,,NBA All-Star,,2015-16,,,,Award,All-Star,,,202738,Isaiah Thomas
202738.0,Isaiah,Thomas,,NBA All-Star,,2016-17,,,,Award,All-Star,,,202738,Isaiah Thomas
202738.0,Isaiah,Thomas,Boston Celtics,NBA Player of the Month,,2016-17,1/1/2017,,East,Award,Kia Motors,KIPMO,,202738,Isaiah Thomas
202738.0,Isaiah,Thomas,Boston Celtics,NBA Player of the Week,,2014-15,,2015-02-23T00:00:00,East,Award,Kia Motors,KIPWK,,202738,Isaiah Thomas
202738.0,Isaiah,Thomas,Boston Celtics,NBA Player of the Week,,2014-15,,2015-04-06T00:00:00,East,Award,Kia Motors,KIPWK,,202738,Isaiah Thomas
202738.0,Isaiah,Thomas,Boston Celtics,NBA Player of the Week,,2015-16,,2016-02-08T00:00:00,East,Award,Kia Motors,KIPWK,,202738,Isaiah Thomas
202738.0,Isaiah,Thomas,Boston Celtics,NBA Player of the Week,,2016-17,,2016-12-26T00:00:00,East,Award,Kia Motors,KIPWK,,202738,Isaiah Thomas
202738.0,Isaiah,Thomas,Boston Celtics,NBA Player of the Week,,2016-17,,2017-02-06T00:00:00,East,Award,Kia Motors,KIPWK,,202738,Isaiah Thomas
202738.0,Isaiah,Thomas,Sacramento Kings,NBA Rookie of the Month,,2011-12,02/01/2012,,West,Award,Kia Motors,KIRMO,,202738,Isaiah Thomas
202738.0,Isaiah,Thomas,Sacramento Kings,NBA Rookie of the Month,,2011-12,03/01/2012,,West,Award,Kia Motors,KIRMO,,202738,Isaiah Thomas
78318.0,Isiah,Thomas,Detroit Pistons,All-NBA,2,1982-83,,,1610612765,Award,Kia Motors,KIANT,,78318,Isiah Thomas
78318.0,Isiah,Thomas,Detroit Pistons,All-NBA,1,1983-84,,,1610612765,Award,Kia Motors,KIANT,,78318,Isiah Thomas
78318.0,Isiah,Thomas,Detroit Pistons,All-NBA,1,1984-85,,,1610612765,Award,Kia Motors,KIANT,,78318,Isiah Thomas
78318.0,Isiah,Thomas,Detroit Pistons,All-NBA,1,1985-86,,,1610612765,Award,Kia Motors,KIANT,,78318,Isiah Thomas
78318.0,Isiah,Thomas,Detroit Pistons,All-NBA,2,1986-87,,,1610612765,Award,Kia Motors,KIANT,,78318,Isiah Thomas
78318.0,Isiah,Thomas,Detroit Pistons,All-Rookie Team,1,1981-82,,,1610612765,Award,Kia Motors,KIART,,78318,Isiah Thomas
78318.0,Isiah,Thomas,,Hall of Fame Inductee,,2000,,,,Award,Hall of Fame,,,78318,Isiah Thomas
78318.0,Isiah,Thomas,Detroit Pistons,J. Walter Kennedy Citizenship,,1986-87,,,,Award,Kia Motors,KIWKC,,78318,Isiah Thomas
78318.0,Isiah,Thomas,,NBA All-Star,,1981-82,,,,Award,All-Star,,,78318,Isiah Thomas
78318.0,Isiah,Thomas,,NBA All-Star,,1982-83,,,,Award,All-Star,,,78318,Isiah Thomas
78318.0,Isiah,Thomas,,NBA All-Star,,1983-84,,,,Award,All-Star,,,78318,Isiah Thomas
78318.0,Isiah,Thomas,,NBA All-Star,,1984-85,,,,Award,All-Star,,,78318,Isiah Thomas
78318.0,Isiah,Thomas,,NBA All-Star,,1985-86,,,,Award,All-Star,,,78318,Isiah Thomas
78318.0,Isiah,Thomas,,NBA All-Star,,1986-87,,,,Award,All-Star,,,78318,Isiah Thomas
78318.0,Isiah,Thomas,,NBA All-Star,,1987-88,,,,Award,All-Star,,,78318,Isiah Thomas
78318.0,Isiah,Thomas,,NBA All-Star,,1988-89,,,,Award,All-Star,,,78318,Isiah Thomas
78318.0,Isiah,Thomas,,NBA All-Star,,1989-90,,,,Award,All-Star,,,78318,Isiah Thomas
78318.0,Isiah,Thomas,,NBA All-Star,,1990-91,,,,Award,All-Star,,,78318,Isiah Thomas
78318.0,Isiah,Thomas,,NBA All-Star,,1991-92,,,,Award,All-Star,,,78318,Isiah Thomas
78318.0,Isiah,Thomas,,NBA All-Star,,1992-93,,,,Award,All-Star,,,78318,Isiah Thomas
78318.0,Isiah,Thomas,Detroit Pistons,NBA All-Star Most Valuable Player,,1983-84,,,,Award,Kia Motors,KAMVP,,78318,Isiah Thomas
78318.0,Isiah,Thomas,Detroit Pistons,NBA All-Star Most Valuable Player,,1985-86,,,,Award,Kia Motors,KAMVP,,78318,Isiah Thomas
78318.0,Isiah,Thomas,Detroit Pistons,NBA Champion,,1988-89,,,,Award,Champion,,,78318,Isiah Thomas
78318.0,Isiah,Thomas,Detroit Pistons,NBA Champion,,1989-90,,,,Award,Champion,,,78318,Isiah Thomas
78318.0,Isiah,Thomas,Detroit Pistons,NBA Finals Most Valuable Player,,1989-90,,,,Award,Kia Motors,KFMVP,,78318,Isiah Thomas
78318.0,Isiah,Thomas,Detroit Pistons,NBA Player of the Week,,1982-83,,1982-12-19T00:00:00,,Award,Kia Motors,KIPWK,,78318,Isiah Thomas
78318.0,Isiah,Thomas,Detroit Pistons,NBA Player of the Week,,1983-84,,1984-01-01T00:00:00,,Award,Kia Motors,KIPWK,,78318,Isiah Thomas
78318.0,Isiah,Thomas,Detroit Pistons,NBA Player of the Week,,1983-84,,1984-04-01T00:00:00,,Award,Kia Motors,KIPWK,,78318,Isiah Thomas
78318.0,Isiah,Thomas,Detroit Pistons,NBA Player of the Week,,1984-85,,1985-01-06T00:00:00,,Award,Kia Motors,KIPWK,,78318,Isiah Thomas
78318.0,Isiah,Thomas,Detroit Pistons,NBA Player of the Week,,1986-87,,1987-01-11T00:00:00,,Award,Kia Motors,KIPWK,,78318,Isiah Thomas
78318.0,Isiah,Thomas,Detroit Pistons,NBA Player of the Week,,1988-89,,1989-03-12T00:00:00,,Award,Kia Motors,KIPWK,,78318,Isiah Thomas
78318.0,Isiah,Thomas,Detroit Pistons,NBA Rookie of the Month,,1981-82,11/01/1981,,,Award,Kia Motors,KIRMO,,78318,Isiah Thomas
78318.0,Isiah,Thomas,Detroit Pistons,NBA Sporting News Rookie of the Year,,1981-82,,,,Award,Sporting News,SNROY,,78318,Isiah Thomas
703.0,Kurt,Thomas,New York Knicks,NBA Player of the Week,,2001-02,,2002-03-10T00:00:00,East,Award,Kia Motors,KIPWK,,703,Kurt Thomas
1501.0,Tim,Thomas,Philadelphia 76ers,All-Rookie Team,2,1997-98,,,1610612755,Award,Kia Motors,KIART,,1501,Tim Thomas
200748.0,Tyrus,Thomas,Chicago Bulls,All-Rookie Team,2,2006-07,,,1610612741,Award,Kia Motors,KIART,,200748,Tyrus Thomas
1641708.0,Amen,Thompson,Houston Rockets,All-Defensive Team,1,2024-25,,,West,Award,Kia Motors,KIADT,,1641708,Amen Thompson
1641708.0,Amen,Thompson,Houston Rockets,All-Rookie Team,2,2023-24,,,West,Award,Kia Motors,KIART,,1641708,Amen Thompson
1641708.0,Amen,Thompson,Houston Rockets,NBA Defensive Player of the Month,,2024-25,1/1/2025,,West,Award,Kia Motors,KIRMO,,1641708,Amen Thompson
1641709.0,Ausur,Thompson,Detroit Pistons,NBA Defensive Player of the Month,,2025-26,1/1/2026,,East,Award,Kia Motors,KIRMO,,1641709,Ausar Thompson
1631.0,Billy,Thompson,Los Angeles Lakers,NBA Champion,,1986-87,,,,Award,Champion,,,1631,Billy Thompson
78326.0,David,Thompson,Denver Nuggets,All-NBA,1,1976-77,,,1610612743,Award,Kia Motors,KIANT,,78326,David Thompson
78326.0,David,Thompson,Denver Nuggets,All-NBA,1,1977-78,,,1610612743,Award,Kia Motors,KIANT,,78326,David Thompson
78326.0,David,Thompson,,Hall of Fame Inductee,,1996,,,,Award,Hall of Fame,,,78326,David Thompson
78326.0,David,Thompson,,NBA All-Star,,1976-77,,,,Award,All-Star,,,78326,David Thompson
78326.0,David,Thompson,,NBA All-Star,,1977-78,,,,Award,All-Star,,,78326,David Thompson
78326.0,David,Thompson,,NBA All-Star,,1978-79,,,,Award,All-Star,,,78326,David Thompson
78326.0,David,Thompson,,NBA All-Star,,1982-83,,,,Award,All-Star,,,78326,David Thompson
78326.0,David,Thompson,Denver Nuggets,NBA All-Star Most Valuable Player,,1978-79,,,,Award,Kia Motors,KAMVP,,78326,David Thompson
78326.0,David,Thompson,Denver Nuggets,NBA Player of the Week,,1980-81,,1980-11-02T00:00:00,,Award,Kia Motors,KIPWK,,78326,David Thompson
78328.0,John,Thompson,,Hall of Fame Inductee,,1962,,,,Award,Hall of Fame,,,78328,John Thompson
78328.0,John,Thompson,Boston Celtics,NBA Champion,,1964-65,,,,Award,Champion,,,78328,John Thompson
78328.0,John,Thompson,Boston Celtics,NBA Champion,,1965-66,,,,Award,Champion,,,78328,John Thompson
202691.0,Klay,Thompson,Golden State Warriors,All-Defensive Team,2,2018-19,,,West,Award,Kia Motors,KIADT,,202691,Klay Thompson
202691.0,Klay,Thompson,Golden State Warriors,All-NBA,3,2014-15,,,1610612744,Award,Kia Motors,KIANT,,202691,Klay Thompson
202691.0,Klay,Thompson,Golden State Warriors,All-NBA,3,2015-16,,,West,Award,Kia Motors,KIANT,,202691,Klay Thompson
202691.0,Klay,Thompson,Golden State Warriors,All-Rookie Team,1,2011-12,,,1610612744,Award,Kia Motors,KIART,,202691,Klay Thompson
202691.0,Klay,Thompson,,NBA All-Star,,2014-15,,,,Award,All-Star,,,202691,Klay Thompson
202691.0,Klay,Thompson,,NBA All-Star,,2015-16,,,,Award,All-Star,,,202691,Klay Thompson
202691.0,Klay,Thompson,,NBA All-Star,,2016-17,,,,Award,All-Star,,,202691,Klay Thompson
202691.0,Klay,Thompson,,NBA All-Star,,2017-18,,,,Award,All-Star,,,202691,Klay Thompson
202691.0,Klay,Thompson,,NBA All-Star,,2018-19,,,,Award,All-Star,,,202691,Klay Thompson
202691.0,Klay,Thompson,Golden State Warriors,NBA Champion,,2014-15,,,,Award,Champion,,,202691,Klay Thompson
202691.0,Klay,Thompson,Golden State Warriors,NBA Champion,,2016-17,,,,Award,Champion,,,202691,Klay Thompson
202691.0,Klay,Thompson,Golden State Warriors,NBA Champion,,2017-18,,,,Award,Champion,,,202691,Klay Thompson
202691.0,Klay,Thompson,Golden State Warriors,NBA Champion,,2021-22,,,,Award,Champion,,,202691,Klay Thompson
202691.0,Klay,Thompson,Golden State Warriors,NBA Player of the Week,,2014-15,,2014-10-28T00:00:00,West,Award,Kia Motors,KIPWK,,202691,Klay Thompson
202691.0,Klay,Thompson,Golden State Warriors,NBA Player of the Week,,2014-15,,2015-01-05T00:00:00,West,Award,Kia Motors,KIPWK,,202691,Klay Thompson
202691.0,Klay,Thompson,Golden State Warriors,NBA Player of the Week,,2014-15,,2015-01-17T00:00:00,West,Award,Kia Motors,KIPWK,,202691,Klay Thompson
202691.0,Klay,Thompson,Golden State Warriors,NBA Player of the Week,,2015-16,,2016-03-28T00:00:00,West,Award,Kia Motors,KIPWK,,202691,Klay Thompson
202691.0,Klay,Thompson,USA,Olympic Gold Medal,,2016,,,,Award,Olympic,Gold,,202691,Klay Thompson
78331.0,Mychal,Thompson,Portland Trail Blazers,All-Rookie Team,1,1978-79,,,1610612757,Award,Kia Motors,KIART,,78331,Mychal Thompson
78331.0,Mychal,Thompson,Los Angeles Lakers,NBA Champion,,1986-87,,,,Award,Champion,,,78331,Mychal Thompson
78331.0,Mychal,Thompson,Los Angeles Lakers,NBA Champion,,1987-88,,,,Award,Champion,,,78331,Mychal Thompson
78331.0,Mychal,Thompson,Portland Trail Blazers,NBA Player of the Week,,1981-82,,1981-11-08T00:00:00,,Award,Kia Motors,KIPWK,,78331,Mychal Thompson
202684.0,Tristan,Thompson,Cleveland Cavaliers,All-Rookie Team,2,2011-12,,,1610612739,Award,Kia Motors,KIART,,202684,Tristan Thompson
202684.0,Tristan,Thompson,Cleveland Cavaliers,NBA Champion,,2015-16,,,,Award,Champion,,,202684,Tristan Thompson
78335.0,Rod,Thorn,Baltimore Bullets,All-Rookie Team,1,1963-64,,,1610610024,Award,Kia Motors,KIART,,78335,Rod Thorn
201154.0,Al,Thornton,Los Angeles Clippers,All-Rookie Team,1,2007-08,,,1610612746,Award,Kia Motors,KIART,,201154,Al Thornton
201977.0,Marcus,Thornton,New Orleans Hornets,All-Rookie Team,2,2009-10,,,1610612740,Award,Kia Motors,KIART,,201977,Marcus Thornton
901.0,Otis,Thorpe,,NBA All-Star,,1991-92,,,,Award,All-Star,,,901,Otis Thorpe
901.0,Otis,Thorpe,Houston Rockets,NBA Champion,,1993-94,,,,Award,Champion,,,901,Otis Thorpe
901.0,Otis,Thorpe,Sacramento Kings,NBA Player of the Week,,1986-87,,1987-01-18T00:00:00,,Award,Kia Motors,KIPWK,,901,Otis Thorpe
901.0,Otis,Thorpe,Houston Rockets,NBA Player of the Week,,1990-91,,1991-02-03T00:00:00,,Award,Kia Motors,KIPWK,,901,Otis Thorpe
600001.0,Nate,Thurmond,San Francisco Warriors,All-Defensive Team,1,1968-69,,,1610612744,Award,Kia Motors,KIADT,,600001,Nate Thurmond
600001.0,Nate,Thurmond,San Francisco Warriors,All-Defensive Team,1,1970-71,,,1610612744,Award,Kia Motors,KIADT,,600001,Nate Thurmond
600001.0,Nate,Thurmond,Golden State Warriors,All-Defensive Team,2,1971-72,,,1610612744,Award,Kia Motors,KIADT,,600001,Nate Thurmond
600001.0,Nate,Thurmond,Golden State Warriors,All-Defensive Team,2,1972-73,,,1610612744,Award,Kia Motors,KIADT,,600001,Nate Thurmond
600001.0,Nate,Thurmond,Golden State Warriors,All-Defensive Team,2,1973-74,,,1610612744,Award,Kia Motors,KIADT,,600001,Nate Thurmond
600001.0,Nate,Thurmond,San Francisco Warriors,All-Rookie Team,1,1963-64,,,1610612744,Award,Kia Motors,KIART,,600001,Nate Thurmond
600001.0,Nate,Thurmond,,Hall of Fame Inductee,,1985,,,,Award,Hall of Fame,,,600001,Nate Thurmond
600001.0,Nate,Thurmond,,NBA All-Star,,1964-65,,,,Award,All-Star,,,600001,Nate Thurmond
600001.0,Nate,Thurmond,,NBA All-Star,,1965-66,,,,Award,All-Star,,,600001,Nate Thurmond
600001.0,Nate,Thurmond,,NBA All-Star,,1966-67,,,,Award,All-Star,,,600001,Nate Thurmond
600001.0,Nate,Thurmond,,NBA All-Star,,1967-68,,,,Award,All-Star,,,600001,Nate Thurmond
600001.0,Nate,Thurmond,,NBA All-Star,,1969-70,,,,Award,All-Star,,,600001,Nate Thurmond
600001.0,Nate,Thurmond,,NBA All-Star,,1972-73,,,,Award,All-Star,,,600001,Nate Thurmond
600001.0,Nate,Thurmond,,NBA All-Star,,1973-74,,,,Award,All-Star,,,600001,Nate Thurmond
1629680.0,Matisse,Thybulle,Philadelphia 76ers,All-Defensive Team,2,2020-21,,,East,Award,Kia Motors,KIADT,,1629680,Matisse Thybulle
1629680.0,Matisse,Thybulle,Philadelphia 76ers,All-Defensive Team,2,2021-22,,,East,Award,Kia Motors,KIADT,,1629680,Matisse Thybulle
1630214.0,Xavier,Tillman,Boston Celtics,NBA Champion,,2023-24,,,,Award,Champion,,,1630214,Xavier Tillman
2224.0,Jamaal,Tinsley,Indiana Pacers,All-Rookie Team,2,2001-02,,,1610612754,Award,Kia Motors,KIART,,2224,Jamaal Tinsley
2224.0,Jamaal,Tinsley,Indiana Pacers,NBA Rookie of the Month,,2001-02,03/01/2002,,East,Award,Kia Motors,KIRMO,,2224,Jamaal Tinsley
2224.0,Jamaal,Tinsley,Indiana Pacers,NBA Rookie of the Month,,2001-02,11/01/2001,,East,Award,Kia Motors,KIRMO,,2224,Jamaal Tinsley
47.0,Wayman,Tisdale,USA,Olympic Gold Medal,,1984,,,,Award,Olympic,Gold,,47,Wayman Tisdale
78350.0,Rudy,Tomjanovich,,NBA All-Star,,1973-74,,,,Award,All-Star,,,78350,Rudy Tomjanovich
78350.0,Rudy,Tomjanovich,,NBA All-Star,,1974-75,,,,Award,All-Star,,,78350,Rudy Tomjanovich
78350.0,Rudy,Tomjanovich,,NBA All-Star,,1975-76,,,,Award,All-Star,,,78350,Rudy Tomjanovich
78350.0,Rudy,Tomjanovich,,NBA All-Star,,1976-77,,,,Award,All-Star,,,78350,Rudy Tomjanovich
78350.0,Rudy,Tomjanovich,,NBA All-Star,,1978-79,,,,Award,All-Star,,,78350,Rudy Tomjanovich
78351.0,Andrew,Toney,,NBA All-Star,,1982-83,,,,Award,All-Star,,,78351,Andrew Toney
78351.0,Andrew,Toney,,NBA All-Star,,1983-84,,,,Award,All-Star,,,78351,Andrew Toney
78351.0,Andrew,Toney,Philadelphia 76ers,NBA Champion,,1982-83,,,,Award,Champion,,,78351,Andrew Toney
78351.0,Andrew,Toney,Philadelphia 76ers,NBA Player of the Week,,1982-83,,1983-03-20T00:00:00,,Award,Kia Motors,KIPWK,,78351,Andrew Toney
1642260.0,Nikola,Topic,Oklahoma City Thunder,NBA Champion,,2024-25,,,,Award,Champion,,,1642260,Nikola Topić
1629308.0,Juan,Toscano-Anderson,Golden State Warriors,NBA Champion,,2021-22,,,,Award,Champion,,,1629308,Juan Toscano-Anderson
1626253.0,Axel,Toupane,Milwaukee Bucks,NBA Champion,,2020-21,,,,Award,Champion,,,1626253,Axel Toupane
1626157.0,Karl-Anthony,Towns,Minnesota Timberwolves,All-NBA,3,2017-18,,,West,Award,Kia Motors,KIANT,,1626157,Karl-Anthony Towns
1626157.0,Karl-Anthony,Towns,Minnesota Timberwolves,All-NBA,3,2021-22,,,West,Award,Kia Motors,KIANT,,1626157,Karl-Anthony Towns
1626157.0,Karl-Anthony,Towns,New York Knicks,All-NBA,3,2024-25,,,East,Award,Kia Motors,KIANT,,1626157,Karl-Anthony Towns
1626157.0,Karl-Anthony,Towns,Minnesota Timberwolves,All-Rookie Team,1,2015-16,,,West,Award,Kia Motors,KIART,,1626157,Karl-Anthony Towns
1626157.0,Karl-Anthony,Towns,,NBA All-Star,,2017-18,,,,Award,All-Star,,,1626157,Karl-Anthony Towns
1626157.0,Karl-Anthony,Towns,,NBA All-Star,,2018-19,,,,Award,All-Star,,,1626157,Karl-Anthony Towns
1626157.0,Karl-Anthony,Towns,,NBA All-Star,,2021-22,,,,Award,All-Star,,,1626157,Karl-Anthony Towns
1626157.0,Karl-Anthony,Towns,,NBA All-Star,,2023-24,,,,Award,All-Star,,,1626157,Karl-Anthony Towns
1626157.0,Karl-Anthony,Towns,,NBA All-Star,,2024-25,,,,Award,All-Star,,,1626157,Karl-Anthony Towns
1626157.0,Karl-Anthony,Towns,,NBA All-Star,,2025-26,,,,Award,All-Star,,,1626157,Karl-Anthony Towns
1626157.0,Karl-Anthony,Towns,New York Knicks,NBA Player of the Month,,2024-25,12/1/2024,,East,Award,Kia Motors,KIPMO,,1626157,Karl-Anthony Towns
1626157.0,Karl-Anthony,Towns,Minnesota Timberwolves,NBA Player of the Week,,2015-16,,2016-04-11T00:00:00,West,Award,Kia Motors,KIPWK,,1626157,Karl-Anthony Towns
1626157.0,Karl-Anthony,Towns,Minnesota Timberwolves,NBA Player of the Week,,2016-17,,2017-03-13T00:00:00,West,Award,Kia Motors,KIPWK,,1626157,Karl-Anthony Towns
1626157.0,Karl-Anthony,Towns,Minnesota Timberwolves,NBA Player of the Week,,2017-18,,2017-11-13T00:00:00,West,Award,Kia Motors,KIPWK,,1626157,Karl-Anthony Towns
1626157.0,Karl-Anthony,Towns,Minnesota Timberwolves,NBA Player of the Week, ,2019-20,,2019-10-21T00:00:00,West,Award,Kia Motors,KIPWK, ,1626157,Karl-Anthony Towns
1626157.0,Karl-Anthony,Towns,Minnesota Timberwolves,NBA Player of the Week,,2021-22,,2021-12-13T00:00:00,West,Award,Kia Motors,KIPWK,,1626157,Karl-Anthony Towns
1626157.0,Karl-Anthony,Towns,Minnesota Timberwolves,NBA Player of the Week,,2021-22,,2022-02-28T00:00:00,West,Award,Kia Motors,KIPWK,,1626157,Karl-Anthony Towns
1626157.0,Karl-Anthony,Towns,Minnesota Timberwolves,NBA Player of the Week,,2021-22,,2022-03-14T00:00:00,West,Award,Kia Motors,KIPWK,,1626157,Karl-Anthony Towns
1626157.0,Karl-Anthony,Towns,Minnesota Timberwolves,NBA Rookie of the Month,,2015-16,1/1/2016,1900-01-01T12:00:00,West,Award,Kia Motors,KIRMO,,1626157,Karl-Anthony Towns
1626157.0,Karl-Anthony,Towns,Minnesota Timberwolves,NBA Rookie of the Month,,2015-16,11/1/2015,1900-01-01T12:00:00,West,Award,Kia Motors,KIRMO,,1626157,Karl-Anthony Towns
1626157.0,Karl-Anthony,Towns,Minnesota Timberwolves,NBA Rookie of the Month,,2015-16,12/1/2015,1900-01-01T12:00:00,West,Award,Kia Motors,KIRMO,,1626157,Karl-Anthony Towns
1626157.0,Karl-Anthony,Towns,Minnesota Timberwolves,NBA Rookie of the Month,,2015-16,2/1/2016,1900-01-01T12:00:00,West,Award,Kia Motors,KIRMO,,1626157,Karl-Anthony Towns
1626157.0,Karl-Anthony,Towns,Minnesota Timberwolves,NBA Rookie of the Month,,2015-16,3/1/2016,1900-01-01T12:00:00,West,Award,Kia Motors,KIRMO,,1626157,Karl-Anthony Towns
1626157.0,Karl-Anthony,Towns,Minnesota Timberwolves,NBA Rookie of the Month,,2015-16,4/1/2016,1900-01-01T12:00:00,West,Award,Kia Motors,KIRMO,,1626157,Karl-Anthony Towns
1626157.0,Karl-Anthony,Towns,Minnesota Timberwolves,NBA Rookie of the Year,,2015-16,,,West,Award,Kia Motors,KIROY,,1626157,Karl-Anthony Towns
78367.0,John,Trapp,Los Angeles Lakers,NBA Champion,,1971-72,,,,Award,Champion,,,78367,John Trapp
78369.0,Kelly,Tripucka,Detroit Pistons,All-Rookie Team,1,1981-82,,,1610612765,Award,Kia Motors,KIART,,78369,Kelly Tripucka
78369.0,Kelly,Tripucka,,NBA All-Star,,1981-82,,,,Award,All-Star,,,78369,Kelly Tripucka
78369.0,Kelly,Tripucka,,NBA All-Star,,1983-84,,,,Award,All-Star,,,78369,Kelly Tripucka
78369.0,Kelly,Tripucka,Detroit Pistons,NBA Player of the Week,,1981-82,,1982-03-14T00:00:00,,Award,Kia Motors,KIPWK,,78369,Kelly Tripucka
78369.0,Kelly,Tripucka,Detroit Pistons,NBA Player of the Week,,1982-83,,1982-11-14T00:00:00,,Award,Kia Motors,KIPWK,,78369,Kelly Tripucka
78369.0,Kelly,Tripucka,Detroit Pistons,NBA Player of the Week,,1983-84,,1984-01-15T00:00:00,,Award,Kia Motors,KIPWK,,78369,Kelly Tripucka
78369.0,Kelly,Tripucka,Detroit Pistons,NBA Rookie of the Month,,1981-82,03/01/1982,,,Award,Kia Motors,KIRMO,,78369,Kelly Tripucka
78369.0,Kelly,Tripucka,Detroit Pistons,NBA Rookie of the Month,,1981-82,12/01/1981,,,Award,Kia Motors,KIRMO,,78369,Kelly Tripucka
78372.0,Al,Tucker,Seattle SuperSonics,All-Rookie Team,1,1967-68,,,1610612760,Award,Kia Motors,KIART,,78372,Al Tucker
78374.0,Jim,Tucker,Syracuse Nationals,NBA Champion,,1954-55,,,,Award,Champion,,,78374,Jim Tucker
200782.0,P.J.,Tucker,Milwaukee Bucks,NBA Champion,,2020-21,,,,Award,Champion,,,200782,P.J. Tucker
78375.0,Trent,Tucker,Chicago Bulls,NBA Champion,,1992-93,,,,Award,Champion,,,78375,Trent Tucker
101142.0,Ronny,Turiaf,Miami Heat,NBA Champion,,2011-12,,,,Award,Champion,,,101142,Ronny Turiaf
101142.0,Ronny,Turiaf,France,Olympic Appearance,,2012,,,,Award,Olympic,Appearance,,101142,Ronny Turiaf
2045.0,Hedo,Turkoglu,Orlando Magic,NBA Most Improved Player,,2007-08,,,,Award,Kia Motors,KIMIP,,2045,Hedo Turkoglu
2045.0,Hedo,Turkoglu,Orlando Magic,NBA Player of the Month,,2007-08,04/01/2008,,East,Award,Kia Motors,KIPMO,,2045,Hedo Turkoglu
2045.0,Hedo,Turkoglu,Orlando Magic,NBA Player of the Week,,2007-08,,2008-01-27T00:00:00,East,Award,Kia Motors,KIPWK,,2045,Hedo Turkoglu
2045.0,Hedo,Turkoglu,Orlando Magic,NBA Player of the Week,,2007-08,,2008-02-03T00:00:00,East,Award,Kia Motors,KIPWK,,2045,Hedo Turkoglu
2045.0,Hidayet,Turkoglu,Sacramento Kings,All-Rookie Team,2,2000-01,,,1610612758,Award,Kia Motors,KIART,,2045,Hedo Turkoglu
78381.0,Jeff,Turner,USA,Olympic Gold Medal,,1984,,,,Award,Olympic,Gold,,78381,Jeff Turner
1626167.0,Myles,Turner,Indiana Pacers,All-Rookie Team,2,2015-16,,,East,Award,Kia Motors,KIART,,1626167,Myles Turner
1626167.0,Myles,Turner,Indiana Pacers,NBA Rookie of the Month,,2015-16,2/1/2016,1900-01-01T12:00:00,East,Award,Kia Motors,KIRMO,,1626167,Myles Turner
78387.0,Dave,Twardzik,Portland Trail Blazers,NBA Champion,,1976-77,,,,Award,Champion,,,78387,Dave Twardzik
78388.0,Jack,Twyman,Cincinnati Royals,All-NBA,2,1959-60,,,1610612758,Award,Kia Motors,KIANT,,78388,Jack Twyman
78388.0,Jack,Twyman,Cincinnati Royals,All-NBA,2,1961-62,,,1610612758,Award,Kia Motors,KIANT,,78388,Jack Twyman
78388.0,Jack,Twyman,,Hall of Fame Inductee,,1983,,,,Award,Hall of Fame,,,78388,Jack Twyman
78388.0,Jack,Twyman,,NBA All-Star,,1956-57,,,,Award,All-Star,,,78388,Jack Twyman
78388.0,Jack,Twyman,,NBA All-Star,,1957-58,,,,Award,All-Star,,,78388,Jack Twyman
78388.0,Jack,Twyman,,NBA All-Star,,1958-59,,,,Award,All-Star,,,78388,Jack Twyman
78388.0,Jack,Twyman,,NBA All-Star,,1959-60,,,,Award,All-Star,,,78388,Jack Twyman
78388.0,Jack,Twyman,,NBA All-Star,,1961-62,,,,Award,All-Star,,,78388,Jack Twyman
78388.0,Jack,Twyman,,NBA All-Star,,1962-63,,,,Award,All-Star,,,78388,Jack Twyman
78390.0,Terry,Tyler,Detroit Pistons,All-Rookie Team,1,1978-79,,,1610612765,Award,Kia Motors,KIART,,78390,Terry Tyler
78390.0,Terry,Tyler,Detroit Pistons,NBA Player of the Week,,1980-81,,1981-03-01T00:00:00,,Award,Kia Motors,KIPWK,,78390,Terry Tyler
2757.0,Beno,Udrih,San Antonio Spurs,NBA Champion,,2004-05,,,,Award,Champion,,,2757,Beno Udrih
2757.0,Beno,Udrih,San Antonio Spurs,NBA Champion,,2006-07,,,,Award,Champion,,,2757,Beno Udrih
2757.0,Beno,Udrih,San Antonio Spurs,NBA Rookie of the Month,,2004-05,12/01/2004,,West,Award,Kia Motors,KIRMO,,2757,Beno Udrih
1627755.0,Tyler,Ulis,Phoenix Suns,NBA Rookie of the Month,,2016-17,4/1/2017,1900-01-01T12:00:00,West,Award,Kia Motors,KIRMO,,1627755,Tyler Ulis
78392.0,Wes,Unseld,Baltimore Bullets,All-NBA,1,1968-69,,,1610610024,Award,Kia Motors,KIANT,,78392,Wes Unseld
78392.0,Wes,Unseld,Baltimore Bullets,All-Rookie Team,1,1968-69,,,1610610024,Award,Kia Motors,KIART,,78392,Wes Unseld
78392.0,Wes,Unseld,,Hall of Fame Inductee,,1988,,,,Award,Hall of Fame,,,78392,Wes Unseld
78392.0,Wes,Unseld,Washington Bullets,J. Walter Kennedy Citizenship,,1974-75,,,,Award,Kia Motors,KIWKC,,78392,Wes Unseld
78392.0,Wes,Unseld,,NBA All-Star,,1968-69,,,,Award,All-Star,,,78392,Wes Unseld
78392.0,Wes,Unseld,,NBA All-Star,,1970-71,,,,Award,All-Star,,,78392,Wes Unseld
78392.0,Wes,Unseld,,NBA All-Star,,1971-72,,,,Award,All-Star,,,78392,Wes Unseld
78392.0,Wes,Unseld,,NBA All-Star,,1972-73,,,,Award,All-Star,,,78392,Wes Unseld
78392.0,Wes,Unseld,,NBA All-Star,,1974-75,,,,Award,All-Star,,,78392,Wes Unseld
78392.0,Wes,Unseld,Washington Bullets,NBA Champion,,1977-78,,,,Award,Champion,,,78392,Wes Unseld
78392.0,Wes,Unseld,Washington Bullets,NBA Finals Most Valuable Player,,1977-78,,,,Award,Kia Motors,KFMVP,,78392,Wes Unseld
78392.0,Wes,Unseld,Baltimore Bullets,NBA Most Valuable Player,,1968-69,,,,Award,Kia Motors,KIMVP,,78392,Wes Unseld
78392.0,Wes,Unseld,Baltimore Bullets,NBA Rookie of the Year,,1968-69,,,,Award,Kia Motors,KIROY,,78392,Wes Unseld
78392.0,Wes,Unseld,Baltimore Bullets,NBA Sporting News Most Valuable Player of the Year,,1968-69,,,,Award,Sporting News,SNMVP,,78392,Wes Unseld
78392.0,Wes,Unseld,Baltimore Bullets,NBA Sporting News Rookie of the Year,,1968-69,,,,Award,Sporting News,SNROY,,78392,Wes Unseld
202685.0,Jonas,Valanciunas,Toronto Raptors,All-Rookie Team,2,2012-13,,,1610612761,Award,Kia Motors,KIART,,202685,Jonas Valančiūnas
202685.0,Jonas,Valanciunas,Toronto Raptors,NBA Rookie of the Month,,2012-13,03/01/2013,,East,Award,Kia Motors,KIRMO,,202685,Jonas Valančiūnas
202685.0,Jonas,Valanciunas,Lithuania,Olympic Appearance,,2012,,,,Award,Olympic,Appearance,,202685,Jonas Valančiūnas
78398.0,Dick,Van Arsdale,,NBA All-Star,,1968-69,,,,Award,All-Star,,,78398,Dick Van Arsdale
78398.0,Dick,Van Arsdale,,NBA All-Star,,1969-70,,,,Award,All-Star,,,78398,Dick Van Arsdale
78398.0,Dick,Van Arsdale,,NBA All-Star,,1970-71,,,,Award,All-Star,,,78398,Dick Van Arsdale
78398.0,Dick,VanArsdale,Phoenix Suns,All-Defensive Team,2,1973-74,,,1610612756,Award,Kia Motors,KIADT,,78398,Dick Van Arsdale
78398.0,Dick,VanArsdale,New York Knicks,All-Rookie Team,1,1965-66,,,1610612752,Award,Kia Motors,KIART,,78398,Dick Van Arsdale
78399.0,Tom,Van Arsdale,,NBA All-Star,,1969-70,,,,Award,All-Star,,,78399,Tom Van Arsdale
78399.0,Tom,Van Arsdale,,NBA All-Star,,1970-71,,,,Award,All-Star,,,78399,Tom Van Arsdale
78399.0,Tom,Van Arsdale,,NBA All-Star,,1971-72,,,,Award,All-Star,,,78399,Tom Van Arsdale
78399.0,Tom,VanArsdale,Detroit Pistons,All-Rookie Team,1,1965-66,,,1610612765,Award,Kia Motors,KIART,,78399,Tom Van Arsdale
89.0,Nick,Van Exel,,NBA All-Star,,1997-98,,,,Award,All-Star,,,89,Nick Van Exel
89.0,Nick,VanExel,Los Angeles Lakers,All-Rookie Team,2,1993-94,,,1610612747,Award,Kia Motors,KIART,,89,Nick Van Exel
1496.0,Keith,VanHorn,New Jersey Nets,All-Rookie Team,1,1997-98,,,1610612751,Award,Kia Motors,KIART,,1496,Keith Van Horn
78406.0,Norm,Van Lier,,NBA All-Star,,1973-74,,,,Award,All-Star,,,78406,Norm Van Lier
78406.0,Norm,Van Lier,,NBA All-Star,,1975-76,,,,Award,All-Star,,,78406,Norm Van Lier
78406.0,Norm,Van Lier,,NBA All-Star,,1976-77,,,,Award,All-Star,,,78406,Norm Van Lier
78406.0,Norm,VanLier,Cincinnati Royals,All-Defensive Team,2,1970-71,,,1610612758,Award,Kia Motors,KIADT,,78406,Norm Van Lier
78406.0,Norm,VanLier,Chicago Bulls,All-Defensive Team,2,1971-72,,,1610612741,Award,Kia Motors,KIADT,,78406,Norm Van Lier
78406.0,Norm,VanLier,Chicago Bulls,All-Defensive Team,2,1972-73,,,1610612741,Award,Kia Motors,KIADT,,78406,Norm Van Lier
78406.0,Norm,VanLier,Chicago Bulls,All-Defensive Team,1,1973-74,,,1610612741,Award,Kia Motors,KIADT,,78406,Norm Van Lier
78406.0,Norm,VanLier,Chicago Bulls,All-Defensive Team,2,1974-75,,,1610612741,Award,Kia Motors,KIADT,,78406,Norm Van Lier
78406.0,Norm,VanLier,Chicago Bulls,All-Defensive Team,1,1975-76,,,1610612741,Award,Kia Motors,KIADT,,78406,Norm Van Lier
78406.0,Norm,VanLier,Chicago Bulls,All-Defensive Team,1,1976-77,,,1610612741,Award,Kia Motors,KIADT,,78406,Norm Van Lier
78406.0,Norm,VanLier,Chicago Bulls,All-Defensive Team,2,1977-78,,,1610612741,Award,Kia Motors,KIADT,,78406,Norm Van Lier
78406.0,Norm,VanLier,Chicago Bulls,All-NBA,2,1973-74,,,1610612741,Award,Kia Motors,KIANT,,78406,Norm Van Lier
1627832.0,Fred,VanVleet,,NBA All-Star,,2021-22,,,,Award,All-Star,,,1627832,Fred VanVleet
1627832.0,Fred,VanVleet,Toronto Raptors,NBA Champion,,2018-19,,,,Award,Champion,,,1627832,Fred VanVleet
1627832.0,Fred,VanVleet,Toronto Raptors,NBA Player of the Week,,2021-22,,2022-01-03T00:00:00,East,Award,Kia Motors,KIPWK,,1627832,Fred VanVleet
78404.0,Kiki,Vandeweghe,,NBA All-Star,,1982-83,,,,Award,All-Star,,,78404,Kiki Vandeweghe
78404.0,Kiki,Vandeweghe,,NBA All-Star,,1983-84,,,,Award,All-Star,,,78404,Kiki Vandeweghe
78404.0,Kiki,Vandeweghe,Denver Nuggets,NBA Player of the Week,,1982-83,,1983-01-02T00:00:00,,Award,Kia Motors,KIPWK,,78404,Kiki Vandeweghe
78404.0,Kiki,Vandeweghe,Denver Nuggets,NBA Player of the Week,,1983-84,,1983-11-20T00:00:00,,Award,Kia Motors,KIPWK,,78404,Kiki Vandeweghe
2760.0,Anderson,Varejao,Cleveland Cavaliers,All-Defensive Team,2,2009-10,,,1610612739,Award,Kia Motors,KIADT,,2760,Anderson Varejao
2760.0,Anderson,Varejao,Brazil,Olympic Appearance,,2012,,,,Award,Olympic,Appearance,,2760,Anderson Varejao
202349.0,Greivis,Vasquez,New Orleans Hornets,NBA Player of the Week,,2012-13,,2012-12-24T00:00:00,West,Award,Kia Motors,KIPWK,,202349,Greivis Vasquez
1521.0,Jacque,Vaughn,San Antonio Spurs,NBA Champion,,2006-07,,,,Award,Champion,,,1521,Jacque Vaughn
919.0,Loy,Vaught,Los Angeles Clippers,NBA Player of the Week,,1996-97,,1997-03-02T00:00:00,,Award,Kia Motors,KIPWK,,919,Loy Vaught
78415.0,Gundars,Vetra,Unified Team (former Soviet Union),Olympic Appearance,,1992,,,,Award,Olympic,Appearance,,78415,Gundars Vetra
101111.0,Charlie,Villanueva,Toronto Raptors,All-Rookie Team,1,2005-06,,,1610612761,Award,Kia Motors,KIART,,101111,Charlie Villanueva
101111.0,Charlie,Villanueva,Toronto Raptors,NBA Rookie of the Month,,2005-06,12/01/2005,,East,Award,Kia Motors,KIRMO,,101111,Charlie Villanueva
78418.0,Jay,Vincent,Dallas Mavericks,All-Rookie Team,1,1981-82,,,1610612742,Award,Kia Motors,KIART,,78418,Jay Vincent
78418.0,Jay,Vincent,Dallas Mavericks,NBA Player of the Week,,1981-82,,1982-02-14T00:00:00,,Award,Kia Motors,KIPWK,,78418,Jay Vincent
78418.0,Jay,Vincent,Dallas Mavericks,NBA Rookie of the Month,,1981-82,02/01/1982,,,Award,Kia Motors,KIRMO,,78418,Jay Vincent
78418.0,Jay,Vincent,Dallas Mavericks,NBA Rookie of the Month,,1981-82,03/01/1982,,,Award,Kia Motors,KIRMO,,78418,Jay Vincent
78418.0,Jay,Vincent,Dallas Mavericks,NBA Rookie of the Month,,1981-82,12/01/1981,,,Award,Kia Motors,KIRMO,,78418,Jay Vincent
78417.0,Sam,Vincent,Boston Celtics,NBA Champion,,1985-86,,,,Award,Champion,,,78417,Sam Vincent
78423.0,Danny,Vranes,Seattle SuperSonics,All-Defensive Team,2,1984-85,,,1610612760,Award,Kia Motors,KIADT,,78423,Danny Vranes
1037.0,Stojko,Vrankovic,Croatia,Olympic Appearance,,1996,,,,Award,Olympic,Appearance,,1037,Stojko Vrankovic
1037.0,Stojko,Vrankovic,Yugoslavia,Olympic Silver Medal,,1988,,,,Award,Olympic,Silver,,1037,Stojko Vrankovic
1037.0,Stojko,Vrankovic,Croatia,Olympic Silver Medal,,1992,,,,Award,Olympic,Silver,,1037,Stojko Vrankovic
2756.0,Sasha,Vujacic,Los Angeles Lakers,NBA Champion,,2008-09,,,,Award,Champion,,,2756,Sasha Vujacic
2756.0,Sasha,Vujacic,Los Angeles Lakers,NBA Champion,,2009-10,,,,Award,Champion,,,2756,Sasha Vujacic
202696.0,Nikola,Vucevic,,NBA All-Star,,2018-19,,,,Award,All-Star,,,202696,Nikola Vučević
202696.0,Nikola,Vucevic,,NBA All-Star,,2020-21,,,,Award,All-Star,,,202696,Nikola Vučević
202696.0,Nikola,Vucevic,Orlando Magic,NBA Player of the Week,,2013-14,,2014-03-31T00:00:00,East,Award,Kia Motors,KIPWK,,202696,Nikola Vučević
202696.0,Nikola,Vucevic,Orlando Magic,NBA Player of the Week,,2018-19,,2018-11-12T00:00:00,East,Award,Kia Motors,KIPWK,,202696,Nikola Vučević
202696.0,Nikola,Vucevic,Orlando Magic,NBA Player of the Week,,2019-20,,2019-11-11T00:00:00,East,Award,Kia Motors,KIPWK,,202696,Nikola Vučević
2548.0,Dwayne,Wade,USA,Olympic Bronze Medal,,2004,,,,Award,Olympic,Bronze,,2548,Dwyane Wade
2548.0,Dwyane,Wade,Miami Heat,All-Defensive Team,2,2004-05,,,1610612748,Award,Kia Motors,KIADT,,2548,Dwyane Wade
2548.0,Dwyane,Wade,Miami Heat,All-Defensive Team,2,2008-09,,,1610612748,Award,Kia Motors,KIADT,,2548,Dwyane Wade
2548.0,Dwyane,Wade,Miami Heat,All-Defensive Team,2,2009-10,,,1610612748,Award,Kia Motors,KIADT,,2548,Dwyane Wade
2548.0,Dwyane,Wade,Miami Heat,All-NBA,2,2004-05,,,1610612748,Award,Kia Motors,KIANT,,2548,Dwyane Wade
2548.0,Dwyane,Wade,Miami Heat,All-NBA,2,2005-06,,,1610612748,Award,Kia Motors,KIANT,,2548,Dwyane Wade
2548.0,Dwyane,Wade,Miami Heat,All-NBA,3,2006-07,,,1610612748,Award,Kia Motors,KIANT,,2548,Dwyane Wade
2548.0,Dwyane,Wade,Miami Heat,All-NBA,1,2008-09,,,1610612748,Award,Kia Motors,KIANT,,2548,Dwyane Wade
2548.0,Dwyane,Wade,Miami Heat,All-NBA,1,2009-10,,,1610612748,Award,Kia Motors,KIANT,,2548,Dwyane Wade
2548.0,Dwyane,Wade,Miami Heat,All-NBA,2,2010-11,,,1610612748,Award,Kia Motors,KIANT,,2548,Dwyane Wade
2548.0,Dwyane,Wade,Miami Heat,All-NBA,3,2011-12,,,1610612748,Award,Kia Motors,KIANT,,2548,Dwyane Wade
2548.0,Dwyane,Wade,Miami Heat,All-NBA,3,2012-13,,,1610612748,Award,Kia Motors,KIANT,,2548,Dwyane Wade
2548.0,Dwyane,Wade,Miami Heat,All-Rookie Team,1,2003-04,,,1610612748,Award,Kia Motors,KIART,,2548,Dwyane Wade
2548.0,Dwyane,Wade,,NBA All-Star,,2004-05,,,,Award,All-Star,,,2548,Dwyane Wade
2548.0,Dwyane,Wade,,NBA All-Star,,2005-06,,,,Award,All-Star,,,2548,Dwyane Wade
2548.0,Dwyane,Wade,,NBA All-Star,,2006-07,,,,Award,All-Star,,,2548,Dwyane Wade
2548.0,Dwyane,Wade,,NBA All-Star,,2007-08,,,,Award,All-Star,,,2548,Dwyane Wade
2548.0,Dwyane,Wade,,NBA All-Star,,2008-09,,,,Award,All-Star,,,2548,Dwyane Wade
2548.0,Dwyane,Wade,,NBA All-Star,,2009-10,,,,Award,All-Star,,,2548,Dwyane Wade
2548.0,Dwyane,Wade,,NBA All-Star,,2010-11,,,,Award,All-Star,,,2548,Dwyane Wade
2548.0,Dwyane,Wade,,NBA All-Star,,2011-12,,,,Award,All-Star,,,2548,Dwyane Wade
2548.0,Dwyane,Wade,,NBA All-Star,,2012-13,,,,Award,All-Star,,,2548,Dwyane Wade
2548.0,Dwyane,Wade,,NBA All-Star,,2013-14,,,,Award,All-Star,,,2548,Dwyane Wade
2548.0,Dwyane,Wade,,NBA All-Star,,2014-15,,,,Award,All-Star,,,2548,Dwyane Wade
2548.0,Dwyane,Wade,,NBA All-Star,,2015-16,,,,Award,All-Star,,,2548,Dwyane Wade
2548.0,Dwyane,Wade,,NBA All-Star,,2018-19,,,,Award,All-Star,,,2548,Dwyane Wade
2548.0,Dwyane,Wade,Miami Heat,NBA All-Star Most Valuable Player,,2009-10,,,,Award,Kia Motors,KAMVP,,2548,Dwyane Wade
2548.0,Dwyane,Wade,Miami Heat,NBA Champion,,2005-06,,,,Award,Champion,,,2548,Dwyane Wade
2548.0,Dwyane,Wade,Miami Heat,NBA Champion,,2011-12,,,,Award,Champion,,,2548,Dwyane Wade
2548.0,Dwyane,Wade,Miami Heat,NBA Champion,,2012-13,,,,Award,Champion,,,2548,Dwyane Wade
2548.0,Dwyane,Wade,Miami Heat,NBA Finals Most Valuable Player,,2005-06,,,,Award,Kia Motors,KFMVP,,2548,Dwyane Wade
2548.0,Dwyane,Wade,Miami Heat,NBA Player of the Month,,2004-05,12/01/2004,,East,Award,Kia Motors,KIPMO,,2548,Dwyane Wade
2548.0,Dwyane,Wade,Miami Heat,NBA Player of the Month,,2005-06,02/01/2006,,East,Award,Kia Motors,KIPMO,,2548,Dwyane Wade
2548.0,Dwyane,Wade,Miami Heat,NBA Player of the Month,,2008-09,02/01/2009,,East,Award,Kia Motors,KIPMO,,2548,Dwyane Wade
2548.0,Dwyane,Wade,Miami Heat,NBA Player of the Month,,2008-09,12/01/2008,,East,Award,Kia Motors,KIPMO,,2548,Dwyane Wade
2548.0,Dwyane,Wade,Miami Heat,NBA Player of the Month,,2009-10,03/01/2010,,East,Award,Kia Motors,KIPMO,,2548,Dwyane Wade
2548.0,Dwyane,Wade,Miami Heat,NBA Player of the Month,,2010-11,12/01/2010,,East,Award,Kia Motors,KIPMO,,2548,Dwyane Wade
2548.0,Dwyane,Wade,Miami Heat,NBA Player of the Week,,2003-04,,2004-02-22T00:00:00,East,Award,Kia Motors,KIPWK,,2548,Dwyane Wade
2548.0,Dwyane,Wade,Miami Heat,NBA Player of the Week,,2004-05,,2004-11-07T00:00:00,East,Award,Kia Motors,KIPWK,,2548,Dwyane Wade
2548.0,Dwyane,Wade,Miami Heat,NBA Player of the Week,,2005-06,,2005-12-05T00:00:00,East,Award,Kia Motors,KIPWK,,2548,Dwyane Wade
2548.0,Dwyane,Wade,Miami Heat,NBA Player of the Week,,2005-06,,2006-01-01T00:00:00,East,Award,Kia Motors,KIPWK,,2548,Dwyane Wade
2548.0,Dwyane,Wade,Miami Heat,NBA Player of the Week,,2006-07,,2007-01-14T00:00:00,East,Award,Kia Motors,KIPWK,,2548,Dwyane Wade
2548.0,Dwyane,Wade,Miami Heat,NBA Player of the Week,,2006-07,,2007-02-04T00:00:00,East,Award,Kia Motors,KIPWK,,2548,Dwyane Wade
2548.0,Dwyane,Wade,Miami Heat,NBA Player of the Week,,2006-07,,2007-02-11T00:00:00,East,Award,Kia Motors,KIPWK,,2548,Dwyane Wade
2548.0,Dwyane,Wade,Miami Heat,NBA Player of the Week,,2008-09,,2008-11-24T00:00:00,East,Award,Kia Motors,KIPWK,,2548,Dwyane Wade
2548.0,Dwyane,Wade,Miami Heat,NBA Player of the Week,,2008-09,,2008-12-08T00:00:00,East,Award,Kia Motors,KIPWK,,2548,Dwyane Wade
2548.0,Dwyane,Wade,Miami Heat,NBA Player of the Week,,2008-09,,2009-03-09T00:00:00,East,Award,Kia Motors,KIPWK,,2548,Dwyane Wade
2548.0,Dwyane,Wade,Miami Heat,NBA Player of the Week,,2009-10,,2010-03-08T00:00:00,East,Award,Kia Motors,KIPWK,,2548,Dwyane Wade
2548.0,Dwyane,Wade,Miami Heat,NBA Player of the Week,,2009-10,,2010-03-29T00:00:00,East,Award,Kia Motors,KIPWK,,2548,Dwyane Wade
2548.0,Dwyane,Wade,Miami Heat,NBA Player of the Week,,2010-11,,2010-12-13T00:00:00,East,Award,Kia Motors,KIPWK,,2548,Dwyane Wade
2548.0,Dwyane,Wade,Miami Heat,NBA Player of the Week,,2010-11,,2011-01-03T00:00:00,East,Award,Kia Motors,KIPWK,,2548,Dwyane Wade
2548.0,Dwyane,Wade,Miami Heat,NBA Player of the Week,,2012-13,,2013-03-04T00:00:00,East,Award,Kia Motors,KIPWK,,2548,Dwyane Wade
2548.0,Dwyane,Wade,Miami Heat,NBA Player of the Week,,2013-14,,2013-12-23T00:00:00,East,Award,Kia Motors,KIPWK,,2548,Dwyane Wade
2548.0,Dwyane,Wade,Miami Heat,NBA Player of the Week,,2014-15,,2015-03-16T00:00:00,East,Award,Kia Motors,KIPWK,,2548,Dwyane Wade
2548.0,Dwyane,Wade,Miami Heat,NBA Player of the Week,,2015-16,,2016-02-01T00:00:00,East,Award,Kia Motors,KIPWK,,2548,Dwyane Wade
2548.0,Dwyane,Wade,USA,Olympic Gold Medal,,2008,,,,Award,Olympic,Gold,,2548,Dwyane Wade
1630532.0,Franz,Wagner,Orlando Magic,All-Rookie Team,1,2021-22,,,East,Award,Kia Motors,KIART,,1630532,Franz Wagner
1630532.0,Franz,Wagner,Orlando Magic,NBA Player of the Week,,2024-25,,2024-11-11T00:00:00,East,Award,Kia Motors,KIPWK,,1630532,Franz Wagner
1630532.0,Franz,Wagner,Orlando Magic,NBA Rookie of the Month,,2021-22,12/1/2021,,East,Award,Kia Motors,KIRMO,,1630532,Franz Wagner
78429.0,Milt,Wagner,Los Angeles Lakers,NBA Champion,,1987-88,,,,Award,Champion,,,78429,Milt Wagner
203079.0,Dion,Waiters,Cleveland Cavaliers,All-Rookie Team,1,2012-13,,,1610612739,Award,Kia Motors,KIART,,203079,Dion Waiters
203079.0,Dion,Waiters,Los Angeles Lakers,NBA Champion,,2019-20,,,,Award,Champion,,,203079,Dion Waiters
203079.0,Dion,Waiters,Miami Heat,NBA Player of the Week,,2016-17,,2017-01-30T00:00:00,East,Award,Kia Motors,KIPWK,,203079,Dion Waiters
203079.0,Dion,Waiters,Cleveland Cavaliers,NBA Rookie of the Month,,2012-13,02/01/2013,,East,Award,Kia Motors,KIRMO,,203079,Dion Waiters
952.0,Antoine,Walker,Boston Celtics,All-Rookie Team,1,1996-97,,,1610612738,Award,Kia Motors,KIART,,952,Antoine Walker
952.0,Antoine,Walker,,NBA All-Star,,1997-98,,,,Award,All-Star,,,952,Antoine Walker
952.0,Antoine,Walker,,NBA All-Star,,2001-02,,,,Award,All-Star,,,952,Antoine Walker
952.0,Antoine,Walker,,NBA All-Star,,2002-03,,,,Award,All-Star,,,952,Antoine Walker
952.0,Antoine,Walker,Miami Heat,NBA Champion,,2005-06,,,,Award,Champion,,,952,Antoine Walker
952.0,Antoine,Walker,Boston Celtics,NBA Player of the Month,,2001-02,12/01/2001,,East,Award,Kia Motors,KIPMO,,952,Antoine Walker
952.0,Antoine,Walker,Boston Celtics,NBA Player of the Week,,2002-03,,2002-12-15T00:00:00,East,Award,Kia Motors,KIPWK,,952,Antoine Walker
952.0,Antoine,Walker,Boston Celtics,NBA Player of the Week,,2002-03,,2003-01-19T00:00:00,East,Award,Kia Motors,KIPWK,,952,Antoine Walker
78435.0,Chet,Walker,Syracuse Nationals,All-Rookie Team,1,1962-63,,,1610612755,Award,Kia Motors,KIART,,78435,Chet Walker
78435.0,Chet,Walker,,Hall of Fame Inductee,,2012,,,,Award,Hall of Fame,,,78435,Chet Walker
78435.0,Chet,Walker,,NBA All-Star,,1963-64,,,,Award,All-Star,,,78435,Chet Walker
78435.0,Chet,Walker,,NBA All-Star,,1965-66,,,,Award,All-Star,,,78435,Chet Walker
78435.0,Chet,Walker,,NBA All-Star,,1966-67,,,,Award,All-Star,,,78435,Chet Walker
78435.0,Chet,Walker,,NBA All-Star,,1969-70,,,,Award,All-Star,,,78435,Chet Walker
78435.0,Chet,Walker,,NBA All-Star,,1970-71,,,,Award,All-Star,,,78435,Chet Walker
78435.0,Chet,Walker,,NBA All-Star,,1972-73,,,,Award,All-Star,,,78435,Chet Walker
78435.0,Chet,Walker,,NBA All-Star,,1973-74,,,,Award,All-Star,,,78435,Chet Walker
78435.0,Chet,Walker,Philadelphia 76ers,NBA Champion,,1966-67,,,,Award,Champion,,,78435,Chet Walker
78437.0,Darrell,Walker,New York Knicks,All-Rookie Team,1,1983-84,,,1610612752,Award,Kia Motors,KIART,,78437,Darrell Walker
78437.0,Darrell,Walker,Chicago Bulls,NBA Champion,,1992-93,,,,Award,Champion,,,78437,Darrell Walker
78439.0,Jimmy,Walker,,NBA All-Star,,1969-70,,,,Award,All-Star,,,78439,Jimmy Walker
78439.0,Jimmy,Walker,,NBA All-Star,,1971-72,,,,Award,All-Star,,,78439,Jimmy Walker
202689.0,Kemba,Walker,Charlotte Hornets,All-NBA,3,2018-19,,,East,Award,Kia Motors,KIANT,,202689,Kemba Walker
202689.0,Kemba,Walker,,NBA All-Star,,2016-17,,,,Award,All-Star,,,202689,Kemba Walker
202689.0,Kemba,Walker,,NBA All-Star,,2017-18,,,,Award,All-Star,,,202689,Kemba Walker
202689.0,Kemba,Walker,,NBA All-Star,,2018-19,,,,Award,All-Star,,,202689,Kemba Walker
202689.0,Kemba,Walker,,NBA All-Star,,2019-20,,,,Award,All-Star,,,202689,Kemba Walker
202689.0,Kemba,Walker,Charlotte Bobcats,NBA Player of the Week,,2013-14,,2014-02-24T00:00:00,East,Award,Kia Motors,KIPWK,,202689,Kemba Walker
202689.0,Kemba,Walker,Charlotte Bobcats,NBA Player of the Week,,2014-15,,2015-01-05T00:00:00,East,Award,Kia Motors,KIPWK,,202689,Kemba Walker
202689.0,Kemba,Walker,Charlotte Hornets,NBA Player of the Week,,2015-16,,2016-01-25T00:00:00,East,Award,Kia Motors,KIPWK,,202689,Kemba Walker
202689.0,Kemba,Walker,Charlotte Hornets,NBA Player of the Week,,2015-16,,2016-03-14T00:00:00,East,Award,Kia Motors,KIPWK,,202689,Kemba Walker
202689.0,Kemba,Walker,Charlotte Hornets,NBA Player of the Week,,2016-17,,2017-03-06T00:00:00,East,Award,Kia Motors,KIPWK,,202689,Kemba Walker
202689.0,Kemba,Walker,Charlotte Hornets,NBA Player of the Week,,2018-19,,2018-10-15T00:00:00,East,Award,Kia Motors,KIPWK,,202689,Kemba Walker
202689.0,Kemba,Walker,Charlotte Hornets,NBA Player of the Week,,2018-19,,2019-04-01T00:00:00,East,Award,Kia Motors,KIPWK,,202689,Kemba Walker
202689.0,Kemba,Walker,New York Knicks,NBA Player of the Week,,2021-22,,2021-12-20T00:00:00,East,Award,Kia Motors,KIPWK,,202689,Kemba Walker
202689.0,Kemba,Walker,Charlotte Hornets,NBA Sportsmanship,,2016-17,,,,Award,Kia Motors,KSPRT,,202689,Kemba Walker
78441.0,Phil,Walker,Washington Bullets,NBA Champion,,1977-78,,,,Award,Champion,,,78441,Phil Walker
955.0,Samaki,Walker,Los Angeles Lakers,NBA Champion,,2001-02,,,,Award,Champion,,,955,Samaki Walker
78442.0,Wally,Walker,Portland Trail Blazers,NBA Champion,,1976-77,,,,Award,Champion,,,78442,Wally Walker
78442.0,Wally,Walker,Seattle SuperSonics,NBA Champion,,1978-79,,,,Award,Champion,,,78442,Wally Walker
202322.0,John,Wall,Washington Wizards,All-Defensive Team,2,2014-15,,,1610612764,Award,Kia Motors,KIADT,,202322,John Wall
202322.0,John,Wall,Washington Wizards,All-NBA,3,2016-17,,,East,Award,Kia Motors,KIANT,,202322,John Wall
202322.0,John,Wall,Washington Wizards,All-Rookie Team,1,2010-11,,,1610612764,Award,Kia Motors,KIART,,202322,John Wall
202322.0,John,Wall,,NBA All-Star,,2013-14,,,,Award,All-Star,,,202322,John Wall
202322.0,John,Wall,,NBA All-Star,,2014-15,,,,Award,All-Star,,,202322,John Wall
202322.0,John,Wall,,NBA All-Star,,2015-16,,,,Award,All-Star,,,202322,John Wall
202322.0,John,Wall,,NBA All-Star,,2016-17,,,,Award,All-Star,,,202322,John Wall
202322.0,John,Wall,,NBA All-Star,,2017-18,,,,Award,All-Star,,,202322,John Wall
202322.0,John,Wall,Washington Wizards,NBA Player of the Month,,2015-16,12/1/2015,,East,Award,Kia Motors,KIPMO,,202322,John Wall
202322.0,John,Wall,Washington Wizards,NBA Player of the Month,,2016-17,12/1/2016,,East,Award,Kia Motors,KIPMO,,202322,John Wall
202322.0,John,Wall,Washington Wizards,NBA Player of the Week,,2012-13,,2013-03-11T00:00:00,East,Award,Kia Motors,KIPWK,,202322,John Wall
202322.0,John,Wall,Washington Wizards,NBA Player of the Week,,2013-14,,2013-11-25T00:00:00,East,Award,Kia Motors,KIPWK,,202322,John Wall
202322.0,John,Wall,Washington Wizards,NBA Player of the Week,,2013-14,,2014-03-03T00:00:00,East,Award,Kia Motors,KIPWK,,202322,John Wall
202322.0,John,Wall,Washington Wizards,NBA Player of the Week,,2014-15,,2014-12-08T00:00:00,East,Award,Kia Motors,KIPWK,,202322,John Wall
202322.0,John,Wall,Washington Wizards,NBA Player of the Week,,2015-16,,2016-01-18T00:00:00,East,Award,Kia Motors,KIPWK,,202322,John Wall
202322.0,John,Wall,Washington Wizards,NBA Player of the Week,,2016-17,,2017-01-02T00:00:00,East,Award,Kia Motors,KIPWK,,202322,John Wall
202322.0,John,Wall,Washington Wizards,NBA Player of the Week,,2016-17,,2017-03-13T00:00:00,East,Award,Kia Motors,KIPWK,,202322,John Wall
202322.0,John,Wall,Washington Wizards,NBA Rookie of the Month,,2010-11,01/01/2011,,East,Award,Kia Motors,KIRMO,,202322,John Wall
202322.0,John,Wall,Washington Wizards,NBA Rookie of the Month,,2010-11,02/01/2011,,East,Award,Kia Motors,KIRMO,,202322,John Wall
202322.0,John,Wall,Washington Wizards,NBA Rookie of the Month,,2010-11,03/01/2011,,East,Award,Kia Motors,KIRMO,,202322,John Wall
202322.0,John,Wall,Washington Wizards,NBA Rookie of the Month,,2010-11,04/01/2011,,East,Award,Kia Motors,KIRMO,,202322,John Wall
1112.0,Ben,Wallace,Detroit Pistons,All-Defensive Team,1,2001-02,,,1610612765,Award,Kia Motors,KIADT,,1112,Ben Wallace
1112.0,Ben,Wallace,Detroit Pistons,All-Defensive Team,1,2002-03,,,1610612765,Award,Kia Motors,KIADT,,1112,Ben Wallace
1112.0,Ben,Wallace,Detroit Pistons,All-Defensive Team,1,2003-04,,,1610612765,Award,Kia Motors,KIADT,,1112,Ben Wallace
1112.0,Ben,Wallace,Detroit Pistons,All-Defensive Team,1,2004-05,,,1610612765,Award,Kia Motors,KIADT,,1112,Ben Wallace
1112.0,Ben,Wallace,Detroit Pistons,All-Defensive Team,1,2005-06,,,1610612765,Award,Kia Motors,KIADT,,1112,Ben Wallace
1112.0,Ben,Wallace,Chicago Bulls,All-Defensive Team,2,2006-07,,,1610612741,Award,Kia Motors,KIADT,,1112,Ben Wallace
1112.0,Ben,Wallace,Detroit Pistons,All-NBA,3,2001-02,,,1610612765,Award,Kia Motors,KIANT,,1112,Ben Wallace
1112.0,Ben,Wallace,Detroit Pistons,All-NBA,2,2002-03,,,1610612765,Award,Kia Motors,KIANT,,1112,Ben Wallace
1112.0,Ben,Wallace,Detroit Pistons,All-NBA,2,2003-04,,,1610612765,Award,Kia Motors,KIANT,,1112,Ben Wallace
1112.0,Ben,Wallace,Detroit Pistons,All-NBA,3,2004-05,,,1610612765,Award,Kia Motors,KIANT,,1112,Ben Wallace
1112.0,Ben,Wallace,Detroit Pistons,All-NBA,2,2005-06,,,1610612765,Award,Kia Motors,KIANT,,1112,Ben Wallace
1112.0,Ben,Wallace,,NBA All-Star,,2002-03,,,,Award,All-Star,,,1112,Ben Wallace
1112.0,Ben,Wallace,,NBA All-Star,,2003-04,,,,Award,All-Star,,,1112,Ben Wallace
1112.0,Ben,Wallace,,NBA All-Star,,2004-05,,,,Award,All-Star,,,1112,Ben Wallace
1112.0,Ben,Wallace,,NBA All-Star,,2005-06,,,,Award,All-Star,,,1112,Ben Wallace
1112.0,Ben,Wallace,Detroit Pistons,NBA Champion,,2003-04,,,,Award,Champion,,,1112,Ben Wallace
1112.0,Ben,Wallace,Detroit Pistons,NBA Defensive Player of the Year,,2001-02,,,,Award,Kia Motors,KDPYR,,1112,Ben Wallace
1112.0,Ben,Wallace,Detroit Pistons,NBA Defensive Player of the Year,,2002-03,,,,Award,Kia Motors,KDPYR,,1112,Ben Wallace
1112.0,Ben,Wallace,Detroit Pistons,NBA Defensive Player of the Year,,2004-05,,,,Award,Kia Motors,KDPYR,,1112,Ben Wallace
1112.0,Ben,Wallace,Detroit Pistons,NBA Defensive Player of the Year,,2005-06,,,,Award,Kia Motors,KDPYR,,1112,Ben Wallace
1112.0,Ben,Wallace,Detroit Pistons,NBA Player of the Month,,2001-02,03/01/2002,,East,Award,Kia Motors,KIPMO,,1112,Ben Wallace
1112.0,Ben,Wallace,Detroit Pistons,NBA Player of the Week,,2001-02,,2002-02-24T00:00:00,East,Award,Kia Motors,KIPWK,,1112,Ben Wallace
1112.0,Ben,Wallace,Detroit Pistons,NBA Player of the Week,,2001-02,,2002-03-31T00:00:00,East,Award,Kia Motors,KIPWK,,1112,Ben Wallace
1112.0,Ben,Wallace,Detroit Pistons,NBA Player of the Week,,2002-03,,2003-03-23T00:00:00,East,Award,Kia Motors,KIPWK,,1112,Ben Wallace
1112.0,Ben,Wallace,Detroit Pistons,NBA Player of the Week,,2003-04,,2004-01-04T00:00:00,East,Award,Kia Motors,KIPWK,,1112,Ben Wallace
1112.0,Ben,Wallace,Detroit Pistons,NBA Player of the Week,,2003-04,,2004-02-29T00:00:00,East,Award,Kia Motors,KIPWK,,1112,Ben Wallace
1641717.0,Cason,Wallace,Oklahoma City Thunder,All-Rookie Team,2,2023-24,,,West,Award,Kia Motors,KIART,,1641717,Cason Wallace
1641717.0,Cason,Wallace,Oklahoma City Thunder,NBA Champion,,2024-25,,,,Award,Champion,,,1641717,Cason Wallace
1641717.0,Cason,Wallace,Oklahoma City Thunder,NBA Defensive Player of the Month,,2025-26,11/1/2025,,West,Award,Kia Motors,KIRMO,,1641717,Cason Wallace
2222.0,Gerald,Wallace,Charlotte Bobcats,All-Defensive Team,1,2009-10,,,1610612766,Award,Kia Motors,KIADT,,2222,Gerald Wallace
2222.0,Gerald,Wallace,,NBA All-Star,,2009-10,,,,Award,All-Star,,,2222,Gerald Wallace
2222.0,Gerald,Wallace,Charlotte Bobcats,NBA Player of the Week,,2005-06,,2005-11-28T00:00:00,East,Award,Kia Motors,KIPWK,,2222,Gerald Wallace
2222.0,Gerald,Wallace,Charlotte Bobcats,NBA Player of the Week,,2006-07,,2007-03-25T00:00:00,East,Award,Kia Motors,KIPWK,,2222,Gerald Wallace
2222.0,Gerald,Wallace,Charlotte Bobcats,NBA Player of the Week,,2006-07,,2007-04-08T00:00:00,East,Award,Kia Motors,KIPWK,,2222,Gerald Wallace
2222.0,Gerald,Wallace,Charlotte Bobcats,NBA Player of the Week,,2007-08,,2008-01-20T00:00:00,East,Award,Kia Motors,KIPWK,,2222,Gerald Wallace
2222.0,Gerald,Wallace,Charlotte Bobcats,NBA Player of the Week,,2009-10,,2009-11-30T00:00:00,East,Award,Kia Motors,KIPWK,,2222,Gerald Wallace
739.0,Rasheed,Wallace,Washington Bullets,All-Rookie Team,2,1995-96,,,1610612764,Award,Kia Motors,KIART,,739,Rasheed Wallace
739.0,Rasheed,Wallace,,NBA All-Star,,1999-00,,,,Award,All-Star,,,739,Rasheed Wallace
739.0,Rasheed,Wallace,,NBA All-Star,,2000-01,,,,Award,All-Star,,,739,Rasheed Wallace
739.0,Rasheed,Wallace,,NBA All-Star,,2005-06,,,,Award,All-Star,,,739,Rasheed Wallace
739.0,Rasheed,Wallace,,NBA All-Star,,2007-08,,,,Award,All-Star,,,739,Rasheed Wallace
739.0,Rasheed,Wallace,Detroit Pistons,NBA Champion,,2003-04,,,,Award,Champion,,,739,Rasheed Wallace
739.0,Rasheed,Wallace,Portland Trail Blazers,NBA Player of the Week,,2001-02,,2002-03-03T00:00:00,West,Award,Kia Motors,KIPWK,,739,Rasheed Wallace
78446.0,Jim,Walsh,USA,Olympic Gold Medal,,1956,,,,Award,Olympic,Gold,,78446,Jim Walsh
1641775.0,Jordan,Walsh,Boston Celtics,NBA Champion,,2023-24,,,,Award,Champion,,,1641775,Jordan Walsh
78447.0,Paul,Walther,,NBA All-Star,,1951-52,,,,Award,All-Star,,,78447,Paul Walther
78450.0,Bill,Walton,Portland Trail Blazers,All-Defensive Team,1,1976-77,,,1610612757,Award,Kia Motors,KIADT,,78450,Bill Walton
78450.0,Bill,Walton,Portland Trail Blazers,All-Defensive Team,1,1977-78,,,1610612757,Award,Kia Motors,KIADT,,78450,Bill Walton
78450.0,Bill,Walton,Portland Trail Blazers,All-NBA,2,1976-77,,,1610612757,Award,Kia Motors,KIANT,,78450,Bill Walton
78450.0,Bill,Walton,Portland Trail Blazers,All-NBA,1,1977-78,,,1610612757,Award,Kia Motors,KIANT,,78450,Bill Walton
78450.0,Bill,Walton,,Hall of Fame Inductee,,1993,,,,Award,Hall of Fame,,,78450,Bill Walton
78450.0,Bill,Walton,,NBA All-Star,,1976-77,,,,Award,All-Star,,,78450,Bill Walton
78450.0,Bill,Walton,,NBA All-Star,,1977-78,,,,Award,All-Star,,,78450,Bill Walton
78450.0,Bill,Walton,Portland Trail Blazers,NBA Champion,,1976-77,,,,Award,Champion,,,78450,Bill Walton
78450.0,Bill,Walton,Boston Celtics,NBA Champion,,1985-86,,,,Award,Champion,,,78450,Bill Walton
78450.0,Bill,Walton,Portland Trail Blazers,NBA Finals Most Valuable Player,,1976-77,,,,Award,Kia Motors,KFMVP,,78450,Bill Walton
78450.0,Bill,Walton,Portland Trail Blazers,NBA Most Valuable Player,,1977-78,,,,Award,Kia Motors,KIMVP,,78450,Bill Walton
78450.0,Bill,Walton,Boston Celtics,NBA Sixth Man of the Year,,1985-86,,,,Award,Sporting News,KISMY,,78450,Bill Walton
78450.0,Bill,Walton,Portland Trail Blazers,NBA Sporting News Most Valuable Player of the Year,,1977-78,,,,Award,Sporting News,SNMVP,,78450,Bill Walton
2575.0,Luke,Walton,Los Angeles Lakers,NBA Champion,,2008-09,,,,Award,Champion,,,2575,Luke Walton
2575.0,Luke,Walton,Los Angeles Lakers,NBA Champion,,2009-10,,,,Award,Champion,,,2575,Luke Walton
78453.0,Bob,Wanzer,Rochester Royals,All-NBA,2,1951-52,,,1610612758,Award,Kia Motors,KIANT,,78453,Bobby Wanzer
78453.0,Bob,Wanzer,Rochester Royals,All-NBA,2,1952-53,,,1610612758,Award,Kia Motors,KIANT,,78453,Bobby Wanzer
78453.0,Bob,Wanzer,Rochester Royals,All-NBA,2,1953-54,,,1610612758,Award,Kia Motors,KIANT,,78453,Bobby Wanzer
78453.0,Bobby,Wanzer,,Hall of Fame Inductee,,1987,,,,Award,Hall of Fame,,,78453,Bobby Wanzer
78453.0,Bobby,Wanzer,,NBA All-Star,,1951-52,,,,Award,All-Star,,,78453,Bobby Wanzer
78453.0,Bobby,Wanzer,,NBA All-Star,,1952-53,,,,Award,All-Star,,,78453,Bobby Wanzer
78453.0,Bobby,Wanzer,,NBA All-Star,,1953-54,,,,Award,All-Star,,,78453,Bobby Wanzer
78453.0,Bobby,Wanzer,,NBA All-Star,,1954-55,,,,Award,All-Star,,,78453,Bobby Wanzer
78453.0,Bobby,Wanzer,,NBA All-Star,,1955-56,,,,Award,All-Star,,,78453,Bobby Wanzer
78453.0,Bobby,Wanzer,Rochester Royals,NBA Champion,,1950-51,,,,Award,Champion,,,78453,Bobby Wanzer
1642276.0,Kel'el,Ware,Miami Heat,All-Rookie Team,2,2024-25,,,West,Award,Kia Motors,KIART,,1642276,Kel'el Ware
1642276.0,Kel'el,Ware,Miami Heat,NBA Rookie of the Month,,2024-25,1/1/2025,,East,Award,Kia Motors,KIRMO,,1642276,Kel'el Ware
78461.0,Johnny,Warren,New York Knicks,NBA Champion,,1969-70,,,,Award,Champion,,,78461,Johnny Warren
78467.0,Kermit,Washington,Portland Trail Blazers,All-Defensive Team,2,1979-80,,,1610612757,Award,Kia Motors,KIADT,,78467,Kermit Washington
78467.0,Kermit,Washington,Portland Trail Blazers,All-Defensive Team,2,1980-81,,,1610612757,Award,Kia Motors,KIADT,,78467,Kermit Washington
78467.0,Kermit,Washington,,NBA All-Star,,1979-80,,,,Award,All-Star,,,78467,Kermit Washington
1629023.0,P.J.,Washington,Charlotte Hornets,All-Rookie Team,2,2019-20,,,East,Award,Kia Motors,KIART,,1629023,P.J. Washington
1631212.0,Peyton,Watson,Denver Nuggets,NBA Champion,,2022-23,,,,Award,Champion,,,1631212,Peyton Watson
1631212.0,Peyton,Watson,Denver Nuggets,NBA Player of the Week,,2025-26,,2026-01-05T00:00:00,West,Award,Kia Motors,KIPWK,,1631212,Peyton Watson
78473.0,Don,Watts,Seattle SuperSonics,All-Defensive Team,1,1975-76,,,1610612760,Award,Kia Motors,KIADT,,78473,Slick Watts
78473.0,Slick,Watts,Seattle SuperSonics,J. Walter Kennedy Citizenship,,1975-76,,,,Award,Kia Motors,KIWKC,,78473,Slick Watts
221.0,Clarence,Weatherspoon,Philadelphia 76ers,All-Rookie Team,2,1992-93,,,1610612755,Award,Kia Motors,KIART,,221,Clar. Weatherspoon
78475.0,Nick,Weatherspoon,Capital Bullets,All-Rookie Team,1,1973-74,,,1610612764,Award,Kia Motors,KIART,,78475,Nick Weatherspoon
78477.0,Jeff,Webb,Milwaukee Bucks,NBA Champion,,1970-71,,,,Award,Champion,,,78477,Jeff Webb
185.0,Chris,Webber,Sacramento Kings,All-NBA,2,1998-99,,,1610612758,Award,Kia Motors,KIANT,,185,Chris Webber
185.0,Chris,Webber,Sacramento Kings,All-NBA,3,1999-00,,,1610612758,Award,Kia Motors,KIANT,,185,Chris Webber
185.0,Chris,Webber,Sacramento Kings,All-NBA,1,2000-01,,,1610612758,Award,Kia Motors,KIANT,,185,Chris Webber
185.0,Chris,Webber,Sacramento Kings,All-NBA,2,2001-02,,,1610612758,Award,Kia Motors,KIANT,,185,Chris Webber
185.0,Chris,Webber,Sacramento Kings,All-NBA,2,2002-03,,,1610612758,Award,Kia Motors,KIANT,,185,Chris Webber
185.0,Chris,Webber,Golden State Warriors,All-Rookie Team,1,1993-94,,,1610612744,Award,Kia Motors,KIART,,185,Chris Webber
185.0,Chris,Webber,,NBA All-Star,,1996-97,,,,Award,All-Star,,,185,Chris Webber
185.0,Chris,Webber,,NBA All-Star,,1999-00,,,,Award,All-Star,,,185,Chris Webber
185.0,Chris,Webber,,NBA All-Star,,2000-01,,,,Award,All-Star,,,185,Chris Webber
185.0,Chris,Webber,,NBA All-Star,,2001-02,,,,Award,All-Star,,,185,Chris Webber
185.0,Chris,Webber,,NBA All-Star,,2002-03,,,,Award,All-Star,,,185,Chris Webber
185.0,Chris,Webber,Sacramento Kings,NBA Player of the Month,,2001-02,01/01/2002,,West,Award,Kia Motors,KIPMO,,185,Chris Webber
185.0,Chris,Webber,Sacramento Kings,NBA Player of the Month,,2002-03,12/01/2002,,West,Award,Kia Motors,KIPMO,,185,Chris Webber
185.0,Chris,Webber,Philadelphia 76ers,NBA Player of the Month,,2004-05,01/01/2005,,East,Award,Kia Motors,KIPMO,,185,Chris Webber
185.0,Chris,Webber,Golden State Warriors,NBA Player of the Week,,1993-94,,1994-01-19T00:00:00,,Award,Kia Motors,KIPWK,,185,Chris Webber
185.0,Chris,Webber,Washington Wizards,NBA Player of the Week,,1996-97,,1997-04-20T00:00:00,,Award,Kia Motors,KIPWK,,185,Chris Webber
185.0,Chris,Webber,Sacramento Kings,NBA Player of the Week,,1998-99,,1999-04-25T00:00:00,,Award,Kia Motors,KIPWK,,185,Chris Webber
185.0,Chris,Webber,Sacramento Kings,NBA Player of the Week,,1999-00,,2000-01-03T00:00:00,,Award,Kia Motors,KIPWK,,185,Chris Webber
185.0,Chris,Webber,Sacramento Kings,NBA Player of the Week,,1999-00,,2000-01-17T00:00:00,,Award,Kia Motors,KIPWK,,185,Chris Webber
185.0,Chris,Webber,Sacramento Kings,NBA Player of the Week,,2000-01,,2000-12-10T00:00:00,,Award,Kia Motors,KIPWK,,185,Chris Webber
185.0,Chris,Webber,Sacramento Kings,NBA Player of the Week,,2000-01,,2001-01-22T00:00:00,,Award,Kia Motors,KIPWK,,185,Chris Webber
185.0,Chris,Webber,Sacramento Kings,NBA Player of the Week,,2001-02,,2002-01-06T00:00:00,West,Award,Kia Motors,KIPWK,,185,Chris Webber
185.0,Chris,Webber,Sacramento Kings,NBA Player of the Week,,2002-03,,2002-12-15T00:00:00,West,Award,Kia Motors,KIPWK,,185,Chris Webber
185.0,Chris,Webber,Golden State Warriors,NBA Rookie of the Month,,1993-94,03/01/1994,,,Award,Kia Motors,KIRMO,,185,Chris Webber
185.0,Chris,Webber,Golden State Warriors,NBA Rookie of the Month,,1993-94,12/01/1993,,,Award,Kia Motors,KIRMO,,185,Chris Webber
185.0,Chris,Webber,Golden State Warriors,NBA Rookie of the Year,,1993-94,,,,Award,Kia Motors,KIROY,,185,Chris Webber
185.0,Chris,Webber,Golden State Warriors,NBA Sporting News Rookie of the Year,,1993-94,,,,Award,Sporting News,SNROY,,185,Chris Webber
78482.0,Scott,Wedman,Kansas City Kings,All-Defensive Team,2,1979-80,,,1610612758,Award,Kia Motors,KIADT,,78482,Scott Wedman
78482.0,Scott,Wedman,Kansas City-Omaha Kings,All-Rookie Team,1,1974-75,,,1610612758,Award,Kia Motors,KIART,,78482,Scott Wedman
78482.0,Scott,Wedman,,NBA All-Star,,1975-76,,,,Award,All-Star,,,78482,Scott Wedman
78482.0,Scott,Wedman,,NBA All-Star,,1979-80,,,,Award,All-Star,,,78482,Scott Wedman
78482.0,Scott,Wedman,Boston Celtics,NBA Champion,,1983-84,,,,Award,Champion,,,78482,Scott Wedman
78482.0,Scott,Wedman,Boston Celtics,NBA Champion,,1985-86,,,,Award,Champion,,,78482,Scott Wedman
78482.0,Scott,Wedman,Sacramento Kings,NBA Player of the Week,,1979-80,,1980-01-06T00:00:00,,Award,Kia Motors,KIPWK,,78482,Scott Wedman
78485.0,Bob,Weiss,Philadelphia 76ers,NBA Champion,,1966-67,,,,Award,Champion,,,78485,Bob Weiss
78486.0,Rick,Weitzman,Boston Celtics,NBA Champion,,1967-68,,,,Award,Champion,,,78486,Rick Weitzman
1642377.0,Jaylen,Wells,Memphis Grizzlies,All-Rookie Team,1,2024-25,,,West,Award,Kia Motors,KIART,,1642377,Jaylen Wells
1642377.0,Jaylen,Wells,Memphis Grizzlies,NBA Rookie of the Month,,2024-25,11/1/2024,,West,Award,Kia Motors,KIRMO,,1642377,Jaylen Wells
1641705.0,Victor,Wembanyama,San Antonio Spurs,All-Defensive Team,1,2023-24,,,West,Award,Kia Motors,KIADT,,1641705,Victor Wembanyama
1641705.0,Victor,Wembanyama,San Antonio Spurs,All-Rookie Team,1,2023-24,,,West,Award,Kia Motors,KIART,,1641705,Victor Wembanyama
1641705.0,Victor,Wembanyama,,NBA All-Star,,2024-25,,,,Award,All-Star,,,1641705,Victor Wembanyama
1641705.0,Victor,Wembanyama,,NBA All-Star,,2025-26,,,,Award,All-Star,,,1641705,Victor Wembanyama
1641705.0,Victor,Wembanyama,San Antonio Spurs,NBA Defensive Player of the Month,,2024-25,11/1/2024,,West,Award,Kia Motors,KIRMO,,1641705,Victor Wembanyama
1641705.0,Victor,Wembanyama,San Antonio Spurs,NBA Defensive Player of the Month,,2025-26,1/1/2026,,West,Award,Kia Motors,KIRMO,,1641705,Victor Wembanyama
1641705.0,Victor,Wembanyama,San Antonio Spurs,NBA Player of the Week,,2024-25,,2024-12-16T00:00:00,West,Award,Kia Motors,KIPWK,,1641705,Victor Wembanyama
1641705.0,Victor,Wembanyama,San Antonio Spurs,NBA Player of the Week,,2025-26,,2025-10-20T00:00:00,West,Award,Kia Motors,KIPWK,,1641705,Victor Wembanyama
1641705.0,Victor,Wembanyama,San Antonio Spurs,NBA Rookie of the Month,,2023-24,1/1/2024,,West,Award,Kia Motors,KIRMO,,1641705,Victor Wembanyama
1641705.0,Victor,Wembanyama,San Antonio Spurs,NBA Rookie of the Month,,2023-24,2/1/2024,,West,Award,Kia Motors,KIRMO,,1641705,Victor Wembanyama
1641705.0,Victor,Wembanyama,San Antonio Spurs,NBA Rookie of the Month,,2023-24,3/1/2024,,West,Award,Kia Motors,KIRMO,,1641705,Victor Wembanyama
1641705.0,Victor,Wembanyama,San Antonio Spurs,NBA Rookie of the Year,,2023-24,,,West,Award,Kia Motors,KIROY,,1641705,Victor Wembanyama
1641705.0,Victor,Wembanyama,France,Olympic Silver Medal,,2024,,,,Award,Olympic,Silver,,1641705,Victor Wembanyama
82.0,Bill,Wennington,Chicago Bulls,NBA Champion,,1995-96,,,,Award,Champion,,,82,Bill Wennington
82.0,Bill,Wennington,Chicago Bulls,NBA Champion,,1997-98,,,,Award,Champion,,,82,Bill Wennington
2561.0,David,West,,NBA All-Star,,2007-08,,,,Award,All-Star,,,2561,David West
2561.0,David,West,,NBA All-Star,,2008-09,,,,Award,All-Star,,,2561,David West
2561.0,David,West,Golden State Warriors,NBA Champion,,2016-17,,,,Award,Champion,,,2561,David West
2561.0,David,West,Golden State Warriors,NBA Champion,,2017-18,,,,Award,Champion,,,2561,David West
2561.0,David,West,New Orleans Hornets,NBA Player of the Week,,2008-09,,2009-03-02T00:00:00,West,Award,Kia Motors,KIPWK,,2561,David West
1629632.0,Coby,White,Chicago Bulls,All-Rookie Team,2,2019-20,,,East,Award,Kia Motors,KIART,,1629632,Coby White
1629632.0,Coby,White,Chicago Bulls,NBA Player of the Month,,2024-25,3/1/2025,,East,Award,Kia Motors,KIPMO,,1629632,Coby White
1629632.0,Coby,White,Chicago Bulls,NBA Player of the Week,,2024-25,,2025-03-10T00:00:00,East,Award,Kia Motors,KIPWK,,1629632,Coby White
1629632.0,Coby,White,Chicago Bulls,NBA Player of the Week,,2024-25,,2025-03-17T00:00:00,East,Award,Kia Motors,KIPWK,,1629632,Coby White
1629632.0,Coby,White,Chicago Bulls,NBA Rookie of the Month,,2019-20,2/1/2020,,East,Award,Kia Motors,KIRMO,,1629632,Coby White
1628401.0,Derrick,White,Boston Celtics,All-Defensive Team,2,2022-23,,,East,Award,Kia Motors,KIADT,,1628401,Derrick White
1628401.0,Derrick,White,Boston Celtics,All-Defensive Team,2,2023-24,,,East,Award,Kia Motors,KIADT,,1628401,Derrick White
1628401.0,Derrick,White,Boston Celtics,NBA Champion,,2023-24,,,,Award,Champion,,,1628401,Derrick White
1628401.0,Derrick,White,Boston Celtics,NBA Player of the Week,,2022-23,,2023-02-06T00:00:00,East,Award,Kia Motors,KIPWK,,1628401,Derrick White
1628401.0,Derrick,White,Boston Celtics,NBA Player of the Week,,2023-24,,2024-03-18T00:00:00,East,Award,Kia Motors,KIPWK,,1628401,Derrick White
1628401.0,Derrick,White,USA,Olympic Gold Medal,,2024,,,,Award,Olympic,Gold,,1628401,Derrick White
78510.0,JoJo,White,Boston Celtics,All-NBA,2,1974-75,,,1610612738,Award,Kia Motors,KIANT,,78510,Jojo White
78510.0,JoJo,White,Boston Celtics,All-NBA,2,1976-77,,,1610612738,Award,Kia Motors,KIANT,,78510,Jojo White
78510.0,JoJo,White,Boston Celtics,All-Rookie Team,1,1969-70,,,1610612738,Award,Kia Motors,KIART,,78510,Jojo White
78510.0,Jojo,White,,Hall of Fame Inductee,,2015,,,,Award,Hall of Fame,,,78510,Jojo White
78510.0,Jojo,White,,NBA All-Star,,1970-71,,,,Award,All-Star,,,78510,Jojo White
78510.0,Jojo,White,,NBA All-Star,,1971-72,,,,Award,All-Star,,,78510,Jojo White
78510.0,Jojo,White,,NBA All-Star,,1972-73,,,,Award,All-Star,,,78510,Jojo White
78510.0,Jojo,White,,NBA All-Star,,1973-74,,,,Award,All-Star,,,78510,Jojo White
78510.0,Jojo,White,,NBA All-Star,,1974-75,,,,Award,All-Star,,,78510,Jojo White
78510.0,Jojo,White,,NBA All-Star,,1975-76,,,,Award,All-Star,,,78510,Jojo White
78510.0,Jojo,White,,NBA All-Star,,1976-77,,,,Award,All-Star,,,78510,Jojo White
78510.0,Jojo,White,Boston Celtics,NBA Champion,,1973-74,,,,Award,Champion,,,78510,Jojo White
78510.0,Jojo,White,Boston Celtics,NBA Champion,,1975-76,,,,Award,Champion,,,78510,Jojo White
78510.0,JoJo,White,Boston Celtics,NBA Finals Most Valuable Player,,1975-76,,,,Award,Kia Motors,KFMVP,,78510,Jojo White
78510.0,JoJo,White,USA,Olympic Gold Medal,,1968,,,,Award,Olympic,Gold,,78510,Jojo White
202355.0,Hassan,Whiteside,Miami Heat,All-Defensive Team,2,2015-16,,,East,Award,Kia Motors,KIADT,,202355,Hassan Whiteside
202355.0,Hassan,Whiteside,Miami Heat,NBA Player of the Week,,2016-17,,2017-03-20T00:00:00,East,Award,Kia Motors,KIPWK,,202355,Hassan Whiteside
78520.0,Sidney,Wicks,Portland Trail Blazers,All-Rookie Team,1,1971-72,,,1610612757,Award,Kia Motors,KIART,,78520,Sidney Wicks
78520.0,Sidney,Wicks,,NBA All-Star,,1971-72,,,,Award,All-Star,,,78520,Sidney Wicks
78520.0,Sidney,Wicks,,NBA All-Star,,1972-73,,,,Award,All-Star,,,78520,Sidney Wicks
78520.0,Sidney,Wicks,,NBA All-Star,,1973-74,,,,Award,All-Star,,,78520,Sidney Wicks
78520.0,Sidney,Wicks,,NBA All-Star,,1974-75,,,,Award,All-Star,,,78520,Sidney Wicks
78520.0,Sidney,Wicks,Portland Trail Blazers,NBA Rookie of the Year,,1971-72,,,,Award,Kia Motors,KIROY,,78520,Sidney Wicks
78520.0,Sidney,Wicks,Portland Trail Blazers,NBA Sporting News Rookie of the Year,,1971-72,,,,Award,Sporting News,SNROY,,78520,Sidney Wicks
1630598.0,Aaron,Wiggins,Oklahoma City Thunder,NBA Champion,,2024-25,,,,Award,Champion,,,1630598,Aaron Wiggins
203952.0,Andrew,Wiggins,Minnesota Timberwolves,All-Rookie Team,1,2014-15,,,1610612750,Award,Kia Motors,KIART,,203952,Andrew Wiggins
203952.0,Andrew,Wiggins,,NBA All-Star,,2021-22,,,,Award,All-Star,,,203952,Andrew Wiggins
203952.0,Andrew,Wiggins,Golden State Warriors,NBA Champion,,2021-22,,,,Award,Champion,,,203952,Andrew Wiggins
203952.0,Andrew,Wiggins,Minnesota Timberwolves,NBA Rookie of the Month,,2014-15,1/1/2015,,West,Award,Kia Motors,KIRMO,,203952,Andrew Wiggins
203952.0,Andrew,Wiggins,Minnesota Timberwolves,NBA Rookie of the Month,,2014-15,11/1/2014,,West,Award,Kia Motors,KIRMO,,203952,Andrew Wiggins
203952.0,Andrew,Wiggins,Minnesota Timberwolves,NBA Rookie of the Month,,2014-15,12/1/2014,,West,Award,Kia Motors,KIRMO,,203952,Andrew Wiggins
203952.0,Andrew,Wiggins,Minnesota Timberwolves,NBA Rookie of the Year,,2014-15,,,,Award,Kia Motors,KIROY,,203952,Andrew Wiggins
2404.0,Chris,Wilcox,Seattle SuperSonics,NBA Player of the Week,,2005-06,,2006-04-09T00:00:00,West,Award,Kia Motors,KIPWK,,2404,Chris Wilcox
78529.0,Win,Wilfong,St. Louis Hawks,NBA Champion,,1957-58,,,,Award,Champion,,,78529,Win Wilfong
78530.0,Lenny,Wilkens,,Hall of Fame Inductee,,1989,,,,Award,Hall of Fame,,,78530,Lenny Wilkens
78530.0,Lenny,Wilkens,,NBA All-Star,,1962-63,,,,Award,All-Star,,,78530,Lenny Wilkens
78530.0,Lenny,Wilkens,,NBA All-Star,,1963-64,,,,Award,All-Star,,,78530,Lenny Wilkens
78530.0,Lenny,Wilkens,,NBA All-Star,,1964-65,,,,Award,All-Star,,,78530,Lenny Wilkens
78530.0,Lenny,Wilkens,,NBA All-Star,,1966-67,,,,Award,All-Star,,,78530,Lenny Wilkens
78530.0,Lenny,Wilkens,,NBA All-Star,,1967-68,,,,Award,All-Star,,,78530,Lenny Wilkens
78530.0,Lenny,Wilkens,,NBA All-Star,,1968-69,,,,Award,All-Star,,,78530,Lenny Wilkens
78530.0,Lenny,Wilkens,,NBA All-Star,,1969-70,,,,Award,All-Star,,,78530,Lenny Wilkens
78530.0,Lenny,Wilkens,,NBA All-Star,,1970-71,,,,Award,All-Star,,,78530,Lenny Wilkens
78530.0,Lenny,Wilkens,,NBA All-Star,,1972-73,,,,Award,All-Star,,,78530,Lenny Wilkens
78530.0,Lenny,Wilkens,Seattle SuperSonics,NBA All-Star Most Valuable Player,,1970-71,,,,Award,Kia Motors,KAMVP,,78530,Lenny Wilkens
78532.0,Jamaal,Wilkes,Golden State Warriors,All-Defensive Team,2,1975-76,,,1610612744,Award,Kia Motors,KIADT,,78532,Jamaal Wilkes
78532.0,Jamaal,Wilkes,Golden State Warriors,All-Defensive Team,2,1976-77,,,1610612744,Award,Kia Motors,KIADT,,78532,Jamaal Wilkes
78532.0,Jamaal,Wilkes,Golden State Warriors,All-Rookie Team,1,1974-75,,,1610612744,Award,Kia Motors,KIART,,78532,Jamaal Wilkes
78532.0,Jamaal,Wilkes,,Hall of Fame Inductee,,2012,,,,Award,Hall of Fame,,,78532,Jamaal Wilkes
78532.0,Jamaal,Wilkes,,NBA All-Star,,1975-76,,,,Award,All-Star,,,78532,Jamaal Wilkes
78532.0,Jamaal,Wilkes,,NBA All-Star,,1980-81,,,,Award,All-Star,,,78532,Jamaal Wilkes
78532.0,Jamaal,Wilkes,,NBA All-Star,,1982-83,,,,Award,All-Star,,,78532,Jamaal Wilkes
78532.0,Jamaal,Wilkes,Golden State Warriors,NBA Champion,,1974-75,,,,Award,Champion,,,78532,Jamaal Wilkes
78532.0,Jamaal,Wilkes,Los Angeles Lakers,NBA Champion,,1979-80,,,,Award,Champion,,,78532,Jamaal Wilkes
78532.0,Jamaal,Wilkes,Los Angeles Lakers,NBA Champion,,1981-82,,,,Award,Champion,,,78532,Jamaal Wilkes
78532.0,Jamaal,Wilkes,Golden State Warriors,NBA Rookie of the Year,,1974-75,,,,Award,Kia Motors,KIROY,,78532,Jamaal Wilkes
78532.0,Jamaal,Wilkes,Golden State Warriors,NBA Sporting News Rookie of the Year,,1974-75,,,,Award,Sporting News,SNROY,,78532,Jamaal Wilkes
1122.0,Domininque,Wilkins,,Hall of Fame Inductee,,2006,,,,Award,Hall of Fame,,,1122,Dominique Wilkins
1122.0,Dominique,Wilkins,Atlanta Hawks,All-NBA,1,1985-86,,,1610612737,Award,Kia Motors,KIANT,,1122,Dominique Wilkins
1122.0,Dominique,Wilkins,Atlanta Hawks,All-NBA,2,1986-87,,,1610612737,Award,Kia Motors,KIANT,,1122,Dominique Wilkins
1122.0,Dominique,Wilkins,Atlanta Hawks,All-NBA,2,1987-88,,,1610612737,Award,Kia Motors,KIANT,,1122,Dominique Wilkins
1122.0,Dominique,Wilkins,Atlanta Hawks,All-NBA,3,1988-89,,,1610612737,Award,Kia Motors,KIANT,,1122,Dominique Wilkins
1122.0,Dominique,Wilkins,Atlanta Hawks,All-NBA,2,1990-91,,,1610612737,Award,Kia Motors,KIANT,,1122,Dominique Wilkins
1122.0,Dominique,Wilkins,Atlanta Hawks,All-NBA,2,1992-93,,,1610612737,Award,Kia Motors,KIANT,,1122,Dominique Wilkins
1122.0,Dominique,Wilkins,Atlanta Hawks-Los Angeles Clippers,All-NBA,3,1993-94,,,1610612746,Award,Kia Motors,KIANT,,1122,Dominique Wilkins
1122.0,Dominique,Wilkins,Atlanta Hawks,All-Rookie Team,1,1982-83,,,1610612737,Award,Kia Motors,KIART,,1122,Dominique Wilkins
1122.0,Dominique,Wilkins,,NBA All-Star,,1985-86,,,,Award,All-Star,,,1122,Dominique Wilkins
1122.0,Dominique,Wilkins,,NBA All-Star,,1986-87,,,,Award,All-Star,,,1122,Dominique Wilkins
1122.0,Dominique,Wilkins,,NBA All-Star,,1987-88,,,,Award,All-Star,,,1122,Dominique Wilkins
1122.0,Dominique,Wilkins,,NBA All-Star,,1988-89,,,,Award,All-Star,,,1122,Dominique Wilkins
1122.0,Dominique,Wilkins,,NBA All-Star,,1989-90,,,,Award,All-Star,,,1122,Dominique Wilkins
1122.0,Dominique,Wilkins,,NBA All-Star,,1990-91,,,,Award,All-Star,,,1122,Dominique Wilkins
1122.0,Dominique,Wilkins,,NBA All-Star,,1991-92,,,,Award,All-Star,,,1122,Dominique Wilkins
1122.0,Dominique,Wilkins,,NBA All-Star,,1992-93,,,,Award,All-Star,,,1122,Dominique Wilkins
1122.0,Dominique,Wilkins,,NBA All-Star,,1993-94,,,,Award,All-Star,,,1122,Dominique Wilkins
1122.0,Dominique,Wilkins,Atlanta Hawks,NBA Player of the Month,,1985-86,01/01/1986,,,Award,Kia Motors,KIPMO,,1122,Dominique Wilkins
1122.0,Dominique,Wilkins,Atlanta Hawks,NBA Player of the Month,,1990-91,02/01/1991,,,Award,Kia Motors,KIPMO,,1122,Dominique Wilkins
1122.0,Dominique,Wilkins,Atlanta Hawks,NBA Player of the Month,,1992-93,02/01/1993,,,Award,Kia Motors,KIPMO,,1122,Dominique Wilkins
1122.0,Dominique,Wilkins,Atlanta Hawks,NBA Player of the Week,,1983-84,,1984-04-15T00:00:00,,Award,Kia Motors,KIPWK,,1122,Dominique Wilkins
1122.0,Dominique,Wilkins,Atlanta Hawks,NBA Player of the Week,,1984-85,,1985-02-03T00:00:00,,Award,Kia Motors,KIPWK,,1122,Dominique Wilkins
1122.0,Dominique,Wilkins,Atlanta Hawks,NBA Player of the Week,,1985-86,,1985-12-29T00:00:00,,Award,Kia Motors,KIPWK,,1122,Dominique Wilkins
1122.0,Dominique,Wilkins,Atlanta Hawks,NBA Player of the Week,,1985-86,,1986-04-13T00:00:00,,Award,Kia Motors,KIPWK,,1122,Dominique Wilkins
1122.0,Dominique,Wilkins,Atlanta Hawks,NBA Player of the Week,,1986-87,,1986-12-14T00:00:00,,Award,Kia Motors,KIPWK,,1122,Dominique Wilkins
1122.0,Dominique,Wilkins,Atlanta Hawks,NBA Player of the Week,,1987-88,,1987-12-27T00:00:00,,Award,Kia Motors,KIPWK,,1122,Dominique Wilkins
1122.0,Dominique,Wilkins,Atlanta Hawks,NBA Player of the Week,,1987-88,,1988-01-17T00:00:00,,Award,Kia Motors,KIPWK,,1122,Dominique Wilkins
1122.0,Dominique,Wilkins,Atlanta Hawks,NBA Player of the Week,,1987-88,,1988-02-14T00:00:00,,Award,Kia Motors,KIPWK,,1122,Dominique Wilkins
1122.0,Dominique,Wilkins,Atlanta Hawks,NBA Player of the Week,,1990-91,,1991-01-06T00:00:00,,Award,Kia Motors,KIPWK,,1122,Dominique Wilkins
786.0,Gerald,Wilkins,New York Knicks,NBA Player of the Week,,1990-91,,1991-03-03T00:00:00,,Award,Kia Motors,KIPWK,,786,Gerald Wilkins
78539.0,Arthur,Williams,Boston Celtics,NBA Champion,,1973-74,,,,Award,Champion,,,78539,Arthur Williams
433.0,Buck,Williams,New Jersey Nets,All-Defensive Team,2,1987-88,,,1610612751,Award,Kia Motors,KIADT,,433,Buck Williams
433.0,Buck,Williams,Portland Trail Blazers,All-Defensive Team,1,1989-90,,,1610612757,Award,Kia Motors,KIADT,,433,Buck Williams
433.0,Buck,Williams,Portland Trail Blazers,All-Defensive Team,1,1990-91,,,1610612757,Award,Kia Motors,KIADT,,433,Buck Williams
433.0,Buck,Williams,Portland Trail Blazers,All-Defensive Team,2,1991-92,,,1610612757,Award,Kia Motors,KIADT,,433,Buck Williams
433.0,Buck,Williams,New Jersey Nets,All-NBA,2,1982-83,,,1610612751,Award,Kia Motors,KIANT,,433,Buck Williams
433.0,Buck,Williams,New Jersey Nets,All-Rookie Team,1,1981-82,,,1610612751,Award,Kia Motors,KIART,,433,Buck Williams
433.0,Buck,Williams,,NBA All-Star,,1981-82,,,,Award,All-Star,,,433,Buck Williams
433.0,Buck,Williams,,NBA All-Star,,1982-83,,,,Award,All-Star,,,433,Buck Williams
433.0,Buck,Williams,,NBA All-Star,,1985-86,,,,Award,All-Star,,,433,Buck Williams
433.0,Buck,Williams,New Jersey Nets,NBA Player of the Week,,1982-83,,1982-12-05T00:00:00,,Award,Kia Motors,KIPWK,,433,Buck Williams
433.0,Buck,Williams,New Jersey Nets,NBA Player of the Week,,1983-84,,1984-01-22T00:00:00,,Award,Kia Motors,KIPWK,,433,Buck Williams
433.0,Buck,Williams,New Jersey Nets,NBA Player of the Week,,1985-86,,1985-11-10T00:00:00,,Award,Kia Motors,KIPWK,,433,Buck Williams
433.0,Buck,Williams,New Jersey Nets,NBA Rookie of the Month,,1981-82,02/01/1982,,,Award,Kia Motors,KIRMO,,433,Buck Williams
433.0,Buck,Williams,New Jersey Nets,NBA Rookie of the Year,,1981-82,,,,Award,Kia Motors,KIROY,,433,Buck Williams
101114.0,Deron,Williams,Utah Jazz,All-NBA,2,2007-08,,,1610612762,Award,Kia Motors,KIANT,,101114,Deron Williams
101114.0,Deron,Williams,Utah Jazz,All-NBA,2,2009-10,,,1610612762,Award,Kia Motors,KIANT,,101114,Deron Williams
101114.0,Deron,Williams,Utah Jazz,All-Rookie Team,1,2005-06,,,1610612762,Award,Kia Motors,KIART,,101114,Deron Williams
101114.0,Deron,Williams,,NBA All-Star,,2009-10,,,,Award,All-Star,,,101114,Deron Williams
101114.0,Deron,Williams,,NBA All-Star,,2010-11,,,,Award,All-Star,,,101114,Deron Williams
101114.0,Deron,Williams,,NBA All-Star,,2011-12,,,,Award,All-Star,,,101114,Deron Williams
101114.0,Deron,Williams,New Jersey Nets,NBA Player of the Month,,2010-11,11/01/2010,,East,Award,Kia Motors,KIPMO,,101114,Deron Williams
101114.0,Deron,Williams,Utah Jazz,NBA Player of the Week,,2008-09,,2009-03-09T00:00:00,West,Award,Kia Motors,KIPWK,,101114,Deron Williams
101114.0,Deron,Williams,Utah Jazz,NBA Player of the Week,,2009-10,,2009-12-14T00:00:00,West,Award,Kia Motors,KIPWK,,101114,Deron Williams
101114.0,Deron,Williams,Utah Jazz,NBA Player of the Week,,2010-11,,2010-11-15T00:00:00,West,Award,Kia Motors,KIPWK,,101114,Deron Williams
101114.0,Deron,Williams,Brooklyn Nets,NBA Player of the Week,,2014-15,,2014-11-03T00:00:00,East,Award,Kia Motors,KIPWK,,101114,Deron Williams
101114.0,Deron,Williams,USA,Olympic Gold Medal,,2008,,,,Award,Olympic,Gold,,101114,Deron Williams
101114.0,Deron,Williams,USA,Olympic Gold Medal,,2012,,,,Award,Olympic,Gold,,101114,Deron Williams
202682.0,Derrick,Williams,Minnesota Timberwolves,All-Rookie Team,2,2011-12,,,1610612750,Award,Kia Motors,KIART,,202682,Derrick Williams
78548.0,Freeman,Williams,San Diego Clippers,NBA Player of the Month,,1980-81,12/01/1980,,,Award,Kia Motors,KIPMO,,78548,Freeman Williams
78549.0,Gus,Williams,Seattle SuperSonics,All-NBA,2,1979-80,,,1610612760,Award,Kia Motors,KIANT,,78549,Gus Williams
78549.0,Gus,Williams,Seattle SuperSonics,All-NBA,1,1981-82,,,1610612760,Award,Kia Motors,KIANT,,78549,Gus Williams
78549.0,Gus,Williams,Golden State Warriors,All-Rookie Team,1,1975-76,,,1610612744,Award,Kia Motors,KIART,,78549,Gus Williams
78549.0,Gus,Williams,,NBA All-Star,,1981-82,,,,Award,All-Star,,,78549,Gus Williams
78549.0,Gus,Williams,,NBA All-Star,,1982-83,,,,Award,All-Star,,,78549,Gus Williams
78549.0,Gus,Williams,Seattle SuperSonics,NBA Champion,,1978-79,,,,Award,Champion,,,78549,Gus Williams
78549.0,Gus,Williams,Seattle SuperSonics,NBA Comeback Player of the Year,,1981-82,,,,Award,Kia Motors,KCPYR,,78549,Gus Williams
78549.0,Gus,Williams,Seattle SuperSonics,NBA Player of the Week,,1981-82,,1982-01-10T00:00:00,,Award,Kia Motors,KIPWK,,78549,Gus Williams
78549.0,Gus,Williams,Seattle SuperSonics,NBA Player of the Week,,1982-83,,1983-03-20T00:00:00,,Award,Kia Motors,KIPWK,,78549,Gus Williams
1006.0,Herb,Williams,Indiana Pacers,NBA Player of the Week,,1985-86,,1986-04-06T00:00:00,,Award,Kia Motors,KIPWK,,1006,Herb Williams
1631114.0,Jalen,Williams,Oklahoma City Thunder,All-Defensive Team,2,2024-25,,,West,Award,Kia Motors,KIADT,,1631114,Jalen Williams
1631114.0,Jalen,Williams,Oklahoma City Thunder,All-NBA,3,2024-25,,,West,Award,Kia Motors,KIANT,,1631114,Jalen Williams
1631114.0,Jalen,Williams,Oklahoma City Thunder,All-Rookie Team,1,2022-23,,,West,Award,Kia Motors,KIART,,1631114,Jalen Williams
1631114.0,Jalen,Williams,,NBA All-Star,,2024-25,,,,Award,All-Star,,,1631114,Jalen Williams
1631114.0,Jalen,Williams,Oklahoma City Thunder,NBA Champion,,2024-25,,,,Award,Champion,,,1631114,Jalen Williams
1631114.0,Jalen,Williams,Oklahoma City Thunder,NBA Rookie of the Month,,2022-23,11/1/2022,,West,Award,Kia Motors,KIRMO,,1631114,Jalen Williams
1631114.0,Jalen,Williams,Oklahoma City Thunder,NBA Rookie of the Month,,2022-23,3/1/2023,,West,Award,Kia Motors,KIRMO,,1631114,Jalen Williams
1715.0,Jason,Williams,Sacramento Kings,All-Rookie Team,1,1998-99,,,1610612758,Award,Kia Motors,KIART,,1715,Jason Williams
1715.0,Jason,Williams,Miami Heat,NBA Champion,,2005-06,,,,Award,Champion,,,1715,Jason Williams
2398.0,Jay,Williams,Chicago Bulls,All-Rookie Team,2,2002-03,,,1610612741,Award,Kia Motors,KIART,,2398,Jay Williams
2398.0,Jay,Williams,Chicago Bulls,NBA Rookie of the Month,,2002-03,12/01/2002,,East,Award,Kia Motors,KIRMO,,2398,Jay Williams
1631119.0,Jaylin,Williams,Oklahoma City Thunder,NBA Champion,,2024-25,,,,Award,Champion,,,1631119,Jaylin Williams
420.0,Jayson,Williams,,NBA All-Star,,1997-98,,,,Award,All-Star,,,420,Jayson Williams
420.0,Jayson,Williams,New Jersey Nets,NBA Player of the Week,,1997-98,,1998-01-25T00:00:00,,Award,Kia Motors,KIPWK,,420,Jayson Williams
78554.0,John,Williams,Cleveland Cavaliers,All-Rookie Team,1,1986-87,,,1610612739,Award,Kia Motors,KIART,,78554,John Williams
78554.0,John,Williams,Cleveland Cavaliers,NBA Player of the Week,,1986-87,,1986-11-30T00:00:00,,Award,Kia Motors,KIPWK,,78554,John Williams
1629026.0,Kenrich,Williams,Oklahoma City Thunder,NBA Champion,,2024-25,,,,Award,Champion,,,1629026,Kenrich Williams
101150.0,Lou,Williams,Toronto Raptors,NBA Player of the Week,,2014-15,,2014-11-17T00:00:00,East,Award,Kia Motors,KIPWK,,101150,Lou Williams
101150.0,Lou,Williams,LA Clippers,NBA Player of the Week,,2017-18,,2017-12-25T00:00:00,West,Award,Kia Motors,KIPWK,,101150,Lou Williams
101150.0,Lou,Williams,LA Clippers,NBA Player of the Week,,2017-18,,2018-01-08T00:00:00,West,Award,Kia Motors,KIPWK,,101150,Lou Williams
101150.0,Lou,Williams,Toronto Raptors,NBA Sixth Man of the Year,,2014-15,,,,Award,Kia Motors,KISMY,,101150,Lou Williams
101150.0,Lou,Williams,LA Clippers,NBA Sixth Man of the Year,,2017-18,,,West,Award,Kia Motors,KISMY,,101150,Lou Williams
101150.0,Lou,Williams,LA Clippers,NBA Sixth Man of the Year,,2018-19,,,West,Award,Kia Motors,KISMY,,101150,Lou Williams
201173.0,Marcus,Williams,New Jersey Nets,All-Rookie Team,2,2006-07,,,1610612751,Award,Kia Motors,KIART,,201173,Marcus Williams
101107.0,Marvin,Williams,Atlanta Hawks,All-Rookie Team,2,2005-06,,,1610612737,Award,Kia Motors,KIART,,101107,Marvin Williams
52.0,Micheal,Williams,Indiana Pacers,All-Defensive Team,2,1991-92,,,1610612754,Award,Kia Motors,KIADT,,52,Micheal Williams
52.0,Micheal,Williams,Detroit Pistons,NBA Champion,,1988-89,,,,Award,Champion,,,52,Micheal Williams
2590.0,Mo,Williams,,NBA All-Star,,2008-09,,,,Award,All-Star,,,2590,Mo Williams
2590.0,Mo,Williams,Cleveland Cavaliers,NBA Champion,,2015-16,,,,Award,Champion,,,2590,Mo Williams
2590.0,Mo,Williams,Milwaukee Bucks,NBA Player of the Week,,2006-07,,2006-12-24T00:00:00,East,Award,Kia Motors,KIPWK,,2590,Mo Williams
2590.0,Mo,Williams,Minnesota Timberwolves,NBA Player of the Week,,2014-15,,2015-01-12T00:00:00,West,Award,Kia Motors,KIPWK,,2590,Mo Williams
2590.0,Mo,Williams,Charlotte Hornets,NBA Player of the Week,,2014-15,,2015-03-02T00:00:00,East,Award,Kia Motors,KIPWK,,2590,Mo Williams
1630172.0,Patrick,Williams,Chicago Bulls,All-Rookie Team,2,2020-21,,,East,Award,Kia Motors,KIART,,1630172,Patrick Williams
78571.0,Ray,Williams,New Jersey Nets,NBA Player of the Week,,1981-82,,1982-04-18T00:00:00,,Award,Kia Motors,KIPWK,,78571,Ray Williams
1629627.0,Zion,Williamson,New Orleans Pelicans,All-Rookie Team,1,2019-20,,,West,Award,Kia Motors,KIART,,1629627,Zion Williamson
1629627.0,Zion,Williamson,,NBA All-Star,,2020-21,,,,Award,All-Star,,,1629627,Zion Williamson
1629627.0,Zion,Williamson,,NBA All-Star,,2022-23,,,,Award,All-Star,,,1629627,Zion Williamson
1629627.0,Zion,Williamson,New Orleans Pelicans,NBA Player of the Week,,2022-23,,2022-12-05T00:00:00,West,Award,Kia Motors,KIPWK,,1629627,Zion Williamson
1629627.0,Zion,Williamson,New Orleans Pelicans,NBA Rookie of the Month,,2019-20,2/1/2020,,West,Award,Kia Motors,KIRMO,,1629627,Zion Williamson
788.0,Kevin,Willis,Atlanta Hawks,All-NBA,3,1991-92,,,1610612737,Award,Kia Motors,KIANT,,788,Kevin Willis
788.0,Kevin,Willis,,NBA All-Star,,1991-92,,,,Award,All-Star,,,788,Kevin Willis
788.0,Kevin,Willis,San Antonio Spurs,NBA Champion,,2002-03,,,,Award,Champion,,,788,Kevin Willis
788.0,Kevin,Willis,Atlanta Hawks,NBA Player of the Week,,1991-92,,1991-11-24T00:00:00,,Award,Kia Motors,KIPWK,,788,Kevin Willis
788.0,Kevin,Willis,Atlanta Hawks,NBA Player of the Week,,1993-94,,1994-03-27T00:00:00,,Award,Kia Motors,KIPWK,,788,Kevin Willis
78596.0,Harthorne,Wingo,New York Knicks,NBA Champion,,1972-73,,,,Award,Champion,,,78596,Harthorne Wingo
78597.0,Marv,Winkler,Milwaukee Bucks,NBA Champion,,1970-71,,,,Award,Champion,,,78597,Marv Winkler
1626159.0,Justice,Winslow,Miami Heat,All-Rookie Team,2,2015-16,,,East,Award,Kia Motors,KIART,,1626159,Justise Winslow
78600.0,Brian,Winters,Los Angeles Lakers,All-Rookie Team,1,1974-75,,,1610612747,Award,Kia Motors,KIART,,78600,Brian Winters
78600.0,Brian,Winters,,NBA All-Star,,1975-76,,,,Award,All-Star,,,78600,Brian Winters
78600.0,Brian,Winters,,NBA All-Star,,1977-78,,,,Award,All-Star,,,78600,Brian Winters
2106.0,Ruben,Wolkowyski,Argentina,Olympic Appearance,,1996,,,,Award,Olympic,Appearance,,2106,Ruben Wolkowyski
2106.0,Ruben,Wolkowyski,Argentina,Olympic Gold Medal,,2004,,,,Award,Olympic,Gold,,2106,Ruben Wolkowyski
78611.0,Leon,Wood,USA,Olympic Gold Medal,,1984,,,,Award,Olympic,Gold,,78611,Leon Wood
78615.0,Orlando,Woolridge,Chicago Bulls,NBA Player of the Week,,1984-85,,1984-12-09T00:00:00,,Award,Kia Motors,KIPWK,,78615,Orlando Woolridge
1897.0,Metta,World Peace,Los Angeles Lakers,J. Walter Kennedy Citizenship,,2010-11,,,,Award,Kia Motors,KIWKC,,1897,Metta World Peace
1897.0,Metta,World Peace,,NBA All-Star,,2003-04,,,,Award,All-Star,,,1897,Metta World Peace
1897.0,Metta,World Peace,Los Angeles Lakers,NBA Champion,,2009-10,,,,Award,Champion,,,1897,Metta World Peace
1897.0,Metta,World Peace,Indiana Pacers,NBA Defensive Player of the Year,,2003-04,,,,Award,Kia Motors,KDPYR,,1897,Metta World Peace
1897.0,Ron,Artest,Indiana Pacers,All-Defensive Team,2,2002-03,,,1610612754,Award,Kia Motors,KIADT,,1897,Metta World Peace
1897.0,Ron,Artest,Indiana Pacers,All-Defensive Team,1,2003-04,,,1610612754,Award,Kia Motors,KIADT,,1897,Metta World Peace
1897.0,Ron,Artest,Sacramento Kings,All-Defensive Team,1,2005-06,,,1610612758,Award,Kia Motors,KIADT,,1897,Metta World Peace
1897.0,Ron,Artest,Houston Rockets,All-Defensive Team,2,2008-09,,,1610612745,Award,Kia Motors,KIADT,,1897,Metta World Peace
1897.0,Ron,Artest,Indiana Pacers,All-NBA,3,2003-04,,,1610612754,Award,Kia Motors,KIANT,,1897,Metta World Peace
1897.0,Ron,Artest,Chicago Bulls,All-Rookie Team,2,1999-00,,,1610612741,Award,Kia Motors,KIART,,1897,Metta World Peace
1897.0,Ron,Artest,Indiana Pacers,NBA Player of the Week,,2002-03,,2002-11-17T00:00:00,East,Award,Kia Motors,KIPWK,,1897,Metta World Peace
1897.0,Ron,Artest,Indiana Pacers,NBA Player of the Week,,2003-04,,2003-11-09T00:00:00,East,Award,Kia Motors,KIPWK,,1897,Metta World Peace
1897.0,Ron,Artest,Indiana Pacers,NBA Player of the Week,,2003-04,,2004-03-29T00:00:00,East,Award,Kia Motors,KIPWK,,1897,Metta World Peace
1460.0,James,Worthy,Los Angeles Lakers,All-NBA,3,1989-90,,,1610612747,Award,Kia Motors,KIANT,,1460,James Worthy
1460.0,James,Worthy,Los Angeles Lakers,All-NBA,3,1990-91,,,1610612747,Award,Kia Motors,KIANT,,1460,James Worthy
1460.0,James,Worthy,Los Angeles Lakers,All-Rookie Team,1,1982-83,,,1610612747,Award,Kia Motors,KIART,,1460,James Worthy
1460.0,James,Worthy,,Hall of Fame Inductee,,2003,,,,Award,Hall of Fame,,,1460,James Worthy
1460.0,James,Worthy,,NBA All-Star,,1985-86,,,,Award,All-Star,,,1460,James Worthy
1460.0,James,Worthy,,NBA All-Star,,1986-87,,,,Award,All-Star,,,1460,James Worthy
1460.0,James,Worthy,,NBA All-Star,,1987-88,,,,Award,All-Star,,,1460,James Worthy
1460.0,James,Worthy,,NBA All-Star,,1988-89,,,,Award,All-Star,,,1460,James Worthy
1460.0,James,Worthy,,NBA All-Star,,1989-90,,,,Award,All-Star,,,1460,James Worthy
1460.0,James,Worthy,,NBA All-Star,,1990-91,,,,Award,All-Star,,,1460,James Worthy
1460.0,James,Worthy,,NBA All-Star,,1991-92,,,,Award,All-Star,,,1460,James Worthy
1460.0,James,Worthy,Los Angeles Lakers,NBA Champion,,1984-85,,,,Award,Champion,,,1460,James Worthy
1460.0,James,Worthy,Los Angeles Lakers,NBA Champion,,1986-87,,,,Award,Champion,,,1460,James Worthy
1460.0,James,Worthy,Los Angeles Lakers,NBA Champion,,1987-88,,,,Award,Champion,,,1460,James Worthy
1460.0,James,Worthy,Los Angeles Lakers,NBA Finals Most Valuable Player,,1987-88,,,,Award,Kia Motors,KFMVP,,1460,James Worthy
78623.0,Larry,Wright,Washington Bullets,NBA Champion,,1977-78,,,,Award,Champion,,,78623,Larry Wright
412.0,Sharone,Wright,Philadelphia 76ers,All-Rookie Team,2,1994-95,,,1610612755,Award,Kia Motors,KIART,,412,Sharone Wright
1627824.0,Guerschon,Yabusele,France,Olympic Silver Medal,,2024,,,,Award,Olympic,Silver,,1627824,Guerschon Yabusele
2397.0,Yao,Ming,Houston Rockets,All-NBA,3,2003-04,,,1610612745,Award,Kia Motors,KIANT,,2397,Yao Ming
2397.0,Yao,Ming,Houston Rockets,All-NBA,3,2005-06,,,1610612745,Award,Kia Motors,KIANT,,2397,Yao Ming
2397.0,Yao,Ming,Houston Rockets,All-NBA,2,2006-07,,,1610612745,Award,Kia Motors,KIANT,,2397,Yao Ming
2397.0,Yao,Ming,Houston Rockets,All-NBA,3,2007-08,,,1610612745,Award,Kia Motors,KIANT,,2397,Yao Ming
2397.0,Yao,Ming,Houston Rockets,All-NBA,2,2008-09,,,1610612745,Award,Kia Motors,KIANT,,2397,Yao Ming
2397.0,Yao,Ming,Houston Rockets,All-Rookie Team,1,2002-03,,,1610612745,Award,Kia Motors,KIART,,2397,Yao Ming
2397.0,Yao,Ming,,Hall of Fame Inductee,,2016,,,,Award,Hall of Fame,,,2397,Yao Ming
2397.0,Yao,Ming,,NBA All-Star,,2002-03,,,,Award,All-Star,,,2397,Yao Ming
2397.0,Yao,Ming,,NBA All-Star,,2003-04,,,,Award,All-Star,,,2397,Yao Ming
2397.0,Yao,Ming,,NBA All-Star,,2004-05,,,,Award,All-Star,,,2397,Yao Ming
2397.0,Yao,Ming,,NBA All-Star,,2005-06,,,,Award,All-Star,,,2397,Yao Ming
2397.0,Yao,Ming,,NBA All-Star,,2006-07,,,,Award,All-Star,,,2397,Yao Ming
2397.0,Yao,Ming,,NBA All-Star,,2007-08,,,,Award,All-Star,,,2397,Yao Ming
2397.0,Yao,Ming,,NBA All-Star,,2008-09,,,,Award,All-Star,,,2397,Yao Ming
2397.0,Yao,Ming,,NBA All-Star,,2010-11,,,,Award,All-Star,,,2397,Yao Ming
2397.0,Yao,Ming,Houston Rockets,NBA Player of the Month,,2006-07,11/01/2006,,West,Award,Kia Motors,KIPMO,,2397,Yao Ming
2397.0,Yao,Ming,Houston Rockets,NBA Player of the Month,,2007-08,01/01/2008,,West,Award,Kia Motors,KIPMO,,2397,Yao Ming
2397.0,Yao,Ming,Houston Rockets,NBA Player of the Week,,2003-04,,2004-03-07T00:00:00,West,Award,Kia Motors,KIPWK,,2397,Yao Ming
2397.0,Yao,Ming,Houston Rockets,NBA Player of the Week,,2005-06,,2006-02-27T00:00:00,West,Award,Kia Motors,KIPWK,,2397,Yao Ming
2397.0,Yao,Ming,Houston Rockets,NBA Player of the Week,,2005-06,,2006-04-02T00:00:00,West,Award,Kia Motors,KIPWK,,2397,Yao Ming
2397.0,Yao,Ming,Houston Rockets,NBA Player of the Week,,2006-07,,2006-11-12T00:00:00,West,Award,Kia Motors,KIPWK,,2397,Yao Ming
2397.0,Yao,Ming,Houston Rockets,NBA Player of the Week,,2006-07,,2007-04-01T00:00:00,West,Award,Kia Motors,KIPWK,,2397,Yao Ming
2397.0,Yao,Ming,Houston Rockets,NBA Player of the Week,,2007-08,,2007-11-11T00:00:00,West,Award,Kia Motors,KIPWK,,2397,Yao Ming
2397.0,Yao,Ming,Houston Rockets,NBA Rookie of the Month,,2002-03,02/01/2003,,West,Award,Kia Motors,KIRMO,,2397,Yao Ming
2397.0,Yao,Ming,Houston Rockets,NBA Rookie of the Month,,2002-03,12/01/2002,,West,Award,Kia Motors,KIRMO,,2397,Yao Ming
2397.0,Yao,Ming,Houston Rockets,NBA Sporting News Rookie of the Year,,2002-03,,,,Award,Sporting News,SNROY,,2397,Yao Ming
2397.0,Yao,Ming,China,Olympic Appearance,,2000,,,,Award,Olympic,Appearance,,2397,Yao Ming
2397.0,Yao,Ming,China,Olympic Appearance,,2004,,,,Award,Olympic,Appearance,,2397,Yao Ming
2397.0,Yao,Ming,China,Olympic Appearance,,2008,,,,Award,Olympic,Appearance,,2397,Yao Ming
78628.0,George,Yardley,Fort Wayne Pistons,All-NBA,2,1956-57,,,1610612765,Award,Kia Motors,KIANT,,78628,George Yardley
78628.0,George,Yardley,Detroit Pistons,All-NBA,1,1957-58,,,1610612765,Award,Kia Motors,KIANT,,78628,George Yardley
78628.0,George,Yardley,,Hall of Fame Inductee,,1996,,,,Award,Hall of Fame,,,78628,George Yardley
78628.0,George,Yardley,,NBA All-Star,,1954-55,,,,Award,All-Star,,,78628,George Yardley
78628.0,George,Yardley,,NBA All-Star,,1955-56,,,,Award,All-Star,,,78628,George Yardley
78628.0,George,Yardley,,NBA All-Star,,1956-57,,,,Award,All-Star,,,78628,George Yardley
78628.0,George,Yardley,,NBA All-Star,,1957-58,,,,Award,All-Star,,,78628,George Yardley
78628.0,George,Yardley,,NBA All-Star,,1958-59,,,,Award,All-Star,,,78628,George Yardley
78628.0,George,Yardley,,NBA All-Star,,1959-60,,,,Award,All-Star,,,78628,George Yardley
201146.0,Yi,Jianlian,Milwaukee Bucks,NBA Rookie of the Month,,2007-08,12/01/2007,,East,Award,Kia Motors,KIRMO,,201146,Yi Jianlian
201146.0,Yi,Jianlian,China,Olympic Appearance,,2004,,,,Award,Olympic,Appearance,,201146,Yi Jianlian
201146.0,Yi,Jianlian,China,Olympic Appearance,,2008,,,,Award,Olympic,Appearance,,201146,Yi Jianlian
201146.0,Yi,Jianlian,China,Olympic Appearance,,2012,,,,Award,Olympic,Appearance,,201146,Yi Jianlian
201156.0,Nick,Young,Golden State Warriors,NBA Champion,,2017-18,,,,Award,Champion,,,201156,Nick Young
201152.0,Thaddeus,Young,Philadelphia 76ers,All-Rookie Team,2,2007-08,,,1610612755,Award,Kia Motors,KIART,,201152,Thaddeus Young
201152.0,Thaddeus,Young,Philadelphia 76ers,NBA Player of the Week,,2013-14,,2014-01-06T00:00:00,East,Award,Kia Motors,KIPWK,,201152,Thaddeus Young
201152.0,Thaddeus,Young,Indiana Pacers,NBA Player of the Week,,2018-19,,2018-12-10T00:00:00,East,Award,Kia Motors,KIPWK,,201152,Thaddeus Young
1629027.0,Trae,Young,Atlanta Hawks,All-NBA,3,2021-22,,,East,Award,Kia Motors,KIANT,,1629027,Trae Young
1629027.0,Trae,Young,Atlanta Hawks,All-Rookie Team,1,2018-19,,,East,Award,Kia Motors,KIART,,1629027,Trae Young
1629027.0,Trae,Young,,NBA All-Star,,2019-20,,,,Award,All-Star,,,1629027,Trae Young
1629027.0,Trae,Young,,NBA All-Star,,2021-22,,,,Award,All-Star,,,1629027,Trae Young
1629027.0,Trae,Young,,NBA All-Star,,2023-24,,,,Award,All-Star,,,1629027,Trae Young
1629027.0,Trae,Young,,NBA All-Star,,2024-25,,,,Award,All-Star,,,1629027,Trae Young
1629027.0,Trae,Young,Atlanta Hawks,NBA Cup All-Tournament Team,1,2024-25,,,East,Award,Emirates,EMATT,,1629027,Trae Young
1629027.0,Trae,Young,Atlanta Hawks,NBA Player of the Week,,2018-19,,2019-03-18T00:00:00,East,Award,Kia Motors,KIPWK,,1629027,Trae Young
1629027.0,Trae,Young,Atlanta Hawks,NBA Player of the Week, ,2019-20,,2019-10-21T00:00:00,East,Award,Kia Motors,KIPWK, ,1629027,Trae Young
1629027.0,Trae,Young,Atlanta Hawks,NBA Player of the Week,,2020-21,,2021-05-10T00:00:00,East,Award,Kia Motors,KIPWK,,1629027,Trae Young
1629027.0,Trae,Young,Atlanta Hawks,NBA Player of the Week,,2021-22,,2021-11-22T00:00:00,East,Award,Kia Motors,KIPWK,,1629027,Trae Young
1629027.0,Trae,Young,Atlanta Hawks,NBA Player of the Week,,2021-22,,2022-01-17T00:00:00,East,Award,Kia Motors,KIPWK,,1629027,Trae Young
1629027.0,Trae,Young,Atlanta Hawks,NBA Player of the Week,,2021-22,,2022-03-28T00:00:00,East,Award,Kia Motors,KIPWK,,1629027,Trae Young
1629027.0,Trae,Young,Atlanta Hawks,NBA Player of the Week,,2023-24,,2024-01-29T00:00:00,East,Award,Kia Motors,KIPWK,,1629027,Trae Young
1629027.0,Trae,Young,Atlanta Hawks,NBA Player of the Week,,2024-25,,2025-02-03T00:00:00,East,Award,Kia Motors,KIPWK,,1629027,Trae Young
1629027.0,Trae,Young,Atlanta Hawks,NBA Player of the Week,,2024-25,,2025-03-03T00:00:00,East,Award,Kia Motors,KIPWK,,1629027,Trae Young
1629027.0,Trae,Young,Atlanta Hawks,NBA Rookie of the Month,,2018-19,1/1/2019,1900-01-01T12:00:00,East,Award,Kia Motors,KIRMO,,1629027,Trae Young
1629027.0,Trae,Young,Atlanta Hawks,NBA Rookie of the Month,,2018-19,11/1/2018,1900-01-01T12:00:00,East,Award,Kia Motors,KIRMO,,1629027,Trae Young
1629027.0,Trae,Young,Atlanta Hawks,NBA Rookie of the Month,,2018-19,2/1/2019,1900-01-01T12:00:00,East,Award,Kia Motors,KIRMO,,1629027,Trae Young
1629027.0,Trae,Young,Atlanta Hawks,NBA Rookie of the Month,,2018-19,3/1/2019,1900-01-01T12:00:00,East,Award,Kia Motors,KIRMO,,1629027,Trae Young
78638.0,Max,Zaslofsky,Chicago Stags,All-NBA,1,1946-47,,,1610610025,Award,Kia Motors,KIANT,,78638,Max Zaslofsky
78638.0,Max,Zaslofsky,Chicago Stags,All-NBA,1,1947-48,,,1610610025,Award,Kia Motors,KIANT,,78638,Max Zaslofsky
78638.0,Max,Zaslofsky,Chicago Stags,All-NBA,1,1948-49,,,1610610025,Award,Kia Motors,KIANT,,78638,Max Zaslofsky
78638.0,Max,Zaslofsky,Chicago Stags,All-NBA,1,1949-50,,,1610610025,Award,Kia Motors,KIANT,,78638,Max Zaslofsky
78638.0,Max,Zaslofsky,,NBA All-Star,,1951-52,,,,Award,All-Star,,,78638,Max Zaslofsky
203469.0,Cody,Zeller,Charlotte Bobcats,All-Rookie Team,2,2013-14,,,1610612766,Award,Kia Motors,KIART,,203469,Cody Zeller
203092.0,Tyler,Zeller,Cleveland Cavaliers,All-Rookie Team,2,2012-13,,,1610612739,Award,Kia Motors,KIART,,203092,Tyler Zeller
1917.0,Wang,Zhizhi,China,Olympic Appearance,,1996,,,,Award,Olympic,Appearance,,1917,Wang Zhi-zhi
1917.0,Wang,Zhizhi,China,Olympic Appearance,,2000,,,,Award,Olympic,Appearance,,1917,Wang Zhi-zhi
1917.0,Wang,Zhizhi,China,Olympic Appearance,,2008,,,,Award,Olympic,Appearance,,1917,Wang Zhi-zhi
1917.0,Wang,Zhizhi,China,Olympic Appearance,,2012,,,,Award,Olympic,Appearance,,1917,Wang Zhi-zhi
1627826.0,Ivica,Zubac,LA Clippers,All-Defensive Team,2,2024-25,,,West,Award,Kia Motors,KIADT,,1627826,Ivica Zubac
1628427.0,Vlatko,Cancar,Denver Nuggets,NBA Champion,,2022-23,,,,Award,Champion,,,1628427,Vlatko Čančar
203967.0,Dario,Saric,Philadelphia 76ers,All-Rookie Team,1,2016-17,,,East,Award,Kia Motors,KIART,,203967,Dario Šarić
203967.0,Dario,Saric,Philadelphia 76ers,NBA Rookie of the Month,,2016-17,2/1/2017,1900-01-01T12:00:00,East,Award,Kia Motors,KIRMO,,203967,Dario Šarić
203967.0,Dario,Saric,Philadelphia 76ers,NBA Rookie of the Month,,2016-17,3/1/2017,1900-01-01T12:00:00,East,Award,Kia Motors,KIRMO,,203967,Dario Šarić
