LeagueID,SeasonID,TeamID,TeamCity,TeamName,Conference,ConferenceRecord,PlayoffRank,ClinchIndicator,Division,DivisionRecord,DivisionRank,WINS,LOSSES,WinPCT,LeagueRank,Record,HOME,ROAD,L10,Last10Home,Last10Road,OT,ThreePTSOrLess,TenPTSOrMore,LongHomeStreak,strLongHomeStreak,LongRoadStreak,strLongRoadStreak,LongWinStreak,LongLossStreak,CurrentHomeStreak,strCurrentHomeStreak,CurrentRoadStreak,strCurrentRoadStreak,CurrentStreak,strCurrentStreak,ConferenceGamesBack,DivisionGamesBack,ClinchedConferenceTitle,ClinchedDivisionTitle,ClinchedPlayoffBirth,EliminatedConference,EliminatedDivision,AheadAtHalf,BehindAtHalf,TiedAtHalf,AheadAtThird,BehindAtThird,TiedAtThird,Score100PTS,OppScore100PTS,OppOver500,LeadInFGPCT,LeadInReb,FewerTurnovers,PointsPG,OppPointsPG,DiffPointsPG,vsEast,vsAtlantic,vsCentral,vsWest,vsPacific,vsMidwest,Jan,Feb,Mar,Apr,May,Jun,Jul,Aug,Sep,Oct,Nov,Dec,PreAS,PostAS,SEASON,vsSoutheast,vsNorthwest,vsSouthwest
00,21996,1610612741,Chicago,Bulls,East,44-10,1,,Central,24-4,1,69,13,0.841,,69-13,39-2,30-11,,,,2-0,,,,,,,,,,,,,,,0.0,0.0,,,,,,,,,,,,,,,,,,103.0,92.0,11.0,44-10,20-6,24-4,25-3,13-1,12-2,,,,,,,,,,,,,42-6,27-7,1996-97,,,
00,21996,1610612762,Utah,Jazz,West,41-11,1,,Midwest,19-5,1,64,18,0.78,,64-18,38-3,26-15,,,,4-2,,,,,,,,,,,,,,,0.0,0.0,,,,,,,,,,,,,,,,,,103.0,94.0,9.0,23-7,13-1,10-6,41-11,22-6,19-5,,,,,,,,,,,,,33-14,31-4,1996-97,,,
00,21996,1610612745,Houston,Rockets,West,40-12,2,,Midwest,19-5,2,57,25,0.695,,57-25,30-11,27-14,,,,4-2,,,,,,,,,,,,,,,7.0,7.0,,,,,,,,,,,,,,,,,,101.0,96.0,5.0,17-13,9-5,8-8,40-12,21-7,19-5,,,,,,,,,,,,,32-16,25-9,1996-97,,,
00,21996,1610612760,Seattle,SuperSonics,West,37-15,2,,Pacific,16-8,1,57,25,0.695,,57-25,31-10,26-15,,,,2-1,,,,,,,,,,,,,,,7.0,0.0,,,,,,,,,,,,,,,,,,101.0,93.0,8.0,20-10,12-2,8-8,37-15,16-8,21-7,,,,,,,,,,,,,32-15,25-10,1996-97,,,
00,21996,1610612748,Miami,Heat,East,40-14,2,,Atlantic,16-8,1,61,21,0.744,,61-21,29-12,32-9,,,,3-1,,,,,,,,,,,,,,,8.0,0.0,,,,,,,,,,,,,,,,,,95.0,89.0,6.0,40-14,16-8,24-6,21-7,10-4,11-3,,,,,,,,,,,,,36-12,25-9,1996-97,,,
00,21996,1610612752,New York,Knicks,East,38-16,3,,Atlantic,19-6,2,57,25,0.695,,57-25,31-10,26-15,,,,4-2,,,,,,,,,,,,,,,12.0,4.0,,,,,,,,,,,,,,,,,,95.0,92.0,3.0,38-16,19-6,19-10,19-9,9-5,10-4,,,,,,,,,,,,,34-14,23-11,1996-97,,,
00,21996,1610612747,Los Angeles,Lakers,West,37-15,4,,Pacific,18-6,2,56,26,0.683,,56-26,31-10,25-16,,,,4-3,,,,,,,,,,,,,,,8.0,1.0,,,,,,,,,,,,,,,,,,100.0,96.0,4.0,19-11,10-4,9-7,37-15,18-6,19-9,,,,,,,,,,,,,35-13,21-13,1996-97,,,
00,21996,1610612737,Atlanta,Hawks,East,34-20,4,,Central,17-11,2,56,26,0.683,,56-26,36-5,20-21,,,,5-0,,,,,,,,,,,,,,,13.0,13.0,,,,,,,,,,,,,,,,,,95.0,89.0,5.0,34-20,17-9,17-11,22-6,11-3,11-3,,,,,,,,,,,,,31-15,25-11,1996-97,,,
00,21996,1610612765,Detroit,Pistons,East,34-20,5,,Central,17-11,3,54,28,0.659,,54-28,30-11,24-17,,,,4-1,,,,,,,,,,,,,,,15.0,15.0,,,,,,,,,,,,,,,,,,94.0,89.0,5.0,34-20,17-9,17-11,20-8,8-6,12-2,,,,,,,,,,,,,34-12,20-16,1996-97,,,
00,21996,1610612757,Portland,Trail Blazers,West,36-16,5,,Pacific,15-9,3,49,33,0.598,,49-33,29-12,20-21,,,,2-5,,,,,,,,,,,,,,,15.0,8.0,,,,,,,,,,,,,,,,,,99.0,95.0,4.0,13-17,6-8,7-9,36-16,15-9,21-7,,,,,,,,,,,,,25-23,24-10,1996-97,,,
00,21996,1610612766,Charlotte,Hornets,East,34-20,5,,Central,14-14,3,54,28,0.659,,54-28,30-11,24-17,,,,5-0,,,,,,,,,,,,,,,15.0,15.0,,,,,,,,,,,,,,,,,,99.0,97.0,2.0,34-20,20-6,14-14,20-8,9-5,11-3,,,,,,,,,,,,,29-19,25-9,1996-97,,,
00,21996,1610612756,Phoenix,Suns,West,27-25,6,,Pacific,13-11,4,40,42,0.488,,40-42,25-16,15-26,,,,2-5,,,,,,,,,,,,,,,24.0,17.0,,,,,,,,,,,,,,,,,,103.0,102.0,1.0,13-17,6-8,7-9,27-25,13-11,14-14,,,,,,,,,,,,,17-31,23-11,1996-97,,,
00,21996,1610612750,Minnesota,Timberwolves,West,28-24,6,,Midwest,16-8,3,40,42,0.488,,40-42,25-16,15-26,,,,2-1,,,,,,,,,,,,,,,24.0,24.0,,,,,,,,,,,,,,,,,,96.0,98.0,-2.0,12-18,9-5,3-13,28-24,12-16,16-8,,,,,,,,,,,,,23-25,17-17,1996-97,,,
00,21996,1610612753,Orlando,Magic,East,29-25,7,,Atlantic,13-11,3,45,37,0.549,,45-37,26-15,19-22,,,,2-4,,,,,,,,,,,,,,,24.0,16.0,,,,,,,,,,,,,,,,,,94.0,95.0,0.0,29-25,13-11,16-14,16-12,8-6,8-6,,,,,,,,,,,,,24-20,21-17,1996-97,,,
00,21996,1610612746,Los Angeles,Clippers,West,26-26,8,,Pacific,10-14,5,36,46,0.439,,36-46,21-20,15-26,,,,3-5,,,,,,,,,,,,,,,28.0,21.0,,,,,,,,,,,,,,,,,,97.0,100.0,-2.0,10-20,5-9,5-11,26-26,10-14,16-12,,,,,,,,,,,,,19-25,17-21,1996-97,,,
00,21996,1610612764,Washington,Bullets,East,28-26,8,,Atlantic,14-10,4,44,38,0.537,,44-38,25-16,19-22,,,,1-5,,,,,,,,,,,,,,,25.0,17.0,,,,,,,,,,,,,,,,,,99.0,98.0,2.0,28-26,14-10,14-16,16-12,9-5,7-7,,,,,,,,,,,,,22-25,22-13,1996-97,,,
00,21996,1610612758,Sacramento,Kings,West,23-29,9,,Pacific,8-16,6,34,48,0.415,,34-48,22-19,12-29,,,,4-2,,,,,,,,,,,,,,,30.0,23.0,,,,,,,,,,,,,,,,,,96.0,100.0,-3.0,11-19,6-8,5-11,23-29,8-16,15-13,,,,,,,,,,,,,21-28,13-20,1996-97,,,
00,21996,1610612739,Cleveland,Cavaliers,East,26-28,9,,Central,13-15,5,42,40,0.512,,42-40,25-16,17-24,,,,2-4,,,,,,,,,,,,,,,27.0,27.0,,,,,,,,,,,,,,,,,,88.0,86.0,2.0,26-28,13-13,13-15,16-12,8-6,8-6,,,,,,,,,,,,,25-22,17-18,1996-97,,,
00,21996,1610612754,Indiana,Pacers,East,22-32,10,,Central,11-17,6,39,43,0.476,,39-43,21-20,18-23,,,,6-3,,,,,,,,,,,,,,,30.0,30.0,,,,,,,,,,,,,,,,,,95.0,94.0,1.0,22-32,11-15,11-17,17-11,8-6,9-5,,,,,,,,,,,,,23-23,16-20,1996-97,,,
00,21996,1610612744,Golden State,Warriors,West,19-33,10,,Pacific,4-20,7,30,52,0.366,,30-52,18-23,12-29,,,,3-6,,,,,,,,,,,,,,,34.0,27.0,,,,,,,,,,,,,,,,,,100.0,104.0,-5.0,11-19,6-8,5-11,19-33,4-20,15-13,,,,,,,,,,,,,17-29,13-23,1996-97,,,
00,21996,1610612742,Dallas,Mavericks,West,16-36,11,,Midwest,9-15,4,24,58,0.293,,24-58,14-27,10-31,,,,1-3,,,,,,,,,,,,,,,40.0,40.0,,,,,,,,,,,,,,,,,,91.0,97.0,-6.0,8-22,6-8,2-14,16-36,7-21,9-15,,,,,,,,,,,,,16-28,8-30,1996-97,,,
00,21996,1610612749,Milwaukee,Bucks,East,22-32,11,,Central,10-18,7,33,49,0.402,,33-49,20-21,13-28,,,,2-0,,,,,,,,,,,,,,,36.0,36.0,,,,,,,,,,,,,,,,,,95.0,97.0,-2.0,22-32,12-14,10-18,11-17,3-11,8-6,,,,,,,,,,,,,21-26,12-23,1996-97,,,
00,21996,1610612761,Toronto,Raptors,East,16-38,12,,Central,6-22,8,30,52,0.366,,30-52,18-23,12-29,,,,1-3,,,,,,,,,,,,,,,39.0,39.0,,,,,,,,,,,,,,,,,,96.0,99.0,-3.0,16-38,10-16,6-22,14-14,6-8,8-6,,,,,,,,,,,,,17-29,13-23,1996-97,,,
00,21996,1610612743,Denver,Nuggets,West,13-39,12,,Midwest,7-17,5,21,61,0.256,,21-61,12-29,9-32,,,,3-7,,,,,,,,,,,,,,,43.0,43.0,,,,,,,,,,,,,,,,,,98.0,104.0,-6.0,8-22,4-10,4-12,13-39,6-22,7-17,,,,,,,,,,,,,16-32,5-29,1996-97,,,
00,21996,1610612751,New Jersey,Nets,East,16-38,13,,Atlantic,11-13,5,26,56,0.317,,26-56,16-25,10-31,,,,4-0,,,,,,,,,,,,,,,43.0,35.0,,,,,,,,,,,,,,,,,,97.0,102.0,-5.0,16-38,11-13,5-25,10-18,4-10,6-8,,,,,,,,,,,,,13-33,13-23,1996-97,,,
00,21996,1610612759,San Antonio,Spurs,West,12-40,13,,Midwest,8-16,6,20,62,0.244,,20-62,12-29,8-33,,,,0-2,,,,,,,,,,,,,,,44.0,44.0,,,,,,,,,,,,,,,,,,91.0,98.0,-8.0,8-22,3-11,5-11,12-40,4-24,8-16,,,,,,,,,,,,,11-34,9-28,1996-97,,,
00,21996,1610612755,Philadelphia,76ers,East,14-40,14,,Atlantic,11-14,6,22,60,0.268,,22-60,11-30,11-30,,,,1-3,,,,,,,,,,,,,,,47.0,39.0,,,,,,,,,,,,,,,,,,100.0,107.0,-7.0,14-40,11-14,3-26,8-20,3-11,5-9,,,,,,,,,,,,,12-34,10-26,1996-97,,,
00,21996,1610612763,Vancouver,Grizzlies,West,9-43,14,,Midwest,6-18,7,14,68,0.171,,14-68,8-33,6-35,,,,0-3,,,,,,,,,,,,,,,50.0,50.0,,,,,,,,,,,,,,,,,,89.0,99.0,-10.0,5-25,4-10,1-15,9-43,3-25,6-18,,,,,,,,,,,,,9-42,5-26,1996-97,,,
00,21996,1610612738,Boston,Celtics,East,8-46,15,,Atlantic,1-23,7,15,67,0.183,,15-67,11-30,4-37,,,,2-5,,,,,,,,,,,,,,,54.0,46.0,,,,,,,,,,,,,,,,,,101.0,108.0,-7.0,8-46,1-23,7-23,7-21,4-10,3-11,,,,,,,,,,,,,11-35,4-32,1996-97,,,
00,21997,1610612741,Chicago,Bulls,East,42-12,1,,Central,21-7,1,62,20,0.756,,62-20,37-4,25-16,,,,4-1,,,,,,,,,,,,,,,0.0,0.0,,,,,,,,,,,,,,,,,,97.0,90.0,7.0,42-12,21-5,21-7,20-8,10-4,10-4,,,,,,,,,,,,,34-15,28-5,1997-98,,,
00,21997,1610612762,Utah,Jazz,West,38-14,1,,Midwest,22-2,1,62,20,0.756,,62-20,36-5,26-15,,,,3-0,,,,,,,,,,,,,,,0.0,0.0,,,,,,,,,,,,,,,,,,101.0,94.0,7.0,24-6,11-3,13-3,38-14,16-12,22-2,,,,,,,,,,,,,31-15,31-5,1997-98,,,
00,21997,1610612748,Miami,Heat,East,36-18,2,,Atlantic,18-6,1,55,27,0.671,,55-27,30-11,25-16,,,,1-2,,,,,,,,,,,,,,,7.0,0.0,,,,,,,,,,,,,,,,,,95.0,90.0,5.0,36-18,18-6,18-12,19-9,9-5,10-4,,,,,,,,,,,,,30-17,25-10,1997-98,,,
00,21997,1610612760,Seattle,SuperSonics,West,39-13,2,,Pacific,19-5,1,61,21,0.744,,61-21,35-6,26-15,,,,3-0,,,,,,,,,,,,,,,1.0,0.0,,,,,,,,,,,,,,,,,,101.0,93.0,7.0,22-8,10-4,12-4,39-13,19-5,20-8,,,,,,,,,,,,,37-10,24-11,1997-98,,,
00,21997,1610612747,Los Angeles,Lakers,West,42-10,2,,Pacific,16-8,1,61,21,0.744,,61-21,33-8,28-13,,,,4-1,,,,,,,,,,,,,,,1.0,0.0,,,,,,,,,,,,,,,,,,106.0,98.0,8.0,19-11,6-8,13-3,42-10,16-8,26-2,,,,,,,,,,,,,34-11,27-10,1997-98,,,
00,21997,1610612754,Indiana,Pacers,East,41-13,3,,Central,19-9,2,58,24,0.707,,58-24,32-9,26-15,,,,4-1,,,,,,,,,,,,,,,4.0,4.0,,,,,,,,,,,,,,,,,,96.0,90.0,6.0,41-13,22-4,19-9,17-11,8-6,9-5,,,,,,,,,,,,,33-13,25-11,1997-98,,,
00,21997,1610612759,San Antonio,Spurs,West,33-19,4,,Midwest,18-6,2,56,26,0.683,,56-26,31-10,25-16,,,,2-3,,,,,,,,,,,,,,,6.0,6.0,,,,,,,,,,,,,,,,,,93.0,89.0,4.0,23-7,12-2,11-5,33-19,15-13,18-6,,,,,,,,,,,,,34-14,22-12,1997-98,,,
00,21997,1610612756,Phoenix,Suns,West,37-15,4,,Pacific,17-7,3,56,26,0.683,,56-26,30-11,26-15,,,,2-3,,,,,,,,,,,,,,,6.0,5.0,,,,,,,,,,,,,,,,,,100.0,94.0,5.0,19-11,9-5,10-6,37-15,17-7,20-8,,,,,,,,,,,,,31-15,25-11,1997-98,,,
00,21997,1610612766,Charlotte,Hornets,East,31-23,4,,Central,16-12,3,51,31,0.622,,51-31,32-9,19-22,,,,2-1,,,,,,,,,,,,,,,11.0,11.0,,,,,,,,,,,,,,,,,,97.0,95.0,2.0,31-23,15-11,16-12,20-8,9-5,11-3,,,,,,,,,,,,,29-18,22-13,1997-98,,,
00,21997,1610612737,Atlanta,Hawks,East,34-20,5,,Central,19-9,4,50,32,0.61,,50-32,29-12,21-20,,,,5-2,,,,,,,,,,,,,,,12.0,12.0,,,,,,,,,,,,,,,,,,96.0,92.0,4.0,34-20,15-11,19-9,16-12,8-6,8-6,,,,,,,,,,,,,29-20,21-12,1997-98,,,
00,21997,1610612757,Portland,Trail Blazers,West,33-19,6,,Pacific,14-10,4,46,36,0.561,,46-36,26-15,20-21,,,,0-3,,,,,,,,,,,,,,,16.0,15.0,,,,,,,,,,,,,,,,,,94.0,93.0,1.0,13-17,5-9,8-8,33-19,14-10,19-9,,,,,,,,,,,,,26-20,20-16,1997-98,,,
00,21997,1610612739,Cleveland,Cavaliers,East,28-26,6,,Central,14-14,5,47,35,0.573,,47-35,27-14,20-21,,,,2-4,,,,,,,,,,,,,,,15.0,15.0,,,,,,,,,,,,,,,,,,93.0,90.0,3.0,28-26,14-12,14-14,19-9,10-4,9-5,,,,,,,,,,,,,27-20,20-15,1997-98,,,
00,21997,1610612750,Minnesota,Timberwolves,West,30-22,7,,Midwest,14-10,3,45,37,0.549,,45-37,26-15,19-22,,,,5-4,,,,,,,,,,,,,,,17.0,17.0,,,,,,,,,,,,,,,,,,101.0,100.0,1.0,15-15,7-7,8-8,30-22,16-12,14-10,,,,,,,,,,,,,26-20,19-17,1997-98,,,
00,21997,1610612752,New York,Knicks,East,27-27,7,,Atlantic,13-11,2,43,39,0.524,,43-39,28-13,15-26,,,,2-3,,,,,,,,,,,,,,,19.0,12.0,,,,,,,,,,,,,,,,,,92.0,89.0,3.0,27-27,13-11,14-16,16-12,9-5,7-7,,,,,,,,,,,,,25-21,18-18,1997-98,,,
00,21997,1610612751,New Jersey,Nets,East,27-27,7,,Atlantic,12-12,2,43,39,0.524,,43-39,26-15,17-24,,,,3-4,,,,,,,,,,,,,,,19.0,12.0,,,,,,,,,,,,,,,,,,100.0,98.0,2.0,27-27,12-12,15-15,16-12,8-6,8-6,,,,,,,,,,,,,27-21,16-18,1997-98,,,
00,21997,1610612745,Houston,Rockets,West,29-23,8,,Midwest,14-10,4,41,41,0.5,,41-41,24-17,17-24,,,,1-4,,,,,,,,,,,,,,,21.0,21.0,,,,,,,,,,,,,,,,,,99.0,100.0,-1.0,12-18,5-9,7-9,29-23,15-13,14-10,,,,,,,,,,,,,22-24,19-17,1997-98,,,
00,21997,1610612758,Sacramento,Kings,West,18-34,9,,Pacific,6-18,5,27,55,0.329,,27-55,21-20,6-35,,,,0-2,,,,,,,,,,,,,,,35.0,34.0,,,,,,,,,,,,,,,,,,93.0,99.0,-6.0,9-21,6-8,3-13,18-34,6-18,12-16,,,,,,,,,,,,,20-28,7-27,1997-98,,,
00,21997,1610612764,Washington,Wizards,East,24-30,9,,Atlantic,12-13,4,42,40,0.512,,42-40,24-17,18-23,,,,2-3,,,,,,,,,,,,,,,20.0,13.0,,,,,,,,,,,,,,,,,,97.0,97.0,1.0,24-30,12-13,12-17,18-10,9-5,9-5,,,,,,,,,,,,,25-24,17-16,1997-98,,,
00,21997,1610612753,Orlando,Magic,East,24-30,10,,Atlantic,11-13,5,41,41,0.5,,41-41,24-17,17-24,,,,2-2,,,,,,,,,,,,,,,21.0,14.0,,,,,,,,,,,,,,,,,,90.0,91.0,-1.0,24-30,11-13,13-17,17-11,7-7,10-4,,,,,,,,,,,,,23-25,18-16,1997-98,,,
00,21997,1610612742,Dallas,Mavericks,West,13-39,10,,Midwest,9-15,5,20,62,0.244,,20-62,13-28,7-34,,,,4-4,,,,,,,,,,,,,,,42.0,42.0,,,,,,,,,,,,,,,,,,91.0,98.0,-6.0,7-23,3-11,4-12,13-39,4-24,9-15,,,,,,,,,,,,,9-38,11-24,1997-98,,,
00,21997,1610612765,Detroit,Pistons,East,25-29,11,,Central,12-16,6,37,45,0.451,,37-45,25-16,12-29,,,,3-5,,,,,,,,,,,,,,,25.0,25.0,,,,,,,,,,,,,,,,,,94.0,93.0,2.0,25-29,13-13,12-16,12-16,6-8,6-8,,,,,,,,,,,,,22-25,15-20,1997-98,,,
00,21997,1610612763,Vancouver,Grizzlies,West,14-38,11,,Midwest,4-20,6,19,63,0.232,,19-63,14-27,5-36,,,,4-2,,,,,,,,,,,,,,,43.0,43.0,,,,,,,,,,,,,,,,,,97.0,104.0,-7.0,5-25,1-13,4-12,14-38,10-18,4-20,,,,,,,,,,,,,13-36,6-27,1997-98,,,
00,21997,1610612744,Golden State,Warriors,West,15-37,11,,Pacific,6-18,6,19,63,0.232,,19-63,12-29,7-34,,,,2-4,,,,,,,,,,,,,,,43.0,42.0,,,,,,,,,,,,,,,,,,88.0,97.0,-9.0,4-26,3-11,1-15,15-37,6-18,9-19,,,,,,,,,,,,,8-37,11-26,1997-98,,,
00,21997,1610612749,Milwaukee,Bucks,East,20-34,12,,Central,9-19,7,36,46,0.439,,36-46,21-20,15-26,,,,5-4,,,,,,,,,,,,,,,26.0,26.0,,,,,,,,,,,,,,,,,,95.0,96.0,-2.0,20-34,11-15,9-19,16-12,9-5,7-7,,,,,,,,,,,,,24-23,12-23,1997-98,,,
00,21997,1610612738,Boston,Celtics,East,23-31,12,,Atlantic,12-13,6,36,46,0.439,,36-46,24-17,12-29,,,,1-1,,,,,,,,,,,,,,,26.0,19.0,,,,,,,,,,,,,,,,,,96.0,99.0,-3.0,23-31,12-13,11-18,13-15,7-7,6-8,,,,,,,,,,,,,22-25,14-21,1997-98,,,
00,21997,1610612746,Los Angeles,Clippers,West,14-38,13,,Pacific,6-18,7,17,65,0.207,,17-65,11-30,6-35,,,,1-2,,,,,,,,,,,,,,,45.0,44.0,,,,,,,,,,,,,,,,,,96.0,103.0,-7.0,3-27,2-12,1-15,14-38,6-18,8-20,,,,,,,,,,,,,11-37,6-28,1997-98,,,
00,21997,1610612755,Philadelphia,76ers,East,16-38,14,,Atlantic,7-17,7,31,51,0.378,,31-51,19-22,12-29,,,,0-3,,,,,,,,,,,,,,,31.0,24.0,,,,,,,,,,,,,,,,,,93.0,96.0,-2.0,16-38,7-17,9-21,15-13,8-6,7-7,,,,,,,,,,,,,14-31,17-20,1997-98,,,
00,21997,1610612743,Denver,Nuggets,West,9-43,14,,Midwest,3-21,7,11,71,0.134,,11-71,9-32,2-39,,,,0-2,,,,,,,,,,,,,,,51.0,51.0,,,,,,,,,,,,,,,,,,89.0,101.0,-12.0,2-28,2-12,0-16,9-43,6-22,3-21,,,,,,,,,,,,,4-42,7-29,1997-98,,,
00,21997,1610612761,Toronto,Raptors,East,7-47,15,,Central,2-26,8,16,66,0.195,,16-66,9-32,7-34,,,,5-2,,,,,,,,,,,,,,,46.0,46.0,,,,,,,,,,,,,,,,,,95.0,104.0,-9.0,7-47,5-21,2-26,9-19,4-10,5-9,,,,,,,,,,,,,11-36,5-30,1997-98,,,
00,21998,1610612759,San Antonio,Spurs,West,33-11,1,,Midwest,17-4,1,37,13,0.74,,37-13,21-4,16-9,,,,2-1,,,,,,,,,,,,,,,0.0,0.0,,,,,,,,,,,,,,,,,,93.0,85.0,8.0,4-2,2-0,2-2,33-11,16-7,17-4,,,,,,,,,,,,,37-13,,1998-99,,,
00,21998,1610612753,Orlando,Magic,East,30-14,1,,Atlantic,12-6,1,33,17,0.66,,33-17,21-4,12-13,,,,2-0,,,,,,,,,,,,,,,0.0,0.0,,,,,,,,,,,,,,,,,,90.0,87.0,3.0,30-14,12-6,18-8,3-3,2-1,1-2,,,,,,,,,,,,,33-17,,1998-99,,,
00,21998,1610612754,Indiana,Pacers,East,30-15,1,,Central,15-7,1,33,17,0.66,,33-17,18-7,15-10,,,,3-1,,,,,,,,,,,,,,,0.0,0.0,,,,,,,,,,,,,,,,,,95.0,91.0,4.0,30-15,15-8,15-7,3-2,1-2,2-0,,,,,,,,,,,,,33-17,,1998-99,,,
00,21998,1610612748,Miami,Heat,East,30-15,1,,Atlantic,12-8,1,33,17,0.66,,33-17,18-7,15-10,,,,1-0,,,,,,,,,,,,,,,0.0,0.0,,,,,,,,,,,,,,,,,,89.0,84.0,5.0,30-15,12-8,18-7,3-2,0-0,3-2,,,,,,,,,,,,,33-17,,1998-99,,,
00,21998,1610612762,Utah,Jazz,West,33-11,1,,Midwest,15-3,1,37,13,0.74,,37-13,22-3,15-10,,,,2-4,,,,,,,,,,,,,,,0.0,0.0,,,,,,,,,,,,,,,,,,93.0,87.0,7.0,4-2,2-0,2-2,33-11,18-8,15-3,,,,,,,,,,,,,37-13,,1998-99,,,
00,21998,1610612757,Portland,Trail Blazers,West,30-14,3,,Pacific,15-7,1,35,15,0.7,,35-15,22-3,13-12,,,,3-2,,,,,,,,,,,,,,,2.0,0.0,,,,,,,,,,,,,,,,,,95.0,89.0,6.0,5-1,4-0,1-1,30-14,15-7,15-7,,,,,,,,,,,,,35-15,,1998-99,,,
00,21998,1610612747,Los Angeles,Lakers,West,28-16,4,,Pacific,14-8,2,31,19,0.62,,31-19,18-7,13-12,,,,1-1,,,,,,,,,,,,,,,6.0,4.0,,,,,,,,,,,,,,,,,,99.0,96.0,3.0,3-3,2-1,1-2,28-16,14-8,14-8,,,,,,,,,,,,,31-19,,1998-99,,,
00,21998,1610612737,Atlanta,Hawks,East,27-18,4,,Central,15-8,2,31,19,0.62,,31-19,16-9,15-10,,,,1-2,,,,,,,,,,,,,,,2.0,2.0,,,,,,,,,,,,,,,,,,86.0,83.0,3.0,27-18,12-10,15-8,4-1,2-0,2-1,,,,,,,,,,,,,31-19,,1998-99,,,
00,21998,1610612745,Houston,Rockets,West,28-16,4,,Midwest,12-9,3,31,19,0.62,,31-19,19-6,12-13,,,,2-1,,,,,,,,,,,,,,,6.0,6.0,,,,,,,,,,,,,,,,,,94.0,92.0,2.0,3-3,1-2,2-1,28-16,16-7,12-9,,,,,,,,,,,,,31-19,,1998-99,,,
00,21998,1610612765,Detroit,Pistons,East,25-19,5,,Central,13-8,3,29,21,0.58,,29-21,17-8,12-13,,,,1-1,,,,,,,,,,,,,,,4.0,4.0,,,,,,,,,,,,,,,,,,90.0,87.0,4.0,25-19,12-11,13-8,4-2,2-0,2-2,,,,,,,,,,,,,29-21,,1998-99,,,
00,21998,1610612758,Sacramento,Kings,West,23-21,6,,Pacific,11-9,3,27,23,0.54,,27-23,16-9,11-14,,,,4-4,,,,,,,,,,,,,,,10.0,8.0,,,,,,,,,,,,,,,,,,100.0,101.0,0.0,4-2,3-2,1-0,23-21,11-9,12-12,,,,,,,,,,,,,27-23,,1998-99,,,
00,21998,1610612749,Milwaukee,Bucks,East,25-20,6,,Central,13-11,4,28,22,0.56,,28-22,17-8,11-14,,,,1-1,,,,,,,,,,,,,,,5.0,5.0,,,,,,,,,,,,,,,,,,92.0,90.0,2.0,25-20,12-9,13-11,3-2,2-1,1-1,,,,,,,,,,,,,28-22,,1998-99,,,
00,21998,1610612755,Philadelphia,76ers,East,25-19,6,,Atlantic,9-10,3,28,22,0.56,,28-22,17-8,11-14,,,,3-3,,,,,,,,,,,,,,,5.0,5.0,,,,,,,,,,,,,,,,,,90.0,88.0,2.0,25-19,9-10,16-9,3-3,2-2,1-1,,,,,,,,,,,,,28-22,,1998-99,,,
00,21998,1610612756,Phoenix,Suns,West,26-18,6,,Pacific,9-10,3,27,23,0.54,,27-23,15-10,12-13,,,,1-1,,,,,,,,,,,,,,,10.0,8.0,,,,,,,,,,,,,,,,,,96.0,93.0,2.0,1-5,0-1,1-4,26-18,9-10,17-8,,,,,,,,,,,,,27-23,,1998-99,,,
00,21998,1610612752,New York,Knicks,East,24-21,8,,Atlantic,12-8,4,27,23,0.54,,27-23,19-6,8-17,,,,1-3,,,,,,,,,,,,,,,6.0,6.0,,,,,,,,,,,,,,,,,,86.0,85.0,1.0,24-21,12-8,12-13,3-2,2-2,1-0,,,,,,,,,,,,,27-23,,1998-99,,,
00,21998,1610612750,Minnesota,Timberwolves,West,22-22,8,,Midwest,11-9,4,25,25,0.5,,25-25,18-7,7-18,,,,0-1,,,,,,,,,,,,,,,12.0,12.0,,,,,,,,,,,,,,,,,,93.0,93.0,0.0,3-3,2-1,1-2,22-22,11-13,11-9,,,,,,,,,,,,,25-25,,1998-99,,,
00,21998,1610612760,Seattle,SuperSonics,West,23-21,8,,Pacific,11-10,5,25,25,0.5,,25-25,17-8,8-17,,,,2-2,,,,,,,,,,,,,,,12.0,10.0,,,,,,,,,,,,,,,,,,95.0,96.0,-1.0,2-4,1-2,1-2,23-21,11-10,12-11,,,,,,,,,,,,,25-25,,1998-99,,,
00,21998,1610612766,Charlotte,Hornets,East,23-21,9,,Central,12-10,5,26,24,0.52,,26-24,16-9,10-15,,,,3-2,,,,,,,,,,,,,,,7.0,7.0,,,,,,,,,,,,,,,,,,93.0,93.0,0.0,23-21,11-11,12-10,3-3,2-3,1-0,,,,,,,,,,,,,26-24,,1998-99,,,
00,21998,1610612761,Toronto,Raptors,East,19-26,10,,Central,9-14,6,23,27,0.46,,23-27,14-11,9-16,,,,1-2,,,,,,,,,,,,,,,10.0,10.0,,,,,,,,,,,,,,,,,,91.0,93.0,-2.0,19-26,10-12,9-14,4-1,1-0,3-1,,,,,,,,,,,,,23-27,,1998-99,,,
00,21998,1610612744,Golden State,Warriors,West,18-26,10,,Pacific,8-11,6,21,29,0.42,,21-29,13-12,8-17,,,,1-2,,,,,,,,,,,,,,,16.0,14.0,,,,,,,,,,,,,,,,,,88.0,91.0,-3.0,3-3,1-1,2-2,18-26,8-11,10-15,,,,,,,,,,,,,21-29,,1998-99,,,
00,21998,1610612739,Cleveland,Cavaliers,East,18-26,11,,Central,9-13,7,22,28,0.44,,22-28,15-10,7-18,,,,2-0,,,,,,,,,,,,,,,11.0,11.0,,,,,,,,,,,,,,,,,,86.0,88.0,-2.0,18-26,9-13,9-13,4-2,3-0,1-2,,,,,,,,,,,,,22-28,,1998-99,,,
00,21998,1610612742,Dallas,Mavericks,West,16-28,11,,Midwest,8-12,5,19,31,0.38,,19-31,15-10,4-21,,,,1-1,,,,,,,,,,,,,,,18.0,18.0,,,,,,,,,,,,,,,,,,92.0,94.0,-2.0,3-3,1-2,2-1,16-28,8-16,8-12,,,,,,,,,,,,,19-31,,1998-99,,,
00,21998,1610612738,Boston,Celtics,East,16-28,12,,Atlantic,10-9,5,19,31,0.38,,19-31,10-15,9-16,,,,1-2,,,,,,,,,,,,,,,14.0,14.0,,,,,,,,,,,,,,,,,,93.0,95.0,-2.0,16-28,10-9,6-19,3-3,1-2,2-1,,,,,,,,,,,,,19-31,,1998-99,,,
00,21998,1610612743,Denver,Nuggets,West,12-32,12,,Midwest,5-16,6,14,36,0.28,,14-36,12-13,2-23,,,,1-0,,,,,,,,,,,,,,,23.0,23.0,,,,,,,,,,,,,,,,,,94.0,100.0,-7.0,2-4,1-3,1-1,12-32,7-16,5-16,,,,,,,,,,,,,14-36,,1998-99,,,
00,21998,1610612746,Los Angeles,Clippers,West,8-36,13,,Pacific,3-16,7,9,41,0.18,,9-41,6-19,3-22,,,,1-3,,,,,,,,,,,,,,,28.0,26.0,,,,,,,,,,,,,,,,,,90.0,99.0,-9.0,1-5,1-2,0-3,8-36,3-16,5-20,,,,,,,,,,,,,9-41,,1998-99,,,
00,21998,1610612764,Washington,Wizards,East,16-28,13,,Atlantic,6-13,6,18,32,0.36,,18-32,13-12,5-20,,,,2-0,,,,,,,,,,,,,,,15.0,15.0,,,,,,,,,,,,,,,,,,91.0,93.0,-2.0,16-28,6-13,10-15,2-4,1-3,1-1,,,,,,,,,,,,,18-32,,1998-99,,,
00,21998,1610612763,Vancouver,Grizzlies,West,8-36,14,,Midwest,3-18,7,8,42,0.16,,8-42,7-18,1-24,,,,1-3,,,,,,,,,,,,,,,29.0,29.0,,,,,,,,,,,,,,,,,,89.0,98.0,-9.0,0-6,0-2,0-4,8-36,5-18,3-18,,,,,,,,,,,,,8-42,,1998-99,,,
00,21998,1610612751,New Jersey,Nets,East,14-30,14,,Atlantic,6-13,7,16,34,0.32,,16-34,12-13,4-21,,,,0-2,,,,,,,,,,,,,,,17.0,17.0,,,,,,,,,,,,,,,,,,91.0,95.0,-4.0,14-30,6-13,8-17,2-4,1-2,1-2,,,,,,,,,,,,,16-34,,1998-99,,,
00,21998,1610612741,Chicago,Bulls,East,11-33,15,,Central,4-19,8,13,37,0.26,,13-37,8-17,5-20,,,,2-1,,,,,,,,,,,,,,,20.0,20.0,,,,,,,,,,,,,,,,,,82.0,91.0,-10.0,11-33,7-14,4-19,2-4,1-1,1-3,,,,,,,,,,,,,13-37,,1998-99,,,
00,21999,1610612747,Los Angeles,Lakers,West,40-12,1,,Pacific,20-4,1,67,15,0.817,,67-15,36-5,31-10,,,,2-2,,,,,,,,,,,,,,,0.0,0.0,,,,,,,,,,,,,,,,,,101.0,92.0,9.0,27-3,13-1,14-2,40-12,20-4,20-8,,,,,,,,,,,,,37-11,30-4,1999-00,,,
00,21999,1610612754,Indiana,Pacers,East,36-18,1,,Central,20-8,1,56,26,0.683,,56-26,36-5,20-21,,,,1-1,,,,,,,,,,,,,,,0.0,0.0,,,,,,,,,,,,,,,,,,101.0,97.0,5.0,36-18,16-10,20-8,20-8,9-5,11-3,,,,,,,,,,,,,32-16,24-10,1999-00,,,
00,21999,1610612762,Utah,Jazz,West,33-19,2,,Midwest,14-10,1,55,27,0.671,,55-27,31-10,24-17,,,,1-1,,,,,,,,,,,,,,,12.0,0.0,,,,,,,,,,,,,,,,,,97.0,92.0,5.0,22-8,10-4,12-4,33-19,19-9,14-10,,,,,,,,,,,,,29-18,26-9,1999-00,,,
00,21999,1610612748,Miami,Heat,East,34-20,2,,Atlantic,18-6,1,52,30,0.634,,52-30,33-8,19-22,,,,4-1,,,,,,,,,,,,,,,4.0,0.0,,,,,,,,,,,,,,,,,,94.0,91.0,3.0,34-20,18-6,16-14,18-10,8-6,10-4,,,,,,,,,,,,,30-17,22-13,1999-00,,,
00,21999,1610612752,New York,Knicks,East,32-22,3,,Atlantic,14-10,2,50,32,0.61,,50-32,33-8,17-24,,,,3-3,,,,,,,,,,,,,,,6.0,2.0,,,,,,,,,,,,,,,,,,92.0,91.0,1.0,32-22,14-10,18-12,18-10,9-5,9-5,,,,,,,,,,,,,29-18,21-14,1999-00,,,
00,21999,1610612757,Portland,Trail Blazers,West,38-14,3,,Pacific,21-3,2,59,23,0.72,,59-23,30-11,29-12,,,,3-1,,,,,,,,,,,,,,,8.0,8.0,,,,,,,,,,,,,,,,,,98.0,91.0,7.0,21-9,10-4,11-5,38-14,21-3,17-11,,,,,,,,,,,,,38-11,21-12,1999-00,,,
00,21999,1610612755,Philadelphia,76ers,East,36-18,4,,Atlantic,13-11,3,49,33,0.598,,49-33,29-12,20-21,,,,5-0,,,,,,,,,,,,,,,7.0,3.0,,,,,,,,,,,,,,,,,,95.0,93.0,1.0,36-18,13-11,23-7,13-15,6-8,7-7,,,,,,,,,,,,,27-22,22-11,1999-00,,,
00,21999,1610612756,Phoenix,Suns,West,30-22,4,,Pacific,15-9,3,53,29,0.646,,53-29,32-9,21-20,,,,2-2,,,,,,,,,,,,,,,14.0,14.0,,,,,,,,,,,,,,,,,,99.0,94.0,5.0,23-7,11-3,12-4,30-22,15-9,15-13,,,,,,,,,,,,,29-19,24-10,1999-00,,,
00,21999,1610612766,Charlotte,Hornets,East,36-18,4,,Central,20-8,2,49,33,0.598,,49-33,30-11,19-22,,,,2-2,,,,,,,,,,,,,,,7.0,7.0,,,,,,,,,,,,,,,,,,98.0,96.0,3.0,36-18,16-10,20-8,13-15,6-8,7-7,,,,,,,,,,,,,27-20,22-13,1999-00,,,
00,21999,1610612759,San Antonio,Spurs,West,33-19,4,,Midwest,16-8,2,53,29,0.646,,53-29,31-10,22-19,,,,6-1,,,,,,,,,,,,,,,14.0,2.0,,,,,,,,,,,,,,,,,,96.0,90.0,6.0,20-10,10-4,10-6,33-19,17-11,16-8,,,,,,,,,,,,,32-17,21-12,1999-00,,,
00,21999,1610612761,Toronto,Raptors,East,29-25,6,,Central,16-12,3,45,37,0.549,,45-37,26-15,19-22,,,,0-3,,,,,,,,,,,,,,,11.0,11.0,,,,,,,,,,,,,,,,,,97.0,97.0,0.0,29-25,13-13,16-12,16-12,10-4,6-8,,,,,,,,,,,,,26-21,19-16,1999-00,,,
00,21999,1610612750,Minnesota,Timberwolves,West,32-20,6,,Midwest,18-6,3,50,32,0.61,,50-32,26-15,24-17,,,,7-1,,,,,,,,,,,,,,,17.0,5.0,,,,,,,,,,,,,,,,,,99.0,96.0,3.0,18-12,6-8,12-4,32-20,14-14,18-6,,,,,,,,,,,,,27-20,23-12,1999-00,,,
00,21999,1610612749,Milwaukee,Bucks,East,28-26,7,,Central,16-12,4,42,40,0.512,,42-40,23-18,19-22,,,,2-4,,,,,,,,,,,,,,,14.0,14.0,,,,,,,,,,,,,,,,,,101.0,101.0,0.0,28-26,12-14,16-12,14-14,6-8,8-6,,,,,,,,,,,,,26-24,16-16,1999-00,,,
00,21999,1610612760,Seattle,SuperSonics,West,31-21,7,,Pacific,12-12,4,45,37,0.549,,45-37,24-17,21-20,,,,2-2,,,,,,,,,,,,,,,22.0,22.0,,,,,,,,,,,,,,,,,,99.0,98.0,1.0,14-16,7-7,7-9,31-21,12-12,19-9,,,,,,,,,,,,,31-20,14-17,1999-00,,,
00,21999,1610612765,Detroit,Pistons,East,30-24,7,,Central,16-12,4,42,40,0.512,,42-40,27-14,15-26,,,,2-3,,,,,,,,,,,,,,,14.0,14.0,,,,,,,,,,,,,,,,,,104.0,102.0,2.0,30-24,14-12,16-12,12-16,7-7,5-9,,,,,,,,,,,,,25-23,17-17,1999-00,,,
00,21999,1610612758,Sacramento,Kings,West,25-27,8,,Pacific,9-15,5,44,38,0.537,,44-38,30-11,14-27,,,,1-4,,,,,,,,,,,,,,,23.0,23.0,,,,,,,,,,,,,,,,,,105.0,102.0,3.0,19-11,8-6,11-5,25-27,9-15,16-12,,,,,,,,,,,,,30-18,14-20,1999-00,,,
00,21999,1610612753,Orlando,Magic,East,27-27,9,,Atlantic,12-13,4,41,41,0.5,,41-41,26-15,15-26,,,,1-2,,,,,,,,,,,,,,,15.0,11.0,,,,,,,,,,,,,,,,,,100.0,99.0,1.0,27-27,12-13,15-14,14-14,4-10,10-4,,,,,,,,,,,,,24-26,17-15,1999-00,,,
00,21999,1610612742,Dallas,Mavericks,West,28-24,9,,Midwest,12-12,4,40,42,0.488,,40-42,22-19,18-23,,,,2-0,,,,,,,,,,,,,,,27.0,15.0,,,,,,,,,,,,,,,,,,101.0,102.0,-1.0,12-18,3-11,9-7,28-24,16-12,12-12,,,,,,,,,,,,,20-28,20-14,1999-00,,,
00,21999,1610612743,Denver,Nuggets,West,22-30,10,,Midwest,10-14,5,35,47,0.427,,35-47,25-16,10-31,,,,5-2,,,,,,,,,,,,,,,32.0,20.0,,,,,,,,,,,,,,,,,,99.0,101.0,-2.0,13-17,5-9,8-8,22-30,12-16,10-14,,,,,,,,,,,,,21-27,14-20,1999-00,,,
00,21999,1610612738,Boston,Celtics,East,24-30,10,,Atlantic,12-12,5,35,47,0.427,,35-47,26-15,9-32,,,,0-1,,,,,,,,,,,,,,,21.0,17.0,,,,,,,,,,,,,,,,,,99.0,100.0,-1.0,24-30,12-12,12-18,11-17,5-9,6-8,,,,,,,,,,,,,21-28,14-19,1999-00,,,
00,21999,1610612745,Houston,Rockets,West,23-29,11,,Midwest,8-16,6,34,48,0.415,,34-48,22-19,12-29,,,,2-3,,,,,,,,,,,,,,,33.0,21.0,,,,,,,,,,,,,,,,,,100.0,100.0,-1.0,11-19,5-9,6-10,23-29,15-13,8-16,,,,,,,,,,,,,20-30,14-18,1999-00,,,
00,21999,1610612739,Cleveland,Cavaliers,East,20-34,11,,Central,8-20,6,32,50,0.39,,32-50,22-19,10-31,,,,3-4,,,,,,,,,,,,,,,24.0,24.0,,,,,,,,,,,,,,,,,,97.0,101.0,-4.0,20-34,12-14,8-20,12-16,4-10,8-6,,,,,,,,,,,,,19-30,13-20,1999-00,,,
00,21999,1610612751,New Jersey,Nets,East,21-33,12,,Atlantic,9-16,6,31,51,0.378,,31-51,22-19,9-32,,,,1-4,,,,,,,,,,,,,,,25.0,21.0,,,,,,,,,,,,,,,,,,98.0,99.0,-1.0,21-33,9-16,12-17,10-18,5-9,5-9,,,,,,,,,,,,,19-30,12-21,1999-00,,,
00,21999,1610612763,Vancouver,Grizzlies,West,12-40,12,,Midwest,6-18,7,22,60,0.268,,22-60,12-29,10-31,,,,1-5,,,,,,,,,,,,,,,45.0,33.0,,,,,,,,,,,,,,,,,,94.0,100.0,-6.0,10-20,5-9,5-11,12-40,6-22,6-18,,,,,,,,,,,,,14-34,8-26,1999-00,,,
00,21999,1610612744,Golden State,Warriors,West,9-43,13,,Pacific,2-22,6,19,63,0.232,,19-63,12-29,7-34,,,,1-1,,,,,,,,,,,,,,,48.0,48.0,,,,,,,,,,,,,,,,,,96.0,104.0,-8.0,10-20,4-10,6-10,9-43,2-22,7-21,,,,,,,,,,,,,12-35,7-28,1999-00,,,
00,21999,1610612764,Washington,Wizards,East,19-35,13,,Atlantic,7-17,7,29,53,0.354,,29-53,17-24,12-29,,,,1-3,,,,,,,,,,,,,,,27.0,23.0,,,,,,,,,,,,,,,,,,97.0,100.0,-3.0,19-35,7-17,12-18,10-18,3-11,7-7,,,,,,,,,,,,,15-34,14-19,1999-00,,,
00,21999,1610612746,Los Angeles,Clippers,West,8-44,14,,Pacific,5-19,7,15,67,0.183,,15-67,10-31,5-36,,,,0-1,,,,,,,,,,,,,,,52.0,52.0,,,,,,,,,,,,,,,,,,92.0,104.0,-12.0,7-23,5-9,2-14,8-44,5-19,3-25,,,,,,,,,,,,,11-38,4-29,1999-00,,,
00,21999,1610612737,Atlanta,Hawks,East,20-34,14,,Central,11-17,7,28,54,0.341,,28-54,21-20,7-34,,,,2-3,,,,,,,,,,,,,,,28.0,28.0,,,,,,,,,,,,,,,,,,94.0,100.0,-5.0,20-34,9-17,11-17,8-20,4-10,4-10,,,,,,,,,,,,,19-28,9-26,1999-00,,,
00,21999,1610612741,Chicago,Bulls,East,13-41,15,,Central,5-23,8,17,65,0.207,,17-65,12-29,5-36,,,,1-3,,,,,,,,,,,,,,,39.0,39.0,,,,,,,,,,,,,,,,,,85.0,94.0,-9.0,13-41,8-18,5-23,4-24,3-11,1-13,,,,,,,,,,,,,10-37,7-28,1999-00,,,
00,22000,1610612759,San Antonio,Spurs,West,39-13,1,,Midwest,19-5,1,58,24,0.707,,58-24,33-8,25-16,,,,2-4,3-7,40-6,,,,,,,,,,,,,0.0,0.0,,,,,,46-10,9-12,3-2,50-6,4-16,4-2,24-4,5-14,0-1,53-5,40-11,26-9,96.0,88.0,8.0,19-11,8-6,11-5,39-13,20-8,19-5,,,,,,,,,,,,,31-16,27-8,2000-01,,,
00,22000,1610612755,Philadelphia,76ers,East,40-14,1,,Atlantic,18-6,1,56,26,0.683,,56-26,29-12,27-14,,,,3-3,6-4,26-12,,,,,,,,,,,,,0.0,0.0,,,,,,45-11,10-14,1-1,48-3,7-23,1-0,28-2,7-8,0-0,45-3,40-12,29-8,95.0,90.0,4.0,40-14,18-6,22-8,16-12,8-6,8-6,,,,,,,,,,,,,36-14,20-12,2000-01,,,
00,22000,1610612749,Milwaukee,Bucks,East,38-16,2,,Central,19-9,1,52,30,0.634,,52-30,31-10,21-20,,,,1-2,3-7,20-12,,,,,,,,,,,,,4.0,0.0,,,,,,38-10,12-20,2-0,44-7,8-22,0-1,39-10,10-23,0-0,41-8,29-7,37-17,101.0,97.0,4.0,38-16,19-7,19-9,14-14,7-7,7-7,,,,,,,,,,,,,29-18,23-12,2000-01,,,
00,22000,1610612747,Los Angeles,Lakers,West,34-18,2,,Pacific,14-10,1,56,26,0.683,,56-26,31-10,25-16,,,,6-3,10-5,24-13,,,,,,,,,,,,,2.0,0.0,,,,,,46-6,9-18,1-2,47-7,7-17,2-2,37-8,20-16,0-0,49-7,40-10,16-10,101.0,97.0,3.0,22-8,10-4,12-4,34-18,14-10,20-8,,,,,,,,,,,,,31-16,25-10,2000-01,,,
00,22000,1610612758,Sacramento,Kings,West,35-17,3,,Pacific,16-8,2,55,27,0.671,,55-27,33-8,22-19,,,,9-4,6-9,28-8,,,,,,,,,,,,,3.0,1.0,,,,,,47-7,8-19,0-1,42-5,11-22,2-0,41-9,18-17,0-0,43-5,31-5,34-12,102.0,96.0,6.0,20-10,11-3,9-7,35-17,16-8,19-9,,,,,,,,,,,,,31-15,24-12,2000-01,,,
00,22000,1610612748,Miami,Heat,East,34-20,3,,Atlantic,15-10,2,50,32,0.61,,50-32,29-12,21-20,,,,6-2,9-9,18-12,,,,,,,,,,,,,6.0,6.0,,,,,,39-9,8-20,3-3,42-5,7-26,1-1,15-2,2-6,0-0,35-4,24-7,35-20,89.0,87.0,2.0,34-20,15-10,19-10,16-12,8-6,8-6,,,,,,,,,,,,,30-20,20-12,2000-01,,,
00,22000,1610612742,Dallas,Mavericks,West,30-22,4,,Midwest,14-10,2,53,29,0.646,,53-29,28-13,25-16,,,,3-1,4-5,28-14,,,,,,,,,,,,,5.0,5.0,,,,,,43-5,10-23,0-1,46-2,7-27,0-0,35-11,9-19,0-0,45-7,25-1,31-14,101.0,96.0,4.0,23-7,11-3,12-4,30-22,16-12,14-10,,,,,,,,,,,,,31-19,22-10,2000-01,,,
00,22000,1610612752,New York,Knicks,East,32-22,4,,Atlantic,16-9,3,48,34,0.585,,48-34,30-11,18-23,,,,6-2,12-5,24-14,,,,,,,,,,,,,8.0,8.0,,,,,,34-6,9-27,5-1,39-5,9-29,0-0,15-1,3-6,0-0,43-10,30-11,25-15,89.0,86.0,3.0,32-22,16-9,16-13,16-12,9-5,7-7,,,,,,,,,,,,,29-18,19-16,2000-01,,,
00,22000,1610612762,Utah,Jazz,West,31-21,4,,Midwest,14-10,2,53,29,0.646,,53-29,28-13,25-16,,,,2-2,5-4,31-9,,,,,,,,,,,,,5.0,5.0,,,,,,38-6,12-21,3-2,39-4,11-24,3-1,23-3,7-13,0-0,46-4,36-15,30-8,97.0,92.0,5.0,22-8,11-3,11-5,31-21,17-11,14-10,,,,,,,,,,,,,32-15,21-14,2000-01,,,
00,22000,1610612761,Toronto,Raptors,East,36-18,5,,Central,18-10,2,47,35,0.573,,47-35,27-14,20-21,,,,4-4,6-7,26-15,,,,,,,,,,,,,9.0,5.0,,,,,,32-5,13-30,2-0,36-3,6-31,5-1,30-8,5-23,0-0,36-3,36-13,31-16,98.0,95.0,2.0,36-18,18-8,18-10,11-17,5-9,6-8,,,,,,,,,,,,,26-23,21-12,2000-01,,,
00,22000,1610612766,Charlotte,Hornets,East,37-17,6,,Central,20-8,3,46,36,0.561,,46-36,28-13,18-23,,,,3-3,7-8,23-11,,,,,,,,,,,,,10.0,6.0,,,,,,34-11,12-25,0-0,38-7,8-27,0-2,20-3,1-11,0-0,40-3,32-20,23-17,92.0,90.0,2.0,37-17,17-9,20-8,9-19,5-9,4-10,,,,,,,,,,,,,26-25,20-11,2000-01,,,
00,22000,1610612756,Phoenix,Suns,West,30-22,6,,Pacific,12-12,3,51,31,0.622,,51-31,31-10,20-21,,,,2-2,7-4,18-13,,,,,,,,,,,,,7.0,5.0,,,,,,36-5,14-24,1-2,39-5,9-26,3-0,23-3,4-17,0-0,38-4,30-8,36-18,94.0,92.0,2.0,21-9,7-7,14-2,30-22,12-12,18-10,,,,,,,,,,,,,28-20,23-11,2000-01,,,
00,22000,1610612757,Portland,Trail Blazers,West,26-26,7,,Pacific,12-12,4,50,32,0.61,,50-32,28-13,22-19,,,,2-1,4-4,29-13,,,,,,,,,,,,,8.0,6.0,,,,,,39-12,10-20,1-0,41-8,7-23,2-1,25-5,5-10,0-0,44-12,41-12,26-9,95.0,91.0,4.0,24-6,10-4,14-2,26-26,12-12,14-14,,,,,,,,,,,,,35-15,15-17,2000-01,,,
00,22000,1610612753,Orlando,Magic,East,30-24,7,,Atlantic,14-10,4,43,39,0.524,,43-39,26-15,17-24,,,,4-5,7-7,21-17,,,,,,,,,,,,,13.0,13.0,,,,,,29-10,14-26,0-3,34-12,7-25,2-2,28-10,9-21,0-0,34-8,22-9,27-22,98.0,97.0,1.0,30-24,14-10,16-14,13-15,5-9,8-6,,,,,,,,,,,,,25-23,18-16,2000-01,,,
00,22000,1610612754,Indiana,Pacers,East,29-25,8,,Central,15-13,4,41,41,0.5,,41-41,26-15,15-26,,,,5-5,6-6,18-21,,,,,,,,,,,,,15.0,11.0,,,,,,26-13,11-27,4-1,30-7,9-32,2-2,15-5,5-18,0-0,36-11,28-8,16-8,93.0,93.0,0.0,29-25,14-12,15-13,12-16,7-7,5-9,,,,,,,,,,,,,21-27,20-14,2000-01,,,
00,22000,1610612750,Minnesota,Timberwolves,West,27-25,8,,Midwest,11-13,4,47,35,0.573,,47-35,30-11,17-24,,,,4-2,7-4,22-14,,,,,,,,,,,,,11.0,11.0,,,,,,28-12,16-21,3-2,41-5,6-28,0-2,23-11,7-26,0-0,40-6,28-11,28-17,97.0,96.0,1.0,20-10,6-8,14-2,27-25,16-12,11-13,,,,,,,,,,,,,32-18,15-17,2000-01,,,
00,22000,1610612745,Houston,Rockets,West,20-32,9,,Midwest,11-13,5,45,37,0.549,,45-37,24-17,21-20,,,,2-2,4-10,25-14,,,,,,,,,,,,,13.0,13.0,,,,,,34-9,11-25,0-3,35-6,7-28,3-3,29-5,7-20,0-0,37-5,27-14,19-11,97.0,95.0,2.0,25-5,9-5,16-0,20-32,9-19,11-13,,,,,,,,,,,,,25-25,20-12,2000-01,,,
00,22000,1610612738,Boston,Celtics,East,24-30,9,,Atlantic,11-13,5,36,46,0.439,,36-46,20-21,16-25,,,,4-2,10-7,11-20,,,,,,,,,,,,,20.0,20.0,,,,,,27-13,7-30,2-3,27-7,5-34,4-5,19-5,8-29,0-0,19-4,17-12,26-22,95.0,97.0,-2.0,24-30,11-13,13-17,12-16,7-7,5-9,,,,,,,,,,,,,22-27,14-19,2000-01,,,
00,22000,1610612760,Seattle,SuperSonics,West,27-25,10,,Pacific,17-7,5,44,38,0.537,,44-38,26-15,18-23,,,,3-2,10-4,20-18,,,,,,,,,,,,,14.0,12.0,,,,,,32-11,10-27,2-0,41-4,2-32,1-2,26-5,10-23,1-0,34-9,27-8,26-14,97.0,97.0,0.0,17-13,7-7,10-6,27-25,17-7,10-18,,,,,,,,,,,,,28-24,16-14,2000-01,,,
00,22000,1610612765,Detroit,Pistons,East,25-29,10,,Central,16-12,5,32,50,0.39,,32-50,18-23,14-27,,,,2-5,2-3,16-17,,,,,,,,,,,,,24.0,20.0,,,,,,26-11,3-36,3-3,27-9,4-40,1-1,19-7,5-31,0-0,25-8,21-22,19-19,96.0,97.0,-2.0,25-29,9-17,16-12,7-21,4-10,3-11,,,,,,,,,,,,,19-31,13-19,2000-01,,,
00,22000,1610612739,Cleveland,Cavaliers,East,22-32,11,,Central,11-17,6,30,52,0.366,,30-52,20-21,10-31,,,,1-4,6-5,10-27,,,,,,,,,,,,,26.0,22.0,,,,,,20-9,8-42,2-1,21-3,6-48,3-1,11-7,5-32,0-0,29-14,24-17,7-18,92.0,97.0,-4.0,22-32,11-15,11-17,8-20,4-10,4-10,,,,,,,,,,,,,20-27,10-25,2000-01,,,
00,22000,1610612743,Denver,Nuggets,West,27-25,11,,Midwest,13-11,6,40,42,0.488,,40-42,29-12,11-30,,,,2-2,12-6,14-25,,,,,,,,,,,,,18.0,18.0,,,,,,27-9,10-31,3-2,29-6,10-34,1-2,27-6,15-23,0-0,27-6,23-14,18-13,97.0,99.0,-2.0,13-17,4-10,9-7,27-25,14-14,13-11,,,,,,,,,,,,,27-24,13-18,2000-01,,,
00,22000,1610612746,Los Angeles,Clippers,West,18-34,12,,Pacific,9-15,6,31,51,0.378,,31-51,22-19,9-32,,,,3-10,5-8,13-25,,,,,,,,,,,,,27.0,25.0,,,,,,18-12,13-39,0-0,23-10,7-39,1-2,16-6,5-22,0-0,27-12,20-19,10-12,93.0,95.0,-3.0,13-17,4-10,9-7,18-34,9-15,9-19,,,,,,,,,,,,,16-34,15-17,2000-01,,,
00,22000,1610612751,New Jersey,Nets,East,16-38,12,,Atlantic,8-16,6,26,56,0.317,,26-56,18-23,8-33,,,,1-1,7-9,11-32,,,,,,,,,,,,,30.0,30.0,,,,,,21-8,5-46,0-2,24-5,2-47,0-4,12-9,3-26,0-0,19-6,9-8,13-29,92.0,97.0,-5.0,16-38,8-16,8-22,10-18,5-9,5-9,,,,,,,,,,,,,17-34,9-22,2000-01,,,
00,22000,1610612763,Vancouver,Grizzlies,West,11-41,13,,Midwest,2-22,7,23,59,0.28,,23-59,15-26,8-33,,,,1-2,3-11,13-37,,,,,,,,,,,,,35.0,35.0,,,,,,13-9,8-49,2-1,18-9,4-46,1-4,8-7,6-30,0-0,18-11,13-14,10-22,92.0,98.0,-6.0,12-18,6-8,6-10,11-41,9-19,2-22,,,,,,,,,,,,,13-36,10-23,2000-01,,,
00,22000,1610612737,Atlanta,Hawks,East,16-38,13,,Central,9-19,7,25,57,0.305,,25-57,18-23,7-34,,,,0-2,5-4,10-25,,,,,,,,,,,,,31.0,27.0,,,,,,17-16,7-41,1-0,19-8,5-48,1-1,13-8,3-26,0-0,18-16,19-20,8-16,91.0,96.0,-5.0,16-38,7-19,9-19,9-19,7-7,2-12,,,,,,,,,,,,,16-33,9-24,2000-01,,,
00,22000,1610612764,Washington,Wizards,East,13-41,14,,Atlantic,3-21,7,19,63,0.232,,19-63,12-29,7-34,,,,0-0,3-7,4-31,,,,,,,,,,,,,37.0,37.0,,,,,,9-6,9-51,1-6,14-10,4-53,1-0,11-12,5-40,0-0,16-10,11-31,6-22,93.0,100.0,-7.0,13-41,3-21,10-20,6-22,4-10,2-12,,,,,,,,,,,,,12-37,7-26,2000-01,,,
00,22000,1610612744,Golden State,Warriors,West,9-43,14,,Pacific,4-20,7,17,65,0.207,,17-65,11-30,6-35,,,,1-3,6-5,6-40,,,,,,,,,,,,,41.0,39.0,,,,,,10-12,5-53,2-0,11-10,5-52,1-3,9-14,2-42,0-0,12-6,13-29,11-33,93.0,102.0,-9.0,8-22,3-11,5-11,9-43,4-20,5-23,,,,,,,,,,,,,15-33,2-32,2000-01,,,
00,22000,1610612741,Chicago,Bulls,East,13-41,15,,Central,4-24,8,15,67,0.183,,15-67,10-31,5-36,,,,1-3,3-4,3-37,,,,,,,,,,,,,41.0,37.0,,,,,,13-12,2-50,0-5,14-7,1-60,0-0,4-7,2-33,0-0,13-13,8-15,5-22,88.0,97.0,-9.0,13-41,9-17,4-24,2-26,0-14,2-12,,,,,,,,,,,,,6-42,9-25,2000-01,,,
00,22001,1610612758,Sacramento,Kings,West,37-15,1, - w,Pacific,15-9,1,61,21,0.744,,61-21,36-5,25-16,8-2,,,1-2,6-1,39-15,,,,,,,,,,,-1,L 1,0.0,0.0,1,0,1,,,55-5,0-0,6-16,54-5,1-0,6-16,44-7,18-17,30-15,50-4,40-5,37-6,105.0,97.0,8.0,24-6,10-4,14-2,37-15,15-9,22-6,,,,,,,,,,,,,37-12,24-9,2001-02,,,
00,22001,1610612751,New Jersey,Nets,East,35-19,1, - e,Atlantic,16-8,1,52,30,0.634,,52-30,33-8,19-22,6-4,,,4-2,9-6,26-14,,,,,,,,,,,1,W 1,0.0,0.0,1,1,1,1.0,1.0,41-5,0-1,11-24,46-7,1-2,5-21,23-4,4-17,22-17,42-8,32-12,32-13,96.0,92.0,4.0,35-19,16-8,19-11,17-11,8-6,9-5,,,,,,,,,,,,,32-15,20-15,2001-02,,,
00,22001,1610612765,Detroit,Pistons,East,38-16,2, - c,Central,20-8,1,50,32,0.61,,50-32,26-15,24-17,7-3,,,0-0,9-8,19-14,,,,,,,,,,,3,W 3,2.0,0.0,0,1,1,,,36-11,1-0,13-21,38-7,3-0,9-25,24-1,7-14,23-15,36-6,17-6,31-12,94.0,92.0,2.0,38-16,18-8,20-8,12-16,4-10,8-6,,,,,,,,,,,,,26-21,24-11,2001-02,,,
00,22001,1610612759,San Antonio,Spurs,West,38-14,2,,Midwest,21-3,1,58,24,0.707,,58-24,32-9,26-15,9-1,,,2-5,7-7,34-7,,,,,,,,,,,9,W 9,3.0,0.0,0,1,1,,,52-7,0-1,6-16,50-6,2-0,6-18,27-4,4-9,24-17,52-4,31-7,35-6,97.0,91.0,6.0,20-10,10-4,10-6,38-14,17-11,21-3,,,,,,,,,,,,,31-17,27-7,2001-02,,,
00,22001,1610612738,Boston,Celtics,East,35-19,3, - e,Atlantic,17-7,2,49,33,0.598,,49-33,27-14,22-19,8-2,,,4-2,8-9,19-13,,,,,,,,,,,4,W 4,3.0,3.0,1,0,1,,,37-11,1-0,11-22,35-7,3-2,11-24,31-5,8-13,18-17,36-4,20-4,33-20,96.0,94.0,2.0,35-19,17-7,18-12,14-14,8-6,6-8,,,,,,,,,,,,,28-21,21-12,2001-02,,,
00,22001,1610612747,Los Angeles,Lakers,West,37-15,3, - w,Pacific,16-8,2,58,24,0.707,,58-24,34-7,24-17,7-3,,,1-2,7-5,33-10,,,,,,,,,,,2,W 2,3.0,3.0,1,1,1,,,41-9,3-0,14-15,46-4,0-1,12-19,36-8,7-14,29-12,50-6,37-9,35-13,101.0,94.0,7.0,21-9,9-5,12-4,37-15,16-8,21-7,,,,,,,,,,,,,33-13,25-11,2001-02,,,
00,22001,1610612766,Charlotte,Hornets,East,31-23,4,,Central,17-11,2,44,38,0.537,0.0,44-38,21-20,23-18,6-4,8-2,6-4,1-2,6-6,17-16,5.0,W 5,5.0,W 5,7.0,3.0,2.0,W 2,1.0,W 1,2,W 2,8.0,6.0,0,0,0,0.0,0.0,33-13,10-24,1-1,35-7,7-28,2-3,20-3,8-16,0-0,35-5,31-18,20-16,94.0,93.0,1.0,31-23,14-12,17-11,13-15,7-7,6-8,,,,,,,,,,,,,23-25,21-13,2001-02,,,
00,22001,1610612742,Dallas,Mavericks,West,34-18,4, - x,Midwest,16-8,2,57,25,0.695,,57-25,30-11,27-14,7-3,,,5-2,6-6,31-11,,,,,,,,,,,-1,L 1,4.0,1.0,0,0,1,,,41-6,2-0,14-19,49-2,1-0,7-23,47-10,26-20,26-13,44-3,27-4,38-13,105.0,101.0,4.0,23-7,9-5,14-2,34-18,18-10,16-8,,,,,,,,,,,,,35-14,22-11,2001-02,,,
00,22001,1610612750,Minnesota,Timberwolves,West,29-23,5, - x,Midwest,15-9,3,50,32,0.61,,50-32,29-12,21-20,6-4,,,2-2,9-5,27-12,,,,,,,,,,,1,W 1,11.0,8.0,0,0,1,,,36-8,3-2,11-22,45-7,0-2,5-23,30-12,13-18,21-17,45-8,40-16,28-11,99.0,96.0,3.0,21-9,10-4,11-5,29-23,14-14,15-9,,,,,,,,,,,,,33-16,17-16,2001-02,,,
00,22001,1610612753,Orlando,Magic,East,29-25,5, - a,Atlantic,12-12,3,44,38,0.537,,44-38,27-14,17-24,5-5,,,1-4,4-3,23-19,,,,,,,,,,,-1,L 1,8.0,8.0,0,1,1,,,36-10,0-2,8-26,38-9,1-0,5-29,29-12,13-31,10-20,35-3,19-6,28-22,101.0,99.0,2.0,29-25,12-12,17-13,15-13,6-8,9-5,,,,,,,,,,,,,25-24,19-14,2001-02,,,
00,22001,1610612755,Philadelphia,76ers,East,31-23,6, - x,Atlantic,14-11,4,43,39,0.524,,43-39,22-19,21-20,5-5,,,2-0,3-5,19-13,,,,,,,,,,,-2,L 2,9.0,9.0,0,0,1,,,28-8,2-1,13-30,33-6,1-1,9-32,15-1,4-9,18-20,35-11,29-23,21-11,91.0,89.0,2.0,31-23,14-11,17-12,12-16,7-7,5-9,,,,,,,,,,,,,25-24,18-15,2001-02,,,
00,22001,1610612757,Portland,Trail Blazers,West,27-25,6, - x,Pacific,14-10,3,49,33,0.598,,49-33,30-11,19-22,5-5,,,3-2,5-9,20-17,,,,,,,,,,,3,W 3,12.0,12.0,0,0,1,1.0,1.0,32-11,3-0,14-22,36-8,2-1,11-24,26-5,9-13,18-19,30-5,38-15,26-14,97.0,94.0,3.0,22-8,10-4,12-4,27-25,14-10,13-15,,,,,,,,,,,,,25-23,24-10,2001-02,,,
00,22001,1610612760,Seattle,SuperSonics,West,26-26,7, - x,Pacific,13-11,4,45,37,0.549,,45-37,26-15,19-22,4-6,,,3-2,6-8,30-15,,,,,,,,,,,1,W 1,16.0,16.0,0,0,1,,,33-10,3-4,9-23,39-10,1-3,5-24,26-5,7-19,25-18,42-9,23-7,31-17,98.0,95.0,3.0,19-11,6-8,13-3,26-26,13-11,13-15,,,,,,,,,,,,,25-23,20-14,2001-02,,,
00,22001,1610612761,Toronto,Raptors,East,29-25,7, - x,Central,17-11,3,42,40,0.512,,42-40,24-17,18-23,8-2,,,3-0,13-7,16-16,,,,,,,,,,,1,W 1,10.0,8.0,0,0,1,,,31-13,1-0,10-27,32-7,1-1,9-32,16-3,5-13,16-24,34-5,28-15,24-17,91.0,92.0,0.0,29-25,12-14,17-11,13-15,6-8,7-7,,,,,,,,,,,,,29-21,13-19,2001-02,,,
00,22001,1610612754,Indiana,Pacers,East,27-27,8, - x,Central,13-15,4,42,40,0.512,,42-40,25-16,17-24,6-4,,,3-4,5-5,21-19,,,,,,,,,,,5,W 5,10.0,8.0,0,0,1,1.0,1.0,30-9,0-1,12-30,30-11,1-1,11-28,21-11,9-24,11-23,36-12,20-13,15-15,97.0,97.0,0.0,27-27,14-12,13-15,15-13,7-7,8-6,,,,,,,,,,,,,25-25,17-15,2001-02,,,
00,22001,1610612762,Utah,Jazz,West,25-27,8,,Midwest,8-16,4,44,38,0.537,,44-38,25-16,19-22,4-6,,,1-4,6-7,21-14,,,,,,,,,,,-2,L 2,17.0,14.0,0,1,1,,,30-11,2-0,12-27,39-6,0-1,5-31,23-6,7-22,12-24,35-6,34-25,27-11,96.0,95.0,1.0,19-11,10-4,9-7,25-27,17-11,8-16,,,,,,,,,,,,,25-24,19-14,2001-02,,,
00,22001,1610612749,Milwaukee,Bucks,East,29-25,9, - o,Central,17-11,5,41,41,0.5,,41-41,25-16,16-25,3-7,,,2-6,4-8,17-19,,,,,,,,,,,-1,L 1,11.0,9.0,0,0,0,1.0,1.0,25-13,2-3,14-25,32-7,1-2,8-32,27-11,9-25,18-22,36-13,19-20,16-11,98.0,98.0,0.0,29-25,12-14,17-11,12-16,3-11,9-5,,,,,,,,,,,,,28-18,13-23,2001-02,,,
00,22001,1610612746,Los Angeles,Clippers,West,23-29,9, - o,Pacific,9-15,5,39,43,0.476,,39-43,25-16,14-27,3-7,,,0-5,4-8,19-22,,,,,,,,,,,-1,L 1,22.0,22.0,0,0,0,,,27-16,3-3,9-24,30-9,3-2,6-32,17-10,6-27,14-27,35-6,26-13,10-8,96.0,96.0,0.0,16-14,6-8,10-6,23-29,9-15,14-14,,,,,,,,,,,,,25-26,14-17,2001-02,,,
00,22001,1610612764,Washington,Wizards,East,25-29,10, - x,Atlantic,12-13,5,37,45,0.451,,37-45,22-19,15-26,3-7,,,2-0,7-6,14-17,,,,,,,,,,,1,W 1,15.0,15.0,0,0,1,,,24-13,1-1,12-31,32-3,2-2,3-40,13-6,4-22,12-29,30-7,26-20,14-17,93.0,94.0,-1.0,25-29,12-13,13-16,12-16,6-8,6-8,,,,,,,,,,,,,26-21,11-24,2001-02,,,
00,22001,1610612756,Phoenix,Suns,West,24-28,10, - x,Pacific,12-12,6,36,46,0.439,,36-46,23-18,13-28,3-7,,,3-3,9-7,17-19,,,,,,,,,,,1,W 1,25.0,25.0,0,0,1,,,26-10,1-3,9-33,27-9,0-2,9-35,16-10,6-25,17-27,31-10,21-12,23-23,95.0,96.0,-1.0,12-18,4-10,8-8,24-28,12-12,12-16,,,,,,,,,,,,,24-24,12-22,2001-02,,,
00,22001,1610612745,Houston,Rockets,West,18-34,11, - x,Midwest,9-15,5,28,54,0.341,,28-54,18-23,10-31,2-8,,,5-5,10-15,5-20,,,,,,,,,,,-4,L 4,33.0,30.0,0,0,1,,,14-10,4-2,10-42,17-8,3-1,8-45,14-11,6-27,14-32,18-5,14-23,8-14,92.0,97.0,-5.0,10-20,5-9,5-11,18-34,9-19,9-15,,,,,,,,,,,,,16-33,12-21,2001-02,,,
00,22001,1610612748,Miami,Heat,East,22-32,11, - o,Atlantic,10-14,6,36,46,0.439,,36-46,18-23,18-23,4-6,,,7-2,10-5,14-14,,,,,,,,,,,1,W 1,16.0,16.0,0,0,0,,,26-11,0-3,10-32,25-8,0-5,11-33,11-0,1-8,16-21,32-18,25-17,11-17,87.0,89.0,-2.0,22-32,10-14,12-18,14-14,7-7,7-7,,,,,,,,,,,,,18-29,18-17,2001-02,,,
00,22001,1610612743,Denver,Nuggets,West,19-33,12, - x,Midwest,8-16,6,27,55,0.329,,27-55,20-21,7-34,5-5,,,2-3,11-8,9-30,,,,,,,,,,,-1,L 1,34.0,31.0,0,0,1,,,15-3,2-2,10-50,16-6,2-1,9-48,10-7,1-33,12-33,21-7,17-19,11-22,92.0,98.0,-6.0,8-22,4-10,4-12,19-33,11-17,8-16,,,,,,,,,,,,,14-31,13-24,2001-02,,,
00,22001,1610612737,Atlanta,Hawks,East,21-33,12, - x,Central,11-17,6,33,49,0.402,,33-49,23-18,10-31,4-6,,,1-2,9-8,8-26,,,,,,,,,,,-2,L 2,19.0,17.0,0,0,1,,,18-13,1-2,14-34,25-6,2-0,6-43,22-8,6-27,10-29,24-4,14-17,20-17,94.0,98.0,-4.0,21-33,10-16,11-17,12-16,6-8,6-8,,,,,,,,,,,,,16-33,17-16,2001-02,,,
00,22001,1610612763,Memphis,Grizzlies,West,14-38,13, - o,Midwest,7-17,7,23,59,0.28,,23-59,15-26,8-33,4-6,,,2-1,7-6,6-35,,,,,,,,,,,-2,L 2,38.0,35.0,0,0,0,,,15-9,1-3,7-47,16-11,2-2,5-46,9-7,4-29,10-32,20-14,6-18,11-17,90.0,97.0,-7.0,9-21,4-10,5-11,14-38,7-21,7-17,,,,,,,,,,,,,14-35,9-24,2001-02,,,
00,22001,1610612752,New York,Knicks,East,20-34,13, - o,Atlantic,4-20,7,30,52,0.366,,30-52,19-22,11-30,3-7,,,2-2,7-10,7-24,,,,,,,,,,,-2,L 2,22.0,22.0,0,0,0,1.0,1.0,21-20,0-1,9-31,21-12,1-1,8-39,10-7,3-27,17-31,23-10,15-14,14-20,92.0,96.0,-4.0,20-34,4-20,16-14,10-18,6-8,4-10,,,,,,,,,,,,,19-28,11-24,2001-02,,,
00,22001,1610612744,Golden State,Warriors,West,13-39,14, - o,Pacific,5-19,7,21,61,0.256,,21-61,14-27,7-34,3-7,,,1-3,1-8,11-27,,,,,,,,,,,1,W 1,40.0,40.0,0,0,0,1.0,1.0,18-12,0-3,3-46,17-10,0-0,4-51,14-22,6-51,6-30,17-8,18-30,4-18,98.0,103.0,-5.0,8-22,5-9,3-13,13-39,5-19,8-20,,,,,,,,,,,,,14-32,7-29,2001-02,,,
00,22001,1610612739,Cleveland,Cavaliers,East,20-34,14, - x,Central,12-16,7,29,53,0.354,,29-53,20-21,9-32,4-6,,,4-2,2-8,15-25,,,,,,,,,,,-4,L 4,23.0,21.0,0,0,1,,,22-11,2-0,5-42,24-9,3-2,2-42,23-10,8-31,11-28,20-12,23-20,11-19,95.0,99.0,-3.0,20-34,8-18,12-16,9-19,2-12,7-7,,,,,,,,,,,,,15-33,14-20,2001-02,,,
00,22001,1610612741,Chicago,Bulls,East,13-41,15, - o,Central,5-23,8,21,61,0.256,,21-61,14-27,7-34,4-6,,,3-1,8-4,3-37,,,,,,,,,,,-1,L 1,31.0,29.0,0,0,0,1.0,1.0,12-7,0-0,9-54,12-3,1-2,8-56,9-9,6-32,9-31,14-10,14-18,12-21,90.0,98.0,-9.0,13-41,8-18,5-23,8-20,5-9,3-11,,,,,,,,,,,,,11-36,10-25,2001-02,,,
00,22002,1610612759,San Antonio,Spurs,West,36-16,1, - w,Midwest,17-7,1,60,22,0.732,,60-22,33-8,27-14,8-2,,,5-1,12-5,26-6,,,,,,,,,,,-1,L 1,0.0,0.0,1,1,1,,,49-7,1-1,10-14,52-7,2-0,6-15,28-1,10-7,34-13,53-7,36-8,26-5,96.0,90.0,5.0,24-6,9-5,15-1,36-16,19-9,17-7,,,,,,,,,,,,,33-16,27-6,2002-03,,,
00,22002,1610612765,Detroit,Pistons,East,35-19,1, - e,Central,19-9,1,50,32,0.61,,50-32,30-11,20-21,4-6,,,8-0,10-9,27-11,,,,,,,,,,,-1,L 1,0.0,0.0,1,1,1,,,32-9,2-2,16-21,38-3,1-4,11-25,18-0,5-8,17-21,36-5,26-9,31-11,91.0,88.0,4.0,35-19,16-10,19-9,15-13,6-8,9-5,,,,,,,,,,,,,32-15,18-17,2002-03,,,
00,22002,1610612751,New Jersey,Nets,East,34-20,2, - a,Atlantic,16-8,1,49,33,0.598,,49-33,33-8,16-25,5-5,,,1-2,2-7,31-8,,,,,,,,,,,-2,L 2,1.0,0.0,0,1,1,1.0,1.0,41-11,1-0,7-22,45-9,1-2,3-22,24-5,3-13,17-18,44-4,34-11,33-19,95.0,90.0,5.0,34-20,16-8,18-12,15-13,8-6,7-7,,,,,,,,,,,,,34-15,15-18,2002-03,,,
00,22002,1610612758,Sacramento,Kings,West,36-16,2, - p,Pacific,17-7,1,59,23,0.72,,59-23,35-6,24-17,8-2,,,3-3,11-2,31-11,,,,,,,,,,,2,W 2,1.0,0.0,0,1,1,,,44-4,3-0,12-19,47-3,5-1,7-19,38-11,8-18,28-17,52-4,30-3,30-6,102.0,95.0,7.0,23-7,11-3,12-4,36-16,17-7,19-9,,,,,,,,,,,,,34-17,25-6,2002-03,,,
00,22002,1610612754,Indiana,Pacers,East,35-19,3, - x,Central,19-9,2,48,34,0.585,,48-34,32-9,16-25,6-4,,,6-2,9-7,23-14,,,,,,,,,,,2,W 2,2.0,2.0,0,0,1,1.0,1.0,32-10,1-4,15-20,43-6,0-4,5-24,29-5,8-16,18-21,35-9,33-16,26-14,97.0,93.0,4.0,35-19,16-10,19-9,13-15,6-8,7-7,,,,,,,,,,,,,34-15,14-19,2002-03,,,
00,22002,1610612742,Dallas,Mavericks,West,34-18,3, - x,Midwest,18-6,2,60,22,0.732,,60-22,33-8,27-14,6-4,,,2-2,6-7,36-6,,,,,,,,,,,3,W 3,0.0,0.0,0,0,1,,,44-10,2-3,14-9,49-4,3-3,8-15,43-9,14-17,25-16,47-3,26-4,49-18,103.0,95.0,8.0,26-4,13-1,13-3,34-18,16-12,18-6,,,,,,,,,,,,,38-10,22-12,2002-03,,,
00,22002,1610612750,Minnesota,Timberwolves,West,33-19,4, - x,Midwest,15-9,3,51,31,0.622,,51-31,33-8,18-23,5-5,,,3-2,5-3,21-15,,,,,,,,,,,3,W 3,9.0,9.0,0,0,1,,,39-13,2-1,10-17,44-3,2-0,5-28,28-4,8-21,21-23,50-9,33-11,27-11,98.0,96.0,2.0,18-12,7-7,11-5,33-19,18-10,15-9,,,,,,,,,,,,,29-20,22-11,2002-03,,,
00,22002,1610612755,Philadelphia,76ers,East,35-19,4, - x,Atlantic,17-7,2,48,34,0.585,,48-34,25-16,23-18,5-5,,,4-3,8-6,20-12,,,,,,,,,,,1,W 1,2.0,1.0,0,0,1,,,30-10,1-1,17-23,38-6,1-2,9-26,23-7,7-18,19-22,33-5,27-16,36-16,97.0,95.0,2.0,35-19,17-7,18-12,13-15,6-8,7-7,,,,,,,,,,,,,25-24,23-10,2002-03,,,
00,22002,1610612747,Los Angeles,Lakers,West,33-19,5, - w,Pacific,15-9,2,50,32,0.61,,50-32,31-10,19-22,8-2,,,6-3,8-5,26-14,,,,,,,,,,,2,W 2,10.0,9.0,1,1,1,,,35-7,4-1,11-24,43-5,1-1,6-26,36-7,13-18,24-19,44-4,35-9,23-14,100.0,98.0,2.0,17-13,6-8,11-5,33-19,15-9,18-10,,,,,,,,,,,,,24-23,26-9,2002-03,,,
00,22002,1610612740,New Orleans,Hornets,East,32-22,5, - c,Central,17-11,3,47,35,0.573,,47-35,29-12,18-23,7-3,,,5-4,7-7,19-11,,,,,,,,,,,5,W 5,3.0,3.0,0,1,1,,,31-9,1-0,15-26,37-6,3-1,7-28,23-3,4-10,17-21,33-7,36-16,25-12,94.0,92.0,2.0,32-22,15-11,17-11,15-13,8-6,7-7,,,,,,,,,,,,,26-24,21-11,2002-03,,,
00,22002,1610612738,Boston,Celtics,East,31-23,6, - e,Atlantic,13-12,3,44,38,0.537,,44-38,25-16,19-22,6-4,,,3-2,6-7,18-19,,,,,,,,,,,2,W 2,6.0,5.0,1,0,1,,,35-11,2-1,7-26,35-6,3-2,6-30,17-2,6-20,17-23,28-3,13-10,32-19,93.0,93.0,0.0,31-23,13-12,18-11,13-15,7-7,6-8,,,,,,,,,,,,,27-22,17-16,2002-03,,,
00,22002,1610612757,Portland,Trail Blazers,West,29-23,6, - x,Pacific,15-9,3,50,32,0.61,,50-32,27-14,23-18,5-5,,,4-2,8-7,25-12,,,,,,,,,,,-1,L 1,10.0,9.0,0,0,1,1.0,1.0,34-11,1-1,15-20,42-7,2-0,6-25,25-3,8-11,22-22,39-5,38-10,28-14,95.0,93.0,3.0,21-9,8-6,13-3,29-23,15-9,14-14,,,,,,,,,,,,,32-16,18-16,2002-03,,,
00,22002,1610612762,Utah,Jazz,West,30-22,7,,Midwest,15-9,4,47,35,0.573,,47-35,29-12,18-23,4-6,,,2-2,6-8,28-17,,,,,,,,,,,-2,L 2,13.0,13.0,0,1,1,,,31-9,2-1,14-25,41-4,1-3,5-28,19-4,4-19,22-21,42-8,36-17,20-11,95.0,92.0,2.0,17-13,9-5,8-8,30-22,15-13,15-9,,,,,,,,,,,,,29-20,18-15,2002-03,,,
00,22002,1610612749,Milwaukee,Bucks,East,32-22,7, - x,Central,16-12,4,42,40,0.512,,42-40,25-16,17-24,8-2,,,4-4,6-9,13-15,,,,,,,,,,,4,W 4,8.0,8.0,0,0,1,1.0,1.0,34-8,2-2,6-30,31-7,4-2,7-31,23-12,9-28,18-23,32-8,17-7,25-20,100.0,99.0,0.0,32-22,16-10,16-12,10-18,6-8,4-10,,,,,,,,,,,,,25-23,17-17,2002-03,,,
00,22002,1610612753,Orlando,Magic,East,31-23,8, - a,Atlantic,14-11,4,42,40,0.512,,42-40,26-15,16-25,4-6,,,0-4,8-9,19-16,,,,,,,,,,,-2,L 2,8.0,7.0,0,1,1,,,30-12,1-0,11-28,33-8,0-1,9-31,26-14,7-28,16-24,27-5,24-11,31-19,99.0,98.0,0.0,31-23,14-11,17-12,11-17,6-8,5-9,,,,,,,,,,,,,24-26,18-14,2002-03,,,
00,22002,1610612756,Phoenix,Suns,West,26-26,8, - x,Pacific,12-12,4,44,38,0.537,,44-38,30-11,14-27,6-4,,,2-3,7-8,16-16,,,,,,,,,,,-2,L 2,16.0,15.0,0,0,1,,,24-11,2-2,18-25,29-6,3-1,12-31,21-7,7-19,22-20,36-8,26-13,25-18,96.0,94.0,1.0,18-12,8-6,10-6,26-26,12-12,14-14,,,,,,,,,,,,,29-21,15-17,2002-03,,,
00,22002,1610612745,Houston,Rockets,West,26-26,9, - x,Midwest,11-13,5,43,39,0.524,,43-39,28-13,15-26,6-4,,,4-5,3-10,24-17,,,,,,,,,,,3,W 3,17.0,17.0,0,0,1,,,33-8,0-3,10-28,35-5,0-0,8-34,21-4,6-18,20-24,40-4,28-19,14-7,94.0,92.0,2.0,17-13,9-5,8-8,26-26,15-13,11-13,,,,,,,,,,,,,26-22,17-17,2002-03,,,
00,22002,1610612764,Washington,Wizards,East,26-28,9, - x,Atlantic,11-13,5,37,45,0.451,,37-45,23-18,14-27,3-7,,,3-2,10-6,11-18,,,,,,,,,,,-3,L 3,13.0,12.0,0,0,1,,,25-17,3-0,9-28,31-6,1-3,5-36,20-3,8-15,12-28,29-8,20-14,25-19,92.0,93.0,-1.0,26-28,11-13,15-15,11-17,6-8,5-9,,,,,,,,,,,,,24-25,13-20,2002-03,,,
00,22002,1610612760,Seattle,SuperSonics,West,26-26,10, - o,Pacific,11-13,5,40,42,0.488,,40-42,25-16,15-26,5-5,,,3-4,7-10,15-17,,,,,,,,,,,1,W 1,20.0,19.0,0,0,0,,,27-16,2-0,11-26,27-7,5-2,8-33,17-6,2-18,19-31,28-7,24-11,29-21,92.0,92.0,0.0,14-16,6-8,8-8,26-26,11-13,15-13,,,,,,,,,,,,,21-27,19-15,2002-03,,,
00,22002,1610612752,New York,Knicks,East,23-31,10, - o,Atlantic,9-15,6,37,45,0.451,,37-45,24-17,13-28,5-5,,,3-3,9-11,8-14,,,,,,,,,,,-1,L 1,13.0,12.0,0,0,0,1.0,1.0,25-11,0-1,12-33,29-8,0-5,8-32,16-8,8-25,18-23,24-12,12-10,20-18,96.0,97.0,-1.0,23-31,9-15,14-16,14-14,6-8,8-6,,,,,,,,,,,,,21-27,16-18,2002-03,,,
00,22002,1610612744,Golden State,Warriors,West,19-33,11, - o,Pacific,8-16,6,38,44,0.463,,38-44,24-17,14-27,3-7,,,1-2,3-6,13-19,,,,,,,,,,,-4,L 4,22.0,21.0,0,0,0,1.0,1.0,29-7,2-0,7-37,33-4,0-1,5-39,31-21,11-37,16-31,32-4,26-21,13-15,102.0,104.0,-1.0,19-11,10-4,9-7,19-33,8-16,11-17,,,,,,,,,,,,,21-27,17-17,2002-03,,,
00,22002,1610612737,Atlanta,Hawks,East,24-30,11, - x,Central,14-14,5,35,47,0.427,,35-47,26-15,9-32,6-4,,,3-4,10-8,11-28,,,,,,,,,,,-1,L 1,15.0,15.0,0,0,1,,,28-10,2-3,5-34,31-8,1-0,3-39,15-3,7-30,15-24,33-9,21-20,11-8,94.0,98.0,-4.0,24-30,10-16,14-14,11-17,5-9,6-8,,,,,,,,,,,,,19-30,16-17,2002-03,,,
00,22002,1610612741,Chicago,Bulls,East,22-32,12, - o,Central,12-16,6,30,52,0.366,,30-52,27-14,3-38,4-6,,,1-8,6-5,12-34,,,,,,,,,,,1,W 1,20.0,20.0,0,0,0,1.0,1.0,22-8,0-0,8-44,23-2,1-0,6-50,20-10,8-38,13-26,27-19,20-15,13-14,95.0,100.0,-5.0,22-32,10-16,12-16,8-20,4-10,4-10,,,,,,,,,,,,,17-32,13-20,2002-03,,,
00,22002,1610612763,Memphis,Grizzlies,West,12-40,12, - o,Midwest,5-19,6,28,54,0.341,,28-54,20-21,8-33,2-8,,,3-6,5-7,14-23,,,,,,,,,,,-3,L 3,32.0,32.0,0,0,0,,,20-12,1-1,7-41,22-9,0-2,6-43,19-14,10-35,12-32,25-12,18-10,9-21,98.0,101.0,-3.0,16-14,7-7,9-7,12-40,7-21,5-19,,,,,,,,,,,,,13-35,15-19,2002-03,,,
00,22002,1610612746,Los Angeles,Clippers,West,16-36,13, - o,Pacific,6-18,7,27,55,0.329,,27-55,16-25,11-30,5-5,,,1-2,9-7,9-24,,,,,,,,,,,3,W 3,33.0,32.0,0,0,0,,,19-16,2-3,6-36,21-13,0-2,6-40,15-10,8-29,13-35,19-15,18-21,9-21,94.0,98.0,-4.0,11-19,5-9,6-10,16-36,6-18,10-18,,,,,,,,,,,,,17-32,10-23,2002-03,,,
00,22002,1610612748,Miami,Heat,East,18-36,13, - o,Atlantic,5-19,7,25,57,0.305,,25-57,16-25,9-32,3-7,,,2-3,4-6,12-27,,,,,,,,,,,1,W 1,25.0,24.0,0,0,0,,,18-14,0-3,7-40,22-10,1-1,2-46,8-2,1-19,9-36,19-9,15-25,16-27,86.0,91.0,-5.0,18-36,5-19,13-17,7-21,5-9,2-12,,,,,,,,,,,,,17-32,8-25,2002-03,,,
00,22002,1610612761,Toronto,Raptors,East,18-36,14, - x,Central,10-18,7,24,58,0.293,,24-58,15-26,9-32,1-9,,,2-3,7-7,6-30,,,,,,,,,,,-8,L 8,26.0,26.0,0,0,1,,,13-14,0-1,11-43,16-9,2-0,6-49,10-7,3-25,11-29,20-6,13-13,13-19,91.0,97.0,-6.0,18-36,8-18,10-18,6-22,3-11,3-11,,,,,,,,,,,,,14-34,10-24,2002-03,,,
00,22002,1610612743,Denver,Nuggets,West,8-44,14, - x,Midwest,3-21,7,17,65,0.207,,17-65,13-28,4-37,1-9,,,1-1,4-8,9-37,,,,,,,,,,,-8,L 8,43.0,43.0,0,0,1,,,8-12,1-6,8-47,12-8,1-0,4-57,2-5,2-18,5-40,14-14,12-38,10-22,84.0,92.0,-8.0,9-21,4-10,5-11,8-44,5-23,3-21,,,,,,,,,,,,,12-37,5-28,2002-03,,,
00,22002,1610612739,Cleveland,Cavaliers,East,9-45,15, - x,Central,5-23,8,17,65,0.207,,17-65,14-27,3-38,3-7,,,1-4,6-5,6-38,,,,,,,,,,,1,W 1,33.0,33.0,0,0,1,,,10-9,0-0,7-56,11-5,1-2,5-58,7-13,5-44,5-35,13-15,15-38,5-12,91.0,101.0,-10.0,9-45,4-22,5-23,8-20,5-9,3-11,,,,,,,,,,,,,10-40,7-25,2002-03,,,
00,22003,1610612754,Indiana,Pacers,East,61-21,1, - e,Central,61-21,1,61,21,0.744,1.0,61-21,34-7,27-14,8-2,9-1,6-4,3-2,7-6,30-8,8.0,W 8,7.0,W 7,8.0,2.0,8.0,W 8,2.0,W 2,5,W 5,0.0,0.0,1,1,1,1.0,1.0,44-6,15-15,2-0,48-5,11-16,2-0,19-1,1-4,19-12,39-3,39-9,36-10,91.0,86.0,6.0,41-13,21-5,20-8,20-8,10-4,10-4,12-3,8-3,12-4,6-1,,,,,,1-1,13-2,9-7,39-14,22-7,2003-04,,,
00,22003,1610612750,Minnesota,Timberwolves,West,58-24,1, - w,Midwest,58-24,1,58,24,0.707,2.0,58-24,31-10,27-14,9-1,7-3,6-4,2-1,6-6,34-6,14.0,W 14,6.0,W 6,9.0,2.0,6.0,W 6,5.0,W 5,9,W 9,0.0,0.0,1,1,1,0.0,0.0,37-5,18-19,3-0,48-9,8-15,2-0,21-3,5-6,27-14,54-9,39-9,35-10,95.0,89.0,5.0,24-6,10-4,14-2,34-18,20-8,14-10,12-3,11-4,9-7,6-0,,,,,,1-1,8-7,11-2,37-15,21-9,2003-04,,,
00,22003,1610612751,New Jersey,Nets,East,47-35,2, - e,Atlantic,47-35,1,47,35,0.573,9.0,47-35,28-13,19-22,5-5,6-4,2-8,1-0,3-7,33-17,9.0,W 9,6.0,W 6,14.0,5.0,2.0,W 2,-3.0,L 3,-2,L 2,14.0,0.0,1,1,1,1.0,1.0,33-12,12-22,2-1,38-9,5-24,4-2,11-2,1-10,13-19,45-5,30-11,33-16,90.0,88.0,3.0,34-20,18-7,16-13,13-15,8-6,5-9,8-6,11-2,7-9,4-4,,,,,,1-1,6-8,10-5,31-20,16-15,2003-04,,,
00,22003,1610612747,Los Angeles,Lakers,West,56-26,2, - w,Pacific,56-26,1,56,26,0.683,4.0,56-26,34-7,22-19,7-3,8-2,6-4,5-0,14-5,24-16,12.0,W 12,9.0,W 9,11.0,4.0,2.0,W 2,1.0,W 1,2,W 2,2.0,0.0,1,1,1,0.0,0.0,41-4,14-21,1-1,43-4,12-22,1-0,31-3,14-15,23-18,47-4,29-5,36-11,98.0,94.0,4.0,25-5,13-1,12-4,31-21,15-9,16-12,6-9,11-4,13-3,5-3,,,,,,1-0,13-3,7-4,31-19,25-7,2003-04,,,
00,22003,1610612759,San Antonio,Spurs,West,57-25,3, - x,Midwest,57-25,2,57,25,0.695,3.0,57-25,33-8,24-17,10-0,10-0,5-5,1-1,6-8,38-5,13.0,W 13,8.0,W 8,13.0,4.0,13.0,W 13,4.0,W 4,11,W 11,1.0,1.0,0,0,1,1.0,1.0,50-10,6-14,1-1,54-10,3-13,0-2,17-1,1-6,27-15,46-7,46-12,36-8,91.0,84.0,7.0,22-8,12-2,10-6,35-17,20-8,15-9,9-8,8-2,11-5,7-0,,,,,,1-1,8-7,13-2,35-18,22-7,2003-04,,,
00,22003,1610612765,Detroit,Pistons,East,54-28,3, - x,Central,54-28,2,54,28,0.659,6.0,54-28,31-10,23-18,8-2,10-0,6-4,3-1,6-12,30-4,11.0,W 11,5.0,W 5,13.0,6.0,11.0,W 11,-1.0,L 1,-1,L 1,7.0,7.0,0,0,1,1.0,1.0,41-9,11-18,2-1,43-8,9-18,2-2,17-1,3-1,18-15,40-7,35-14,30-9,90.0,84.0,6.0,37-17,20-6,17-11,17-11,9-5,8-6,13-3,6-8,10-3,6-1,,,,,,1-1,11-5,7-7,33-21,21-7,2003-04,,,
00,22003,1610612758,Sacramento,Kings,West,55-27,4, - x,Pacific,55-27,2,55,27,0.671,5.0,55-27,34-7,21-20,4-6,8-2,2-8,1-3,5-4,29-9,10.0,W 10,5.0,W 5,8.0,2.0,1.0,W 1,-3.0,L 3,-2,L 2,3.0,1.0,0,0,1,1.0,1.0,39-9,15-18,1-0,47-6,6-20,2-1,40-9,15-19,25-15,44-4,22-3,35-7,103.0,98.0,5.0,24-6,9-5,15-1,31-21,16-8,15-13,12-4,10-3,9-7,3-5,,,,,,2-0,10-4,9-4,37-13,18-14,2003-04,,,
00,22003,1610612748,Miami,Heat,East,42-40,4, - e,Atlantic,42-40,2,42,40,0.512,12.0,42-40,29-12,13-28,7-3,10-0,5-5,2-1,6-7,20-21,12.0,W 12,6.0,W 6,7.0,7.0,12.0,W 12,1.0,W 1,2,W 2,19.0,5.0,1,1,1,0.0,0.0,32-11,9-28,1-1,33-6,6-32,3-2,19-2,4-8,15-21,32-7,26-14,23-18,90.0,90.0,1.0,30-24,15-10,15-14,12-16,7-7,5-9,8-8,4-8,12-3,5-2,,,,,,0-3,5-9,8-7,22-32,20-8,2003-04,,,
00,22003,1610612740,New Orleans,Hornets,East,41-41,5, - e,Central,41-41,3,41,41,0.5,14.0,41-41,25-16,16-25,4-6,5-5,3-7,3-3,9-5,18-17,6.0,W 6,10.0,W 10,4.0,4.0,-1.0,L 1,2.0,W 2,1,W 1,20.0,20.0,1,1,1,0.0,0.0,26-12,14-29,1-0,32-7,8-34,1-0,14-5,2-14,17-20,29-3,22-14,22-18,92.0,92.0,0.0,30-24,16-10,14-14,11-17,7-7,4-10,6-9,6-6,5-11,4-3,,,,,,2-0,9-6,9-6,28-24,13-17,2003-04,,,
00,22003,1610612742,Dallas,Mavericks,West,52-30,5,,Midwest,52-30,3,52,30,0.634,7.0,52-30,36-5,16-25,8-2,9-1,5-5,2-2,8-7,30-14,10.0,W 10,5.0,W 5,9.0,4.0,7.0,W 7,1.0,W 1,2,W 2,6.0,6.0,0,0,0,0.0,0.0,38-6,13-23,1-1,47-7,5-23,0-0,43-14,16-26,27-15,38-3,37-10,43-18,105.0,101.0,4.0,19-11,10-4,9-7,33-19,19-9,14-10,11-6,9-2,8-8,6-2,,,,,,1-1,10-5,7-6,33-19,19-11,2003-04,,,
00,22003,1610612763,Memphis,Grizzlies,West,50-32,6, - x,Midwest,50-32,4,50,32,0.61,8.0,50-32,31-10,19-22,4-6,8-2,4-6,5-0,10-6,18-7,7.0,W 7,8.0,W 8,8.0,7.0,-1.0,L 1,-5.0,L 5,-4,L 4,8.0,8.0,0,0,1,1.0,1.0,34-9,14-19,2-4,35-2,14-30,1-0,25-3,11-12,22-23,39-5,18-8,39-19,97.0,94.0,2.0,22-8,11-3,11-5,28-24,16-12,12-12,10-4,10-3,13-2,2-6,,,,,,0-1,7-7,8-9,30-22,20-10,2003-04,,,
00,22003,1610612749,Milwaukee,Bucks,East,41-41,6, - o,Central,41-41,4,41,41,0.5,15.0,41-41,27-14,14-27,5-5,4-6,4-6,1-3,5-6,16-9,10.0,W 10,7.0,W 7,5.0,5.0,-2.0,L 2,-1.0,L 1,-3,L 3,20.0,20.0,0,0,0,1.0,1.0,27-5,11-34,3-2,34-8,5-33,2-0,25-12,10-25,16-18,33-3,24-13,24-19,98.0,97.0,1.0,33-21,18-8,15-13,8-20,4-10,4-10,11-5,6-6,5-11,4-3,,,,,,1-1,7-7,7-8,27-24,14-17,2003-04,,,
00,22003,1610612752,New York,Knicks,East,39-43,7, - o,Atlantic,39-43,3,39,43,0.476,17.0,39-43,23-18,16-25,6-4,7-3,5-5,2-5,6-6,16-22,4.0,W 4,7.0,W 7,5.0,6.0,-1.0,L 1,2.0,W 2,-1,L 1,22.0,8.0,0,0,0,1.0,1.0,27-7,12-34,0-2,26-7,12-32,1-4,16-1,8-19,15-24,30-11,29-18,13-12,92.0,93.0,-1.0,31-23,17-7,14-16,8-20,5-9,3-11,8-8,4-8,9-5,4-3,,,,,,0-1,7-9,7-9,25-29,14-14,2003-04,,,
00,22003,1610612745,Houston,Rockets,West,45-37,7, - x,Midwest,45-37,5,45,37,0.549,10.0,45-37,27-14,18-23,3-7,6-4,4-6,5-2,8-6,21-13,7.0,W 7,3.0,W 3,5.0,5.0,-1.0,L 1,1.0,W 1,-1,L 1,13.0,13.0,0,0,1,1.0,1.0,36-13,9-21,0-3,35-10,10-26,0-1,14-1,6-6,19-26,38-11,35-18,10-4,90.0,88.0,2.0,24-6,11-3,13-3,21-31,13-15,8-16,9-6,8-5,8-6,3-6,,,,,,1-0,8-7,8-7,30-22,15-15,2003-04,,,
00,22003,1610612743,Denver,Nuggets,West,43-39,8, - x,Midwest,43-39,6,43,39,0.524,11.0,43-39,29-12,14-27,6-4,7-3,2-8,1-1,3-9,23-19,7.0,W 7,5.0,W 5,6.0,5.0,7.0,W 7,-2.0,L 2,-1,L 1,15.0,15.0,0,0,1,1.0,1.0,34-13,7-25,2-1,37-5,5-34,1-0,30-10,9-19,21-25,35-4,25-15,31-19,97.0,96.0,1.0,14-16,7-7,7-9,29-23,18-10,11-13,9-8,5-7,6-9,4-2,,,,,,1-1,9-5,9-7,31-23,12-16,2003-04,,,
00,22003,1610612738,Boston,Celtics,East,36-46,8, - e,Atlantic,36-46,4,36,46,0.439,20.0,36-46,19-22,17-24,4-6,6-4,4-6,0-1,10-9,11-18,5.0,W 5,6.0,W 6,6.0,7.0,1.0,W 1,-4.0,L 4,1,W 1,25.0,11.0,1,1,1,0.0,0.0,21-12,14-32,1-2,25-10,8-34,3-2,19-11,9-25,11-22,28-16,18-9,22-19,95.0,97.0,-1.0,24-30,14-10,10-20,12-16,5-9,7-7,6-10,3-9,9-5,2-5,,,,,,2-0,5-9,9-8,23-31,13-15,2003-04,,,
00,22003,1610612739,Cleveland,Cavaliers,East,35-47,9, - c,Central,35-47,5,35,47,0.427,21.0,35-47,23-18,12-29,3-7,5-5,4-6,3-3,8-4,11-25,6.0,W 6,13.0,W 13,7.0,8.0,2.0,W 2,1.0,W 1,3,W 3,26.0,26.0,0,1,1,1.0,0.0,21-7,14-38,0-2,21-9,12-37,2-1,16-7,6-22,18-23,25-11,26-27,17-9,93.0,96.0,-3.0,29-25,15-11,14-14,6-22,4-10,2-12,7-7,7-6,8-7,3-5,,,,,,0-2,4-11,6-9,20-33,15-14,2003-04,,,
00,22003,1610612762,Utah,Jazz,West,42-40,9,,Midwest,42-40,7,42,40,0.512,13.0,42-40,28-13,14-27,5-5,7-3,4-6,2-2,6-1,15-22,6.0,W 6,6.0,W 6,4.0,5.0,-1.0,L 1,-2.0,L 2,-2,L 2,16.0,16.0,0,1,1,1.0,1.0,31-5,10-35,1-0,32-5,9-35,1-0,3-3,0-13,16-21,34-10,32-22,21-10,89.0,90.0,-1.0,17-13,9-5,8-8,25-27,15-13,10-14,7-9,6-7,9-6,3-4,,,,,,1-0,8-6,8-8,26-27,16-13,2003-04,,,
00,22003,1610612761,Toronto,Raptors,East,33-49,10, - x,Central,33-49,6,33,49,0.402,22.0,33-49,18-23,15-26,3-7,3-7,3-7,6-5,10-10,9-22,7.0,W 7,5.0,W 5,5.0,9.0,1.0,W 1,1.0,W 1,2,W 2,28.0,28.0,0,0,1,1.0,1.0,20-15,12-32,1-2,19-7,13-41,1-1,9-4,1-8,10-22,28-11,15-6,15-27,85.0,88.0,-3.0,22-32,11-15,11-17,11-17,6-8,5-9,5-9,4-11,5-10,3-5,,,,,,2-0,6-8,8-6,25-26,8-23,2003-04,,,
00,22003,1610612757,Portland,Trail Blazers,West,41-41,10, - x,Pacific,41-41,3,41,41,0.5,16.0,41-41,25-16,16-25,4-6,6-4,5-5,6-5,8-5,11-21,6.0,W 6,10.0,W 10,5.0,5.0,-2.0,L 2,-2.0,L 2,-4,L 4,17.0,15.0,0,0,1,1.0,1.0,27-16,13-24,1-1,30-9,11-32,0-0,13-4,4-18,15-27,32-10,26-16,18-7,91.0,92.0,-1.0,19-11,11-3,8-8,22-30,13-11,9-19,6-9,8-6,9-6,3-5,,,,,,0-1,8-6,7-8,24-27,17-14,2003-04,,,
00,22003,1610612744,Golden State,Warriors,West,37-45,11, - o,Pacific,37-45,4,37,45,0.451,18.0,37-45,27-14,10-31,5-5,9-1,3-7,2-4,7-7,16-21,7.0,W 7,12.0,W 12,7.0,9.0,2.0,W 2,-2.0,L 2,1,W 1,21.0,19.0,0,0,0,1.0,1.0,31-12,6-31,0-2,30-6,7-38,0-1,16-7,4-19,17-27,29-10,27-11,18-11,93.0,94.0,-1.0,14-16,6-8,8-8,23-29,12-12,11-17,6-9,5-8,8-8,4-4,,,,,,0-1,8-6,6-9,23-28,14-17,2003-04,,,
00,22003,1610612755,Philadelphia,76ers,East,33-49,11, - x,Atlantic,33-49,5,33,49,0.402,23.0,33-49,21-20,12-29,3-7,6-4,2-8,2-3,6-6,13-23,7.0,W 7,5.0,W 5,4.0,4.0,-4.0,L 4,-2.0,L 2,-4,L 4,28.0,14.0,0,0,1,1.0,1.0,19-11,14-38,0-0,23-7,10-41,0-1,8-3,3-15,11-25,31-9,22-17,17-19,88.0,90.0,-2.0,23-31,10-14,13-17,10-18,6-8,4-10,6-9,4-9,8-7,1-6,,,,,,1-1,8-8,5-9,22-31,11-18,2003-04,,,
00,22003,1610612737,Atlanta,Hawks,East,28-54,12, - x,Central,28-54,7,28,54,0.341,26.0,28-54,18-23,10-31,5-5,5-5,3-7,0-6,2-9,12-26,3.0,W 3,9.0,W 9,3.0,7.0,2.0,W 2,-1.0,L 1,-1,L 1,33.0,33.0,0,0,1,0.0,0.0,23-16,5-37,0-1,22-8,6-42,0-4,9-8,4-30,15-22,26-15,23-20,13-10,93.0,97.0,-5.0,19-35,9-17,10-18,9-19,3-11,6-8,6-9,4-7,5-11,4-3,,,,,,0-2,6-10,3-12,18-35,10-19,2003-04,,,
00,22003,1610612760,Seattle,SuperSonics,West,37-45,12, - o,Pacific,37-45,5,37,45,0.451,19.0,37-45,21-20,16-25,3-7,5-5,5-5,1-4,6-7,17-23,4.0,W 4,5.0,W 5,7.0,6.0,-1.0,L 1,1.0,W 1,1,W 1,21.0,19.0,0,0,0,1.0,1.0,26-12,9-31,2-2,31-11,6-33,0-1,22-10,10-23,15-25,31-8,16-13,22-17,97.0,98.0,-1.0,15-15,6-8,9-7,22-30,11-13,11-17,7-9,5-9,7-9,3-4,,,,,,2-0,6-6,7-8,25-27,12-18,2003-04,,,
00,22003,1610612764,Washington,Wizards,East,25-57,13, - x,Atlantic,25-57,6,25,57,0.305,27.0,25-57,17-24,8-33,2-8,3-7,2-8,2-4,3-4,13-34,3.0,W 3,11.0,W 11,2.0,7.0,-2.0,L 2,-1.0,L 1,-3,L 3,36.0,22.0,0,0,1,1.0,1.0,15-16,8-40,2-1,21-8,3-47,1-2,12-11,6-31,8-25,18-11,19-18,13-19,92.0,97.0,-6.0,16-38,3-21,13-17,9-19,7-7,2-12,6-10,4-8,5-13,2-5,,,,,,1-1,5-9,2-11,16-34,9-23,2003-04,,,
00,22003,1610612756,Phoenix,Suns,West,29-53,13, - x,Pacific,29-53,6,29,53,0.354,24.0,29-53,18-23,11-30,5-5,4-6,4-6,2-0,5-5,9-26,5.0,W 5,8.0,W 8,4.0,8.0,-1.0,L 1,1.0,W 1,1,W 1,29.0,27.0,0,0,1,1.0,1.0,20-10,8-42,1-1,25-8,4-42,0-3,14-8,3-31,12-32,22-10,16-15,17-25,94.0,98.0,-4.0,13-17,7-7,6-10,16-36,9-15,7-21,5-12,3-9,6-8,3-4,,,,,,1-1,6-7,5-12,18-37,11-16,2003-04,,,
00,22003,1610612746,Los Angeles,Clippers,West,28-54,14, - o,Pacific,28-54,7,28,54,0.341,25.0,28-54,18-23,10-31,1-9,1-9,2-8,2-3,9-5,12-25,9.0,W 9,6.0,W 6,4.0,13.0,-9.0,L 9,1.0,W 1,-1,L 1,30.0,28.0,0,0,0,1.0,1.0,21-11,7-42,0-1,23-7,5-46,0-1,18-13,8-33,11-36,18-9,22-29,11-9,95.0,99.0,-5.0,14-16,6-8,8-8,14-38,8-16,6-22,7-10,5-8,2-16,1-5,,,,,,0-2,4-6,9-7,22-29,6-25,2003-04,,,
00,22003,1610612741,Chicago,Bulls,East,23-59,14, - o,Central,23-59,8,23,59,0.28,28.0,23-59,14-27,9-32,3-7,3-7,3-7,3-3,2-5,8-32,5.0,W 5,9.0,W 9,2.0,7.0,-3.0,L 3,-1.0,L 1,-2,L 2,38.0,38.0,0,0,0,1.0,1.0,16-18,6-40,1-1,19-14,3-45,1-0,10-2,4-27,4-26,17-14,16-19,12-22,90.0,96.0,-6.0,19-35,8-18,11-17,4-24,3-11,1-13,4-13,4-7,4-12,2-5,,,,,,1-1,3-11,5-10,15-38,8-21,2003-04,,,
00,22003,1610612753,Orlando,Magic,East,21-61,15, - a,Atlantic,21-61,7,21,61,0.256,29.0,21-61,11-30,10-31,2-8,2-8,2-8,3-3,3-10,5-37,11.0,W 11,9.0,W 9,3.0,19.0,1.0,W 1,1.0,W 1,2,W 2,40.0,26.0,0,1,0,1.0,1.0,13-18,4-41,4-2,15-8,4-51,2-2,13-13,4-39,6-28,14-12,10-15,15-22,94.0,101.0,-7.0,17-37,8-16,9-21,4-24,2-12,2-12,5-12,4-8,2-13,2-4,,,,,,1-1,0-14,7-9,13-41,8-20,2003-04,,,
00,22004,1610612756,Phoenix,Suns,West,38-14,1, - w,Pacific,12-4,1,62,20,0.756,1.0,62-20,31-10,31-10,7-3,8-2,7-3,1-3,7-2,36-8,10.0,W 10,9.0,W 9,11.0,6.0,4.0,W 4,-1.0,L 1,-1,L 1,0.0,0.0,1,1,1,0.0,0.0,47-8,14-10,1-2,52-7,8-12,2-1,55-13,33-16,29-14,51-3,26-5,31-6,110.0,103.0,7.0,24-6,9-1,7-3,38-14,12-4,0-0,11-6,7-4,11-3,8-3,,,,,,,12-2,13-2,41-13,21-7,2004-05,,,
00,22004,1610612748,Miami,Heat,East,41-11,1, - e,Southeast,15-1,1,59,23,0.72,2.0,59-23,35-6,24-17,5-5,9-1,4-6,4-6,7-8,33-6,18.0,W 18,8.0,W 8,14.0,4.0,2.0,W 2,1.0,W 1,3,W 3,0.0,0.0,1,1,1,0.0,0.0,38-6,1-0,20-17,48-4,2-1,9-18,43-7,15-13,26-16,56-13,42-8,33-9,102.0,95.0,7.0,41-11,14-4,12-6,18-12,8-2,0-0,9-6,9-3,12-3,2-3,,,,,,,10-6,14-1,40-14,19-9,2004-05,,,
00,22004,1610612759,San Antonio,Spurs,West,36-16,2, - sw,Southwest,10-6,1,59,23,0.72,3.0,59-23,38-3,21-20,6-4,10-0,2-8,3-0,9-7,40-5,16.0,W 16,6.0,W 6,8.0,3.0,10.0,W 10,-3.0,L 3,-2,L 2,3.0,0.0,0,1,1,0.0,0.0,48-7,1-0,10-16,48-4,1-3,10-16,28-2,3-8,25-14,52-4,42-6,38-12,96.0,88.0,8.0,23-7,8-2,8-2,36-16,16-2,0-0,12-4,6-3,10-5,5-3,,,,,,,12-3,13-3,41-12,18-11,2004-05,,,
00,22004,1610612765,Detroit,Pistons,East,35-17,2, - c,Central,8-8,1,54,28,0.659,5.0,54-28,32-9,22-19,9-1,8-2,6-4,7-1,8-8,26-14,12.0,W 12,6.0,W 6,11.0,4.0,6.0,W 6,-1.0,L 1,-1,L 1,5.0,0.0,0,1,1,0.0,0.0,42-6,1-1,11-21,45-3,2-1,7-24,22-3,7-11,21-15,43-4,40-15,28-6,93.0,89.0,4.0,35-17,14-4,8-8,19-11,8-2,0-0,11-5,9-1,9-8,7-0,,,,,,,7-7,8-6,32-19,22-9,2004-05,,,
00,22004,1610612741,Chicago,Bulls,East,32-20,3, - x,Central,8-8,2,47,35,0.573,10.0,47-35,27-14,20-21,6-4,8-2,7-3,3-2,7-5,15-15,8.0,W 8,6.0,W 6,9.0,9.0,2.0,W 2,-1.0,L 1,-1,L 1,12.0,7.0,0,0,1,0.0,0.0,27-9,3-3,17-23,36-7,1-1,10-27,24-2,7-15,18-19,37-8,31-14,23-10,94.0,93.0,1.0,32-20,11-7,8-8,15-15,3-7,0-0,13-3,7-4,11-7,4-3,,,,,,,1-10,8-7,26-23,21-12,2004-05,,,
00,22004,1610612742,Dallas,Mavericks,West,35-17,3, - x,Southwest,11-5,2,58,24,0.707,4.0,58-24,29-12,29-12,9-1,9-1,8-2,2-0,8-4,28-10,9.0,W 9,6.0,W 6,9.0,3.0,9.0,W 9,4.0,W 4,9,W 9,4.0,1.0,0,0,1,0.0,0.0,47-6,10-17,1-1,48-4,7-18,3-2,41-9,18-16,21-12,46-2,33-3,38-18,102.0,97.0,6.0,23-7,9-1,6-4,35-17,10-8,0-0,9-4,10-3,10-6,10-1,,,,,,,10-6,9-4,35-16,23-8,2004-05,,,
00,22004,1610612738,Boston,Celtics,East,30-22,4, - a,Atlantic,8-8,1,45,37,0.549,11.0,45-37,27-14,18-23,6-4,6-4,6-4,4-2,11-7,16-14,5.0,W 5,9.0,W 9,7.0,4.0,-1.0,L 1,-1.0,L 1,-2,L 2,14.0,0.0,0,1,1,0.0,0.0,25-12,7-3,13-22,29-11,1-2,15-24,35-10,21-28,21-20,39-15,19-10,21-13,101.0,100.0,1.0,30-22,8-8,8-10,15-15,5-5,0-0,8-8,8-4,9-5,5-2,,,,,,,5-8,8-8,27-26,18-11,2004-05,,,
00,22004,1610612760,Seattle,SuperSonics,West,31-21,4, - nw,Northwest,11-5,1,52,30,0.634,6.0,52-30,26-15,26-15,2-8,5-5,4-6,2-1,7-5,25-15,9.0,W 9,6.0,W 6,9.0,6.0,1.0,W 1,-2.0,L 2,-2,L 2,10.0,0.0,0,1,1,0.0,0.0,34-9,15-20,3-1,42-3,9-25,1-2,32-8,9-22,25-18,34-5,41-15,22-9,99.0,97.0,2.0,21-9,7-3,7-3,31-21,10-8,0-0,8-7,8-3,11-6,3-8,,,,,,,13-3,9-3,35-15,17-15,2004-05,,,
00,22004,1610612745,Houston,Rockets,West,33-19,5, - x,Southwest,10-6,3,51,31,0.622,,51-31,26-15,25-16,7-3,7-3,7-3,0-0,12-6,28-11,4.0,W 4,4.0,W 4,8.0,5.0,4.0,W 4,3.0,W 3,7,W 7,11.0,8.0,0,0,1,0.0,0.0,4-0,0-1,0-1,4-0,0-1,0-1,22-5,7-12,23-16,37-10,38-8,23-8,95.0,91.0,4.0,18-12,7-3,6-4,33-19,11-7,0-0,10-6,7-3,12-4,7-3,,,,,,,6-10,9-5,32-21,19-10,2004-05,,,
00,22004,1610612764,Washington,Wizards,East,28-24,5, - x,Southeast,10-6,2,45,37,0.549,12.0,45-37,29-12,16-25,4-6,7-3,4-6,3-1,14-6,16-16,8.0,W 8,6.0,W 6,7.0,5.0,4.0,W 4,-4.0,L 4,-2,L 2,14.0,14.0,0,0,1,0.0,0.0,30-5,2-3,13-29,29-9,1-1,15-27,31-15,18-29,15-26,24-3,23-18,32-14,101.0,101.0,0.0,28-24,9-9,9-9,17-13,5-5,0-0,11-4,5-7,9-6,3-5,,,,,,,7-5,8-8,30-22,15-15,2004-05,,,
00,22004,1610612758,Sacramento,Kings,West,28-24,6, - x,Pacific,10-6,2,50,32,0.61,8.0,50-32,30-11,20-21,6-4,7-3,4-6,5-2,10-7,20-15,6.0,W 6,4.0,W 4,7.0,4.0,3.0,W 3,-2.0,L 2,1,W 1,12.0,12.0,0,0,1,0.0,0.0,33-9,3-1,14-22,35-8,2-2,13-22,40-14,24-25,21-20,38-2,24-7,30-18,104.0,102.0,2.0,22-8,8-2,8-2,28-24,10-6,0-0,12-4,6-8,8-8,4-1,,,,,,,9-5,9-4,33-20,17-12,2004-05,,,
00,22004,1610612754,Indiana,Pacers,East,29-23,6, - x,Central,9-7,3,44,38,0.537,14.0,44-38,25-16,19-22,6-4,7-3,5-5,5-3,9-9,18-12,4.0,W 4,4.0,W 4,6.0,7.0,1.0,W 1,-2.0,L 2,1,W 1,15.0,10.0,0,0,1,0.0,0.0,29-10,11-28,4-0,33-10,8-26,3-2,20-4,5-15,19-19,29-7,27-8,16-20,93.0,92.0,1.0,29-23,8-10,9-7,15-15,3-7,0-0,5-10,8-4,9-7,7-4,,,,,,,10-4,5-9,25-26,19-12,2004-05,,,
00,22004,1610612743,Denver,Nuggets,West,28-24,7, - x,Northwest,9-7,2,49,33,0.598,9.0,49-33,31-10,18-23,8-2,10-0,7-3,3-0,8-4,25-18,12.0,W 12,5.0,W 5,10.0,6.0,12.0,W 12,-2.0,L 2,1,W 1,13.0,3.0,0,0,1,0.0,0.0,35-5,14-27,0-1,35-5,11-28,3-0,31-9,15-20,19-20,37-4,30-10,35-16,100.0,98.0,2.0,21-9,7-3,7-3,28-24,7-11,0-0,5-10,8-4,12-2,10-2,,,,,,,8-6,6-9,24-29,25-4,2004-05,,,
00,22004,1610612755,Philadelphia,76ers,East,33-19,7, - x,Atlantic,8-8,2,43,39,0.524,16.0,43-39,25-16,18-23,8-2,7-3,5-5,4-3,10-4,13-15,4.0,W 4,8.0,W 8,4.0,6.0,3.0,W 3,-1.0,L 1,2,W 2,16.0,2.0,0,0,1,0.0,0.0,30-13,2-0,11-26,30-11,2-2,11-26,31-9,17-23,19-21,22-10,20-8,29-19,99.0,100.0,-1.0,33-19,8-8,13-5,10-20,4-6,0-0,8-8,5-6,9-7,5-2,,,,,,,6-7,7-8,26-27,17-12,2004-05,,,
00,22004,1610612751,New Jersey,Nets,East,31-21,8, - x,Atlantic,11-5,3,42,40,0.512,17.0,42-40,24-17,18-23,8-2,7-3,8-2,4-4,7-4,19-26,5.0,W 5,5.0,W 5,5.0,9.0,4.0,W 4,2.0,W 2,4,W 4,17.0,3.0,0,0,1,0.0,0.0,30-13,11-25,1-2,34-6,7-33,1-1,16-5,3-20,17-24,32-7,26-11,31-21,91.0,93.0,-2.0,31-21,11-5,11-7,11-19,5-5,0-0,8-8,7-6,9-6,8-2,,,,,,,3-11,7-7,23-30,19-10,2004-05,,,
00,22004,1610612763,Memphis,Grizzlies,West,27-25,8, - x,Southwest,7-9,4,45,37,0.549,13.0,45-37,26-15,19-22,4-6,5-5,4-6,0-1,7-11,23-12,5.0,W 5,4.0,W 4,6.0,5.0,-1.0,L 1,-4.0,L 4,-1,L 1,17.0,14.0,0,0,1,0.0,0.0,31-13,12-24,2-0,36-9,8-27,1-1,17-6,2-14,13-23,36-9,19-5,27-16,93.0,91.0,2.0,18-12,8-2,4-6,27-25,11-7,0-0,12-3,5-5,8-6,6-6,,,,,,,5-10,9-7,30-23,15-14,2004-05,,,
00,22004,1610612739,Cleveland,Cavaliers,East,26-26,9, - o,Central,7-9,4,42,40,0.512,18.0,42-40,29-12,13-28,4-6,6-4,3-7,3-3,4-5,27-20,9.0,W 9,11.0,W 11,6.0,6.0,1.0,W 1,1.0,W 1,2,W 2,17.0,12.0,0,0,0,0.0,0.0,32-11,0-0,10-29,35-6,0-3,7-31,28-7,6-23,13-22,36-6,32-14,22-20,97.0,96.0,1.0,26-26,7-11,7-9,16-14,5-5,0-0,9-5,5-7,6-9,3-5,,,,,,,9-5,8-7,30-21,12-19,2004-05,,,
00,22004,1610612750,Minnesota,Timberwolves,West,30-22,9, - o,Northwest,10-6,3,44,38,0.537,15.0,44-38,24-17,20-21,6-4,7-3,6-4,1-2,5-6,16-15,4.0,W 4,7.0,W 7,5.0,6.0,1.0,W 1,2.0,W 2,2,W 2,18.0,8.0,0,0,0,0.0,0.0,35-17,3-0,6-21,36-5,1-3,7-30,23-7,7-22,19-24,37-18,27-22,20-10,97.0,95.0,1.0,14-16,6-4,3-7,30-22,10-8,0-0,8-9,4-9,10-5,3-3,,,,,,,8-5,8-6,27-27,17-11,2004-05,,,
00,22004,1610612753,Orlando,Magic,East,21-31,10, - o,Southeast,6-10,3,36,46,0.439,20.0,36-46,24-17,12-29,2-8,3-7,2-8,0-1,10-5,10-22,4.0,W 4,-4.0,L 4,3.0,7.0,-1.0,L 1,-4.0,L 4,-1,L 1,23.0,23.0,0,0,0,0.0,0.0,25-8,10-35,1-3,27-8,4-36,5-2,24-19,12-37,15-25,28-13,25-22,10-11,100.0,102.0,-2.0,21-31,9-9,6-12,15-15,4-6,0-0,9-8,4-7,6-10,2-9,,,,,,,8-5,7-7,28-24,8-22,2004-05,,,
00,22004,1610612746,Los Angeles,Clippers,West,20-32,10, - o,Pacific,6-10,3,37,45,0.451,,37-45,27-14,10-31,5-5,7-3,3-7,1-0,4-13,15-19,7.0,W 7,1.0,W 1,5.0,8.0,2.0,W 2,1.0,W 1,1,W 1,25.0,25.0,0,0,0,0.0,0.0,1-1,2-2,0-0,1-2,1-1,1-0,20-10,7-19,11-28,30-17,24-22,16-10,96.0,96.0,-1.0,17-13,4-6,6-4,20-32,6-10,0-0,9-8,3-9,7-8,5-5,,,,,,,9-6,4-9,23-30,14-15,2004-05,,,
00,22004,1610612747,Los Angeles,Lakers,West,21-31,11, - w,Pacific,6-10,4,34,48,0.415,21.0,34-48,22-19,12-29,1-9,2-8,1-9,1-3,6-10,11-23,5.0,W 5,9.0,W 9,3.0,8.0,-5.0,L 5,-3.0,L 3,-6,L 6,28.0,28.0,1,0,0,0.0,0.0,23-6,1-3,10-39,21-7,3-1,10-40,23-21,7-42,11-31,28-7,20-20,8-11,99.0,102.0,-3.0,13-17,4-6,5-5,21-31,6-10,0-0,8-7,5-8,5-11,1-6,,,,,,,9-6,6-6,26-24,8-24,2004-05,,,
00,22004,1610612761,Toronto,Raptors,East,20-32,11, - o,Atlantic,7-9,4,33,49,0.402,23.0,33-49,22-19,11-30,3-7,3-7,4-6,1-4,6-9,16-21,5.0,W 5,2.0,W 2,3.0,7.0,-4.0,L 4,2.0,W 2,-1,L 1,26.0,12.0,0,0,0,0.0,0.0,22-14,10-31,1-4,22-12,11-35,0-2,24-18,9-40,13-32,19-7,9-5,19-30,100.0,101.0,-2.0,20-32,7-9,5-13,13-17,4-6,0-0,8-6,6-5,5-10,4-7,,,,,,,7-9,3-12,21-32,12-17,2004-05,,,
00,22004,1610612752,New York,Knicks,East,21-31,12, - o,Atlantic,6-10,5,33,49,0.402,24.0,33-49,22-19,11-30,4-6,3-7,3-7,5-3,9-11,13-17,7.0,W 7,3.0,W 3,3.0,9.0,1.0,W 1,-1.0,L 1,1,W 1,26.0,12.0,0,0,0,0.0,0.0,25-18,6-29,2-2,29-15,4-34,0-0,20-14,9-29,14-24,26-10,14-21,17-18,97.0,100.0,-2.0,21-31,6-10,6-12,12-18,3-7,0-0,2-13,6-7,5-8,4-8,,,,,,,7-6,9-7,21-32,12-17,2004-05,,,
00,22004,1610612744,Golden State,Warriors,West,20-32,12, - o,Pacific,6-10,5,34,48,0.415,22.0,34-48,20-21,14-27,7-3,8-2,6-4,2-4,4-10,14-22,5.0,W 5,6.0,W 6,8.0,9.0,3.0,W 3,-2.0,L 2,3,W 3,28.0,28.0,0,0,0,0.0,0.0,23-11,9-35,2-2,28-8,5-38,1-2,29-13,14-29,12-28,19-9,16-5,22-27,99.0,101.0,-2.0,14-16,4-6,4-6,20-32,6-10,0-0,1-14,4-7,10-6,8-3,,,,,,,3-10,8-8,15-38,19-10,2004-05,,,
00,22004,1610612757,Portland,Trail Blazers,West,13-39,13, - o,Northwest,4-12,4,27,55,0.329,26.0,27-55,18-23,9-32,3-7,3-7,1-9,0-3,8-5,9-21,2.0,W 2,-3.0,L 3,3.0,7.0,2.0,W 2,-3.0,L 3,1,W 1,35.0,25.0,0,0,0,0.0,0.0,21-15,6-39,0-1,20-8,7-46,0-1,13-11,5-30,9-36,22-22,15-22,7-15,93.0,97.0,-4.0,14-16,5-5,3-7,13-39,6-12,0-0,4-11,5-7,2-14,3-9,,,,,,,8-6,5-8,21-30,6-25,2004-05,,,
00,22004,1610612749,Milwaukee,Bucks,East,24-28,13, - o,Central,8-8,5,30,52,0.366,25.0,30-52,23-18,7-34,3-7,5-5,0-10,1-2,8-8,10-21,5.0,W 5,14.0,W 14,3.0,8.0,-1.0,L 1,-14.0,L 14,-2,L 2,29.0,24.0,0,0,0,0.0,0.0,15-13,1-2,14-37,23-10,2-0,5-42,14-21,8-38,9-31,19-12,16-23,14-15,97.0,100.0,-3.0,24-28,7-11,8-8,6-24,1-9,0-0,6-10,8-4,4-13,2-5,,,,,,,4-8,5-9,20-30,10-22,2004-05,,,
00,22004,1610612762,Utah,Jazz,West,20-32,14, - o,Northwest,6-10,5,26,56,0.317,27.0,26-56,18-23,8-33,4-6,5-5,1-9,1-3,6-10,13-31,3.0,W 3,8.0,W 8,4.0,9.0,1.0,W 1,-4.0,L 4,-1,L 1,36.0,26.0,0,0,0,0.0,0.0,17-15,3-3,6-38,17-11,2-2,7-43,13-10,5-32,11-32,22-13,23-31,10-14,93.0,97.0,-4.0,6-24,1-9,2-8,20-32,8-10,0-0,4-11,4-7,3-12,3-4,,,,,,,8-7,3-12,17-35,9-21,2004-05,,,
00,22004,1610612766,Charlotte,Bobcats,East,11-41,14, - o,Southeast,7-9,4,18,64,0.22,28.0,18-64,14-27,4-37,3-7,4-6,2-8,3-3,5-16,6-29,5.0,W 5,-2.0,L 2,2.0,10.0,1.0,W 1,-2.0,L 2,1,W 1,41.0,41.0,0,0,0,0.0,0.0,9-16,8-44,1-4,11-13,5-49,2-2,11-14,5-42,7-34,14-13,10-22,13-35,94.0,100.0,-6.0,11-41,2-16,2-16,7-23,1-9,0-0,2-13,2-10,4-13,3-9,,,,,,,3-10,4-9,11-39,7-25,2004-05,,,
00,22004,1610612737,Atlanta,Hawks,East,8-44,15, - o,Southeast,2-14,5,13,69,0.159,30.0,13-69,9-32,4-37,2-8,1-9,2-8,2-5,2-8,3-43,11.0,W 11,23.0,W 23,1.0,14.0,-3.0,L 3,-1.0,L 1,-2,L 2,46.0,46.0,0,0,0,0.0,0.0,7-17,1-4,5-48,8-10,1-1,4-58,8-15,4-49,5-32,10-19,8-34,8-19,93.0,102.0,-10.0,8-44,4-14,2-16,5-25,1-9,0-0,4-11,1-11,1-15,1-6,,,,,,,2-12,3-11,10-41,3-28,2004-05,,,
00,22004,1610612740,New Orleans,Hornets,West,10-42,15, - sw,Southwest,2-14,5,18,64,0.22,29.0,18-64,11-30,7-34,1-9,0-10,4-6,2-6,6-11,3-31,-10.0,L 10,-4.0,L 4,2.0,11.0,-10.0,L 10,-4.0,L 4,-9,L 9,44.0,41.0,0,1,0,0.0,0.0,10-8,6-53,2-3,14-7,2-55,2-2,4-5,4-23,7-38,12-14,12-22,8-21,88.0,96.0,-7.0,8-22,2-8,3-7,10-42,4-14,0-0,6-10,3-9,5-9,2-10,,,,,,,1-12,1-14,11-42,7-22,2004-05,,,
00,22005,1610612759,San Antonio,Spurs,West,42-10,1, - w,Southwest,13-3,1,63,19,0.768,,63-19,34-7,29-12,7-3,7-3,8-2,3-2,10-2,31-11,12.0,W 12,9.0,W 9,9.0,2.0,1.0,W 1,5.0,W 5,3,W 3,0.0,0.0,1,0,1,0.0,0.0,44-7,15-11,4-1,58-4,4-14,1-1,27-3,2-9,26-11,53-3,37-6,37-6,96.0,89.0,7.0,21-9,9-1,5-5,42-10,14-4,,11-3,9-2,12-4,7-3,,,,,,,11-3,13-4,40-12,23-7,2005-06,7-3,15-3,13-3
00,22005,1610612765,Detroit,Pistons,East,39-13,1, - e,Central,13-3,1,64,18,0.78,1.0,64-18,37-4,27-14,6-4,8-2,5-5,2-2,7-4,32-8,16.0,W 16,5.0,W 5,11.0,2.0,-1.0,L 1,-3.0,L 3,-2,L 2,0.0,0.0,1,1,1,0.0,0.0,47-7,14-11,3-0,58-5,6-11,0-2,30-3,12-8,28-13,38-4,29-4,42-10,97.0,90.0,7.0,39-13,14-4,13-3,25-5,9-1,,13-2,10-3,11-5,6-4,,,,,,,11-2,13-2,42-9,22-9,2005-06,12-6,7-3,9-1
00,22005,1610612742,Dallas,Mavericks,West,37-15,2, - x,Southwest,13-3,2,60,22,0.732,,60-22,34-7,26-15,6-4,7-3,4-6,5-2,11-6,28-10,16.0,W 16,6.0,W 6,13.0,3.0,-1.0,L 1,-2.0,L 2,-1,L 1,3.0,3.0,0,0,1,0.0,0.0,41-8,15-14,4-0,50-4,9-18,1-0,36-9,7-15,23-16,48-4,43-11,33-9,99.0,93.0,6.0,23-7,7-3,7-3,37-15,9-9,,13-2,10-1,9-8,6-3,,,,,,,10-4,12-4,41-11,19-11,2005-06,9-1,15-3,13-3
00,22005,1610612748,Miami,Heat,East,35-17,2, - se,Southeast,13-3,1,52,30,0.634,5.0,52-30,31-10,21-20,4-6,7-3,4-6,3-0,8-4,27-11,9.0,W 9,6.0,W 6,10.0,4.0,-1.0,L 1,-2.0,L 2,-3,L 3,12.0,0.0,0,1,1,0.0,0.0,37-9,15-20,0-1,38-3,11-25,3-2,37-6,12-20,19-21,46-5,40-15,21-4,100.0,96.0,4.0,35-17,13-5,9-9,17-13,5-5,,10-5,8-2,12-3,4-7,,,,,,,9-6,9-7,33-20,19-10,2005-06,13-3,7-3,5-5
00,22005,1610612739,Cleveland,Cavaliers,East,34-18,3, - x,Central,11-5,2,50,32,0.61,6.0,50-32,31-10,19-22,7-3,10-0,5-5,5-0,9-4,20-11,11.0,W 11,4.0,W 4,9.0,6.0,11.0,W 11,1.0,W 1,2,W 2,14.0,14.0,0,0,1,0.0,0.0,35-9,14-23,1-0,35-3,14-28,1-1,31-6,11-15,23-19,37-8,36-12,27-10,98.0,95.0,2.0,34-18,12-6,11-5,16-14,4-6,,8-7,6-8,10-4,8-3,,,,,,,10-4,8-6,31-21,19-11,2005-06,11-7,6-4,6-4
00,22005,1610612756,Phoenix,Suns,West,32-20,3, - p,Pacific,10-6,1,54,28,0.659,4.0,54-28,31-10,23-18,5-5,8-2,4-6,1-4,0-7,34-9,8.0,W 8,6.0,W 6,11.0,3.0,3.0,W 3,1.0,W 1,2,W 2,9.0,0.0,0,1,1,0.0,0.0,43-11,10-16,1-1,44-7,7-21,3-0,49-18,21-25,25-19,48-6,19-3,34-17,108.0,103.0,6.0,22-8,8-2,6-4,32-20,10-6,,10-6,9-1,11-6,5-5,,,,,,,8-5,11-5,35-17,19-11,2005-06,8-2,12-6,10-8
00,22005,1610612743,Denver,Nuggets,West,25-27,4, - nw,Northwest,10-6,1,44,38,0.537,12.0,44-38,26-15,18-23,4-6,7-3,4-6,4-4,12-8,22-20,6.0,W 6,4.0,W 4,7.0,4.0,-2.0,L 2,-2.0,L 2,-4,L 4,19.0,0.0,0,1,0,0.0,0.0,31-12,13-25,0-1,35-8,7-28,2-2,33-13,13-30,18-26,36-8,26-9,25-21,100.0,100.0,0.0,19-11,6-4,6-4,25-27,6-12,,11-5,5-5,11-5,3-6,,,,,,,8-8,6-9,28-26,16-12,2005-06,7-3,10-6,9-9
00,22005,1610612751,New Jersey,Nets,East,33-19,4, - a,Atlantic,10-6,1,49,33,0.598,7.0,49-33,29-12,20-21,5-5,7-3,7-3,3-1,8-6,21-17,12.0,W 12,6.0,W 6,14.0,4.0,-1.0,L 1,-1.0,L 1,-2,L 2,15.0,0.0,0,1,1,0.0,0.0,34-8,11-25,4-0,40-1,7-31,2-1,19-5,8-14,20-19,35-3,29-6,22-19,94.0,92.0,1.0,33-19,10-6,9-9,16-14,5-5,,6-8,8-5,12-3,6-5,,,,,,,7-8,10-4,28-23,21-10,2005-06,14-4,6-4,5-5
00,22005,1610612763,Memphis,Grizzlies,West,31-21,5, - x,Southwest,6-10,3,49,33,0.598,8.0,49-33,30-11,19-22,8-2,9-1,5-5,2-3,6-10,30-13,6.0,W 6,3.0,W 3,7.0,5.0,5.0,W 5,3.0,W 3,5,W 5,14.0,14.0,0,0,1,0.0,0.0,36-10,10-21,3-2,45-10,4-22,0-1,18-5,3-9,21-23,41-7,27-6,30-17,92.0,88.0,4.0,18-12,6-4,4-6,31-21,13-5,,7-8,5-8,10-6,8-1,,,,,,,10-5,9-5,29-23,20-10,2005-06,8-2,12-6,6-10
00,22005,1610612764,Washington,Wizards,East,29-23,5, - x,Southeast,8-8,2,42,40,0.512,13.0,42-40,27-14,15-26,5-5,6-4,4-6,3-2,5-8,24-16,9.0,W 9,1.0,W 1,5.0,5.0,2.0,W 2,1.0,W 1,3,W 3,22.0,10.0,0,0,1,0.0,0.0,31-12,10-26,1-2,38-10,3-29,1-1,28-16,11-30,17-23,29-3,27-7,31-24,102.0,100.0,2.0,29-23,11-7,10-8,13-17,6-4,,9-6,8-4,8-8,5-6,,,,,,,7-7,5-9,26-25,16-15,2005-06,8-8,5-5,2-8
00,22005,1610612746,Los Angeles,Clippers,West,27-25,6, - x,Pacific,7-9,2,47,35,0.573,9.0,47-35,27-14,20-21,5-5,6-4,5-5,3-2,6-5,24-19,5.0,W 5,2.0,W 2,5.0,5.0,-1.0,L 1,1.0,W 1,1,W 1,16.0,7.0,0,0,1,0.0,0.0,31-7,13-28,3-0,37-2,9-33,1-0,24-10,6-22,18-26,43-10,34-16,16-8,97.0,96.0,2.0,20-10,7-3,4-6,27-25,7-9,,9-5,7-6,10-6,5-6,,,,,,,10-5,6-7,30-21,17-14,2005-06,9-1,14-4,6-12
00,22005,1610612754,Indiana,Pacers,East,24-28,6, - x,Central,6-10,3,41,41,0.5,14.0,41-41,27-14,14-27,6-4,7-3,1-9,0-2,4-10,26-14,5.0,W 5,1.0,W 1,4.0,6.0,5.0,W 5,1.0,W 1,2,W 2,23.0,23.0,0,0,1,0.0,0.0,30-13,10-26,1-2,36-9,5-30,0-2,15-5,3-17,18-22,33-13,28-12,16-8,94.0,92.0,2.0,24-28,9-9,6-10,17-13,7-3,,6-10,7-3,7-11,6-5,,,,,,,9-5,6-7,26-23,15-18,2005-06,9-9,6-4,4-6
00,22005,1610612741,Chicago,Bulls,East,30-22,7, - x,Central,4-12,4,41,41,0.5,,41-41,21-20,20-21,9-1,7-3,7-3,3-5,6-10,14-16,3.0,W 3,6.0,W 6,6.0,8.0,3.0,W 3,6.0,W 6,6,W 6,23.0,23.0,0,0,1,0.0,0.0,23-13,14-25,4-3,30-7,9-34,2-0,28-9,13-22,13-21,36-13,28-18,23-18,98.0,97.0,1.0,30-22,14-4,4-12,11-19,3-7,,8-7,5-7,7-9,9-1,,,,,,,7-6,5-11,23-29,18-12,2005-06,12-6,4-6,4-6
00,22005,1610612747,Los Angeles,Lakers,West,27-25,7, - x,Pacific,9-7,3,45,37,0.549,10.0,45-37,27-14,18-23,7-3,9-1,5-5,3-4,7-9,25-15,6.0,W 6,4.0,W 4,5.0,5.0,6.0,W 6,-2.0,L 2,5,W 5,18.0,9.0,0,0,1,0.0,0.0,31-11,14-24,0-2,39-7,6-29,0-1,32-9,8-21,19-25,38-4,32-16,22-14,99.0,97.0,3.0,18-12,6-4,6-4,27-25,9-7,,9-6,5-8,10-7,6-2,,,,,,,5-8,10-6,26-26,19-11,2005-06,6-4,9-9,9-9
00,22005,1610612749,Milwaukee,Bucks,East,29-23,8, - x,Central,6-10,5,40,42,0.481,,40-42,24-16,15-26,4-6,8-2,2-8,4-1,10-6,15-18,6.0,W 6,1.0,W 1,3.0,4.0,1.0,W 1,-1.0,L 1,-1,L 1,24.0,24.0,0,0,1,0.0,0.0,21-8,17-32,1-2,32-8,7-33,0-1,25-10,11-26,12-19,25-6,29-14,20-16,98.0,99.0,-1.0,29-23,12-6,6-10,11-19,2-8,,7-10,6-7,7-8,4-6,,,,,,,7-6,9-5,27-25,13-17,2005-06,11-7,5-5,4-6
00,22005,1610612758,Sacramento,Kings,West,30-22,8, - x,Pacific,10-6,4,44,38,0.537,11.0,44-38,27-14,17-24,8-2,7-3,6-4,3-3,6-5,21-21,14.0,W 14,3.0,W 3,5.0,5.0,2.0,W 2,3.0,W 3,3,W 3,19.0,10.0,0,0,1,0.0,0.0,37-10,7-27,0-1,40-5,3-32,1-1,31-9,13-21,23-21,32-8,24-14,24-13,99.0,97.0,2.0,14-16,5-5,5-5,30-22,10-6,,7-9,7-4,11-6,7-2,,,,,,,7-8,5-9,24-29,20-9,2005-06,4-6,12-6,8-10
00,22005,1610612755,Philadelphia,76ers,East,22-30,9, - o,Atlantic,10-6,2,38,44,0.463,19.0,38-44,23-18,15-26,4-6,4-6,3-7,4-3,8-7,12-21,4.0,W 4,-3.0,L 3,6.0,4.0,2.0,W 2,-3.0,L 3,-1,L 1,26.0,11.0,0,0,0,0.0,0.0,27-13,10-30,1-1,28-11,8-32,2-1,29-10,16-32,19-24,32-15,23-8,24-18,99.0,101.0,-2.0,22-30,10-6,6-12,16-14,5-5,,8-7,5-6,5-10,5-6,,,,,,,8-8,7-7,25-27,13-17,2005-06,6-12,5-5,6-4
00,22005,1610612762,Utah,Jazz,West,26-26,9, - o,Northwest,11-5,2,41,41,0.5,16.0,41-41,22-19,19-22,7-3,6-4,5-5,5-3,7-2,17-23,5.0,W 5,3.0,W 3,5.0,5.0,4.0,W 4,-2.0,L 2,1,W 1,22.0,3.0,0,0,0,0.0,0.0,26-7,15-34,0-0,29-2,10-39,2-0,19-2,10-24,15-28,33-7,32-20,15-12,92.0,95.0,-3.0,15-15,5-5,5-5,26-26,8-10,,7-8,6-5,7-9,7-3,,,,,,,6-9,8-7,25-27,16-14,2005-06,5-5,11-5,7-11
00,22005,1610612740,New Orleans/Oklahoma City,Hornets,West,25-27,10, - o,Southwest,7-9,4,38,44,0.463,18.0,38-44,24-17,14-27,3-7,5-5,2-8,2-2,7-5,14-28,7.0,W 7,-5.0,L 5,5.0,8.0,-1.0,L 1,-5.0,L 5,-4,L 4,25.0,25.0,0,0,0,0.0,0.0,27-12,6-31,5-1,24-7,11-36,3-1,19-7,6-23,15-33,27-4,23-14,25-22,93.0,96.0,-3.0,13-17,5-5,2-8,25-27,8-10,,10-5,9-4,3-11,4-7,,,,,,,7-7,5-10,29-23,9-21,2005-06,6-4,10-8,7-9
00,22005,1610612753,Orlando,Magic,East,24-28,10, - o,Southeast,9-7,3,36,46,0.439,,36-46,26-15,10-31,8-2,9-1,4-6,3-5,4-6,15-19,12.0,W 12,2.0,W 2,8.0,8.0,-1.0,L 1,-1.0,L 1,-2,L 2,28.0,16.0,0,0,0,0.0,0.0,30-10,6-32,0-4,33-6,3-39,0-1,23-11,5-25,12-25,34-15,22-25,15-8,95.0,96.0,-1.0,24-28,10-8,5-13,12-18,3-7,,6-9,2-12,9-8,7-2,,,,,,,7-7,5-8,19-32,17-14,2005-06,9-7,5-5,4-6
00,22005,1610612738,Boston,Celtics,East,19-33,11, - o,Atlantic,10-6,3,33,49,0.402,25.0,33-49,21-20,12-29,3-7,3-7,4-6,2-3,9-10,15-17,1.0,W 1,2.0,W 2,2.0,6.0,1.0,W 1,-2.0,L 2,1,W 1,31.0,16.0,0,0,0,0.0,0.0,17-18,14-30,2-1,25-11,6-35,2-3,24-16,8-35,13-32,27-17,20-18,12-16,98.0,100.0,-2.0,19-33,10-6,3-15,14-16,4-6,,6-10,5-6,7-9,3-7,,,,,,,6-8,6-9,20-32,13-17,2005-06,6-12,6-4,4-6
00,22005,1610612760,Seattle,SuperSonics,West,20-32,11, - o,Northwest,10-6,3,35,47,0.427,21.0,35-47,22-19,13-28,6-4,7-3,4-6,3-2,4-4,15-24,3.0,W 3,1.0,W 1,4.0,4.0,1.0,W 1,-1.0,L 1,1,W 1,28.0,9.0,0,0,0,0.0,0.0,25-10,9-33,1-4,25-4,9-42,1-1,32-14,20-41,18-29,23-6,24-16,18-17,103.0,106.0,-3.0,15-15,5-5,5-5,20-32,6-12,,5-10,4-10,7-7,6-4,,,,,,,6-8,7-8,20-33,15-14,2005-06,5-5,10-6,4-14
00,22005,1610612745,Houston,Rockets,West,19-33,12, - o,Southwest,1-15,5,34,48,0.415,,34-48,15-26,19-22,2-8,2-8,3-7,2-2,7-9,13-19,-3.0,L 3,4.0,W 4,5.0,7.0,-3.0,L 3,1.0,W 1,-1,L 1,29.0,29.0,0,0,0,0.0,0.0,23-8,11-35,0-5,26-8,8-40,0-0,17-3,5-14,14-23,31-10,21-21,17-12,90.0,92.0,-2.0,15-15,5-5,5-5,19-33,8-10,,5-11,10-3,7-8,2-8,,,,,,,4-11,6-7,22-31,12-17,2005-06,5-5,10-8,1-15
00,22005,1610612761,Toronto,Raptors,East,20-32,12, - o,Atlantic,6-10,4,27,55,0.329,26.0,27-55,15-26,12-29,1-9,3-7,2-8,1-9,5-11,12-20,1.0,W 1,-7.0,L 7,5.0,10.0,-1.0,L 1,-7.0,L 7,-2,L 2,37.0,22.0,0,0,0,0.0,0.0,16-17,11-38,0-0,17-11,7-43,3-1,17-21,10-42,7-37,15-11,17-16,19-27,101.0,104.0,-3.0,20-32,6-10,4-14,7-23,1-9,,7-8,5-6,6-10,1-9,,,,,,,1-15,7-7,20-33,7-22,2005-06,10-8,4-6,2-8
00,22005,1610612744,Golden State,Warriors,West,19-33,13, - o,Pacific,4-12,5,34,48,0.415,23.0,34-48,21-20,13-28,4-6,5-5,3-7,1-5,7-14,12-22,4.0,W 4,1.0,W 1,5.0,9.0,3.0,W 3,-1.0,L 1,-1,L 1,29.0,20.0,0,0,0,0.0,0.0,22-13,11-34,1-1,29-14,5-32,0-2,19-17,11-35,14-34,21-6,19-13,20-28,98.0,100.0,-1.0,15-15,7-3,4-6,19-33,4-12,,3-9,4-9,6-9,4-7,,,,,,,11-6,6-8,24-28,10-20,2005-06,4-6,10-8,5-13
00,22005,1610612766,Charlotte,Bobcats,East,18-34,13, - o,Southeast,5-11,4,26,56,0.317,27.0,26-56,17-24,9-32,6-4,5-5,3-7,4-4,5-7,10-26,2.0,W 2,3.0,W 3,4.0,13.0,2.0,W 2,3.0,W 3,4,W 4,38.0,26.0,0,0,0,0.0,0.0,20-17,4-36,2-3,18-5,7-48,1-3,18-14,11-36,9-36,13-3,14-13,24-44,97.0,101.0,-4.0,18-34,9-9,4-14,8-22,3-7,,1-15,4-8,5-10,6-3,,,,,,,5-11,5-9,14-40,12-16,2005-06,5-11,4-6,1-9
00,22005,1610612737,Atlanta,Hawks,East,19-33,14, - o,Southeast,5-11,5,26,56,0.317,28.0,26-56,18-23,8-33,4-6,5-5,1-9,5-3,12-12,7-22,4.0,W 4,1.0,W 1,3.0,9.0,1.0,W 1,-1.0,L 1,-1,L 1,38.0,26.0,0,0,0,0.0,0.0,14-9,10-45,2-2,14-12,8-39,4-5,20-14,14-31,12-32,16-15,22-17,12-17,97.0,102.0,-5.0,19-33,7-11,7-11,7-23,2-8,,5-10,6-6,4-12,4-7,,,,,,,2-12,5-9,16-34,10-22,2005-06,5-11,2-8,3-7
00,22005,1610612750,Minnesota,Timberwolves,West,20-32,14, - o,Northwest,6-10,4,33,49,0.402,24.0,33-49,24-17,9-32,3-7,6-4,1-9,1-5,4-10,16-19,5.0,W 5,1.0,W 1,5.0,7.0,-2.0,L 2,-1.0,L 1,-3,L 3,30.0,11.0,0,0,0,0.0,0.0,23-20,9-26,1-3,25-15,8-34,0-0,14-4,3-22,17-30,29-15,22-12,15-18,92.0,94.0,-2.0,13-17,4-6,4-6,20-32,9-9,,7-9,3-10,6-10,3-7,,,,,,,7-6,7-7,23-29,10-20,2005-06,5-5,6-10,5-13
00,22005,1610612752,New York,Knicks,East,15-37,15, - o,Atlantic,4-12,5,23,59,0.28,,23-59,15-26,8-33,4-6,3-7,2-8,4-3,8-6,7-32,5.0,W 5,1.0,W 1,6.0,10.0,-2.0,L 2,1.0,W 1,1,W 1,41.0,26.0,0,0,0,0.0,0.0,14-12,9-45,0-2,16-6,6-51,1-2,15-14,8-39,8-26,18-20,19-32,6-9,96.0,102.0,-6.0,15-37,4-12,7-11,8-22,2-8,,7-9,1-11,4-11,4-7,,,,,,,5-9,2-12,15-37,8-22,2005-06,4-14,5-5,1-9
00,22005,1610612757,Portland,Trail Blazers,West,10-42,15, - o,Northwest,3-13,5,21,61,0.256,30.0,21-61,15-26,6-35,1-9,1-9,0-10,1-1,7-4,4-42,-4.0,L 4,-16.0,L 16,4.0,11.0,-4.0,L 4,-16.0,L 16,-8,L 8,42.0,23.0,0,0,0,0.0,0.0,15-11,4-48,2-2,15-7,5-52,1-2,5-4,4-32,9-38,16-20,15-14,6-18,89.0,98.0,-9.0,11-19,4-6,2-8,10-42,4-14,,6-8,2-11,2-13,1-10,,,,,,,5-9,5-10,18-33,3-28,2005-06,5-5,3-13,3-15
00,22006,1610612742,Dallas,Mavericks,West,40-12,1, - w,Southwest,14-2,1,67,15,0.817,,67-15,36-5,31-10,6-4,8-2,7-3,1-1,12-3,36-9,23.0,W 23,6.0,W 6,17.0,4.0,1.0,W 1,1.0,W 1,1,W 1,0.0,0.0,1,1,1,0.0,0.0,46-5,18-10,3-0,53-3,13-12,1-0,38-4,11-11,24-11,52-1,49-4,31-7,100.0,93.0,7.0,27-3,10-0,8-2,40-12,11-7,,14-2,10-0,13-2,6-4,,,,,,,11-4,13-3,44-9,23-6,2006-07,9-1,15-3,14-2
00,22006,1610612765,Detroit,Pistons,East,36-16,1, - e,Central,9-7,1,53,29,0.646,,53-29,26-15,27-14,7-3,7-3,6-4,2-3,6-10,24-7,6.0,W 6,6.0,W 6,8.0,3.0,1.0,W 1,1.0,W 1,2,W 2,0.0,0.0,1,1,1,0.0,0.0,36-10,14-17,3-2,39-5,11-22,3-2,21-3,5-15,19-20,36-7,26-8,39-16,96.0,92.0,4.0,36-16,15-3,9-7,17-13,6-4,,8-7,10-1,10-7,7-3,,,,,,,10-5,8-6,32-19,21-10,2006-07,12-6,6-4,5-5
00,22006,1610612739,Cleveland,Cavaliers,East,31-21,2, - x,Central,10-6,2,50,32,0.61,,50-32,30-11,20-21,7-3,7-3,6-4,3-4,9-7,25-11,6.0,W 6,3.0,W 3,8.0,3.0,3.0,W 3,1.0,W 1,4,W 4,3.0,3.0,0,0,1,1.0,1.0,34-8,15-22,1-2,39-8,9-22,2-2,27-4,6-12,17-17,39-3,40-13,30-21,97.0,93.0,4.0,31-21,12-6,10-6,19-11,8-2,,9-7,7-5,11-5,6-3,,,,,,,9-6,8-6,31-22,19-10,2006-07,9-9,5-5,6-4
00,22006,1610612756,Phoenix,Suns,West,36-16,2, - p,Pacific,11-5,1,61,21,0.744,,61-21,33-8,28-13,7-3,8-2,5-5,4-3,5-4,32-4,10.0,W 10,9.0,W 9,17.0,4.0,-1.0,L 1,-1.0,L 1,-2,L 2,6.0,0.0,0,1,1,1.0,0.0,50-4,10-17,1-0,56-9,4-12,1-0,53-15,31-19,27-11,52-6,29-1,35-9,110.0,103.0,7.0,25-5,9-1,8-2,36-16,11-5,,15-1,8-5,10-4,7-3,,,,,,0-1,8-5,13-2,39-13,22-8,2006-07,8-2,12-6,13-5
00,22006,1610612761,Toronto,Raptors,East,33-19,3, - a,Atlantic,11-5,1,47,35,0.573,,47-35,30-11,17-24,7-3,8-2,5-5,3-0,11-6,23-18,8.0,W 8,3.0,W 3,6.0,6.0,-1.0,L 1,-1.0,L 1,-2,L 2,6.0,0.0,0,1,1,1.0,0.0,34-11,10-24,3-0,36-3,11-31,0-1,30-7,16-23,20-23,38-5,21-7,31-18,99.0,98.0,1.0,33-19,11-5,9-9,14-16,5-5,,10-5,9-3,8-6,7-3,,,,,,,5-10,8-8,29-24,18-11,2006-07,13-5,5-5,4-6
00,22006,1610612759,San Antonio,Spurs,West,38-14,3, - x,Southwest,10-6,2,58,24,0.707,,58-24,31-10,27-14,6-4,9-1,6-4,2-2,3-5,35-7,9.0,W 9,7.0,W 7,13.0,3.0,-1.0,L 1,-2.0,L 2,-3,L 3,9.0,9.0,0,0,1,1.0,1.0,48-13,10-10,0-1,49-5,7-18,2-1,33-4,2-12,21-15,48-4,41-8,24-8,99.0,90.0,8.0,20-10,9-1,4-6,38-14,14-4,,9-7,7-3,13-2,6-4,,,,,,,11-5,12-3,35-18,23-6,2006-07,7-3,14-4,10-6
00,22006,1610612748,Miami,Heat,East,27-25,4, - se,Southeast,9-7,1,44,38,0.537,,44-38,27-14,17-24,5-5,6-4,5-5,3-4,13-6,16-22,14.0,W 14,3.0,W 3,9.0,5.0,-1.0,L 1,-2.0,L 2,-2,L 2,9.0,0.0,0,1,1,1.0,0.0,32-10,11-28,1-0,34-4,7-31,3-3,22-8,5-21,18-21,39-9,28-11,20-14,95.0,96.0,-1.0,27-25,9-9,9-9,17-13,5-5,,7-8,8-4,11-4,5-5,,,,,,0-1,6-8,7-8,26-26,18-12,2006-07,9-7,8-2,4-6
00,22006,1610612762,Utah,Jazz,West,32-20,4, - nw,Northwest,10-6,1,51,31,0.622,,51-31,31-10,20-21,4-6,7-3,2-8,2-3,10-10,26-11,7.0,W 7,1.0,W 1,8.0,5.0,2.0,W 2,1.0,W 1,2,W 2,16.0,0.0,0,1,1,1.0,0.0,33-11,18-19,0-1,38-6,13-23,0-2,41-13,17-21,24-14,41-8,41-15,21-8,101.0,99.0,3.0,19-11,6-4,9-1,32-20,10-8,,8-8,8-2,9-6,4-6,,,,,,,13-4,9-5,35-17,16-14,2006-07,4-6,10-6,12-6
00,22006,1610612745,Houston,Rockets,West,28-24,5, - x,Southwest,8-8,3,52,30,0.634,,52-30,28-13,24-17,6-4,7-3,7-3,3-3,4-4,25-13,6.0,W 6,5.0,W 5,5.0,3.0,2.0,W 2,-1.0,L 1,-1,L 1,15.0,15.0,0,0,1,1.0,1.0,42-10,10-20,0-0,51-7,1-23,0-0,29-3,14-16,15-19,43-4,38-12,24-16,97.0,92.0,5.0,24-6,8-2,7-3,28-24,10-8,,10-4,6-6,12-4,5-4,,,,,,,10-5,9-7,33-19,19-11,2006-07,9-1,10-8,8-8
00,22006,1610612741,Chicago,Bulls,East,36-16,5, - x,Central,12-4,3,49,33,0.598,,49-33,31-10,18-23,7-3,8-2,7-3,2-2,9-9,28-15,7.0,W 7,3.0,W 3,7.0,6.0,3.0,W 3,-1.0,L 1,-1,L 1,4.0,4.0,0,0,1,1.0,1.0,34-6,13-26,2-1,39-6,8-25,2-2,33-8,8-21,15-19,38-10,38-11,30-16,99.0,94.0,5.0,36-16,11-7,12-4,13-17,3-7,,7-8,7-7,10-4,6-2,,,,,,1-0,4-9,14-3,29-25,20-8,2006-07,13-5,5-5,5-5
00,22006,1610612743,Denver,Nuggets,West,27-25,6, - x,Northwest,9-7,2,45,37,0.549,,45-37,23-18,22-19,9-1,8-2,7-3,2-2,3-7,23-17,4.0,W 4,5.0,W 5,8.0,5.0,4.0,W 4,1.0,W 1,2,W 2,22.0,6.0,0,0,1,1.0,1.0,31-13,10-22,4-2,38-11,6-23,1-3,42-14,28-26,18-19,33-7,29-10,21-13,105.0,104.0,2.0,18-12,5-5,7-3,27-25,11-7,,6-9,6-7,7-8,10-1,,,,,,,8-5,8-7,26-25,19-12,2006-07,6-4,9-7,7-11
00,22006,1610612751,New Jersey,Nets,East,31-21,6, - x,Atlantic,10-6,2,41,41,0.5,,41-41,24-17,17-24,8-2,7-3,6-4,3-4,6-8,17-17,6.0,W 6,2.0,W 2,4.0,6.0,6.0,W 6,2.0,W 2,4,W 4,12.0,6.0,0,0,1,1.0,1.0,25-14,15-27,1-0,34-12,5-27,2-2,31-9,12-19,15-22,33-14,24-14,18-15,98.0,98.0,-1.0,31-21,10-6,10-8,10-20,3-7,,9-6,6-6,6-9,7-2,,,,,,,6-9,7-9,25-29,16-12,2006-07,11-7,4-6,3-7
00,22006,1610612747,Los Angeles,Lakers,West,28-24,7, - w,Pacific,10-6,3,42,40,0.512,,42-40,25-16,17-24,4-6,5-5,4-6,4-6,5-4,18-16,6.0,W 6,2.0,W 2,5.0,7.0,1.0,W 1,1.0,W 1,2,W 2,25.0,19.0,1,1,1,1.0,1.0,31-10,11-27,0-3,32-8,8-30,2-2,35-18,20-28,15-23,34-7,26-9,18-16,103.0,103.0,0.0,14-16,6-4,2-8,28-24,10-6,,8-7,5-7,5-9,4-6,,,,,,1-0,9-5,10-6,30-24,12-16,2006-07,6-4,10-8,8-10
00,22006,1610612764,Washington,Wizards,East,27-25,7, - x,Southeast,8-8,2,41,41,0.5,,41-41,26-15,15-26,2-8,3-7,4-6,3-3,12-7,19-16,10.0,W 10,2.0,W 2,5.0,6.0,-6.0,L 6,2.0,W 2,1,W 1,12.0,3.0,0,0,1,1.0,1.0,29-13,10-24,2-4,36-10,4-31,1-0,34-17,24-29,14-19,29-3,24-13,32-21,104.0,105.0,-1.0,27-25,9-9,10-8,14-16,6-4,,10-5,4-7,7-8,3-8,,,,,,,5-9,12-4,29-21,12-20,2006-07,8-8,5-5,3-7
00,22006,1610612753,Orlando,Magic,East,26-26,8, - se,Southeast,9-7,3,40,42,0.488,,40-42,25-16,15-26,7-3,6-4,5-5,0-3,10-7,20-19,6.0,W 6,2.0,W 2,6.0,5.0,3.0,W 3,2.0,W 2,4,W 4,13.0,4.0,0,1,1,1.0,1.0,28-13,9-26,3-3,31-7,4-35,5-0,13-11,3-24,14-23,36-12,33-18,13-12,95.0,94.0,1.0,26-26,8-10,9-9,14-16,3-7,,6-8,4-9,6-8,6-3,,,,,,,12-4,6-10,27-26,13-16,2006-07,9-7,8-2,3-7
00,22006,1610612744,Golden State,Warriors,West,28-24,8, - x,Pacific,6-10,2,42,40,0.512,,42-40,30-11,12-29,9-1,9-1,6-4,2-1,8-8,26-21,6.0,W 6,2.0,W 2,5.0,6.0,5.0,W 5,2.0,W 2,5,W 5,25.0,19.0,0,0,1,1.0,1.0,31-11,8-28,3-1,33-8,9-30,0-2,37-19,23-37,18-21,35-10,16-8,35-20,107.0,107.0,0.0,14-16,7-3,4-6,28-24,6-10,,5-9,5-8,8-6,8-1,,,,,,,9-7,7-9,25-29,17-11,2006-07,3-7,10-8,12-6
00,22006,1610612754,Indiana,Pacers,East,25-27,9, - o,Central,8-8,4,35,47,0.427,,35-47,22-19,13-28,4-6,4-6,2-8,2-1,5-7,18-24,6.0,W 6,-2.0,L 2,3.0,11.0,-2.0,L 2,-2.0,L 2,-4,L 4,18.0,18.0,0,0,0,1.0,1.0,20-12,14-34,1-1,29-9,4-37,2-1,21-9,6-32,13-24,22-9,26-18,15-19,96.0,98.0,-2.0,25-27,8-10,8-8,10-20,3-7,,7-6,5-6,2-14,4-6,,,,,,,9-7,8-8,28-24,7-23,2006-07,9-9,2-8,5-5
00,22006,1610612746,Los Angeles,Clippers,West,23-29,9, - o,Pacific,8-8,4,40,42,0.488,,40-42,25-16,15-26,5-5,4-6,7-3,1-1,5-6,20-25,6.0,W 6,4.0,W 4,5.0,6.0,-2.0,L 2,2.0,W 2,-1,L 1,27.0,21.0,0,0,0,1.0,1.0,31-11,7-31,2-0,31-4,9-36,0-2,28-8,7-23,14-26,31-10,30-21,20-6,96.0,96.0,0.0,17-13,6-4,5-5,23-29,8-8,,9-6,5-7,8-8,4-5,,,,,,,7-7,7-9,25-28,15-14,2006-07,6-4,8-10,7-11
00,22006,1610612755,Philadelphia,76ers,East,24-28,10, - x,Atlantic,9-7,3,35,47,0.427,,35-47,21-20,14-27,6-4,5-5,6-4,5-2,9-8,12-25,7.0,W 7,4.0,W 4,7.0,12.0,-2.0,L 2,4.0,W 4,1,W 1,18.0,12.0,0,0,1,1.0,1.0,21-12,11-33,3-2,26-6,6-40,3-1,18-7,6-29,11-23,27-10,17-16,19-20,95.0,98.0,-3.0,24-28,9-7,6-12,11-19,3-7,,7-10,5-6,9-6,6-3,,,,,,,5-9,3-13,17-36,18-11,2006-07,9-9,5-5,3-7
00,22006,1610612740,New Orleans/Oklahoma City,Hornets,West,23-29,10, - sw,Southwest,6-10,4,39,43,0.476,,39-43,24-17,15-26,7-3,5-5,6-4,7-0,9-7,14-21,6.0,W 6,2.0,W 2,4.0,6.0,-1.0,L 1,2.0,W 2,2,W 2,28.0,28.0,0,1,1,1.0,1.0,26-8,9-30,4-5,29-9,9-32,1-2,22-10,9-25,12-25,29-8,25-22,19-13,96.0,97.0,-2.0,16-14,5-5,5-5,23-29,8-10,,7-8,9-4,5-10,6-3,,,,,,,8-7,4-11,25-28,14-15,2006-07,6-4,9-9,6-10
00,22006,1610612758,Sacramento,Kings,West,18-34,11, - o,Pacific,5-11,5,33,49,0.402,,33-49,20-21,13-28,3-7,2-8,3-7,0-5,5-6,14-19,5.0,W 5,1.0,W 1,5.0,7.0,-4.0,L 4,1.0,W 1,-2,L 2,34.0,28.0,0,0,0,1.0,1.0,25-14,7-33,1-2,26-12,6-37,1-0,23-25,11-39,15-29,24-10,10-7,20-31,101.0,103.0,-2.0,15-15,6-4,6-4,18-34,5-11,,5-11,7-6,5-9,3-8,,,,,,,8-5,5-10,22-29,11-20,2006-07,3-7,10-8,3-15
00,22006,1610612766,Charlotte,Bobcats,East,24-28,11, - x,Southeast,9-7,4,33,49,0.402,,33-49,20-21,13-28,6-4,6-4,4-6,5-5,2-4,15-23,3.0,W 3,2.0,W 2,4.0,8.0,-1.0,L 1,1.0,W 1,-1,L 1,20.0,11.0,0,0,1,1.0,1.0,23-10,9-37,1-2,27-8,6-40,0-1,21-14,11-33,16-20,23-9,17-10,26-18,97.0,101.0,-4.0,24-28,7-11,8-10,9-21,4-6,,8-7,5-8,6-9,5-4,,,,,,,4-11,5-10,19-33,14-16,2006-07,9-7,3-7,2-8
00,22006,1610612757,Portland,Trail Blazers,West,19-33,12, - o,Northwest,7-9,4,32,50,0.39,,32-50,18-23,14-27,3-7,4-6,3-7,5-5,11-7,9-29,4.0,W 4,-4.0,L 4,5.0,5.0,-1.0,L 1,-4.0,L 4,-2,L 2,35.0,19.0,0,0,0,1.0,1.0,18-10,12-39,2-1,19-5,11-42,2-3,17-7,8-31,16-27,22-5,21-19,14-14,94.0,98.0,-4.0,13-17,5-5,3-7,19-33,6-12,,7-9,4-7,5-10,3-6,,,,,,,6-10,7-8,22-32,10-18,2006-07,5-5,7-9,6-12
00,22006,1610612752,New York,Knicks,East,22-30,12, - o,Atlantic,3-13,4,33,49,0.402,,33-49,19-22,14-27,2-8,2-8,3-7,6-2,10-10,10-23,7.0,W 7,1.0,W 1,3.0,5.0,-4.0,L 4,1.0,W 1,1,W 1,20.0,14.0,0,0,0,1.0,1.0,23-7,10-42,0-0,24-5,7-43,2-1,21-14,9-35,14-20,30-8,26-26,5-12,97.0,100.0,-3.0,22-30,3-13,8-10,11-19,5-5,,7-8,6-5,5-9,2-7,,,,,,,6-11,7-9,23-30,10-19,2006-07,11-7,4-6,2-8
00,22006,1610612750,Minnesota,Timberwolves,West,18-34,13, - o,Northwest,6-10,3,32,50,0.39,,32-50,20-21,12-29,2-8,2-8,3-7,6-4,7-10,9-25,-8.0,L 8,2.0,W 2,4.0,7.0,-8.0,L 8,-2.0,L 2,-7,L 7,35.0,19.0,0,0,0,1.0,1.0,18-15,14-33,0-2,18-13,12-37,2-0,19-13,9-34,17-29,25-16,22-13,16-14,96.0,100.0,-4.0,14-16,6-4,5-5,18-34,7-11,,9-8,4-8,4-11,2-8,,,,,,,6-8,7-7,25-27,7-23,2006-07,3-7,6-10,5-13
00,22006,1610612737,Atlanta,Hawks,East,17-35,13, - x,Southeast,5-11,5,30,52,0.366,,30-52,18-23,12-29,3-7,5-5,0-10,2-6,7-7,11-30,5.0,W 5,-13.0,L 13,4.0,8.0,1.0,W 1,-13.0,L 13,1,W 1,23.0,14.0,0,0,1,1.0,1.0,21-10,9-42,0-0,22-5,8-44,0-3,17-9,6-34,12-28,24-10,21-19,18-20,94.0,98.0,-5.0,17-35,8-10,4-14,13-17,6-4,,8-7,5-9,5-10,3-6,,,,,,,6-7,3-13,21-31,9-21,2006-07,5-11,4-6,3-7
00,22006,1610612760,Seattle,SuperSonics,West,18-34,14, - o,Northwest,8-8,5,31,51,0.378,,31-51,20-21,11-30,1-9,2-8,4-6,2-3,10-10,14-23,5.0,W 5,3.0,W 3,3.0,6.0,-4.0,L 4,-3.0,L 3,-5,L 5,36.0,20.0,0,0,0,1.0,1.0,23-15,8-34,0-2,20-7,7-41,4-3,21-20,12-37,14-35,21-10,15-19,20-17,99.0,102.0,-3.0,13-17,5-5,4-6,18-34,6-12,,4-10,5-6,8-7,1-9,,,,,,,6-10,7-9,20-32,11-19,2006-07,4-6,8-8,4-14
00,22006,1610612749,Milwaukee,Bucks,East,15-37,14, - o,Central,1-15,5,28,54,0.341,,28-54,18-23,10-31,3-7,2-8,2-8,1-4,4-8,10-28,7.0,W 7,1.0,W 1,6.0,7.0,1.0,W 1,-1.0,L 1,-1,L 1,25.0,25.0,0,0,0,1.0,1.0,18-17,9-34,1-3,21-12,7-42,0-0,22-18,12-38,11-28,22-13,14-11,19-23,100.0,104.0,-4.0,15-37,7-11,1-15,13-17,5-5,,2-13,3-9,4-9,3-8,,,,,,,5-9,11-6,19-34,9-20,2006-07,7-11,4-6,4-6
00,22006,1610612738,Boston,Celtics,East,16-36,15, - e,Atlantic,7-9,5,24,58,0.293,,24-58,12-29,12-29,2-8,4-6,2-8,4-1,4-12,7-20,-4.0,L 4,1.0,W 1,5.0,18.0,-4.0,L 4,1.0,W 1,-1,L 1,29.0,23.0,1,0,0,1.0,1.0,13-13,9-44,2-1,18-10,5-45,1-3,15-15,7-33,7-27,20-15,15-20,12-17,96.0,99.0,-3.0,16-36,7-9,4-14,8-22,0-10,,2-14,3-9,7-8,2-8,,,,,,,5-9,5-10,13-38,11-20,2006-07,5-13,5-5,3-7
00,22006,1610612763,Memphis,Grizzlies,West,14-38,15, - o,Southwest,2-14,5,22,60,0.268,,22-60,14-27,8-33,4-6,3-7,4-6,3-5,5-12,8-26,2.0,W 2,1.0,W 1,3.0,7.0,2.0,W 2,1.0,W 1,3,W 3,45.0,45.0,0,0,0,1.0,1.0,14-11,7-45,1-4,12-9,9-49,1-2,16-24,12-43,9-31,16-14,13-19,13-20,102.0,107.0,-5.0,8-22,3-7,1-9,14-38,4-14,,5-10,3-9,4-11,3-5,,,,,,,4-11,3-14,14-40,8-20,2006-07,4-6,8-10,2-14
00,22007,1610612747,Los Angeles,Lakers,West,37-15,1, - w,Pacific,12-4,1,57,25,0.695,,57-25,30-11,27-14,8-2,7-3,6-4,4-0,5-8,37-9,6.0,W 6,7.0,W 7,10.0,3.0,6.0,W 6,1.0,W 1,4,W 4,0.0,0.0,1,1,1,0.0,0.0,44-7,8-16,5-2,47-7,8-17,2-1,54-10,24-20,27-17,49-4,34-8,31-9,109.0,101.0,7.0,20-10,7-3,6-4,37-15,12-4,,9-5,13-2,9-6,7-1,,,,,,0-1,9-6,10-4,35-17,22-8,2007-08,7-3,15-3,10-8
00,22007,1610612738,Boston,Celtics,East,41-11,1, - e,Atlantic,14-2,1,66,16,0.805,,66-16,35-6,31-10,9-1,8-2,8-2,2-1,7-6,45-3,12.0,W 12,10.0,W 10,10.0,3.0,6.0,W 6,2.0,W 2,4,W 4,0.0,0.0,1,1,1,0.0,0.0,49-8,14-7,3-1,57-7,8-9,1-0,38-7,7-9,29-15,55-8,43-6,36-5,101.0,90.0,10.0,41-11,14-2,15-3,25-5,8-2,,10-5,9-4,13-3,8-1,,,,,,,13-2,13-1,41-9,25-7,2007-08,12-6,8-2,9-1
00,22007,1610612740,New Orleans,Hornets,West,34-18,2, - sw,Southwest,10-6,1,56,26,0.683,,56-26,30-11,26-15,6-4,9-1,6-4,4-0,8-4,37-15,11.0,W 11,8.0,W 8,9.0,3.0,1.0,W 1,-3.0,L 3,-1,L 1,1.0,0.0,0,1,1,0.0,0.0,41-7,12-19,3-0,44-4,8-22,4-0,42-3,14-14,25-18,40-4,32-10,42-9,101.0,96.0,5.0,22-8,8-2,7-3,34-18,13-5,,12-2,7-5,11-4,6-4,,,,,,1-0,10-6,9-5,36-15,20-11,2007-08,7-3,11-7,10-6
00,22007,1610612765,Detroit,Pistons,East,37-15,2, - c,Central,11-5,1,59,23,0.72,,59-23,34-7,25-16,8-2,9-1,5-5,2-0,5-3,37-10,7.0,W 7,5.0,W 5,11.0,3.0,3.0,W 3,1.0,W 1,4,W 4,7.0,0.0,0,1,1,0.0,0.0,48-5,8-18,3-0,50-5,8-17,1-1,34-1,11-11,30-13,49-3,42-7,40-12,97.0,90.0,7.0,37-15,11-7,11-5,22-8,7-3,,9-6,9-3,10-5,7-2,,,,,,,9-5,15-2,39-13,20-10,2007-08,15-3,7-3,8-2
00,22007,1610612753,Orlando,Magic,East,38-14,3, - se,Southeast,12-4,1,52,30,0.634,,52-30,25-16,27-14,6-4,6-4,7-3,4-0,6-6,34-12,5.0,W 5,7.0,W 7,5.0,3.0,1.0,W 1,2.0,W 2,3,W 3,14.0,0.0,0,1,1,0.0,0.0,36-13,13-17,3-0,50-7,2-21,0-2,46-12,14-23,20-17,44-6,30-7,22-10,104.0,99.0,5.0,38-14,13-5,13-5,14-16,5-5,,7-7,8-5,10-4,5-3,,,,,,1-0,13-4,8-7,33-21,19-9,2007-08,12-4,6-4,3-7
00,22007,1610612759,San Antonio,Spurs,West,33-19,3, - x,Southwest,10-6,2,56,26,0.683,,56-26,34-7,22-19,7-3,8-2,5-5,1-1,8-6,31-11,13.0,W 13,5.0,W 5,11.0,4.0,2.0,W 2,1.0,W 1,2,W 2,1.0,0.0,0,0,1,0.0,0.0,36-6,13-18,7-2,47-4,9-22,0-0,27-1,5-10,20-22,41-5,37-6,30-8,95.0,91.0,5.0,23-7,6-4,7-3,33-19,10-8,,8-8,10-1,12-6,5-3,,,,,,2-0,12-3,7-5,34-17,22-9,2007-08,10-0,13-5,10-6
00,22007,1610612739,Cleveland,Cavaliers,East,28-24,4, - x,Central,7-9,2,45,37,0.549,,45-37,27-14,18-23,5-5,6-4,3-7,4-1,10-8,10-17,9.0,W 9,1.0,W 1,5.0,6.0,-1.0,L 1,1.0,W 1,-1,L 1,21.0,14.0,0,0,1,0.0,0.0,26-12,16-23,3-2,24-7,17-30,4-0,20-7,12-25,21-19,29-6,38-19,21-9,96.0,97.0,0.0,28-24,10-8,7-9,17-13,7-3,,11-3,8-6,8-7,4-4,,,,,,0-1,9-7,5-9,29-23,16-14,2007-08,11-7,6-4,4-6
00,22007,1610612762,Utah,Jazz,West,33-19,4, - nw,Northwest,10-6,1,54,28,0.659,,54-28,37-4,17-24,7-3,9-1,5-5,1-0,4-3,37-14,19.0,W 19,5.0,W 5,10.0,6.0,8.0,W 8,-2.0,L 2,-1,L 1,3.0,0.0,0,1,1,0.0,0.0,48-10,6-17,0-1,50-8,3-18,1-2,42-13,18-23,27-12,52-9,39-14,40-8,106.0,99.0,7.0,21-9,7-3,7-3,33-19,11-7,,11-2,9-4,12-4,5-2,,,,,,1-0,11-5,5-11,34-19,20-9,2007-08,7-3,10-6,12-6
00,22007,1610612764,Washington,Wizards,East,29-23,5, - x,Southeast,10-6,2,43,39,0.524,,43-39,25-16,18-23,5-5,8-2,5-5,5-4,5-9,26-19,5.0,W 5,4.0,W 4,6.0,8.0,4.0,W 4,-2.0,L 2,-1,L 1,23.0,9.0,0,0,1,0.0,0.0,29-11,13-28,1-0,34-7,9-28,0-4,33-12,8-28,15-26,29-8,27-8,27-18,99.0,99.0,0.0,29-23,10-8,9-9,14-16,4-6,,9-6,4-10,10-6,5-3,,,,,,0-1,7-8,8-5,25-27,18-12,2007-08,10-6,5-5,5-5
00,22007,1610612745,Houston,Rockets,West,33-19,5, - x,Southwest,8-8,3,55,27,0.671,,55-27,31-10,24-17,6-4,9-1,4-6,0-1,9-3,31-11,15.0,W 15,12.0,W 12,22.0,6.0,5.0,W 5,-2.0,L 2,1,W 1,2.0,1.0,0,0,1,0.0,0.0,46-8,7-18,2-1,51-4,2-22,2-1,28-4,6-14,23-20,45-4,41-10,22-8,97.0,92.0,5.0,22-8,5-5,9-1,33-19,11-7,,10-4,13-0,11-4,6-3,,,,,,1-0,8-8,6-8,32-20,23-7,2007-08,8-2,14-4,8-8
00,22007,1610612761,Toronto,Raptors,East,29-23,6, - x,Atlantic,10-6,2,41,41,0.5,,41-41,25-16,16-25,4-6,7-3,1-9,1-4,3-3,26-16,6.0,W 6,-4.0,L 4,4.0,5.0,3.0,W 3,-4.0,L 4,-1,L 1,25.0,25.0,0,0,1,0.0,0.0,32-13,9-27,0-1,35-8,4-31,2-2,27-17,7-30,15-24,36-7,24-13,31-22,100.0,97.0,3.0,29-23,10-6,9-9,12-18,2-8,,8-5,7-5,6-11,3-5,,,,,,1-0,8-7,8-8,28-23,13-18,2007-08,10-8,4-6,6-4
00,22007,1610612756,Phoenix,Suns,West,31-21,6, - x,Pacific,10-6,2,55,27,0.671,,55-27,30-11,25-16,7-3,9-1,6-4,1-2,3-5,31-9,7.0,W 7,4.0,W 4,8.0,2.0,2.0,W 2,-1.0,L 1,2,W 2,2.0,2.0,0,0,1,0.0,0.0,41-5,13-19,1-3,46-5,8-21,1-1,49-15,27-25,27-19,50-10,24-7,25-9,110.0,105.0,5.0,24-6,8-2,8-2,31-21,10-6,,11-5,6-5,11-5,5-3,,,,,,,12-4,10-5,37-16,18-11,2007-08,8-2,12-6,9-9
00,22007,1610612755,Philadelphia,76ers,East,25-27,7, - x,Atlantic,7-9,3,40,42,0.488,,40-42,22-19,18-23,3-7,5-5,6-4,1-2,4-8,18-20,8.0,W 8,5.0,W 5,5.0,7.0,-2.0,L 2,-2.0,L 2,-4,L 4,26.0,26.0,0,0,1,0.0,0.0,29-10,9-30,2-2,27-5,10-36,3-1,25-8,5-25,15-25,31-3,30-22,28-20,97.0,96.0,0.0,25-27,7-9,9-9,15-15,4-6,,4-11,8-5,11-4,3-5,,,,,,0-1,5-9,9-7,23-30,17-12,2007-08,9-9,5-5,6-4
00,22007,1610612742,Dallas,Mavericks,West,33-19,7, - x,Southwest,10-6,4,51,31,0.622,,51-31,34-7,17-24,6-4,7-3,3-7,0-2,5-6,29-11,12.0,W 12,-2.0,L 2,7.0,3.0,5.0,W 5,-2.0,L 2,1,W 1,6.0,5.0,0,0,1,0.0,0.0,41-10,9-19,1-2,45-6,4-25,2-0,32-11,9-18,20-22,41-7,39-17,34-7,100.0,96.0,5.0,18-12,5-5,6-4,33-19,12-6,,11-3,8-6,7-8,5-3,,,,,,1-0,10-5,9-6,35-18,16-13,2007-08,7-3,11-7,10-6
00,22007,1610612737,Atlanta,Hawks,East,24-28,8, - x,Southeast,9-7,3,37,45,0.451,,37-45,25-16,12-29,5-5,6-4,5-5,2-4,6-5,11-24,6.0,W 6,2.0,W 2,5.0,6.0,-3.0,L 3,-1.0,L 1,-3,L 3,29.0,15.0,0,0,1,0.0,0.0,26-14,11-30,0-1,29-6,7-37,1-2,20-11,9-28,15-28,29-11,24-19,17-9,98.0,100.0,-2.0,24-28,9-9,6-12,13-17,5-5,,4-11,6-8,9-8,3-5,,,,,,,6-9,9-4,22-28,15-17,2007-08,9-7,5-5,3-7
00,22007,1610612743,Denver,Nuggets,West,31-21,8, - x,Northwest,10-6,2,50,32,0.61,,50-32,33-8,17-24,6-4,9-1,5-5,3-2,6-6,29-18,9.0,W 9,3.0,W 3,6.0,3.0,2.0,W 2,-1.0,L 1,2,W 2,7.0,4.0,0,0,1,0.0,0.0,36-8,12-22,2-2,39-7,10-23,1-2,47-16,32-28,24-23,39-4,29-7,35-18,111.0,107.0,4.0,19-11,7-3,5-5,31-21,10-8,,9-6,8-5,10-6,5-3,,,,,,1-0,9-7,8-5,32-20,18-12,2007-08,7-3,10-6,11-7
00,22007,1610612754,Indiana,Pacers,East,24-28,9, - o,Central,5-11,3,36,46,0.439,,36-46,21-20,15-26,7-3,8-2,3-7,1-2,4-3,14-22,5.0,W 5,2.0,W 2,4.0,7.0,1.0,W 1,-1.0,L 1,1,W 1,30.0,23.0,0,0,0,0.0,0.0,25-12,9-33,2-1,28-8,7-34,1-4,32-21,20-39,11-32,25-7,18-13,22-23,104.0,105.0,-1.0,24-28,10-8,5-11,12-18,3-7,,4-10,4-9,8-7,5-3,,,,,,1-0,7-9,7-8,21-32,15-14,2007-08,9-9,6-4,3-7
00,22007,1610612744,Golden State,Warriors,West,28-24,9, - o,Pacific,10-6,3,48,34,0.585,,48-34,27-14,21-20,4-6,6-4,3-7,2-2,9-2,22-14,5.0,W 5,4.0,W 4,6.0,6.0,-1.0,L 1,-2.0,L 2,-2,L 2,9.0,9.0,0,0,0,0.0,0.0,31-6,17-26,0-2,33-4,12-29,3-1,47-24,28-34,20-23,35-3,22-5,38-24,111.0,109.0,2.0,20-10,8-2,5-5,28-24,10-6,,9-6,7-3,10-6,3-6,,,,,,0-1,8-6,11-6,32-20,16-14,2007-08,7-3,8-10,10-8
00,22007,1610612757,Portland,Trail Blazers,West,26-26,10, - o,Northwest,11-5,3,41,41,0.5,,41-41,28-13,13-28,3-7,6-4,3-7,5-2,10-2,15-22,12.0,W 12,-5.0,L 5,13.0,5.0,3.0,W 3,-5.0,L 5,-1,L 1,16.0,13.0,0,0,0,0.0,0.0,24-11,16-27,1-3,26-5,14-32,1-4,24-6,12-21,16-28,32-6,20-9,21-16,95.0,96.0,-1.0,15-15,5-5,5-5,26-26,8-10,,8-6,5-9,7-8,3-5,,,,,,0-1,5-10,13-2,28-24,13-17,2007-08,5-5,11-5,7-11
00,22007,1610612751,New Jersey,Nets,East,26-26,10, - o,Atlantic,4-12,4,34,48,0.415,,34-48,21-20,13-28,3-7,6-4,2-8,5-1,7-3,8-31,4.0,W 4,1.0,W 1,5.0,9.0,2.0,W 2,-1.0,L 1,-1,L 1,32.0,32.0,0,0,0,0.0,0.0,20-8,13-36,1-4,25-7,8-40,1-1,22-10,12-34,10-30,26-8,21-16,16-10,96.0,101.0,-5.0,26-26,4-12,11-7,8-22,2-8,,5-10,7-6,5-11,3-5,,,,,,1-0,6-8,7-8,23-30,11-18,2007-08,11-7,5-5,1-9
00,22007,1610612741,Chicago,Bulls,East,24-28,11, - o,Central,11-5,4,33,49,0.402,,33-49,20-21,13-28,5-5,5-5,2-8,0-4,4-3,19-29,3.0,W 3,1.0,W 1,2.0,4.0,1.0,W 1,1.0,W 1,2,W 2,33.0,26.0,0,0,0,0.0,0.0,25-11,8-37,0-1,27-6,4-41,2-2,23-13,6-34,12-32,28-9,27-16,21-25,97.0,100.0,-3.0,24-28,5-13,11-5,9-21,3-7,,7-9,5-8,6-9,4-5,,,,,,0-1,3-9,8-8,21-31,12-18,2007-08,8-10,5-5,1-9
00,22007,1610612758,Sacramento,Kings,West,21-31,11, - o,Pacific,3-13,4,38,44,0.463,,38-44,26-15,12-29,6-4,7-3,3-7,3-1,10-8,17-23,5.0,W 5,2.0,W 2,4.0,4.0,-1.0,L 1,-2.0,L 2,-2,L 2,19.0,19.0,0,0,0,0.0,0.0,25-11,11-30,2-3,29-8,7-34,2-2,34-18,20-33,18-27,27-15,19-9,22-11,103.0,105.0,-2.0,17-13,6-4,6-4,21-31,3-13,,9-6,6-8,7-8,5-4,,,,,,0-1,5-9,6-8,23-28,15-16,2007-08,5-5,10-8,8-10
00,22007,1610612746,Los Angeles,Clippers,West,13-39,12, - o,Pacific,5-11,5,23,59,0.28,,23-59,13-28,10-31,2-8,2-8,1-9,2-2,2-5,10-35,-4.0,L 4,-4.0,L 4,4.0,10.0,-4.0,L 4,-4.0,L 4,-7,L 7,34.0,34.0,0,0,0,0.0,0.0,11-10,9-44,3-5,18-4,5-54,0-1,13-13,5-39,7-39,19-11,14-10,12-17,94.0,101.0,-7.0,10-20,5-5,3-7,13-39,5-11,,4-9,5-9,3-15,1-7,,,,,,,6-8,4-11,17-33,6-26,2007-08,2-8,5-13,3-15
00,22007,1610612766,Charlotte,Bobcats,East,19-33,12, - o,Southeast,7-9,4,32,50,0.39,,32-50,21-20,11-30,5-5,6-4,5-5,2-5,8-6,12-24,4.0,W 4,4.0,W 4,5.0,7.0,2.0,W 2,-1.0,L 1,1,W 1,34.0,20.0,0,0,0,0.0,0.0,21-17,9-33,2-0,23-7,8-43,1-0,21-14,9-37,12-27,23-11,17-10,16-21,97.0,101.0,-4.0,19-33,6-12,6-12,13-17,4-6,,7-10,1-11,9-7,4-4,,,,,,,6-8,5-10,19-34,13-16,2007-08,7-9,8-2,1-9
00,22007,1610612750,Minnesota,Timberwolves,West,14-38,13, - o,Northwest,3-13,4,22,60,0.268,,22-60,15-26,7-34,3-7,5-5,2-8,1-1,4-8,8-35,4.0,W 4,2.0,W 2,2.0,8.0,1.0,W 1,-1.0,L 1,1,W 1,35.0,32.0,0,0,0,0.0,0.0,10-14,12-42,0-4,16-13,5-44,1-3,17-11,11-38,8-39,13-18,17-18,13-15,96.0,102.0,-7.0,8-22,3-7,3-7,14-38,8-10,,5-10,3-9,7-8,3-7,,,,,,,2-12,2-14,10-41,12-19,2007-08,2-8,3-13,3-15
00,22007,1610612749,Milwaukee,Bucks,East,18-34,13, - o,Central,6-10,5,26,56,0.317,,26-56,19-22,7-34,2-8,2-8,1-9,2-4,6-9,5-29,6.0,W 6,-4.0,L 4,5.0,8.0,-4.0,L 4,-4.0,L 4,-8,L 8,40.0,33.0,0,0,0,0.0,0.0,12-15,12-40,2-1,16-11,7-42,3-3,18-17,8-44,11-26,18-7,19-25,12-19,97.0,104.0,-7.0,18-34,3-15,6-10,8-22,2-8,,7-10,4-7,2-12,2-8,,,,,,0-1,7-6,4-12,19-34,7-22,2007-08,9-9,3-7,3-7
00,22007,1610612752,New York,Knicks,East,20-32,14, - o,Atlantic,5-11,5,23,59,0.28,,23-59,15-26,8-33,3-7,3-7,2-8,2-5,4-5,6-33,3.0,W 3,1.0,W 1,3.0,8.0,-2.0,L 2,-1.0,L 1,-3,L 3,43.0,43.0,0,0,0,0.0,0.0,15-15,8-41,0-3,16-9,7-49,0-1,13-19,6-47,10-33,19-10,14-25,7-20,97.0,104.0,-7.0,20-32,5-11,7-11,3-27,0-10,,6-10,4-9,2-13,3-6,,,,,,,5-10,3-11,15-37,8-22,2007-08,8-10,3-7,0-10
00,22007,1610612763,Memphis,Grizzlies,West,11-41,14, - o,Southwest,2-14,5,22,60,0.268,,22-60,14-27,8-33,3-7,4-6,4-6,1-4,2-11,10-37,-3.0,L 3,2.0,W 2,2.0,9.0,-3.0,L 3,-2.0,L 2,-3,L 3,35.0,34.0,0,0,0,0.0,0.0,11-9,9-50,2-1,19-8,1-51,2-1,18-22,11-52,5-40,20-11,13-14,8-15,101.0,107.0,-6.0,11-19,4-6,2-8,11-41,4-14,,5-11,1-11,5-11,3-5,,,,,,0-1,5-9,3-12,14-38,8-22,2007-08,5-5,5-13,2-14
00,22007,1610612760,Seattle,SuperSonics,West,12-40,15, - o,Northwest,6-10,5,20,62,0.244,,20-62,13-28,7-34,3-7,3-7,1-9,3-1,5-7,5-37,2.0,W 2,1.0,W 1,3.0,14.0,2.0,W 2,1.0,W 1,2,W 2,37.0,34.0,0,0,0,0.0,0.0,11-16,9-43,0-3,18-8,2-54,0-0,12-19,7-47,9-41,18-20,16-28,7-14,98.0,106.0,-9.0,8-22,3-7,3-7,12-40,3-15,,2-13,4-8,2-14,3-5,,,,,,0-1,3-13,6-8,13-38,7-24,2007-08,2-8,6-10,3-15
00,22007,1610612748,Miami,Heat,East,8-44,15, - o,Southeast,2-14,5,15,67,0.183,,15-67,9-32,6-35,2-8,3-7,1-9,0-6,3-11,4-34,1.0,W 1,-9.0,L 9,2.0,15.0,1.0,W 1,-9.0,L 9,1,W 1,51.0,37.0,0,0,0,0.0,0.0,6-21,8-45,1-1,11-12,3-54,1-1,8-11,3-36,4-40,12-19,5-11,12-20,91.0,100.0,-9.0,8-44,2-16,4-14,7-23,3-7,,1-13,2-10,2-15,2-6,,,,,,,4-11,4-12,9-43,6-24,2007-08,2-14,3-7,1-9
00,22008,1610612739,Cleveland,Cavaliers,East,40-12,1, - e,Central,13-3,1,66,16,0.805,0.0,66-16,39-2,27-14,7-3,9-1,7-3,2-2,3-3,41-7,23.0,W 23,4.0,W 4,13.0,2.0,-1.0,L 1,2.0,W 2,-1,L 1,0.0,0.0,1,1,1,0.0,0.0,52-8,11-8,3-0,55-3,11-12,0-1,38-2,10-9,32-11,58-2,47-5,39-5,100.0,91.0,9.0,40-12,15-3,13-3,26-4,8-2,,10-4,9-3,16-1,5-3,,,,,,1-1,13-2,12-2,40-11,26-5,2008-09,12-6,10-0,8-2
00,22008,1610612747,Los Angeles,Lakers,West,44-8,1, - w,Pacific,14-2,1,65,17,0.793,0.0,65-17,36-5,29-12,7-3,9-1,7-3,2-1,7-5,35-7,15.0,W 15,7.0,W 7,7.0,2.0,6.0,W 6,-1.0,L 1,2,W 2,0.0,0.0,1,1,1,0.0,0.0,44-6,17-9,4-2,52-4,12-13,1-0,54-9,28-12,30-13,48-4,43-9,44-8,107.0,99.0,8.0,21-9,9-1,8-2,44-8,14-2,,12-4,11-2,10-5,7-1,,,,,,2-0,12-1,11-4,42-10,23-7,2008-09,4-6,14-4,16-2
00,22008,1610612743,Denver,Nuggets,West,35-17,2, - nw,Northwest,12-4,1,54,28,0.659,0.0,54-28,33-8,21-20,8-2,10-0,4-6,2-0,8-5,32-14,10.0,W 10,-6.0,L 6,8.0,3.0,10.0,W 10,-2.0,L 2,-1,L 1,11.0,0.0,0,1,1,0.0,0.0,42-10,12-15,0-3,45-3,8-22,1-3,44-8,25-23,22-22,44-5,30-7,29-8,104.0,101.0,3.0,19-11,8-2,3-7,35-17,11-7,,10-4,8-4,10-6,5-2,,,,,,1-1,11-5,9-6,36-17,18-11,2008-09,8-2,12-4,12-6
00,22008,1610612738,Boston,Celtics,East,41-11,2, - a,Atlantic,15-1,1,62,20,0.756,0.0,62-20,35-6,27-14,8-2,9-1,5-5,5-2,7-3,35-6,13.0,W 13,10.0,W 10,19.0,4.0,9.0,W 9,1.0,W 1,2,W 2,4.0,0.0,0,1,1,0.0,0.0,44-8,15-11,3-1,49-8,12-10,1-2,42-3,18-8,32-13,54-7,49-14,26-5,101.0,93.0,8.0,41-11,15-1,12-6,21-9,6-4,,11-4,8-4,9-6,6-1,,,,,,2-0,14-2,12-3,44-11,18-9,2008-09,14-4,7-3,8-2
00,22008,1610612759,San Antonio,Spurs,West,36-16,3, - sw,Southwest,10-6,1,54,28,0.659,0.0,54-28,28-13,26-15,6-4,5-5,6-4,5-1,12-7,26-12,7.0,W 7,3.0,W 3,6.0,3.0,2.0,W 2,3.0,W 3,4,W 4,11.0,0.0,0,1,1,0.0,0.0,37-8,11-20,6-0,43-5,7-22,4-1,30-2,11-12,21-22,41-9,34-9,29-11,97.0,93.0,4.0,18-12,6-4,5-5,36-16,15-3,,12-3,7-4,9-8,6-2,,,,,,0-2,9-5,11-4,35-16,19-12,2008-09,7-3,11-7,10-6
00,22008,1610612753,Orlando,Magic,East,37-15,3, - se,Southeast,14-2,1,59,23,0.72,0.0,59-23,32-9,27-14,5-5,8-2,5-5,2-0,9-2,32-10,11.0,W 11,6.0,W 6,7.0,3.0,1.0,W 1,-3.0,L 3,1,W 1,7.0,0.0,0,1,1,0.0,0.0,42-6,15-17,2-0,48-4,11-19,0-0,42-4,16-12,26-14,49-4,35-7,25-7,101.0,94.0,7.0,37-15,12-6,11-7,22-8,9-1,,10-3,8-6,12-2,4-5,,,,,,0-2,13-2,12-3,38-13,21-10,2008-09,14-2,8-2,5-5
00,22008,1610612737,Atlanta,Hawks,East,30-22,4, - x,Southeast,11-5,2,47,35,0.573,0.0,47-35,31-10,16-25,5-5,7-3,3-7,0-1,5-7,18-13,8.0,W 8,-5.0,L 5,7.0,4.0,2.0,W 2,-1.0,L 1,-1,L 1,19.0,12.0,0,0,1,0.0,0.0,33-8,13-26,1-1,37-6,7-28,3-1,23-10,9-22,19-22,39-5,24-7,25-19,98.0,97.0,2.0,30-22,6-12,13-5,17-13,5-5,,6-10,6-5,10-7,4-3,,,,,,1-0,9-6,11-4,31-21,16-14,2008-09,11-5,7-3,5-5
00,22008,1610612757,Portland,Trail Blazers,West,32-20,4, - x,Northwest,11-5,2,54,28,0.659,0.0,54-28,34-7,20-21,9-1,8-2,7-3,1-4,9-1,31-11,12.0,W 12,-5.0,L 5,6.0,3.0,6.0,W 6,3.0,W 3,6,W 6,11.0,0.0,0,0,1,0.0,0.0,38-4,16-24,0-0,41-3,11-23,2-2,36-4,8-17,21-21,37-6,49-8,28-10,99.0,94.0,5.0,22-8,7-3,8-2,32-20,11-7,,9-5,7-5,11-5,7-1,,,,,,1-1,11-5,8-6,32-20,22-8,2008-09,7-3,11-5,10-8
00,22008,1610612748,Miami,Heat,East,28-24,5, - x,Southeast,9-7,3,43,39,0.524,0.0,43-39,28-13,15-26,5-5,8-2,3-7,6-2,7-6,16-17,6.0,W 6,-4.0,L 4,4.0,3.0,2.0,W 2,-2.0,L 2,1,W 1,23.0,16.0,0,0,1,0.0,0.0,27-8,11-28,5-3,32-9,9-29,2-1,27-6,11-20,16-27,33-8,22-7,27-26,98.0,98.0,0.0,28-24,9-9,10-8,15-15,8-2,,8-8,6-6,8-8,4-4,,,,,,1-1,7-8,9-4,28-24,15-15,2008-09,9-7,5-5,2-8
00,22008,1610612745,Houston,Rockets,West,35-17,5, - x,Southwest,9-7,2,53,29,0.646,0.0,53-29,33-8,20-21,6-4,8-2,6-4,2-1,5-8,29-11,12.0,W 12,-5.0,L 5,6.0,3.0,6.0,W 6,-1.0,L 1,-1,L 1,12.0,1.0,0,0,1,0.0,0.0,43-8,8-18,2-3,48-8,5-20,0-1,30-6,11-16,27-15,40-6,38-10,14-9,98.0,94.0,4.0,18-12,5-5,5-5,35-17,12-6,,8-7,8-3,11-4,5-3,,,,,,2-0,9-7,10-5,32-21,21-8,2008-09,8-2,14-4,9-7
00,22008,1610612742,Dallas,Mavericks,West,29-23,6, - x,Southwest,7-9,3,50,32,0.61,0.0,50-32,32-9,18-23,7-3,9-1,4-6,3-1,10-4,28-14,9.0,W 9,-5.0,L 5,5.0,5.0,6.0,W 6,-2.0,L 2,2,W 2,15.0,4.0,0,0,1,0.0,0.0,30-9,19-21,1-2,38-6,11-24,1-2,34-11,15-23,22-22,42-5,34-13,24-16,102.0,100.0,2.0,21-9,7-3,6-4,29-23,11-7,,8-7,8-4,9-7,6-2,,,,,,0-1,8-7,11-4,31-21,19-11,2008-09,8-2,11-7,7-9
00,22008,1610612755,Philadelphia,76ers,East,25-27,6, - x,Atlantic,6-10,2,41,41,0.5,0.0,41-41,24-17,17-24,4-6,7-3,3-7,3-0,6-9,15-19,-5.0,L 5,-5.0,L 5,7.0,6.0,-2.0,L 2,1.0,W 1,1,W 1,25.0,21.0,0,0,1,0.0,0.0,23-13,16-23,2-5,28-13,12-28,1-0,26-7,10-24,17-24,32-9,27-19,26-20,97.0,97.0,0.0,25-27,6-10,10-8,16-14,7-3,,10-5,6-6,9-6,3-6,,,,,,1-1,6-9,6-8,27-24,14-17,2008-09,9-9,4-6,5-5
00,22008,1610612741,Chicago,Bulls,East,24-28,7, - x,Central,9-7,2,41,41,0.5,0.0,41-41,28-13,13-28,7-3,8-2,3-7,2-7,4-8,18-19,7.0,W 7,-7.0,L 7,5.0,5.0,-1.0,L 1,1.0,W 1,-1,L 1,25.0,25.0,0,0,1,0.0,0.0,21-9,17-29,3-3,27-6,13-33,1-2,33-15,16-32,21-22,30-13,20-14,25-10,102.0,102.0,0.0,24-28,9-9,9-7,17-13,8-2,,7-9,6-6,9-7,5-1,,,,,,1-1,7-8,6-9,23-30,18-11,2008-09,6-12,4-6,5-5
00,22008,1610612740,New Orleans,Hornets,West,30-22,7, - x,Southwest,9-7,4,49,33,0.598,0.0,49-33,28-13,21-20,4-6,6-4,4-6,1-2,8-1,23-17,6.0,W 6,3.0,W 3,7.0,4.0,1.0,W 1,-3.0,L 3,-2,L 2,16.0,5.0,0,0,1,0.0,0.0,35-9,10-24,4-0,39-3,7-28,3-2,28-5,7-18,21-23,34-5,30-10,24-13,96.0,94.0,2.0,19-11,6-4,7-3,30-22,11-7,,9-7,7-6,11-5,3-6,,,,,,2-0,7-6,10-3,30-20,19-13,2008-09,6-4,10-8,9-7
00,22008,1610612765,Detroit,Pistons,East,26-26,8, - x,Central,7-9,3,39,43,0.476,0.0,39-43,21-20,18-23,4-6,5-5,2-8,2-5,5-6,12-16,5.0,W 5,-4.0,L 4,7.0,8.0,-1.0,L 1,-2.0,L 2,-3,L 3,27.0,27.0,0,0,1,0.0,0.0,25-14,13-27,1-2,29-12,9-30,1-1,20-8,4-19,17-29,31-13,22-17,21-20,94.0,95.0,0.0,26-26,9-9,7-9,13-17,7-3,,6-9,3-9,8-9,3-5,,,,,,1-0,9-6,9-5,27-24,12-19,2008-09,10-8,4-6,2-8
00,22008,1610612762,Utah,Jazz,West,33-19,8, - x,Northwest,10-6,3,48,34,0.585,0.0,48-34,33-8,15-26,3-7,8-2,2-8,2-2,1-3,26-15,15.0,W 15,-5.0,L 5,12.0,4.0,1.0,W 1,-3.0,L 3,-1,L 1,17.0,6.0,0,0,1,0.0,0.0,34-8,11-24,3-2,40-5,8-27,0-2,37-15,12-31,20-25,39-8,24-15,32-13,104.0,101.0,3.0,15-15,7-3,5-5,33-19,12-6,,7-8,10-1,10-5,2-6,,,,,,1-0,10-7,8-7,30-23,18-11,2008-09,3-7,10-6,11-7
00,22008,1610612756,Phoenix,Suns,West,30-22,9, - o,Pacific,11-5,2,46,36,0.561,0.0,46-36,28-13,18-23,6-4,9-1,3-7,1-2,5-3,23-21,9.0,W 9,-5.0,L 5,6.0,6.0,9.0,W 9,1.0,W 1,3,W 3,19.0,19.0,0,0,0,0.0,0.0,31-7,10-27,5-2,39-5,4-30,3-1,44-19,29-33,21-26,42-16,29-12,19-8,109.0,108.0,2.0,16-14,5-5,5-5,30-22,11-5,,7-8,8-5,7-9,6-2,,,,,,1-1,10-6,7-5,28-23,18-13,2008-09,6-4,12-6,7-11
00,22008,1610612754,Indiana,Pacers,East,23-29,9, - o,Central,7-9,4,36,46,0.439,0.0,36-46,25-16,11-30,6-4,6-4,4-6,1-4,9-12,9-15,7.0,W 7,-10.0,L 10,3.0,6.0,1.0,W 1,-1.0,L 1,1,W 1,30.0,30.0,0,0,0,0.0,0.0,28-20,8-25,0-1,24-10,9-35,3-1,27-30,18-40,15-28,24-14,20-21,21-14,105.0,106.0,-1.0,23-29,8-10,7-9,13-17,6-4,,9-8,6-7,7-7,4-3,,,,,,0-1,6-9,4-11,21-33,15-13,2008-09,8-10,4-6,3-7
00,22008,1610612766,Charlotte,Bobcats,East,20-32,10, - o,Southeast,5-11,4,35,47,0.427,0.0,35-47,23-18,12-29,3-7,7-3,2-8,5-3,5-5,14-18,3.0,W 3,-7.0,L 7,6.0,7.0,1.0,W 1,-6.0,L 6,-4,L 4,31.0,24.0,0,0,0,0.0,0.0,28-13,5-29,2-5,29-10,4-34,2-3,22-7,6-21,15-28,27-15,21-22,16-19,94.0,95.0,-1.0,20-32,9-9,6-12,15-15,8-2,,8-7,6-7,9-5,1-7,,,,,,0-1,5-10,6-10,21-31,14-16,2008-09,5-11,4-6,3-7
00,22008,1610612744,Golden State,Warriors,West,18-34,10, - o,Pacific,6-10,3,29,53,0.354,0.0,29-53,21-20,8-33,4-6,5-5,2-8,2-4,3-6,13-25,4.0,W 4,-8.0,L 8,3.0,9.0,-3.0,L 3,-1.0,L 1,-2,L 2,36.0,36.0,0,0,0,0.0,0.0,21-12,5-40,3-1,25-9,3-44,1-0,27-37,20-49,13-34,22-16,13-6,16-24,109.0,112.0,-4.0,11-19,6-4,2-8,18-34,6-10,,5-9,5-5,5-11,4-4,,,,,,0-2,5-10,5-12,19-35,10-18,2008-09,3-7,9-9,3-15
00,22008,1610612750,Minnesota,Timberwolves,West,13-39,11, - o,Northwest,3-13,4,24,58,0.293,0.0,24-58,11-30,13-28,4-6,3-7,3-7,2-2,6-8,7-27,-11.0,L 11,-9.0,L 9,5.0,13.0,-4.0,L 4,-1.0,L 1,-3,L 3,41.0,30.0,0,0,0,0.0,0.0,14-18,10-38,0-2,16-12,8-45,0-1,19-17,11-37,9-43,17-11,18-18,9-17,98.0,103.0,-5.0,11-19,3-7,6-4,13-39,6-12,,10-4,2-11,3-14,3-4,,,,,,1-0,3-11,2-14,17-34,7-24,2008-09,2-8,3-13,4-14
00,22008,1610612751,New Jersey,Nets,East,23-29,11, - o,Atlantic,8-8,3,34,48,0.415,0.0,34-48,19-22,15-26,4-6,6-4,1-9,5-1,6-8,18-24,4.0,W 4,-6.0,L 6,4.0,5.0,4.0,W 4,-6.0,L 6,-1,L 1,32.0,28.0,0,0,0,0.0,0.0,19-12,12-35,3-1,23-9,11-39,0-0,21-11,8-38,13-31,25-12,22-11,19-19,98.0,101.0,-2.0,23-29,8-8,6-12,11-19,4-6,,6-10,5-5,4-12,4-4,,,,,,1-0,8-7,6-10,24-29,10-19,2008-09,9-9,4-6,3-7
00,22008,1610612749,Milwaukee,Bucks,East,21-31,12, - o,Central,4-12,5,34,48,0.415,0.0,34-48,22-19,12-29,3-7,3-7,1-9,2-2,5-3,16-21,5.0,W 5,-7.0,L 7,3.0,5.0,2.0,W 2,-2.0,L 2,-1,L 1,32.0,32.0,0,0,0,0.0,0.0,23-13,10-33,1-2,29-8,3-40,2-0,22-14,10-35,13-30,23-5,23-17,24-30,99.0,100.0,-1.0,21-31,8-10,4-12,13-17,4-6,,9-9,5-6,3-10,2-5,,,,,,1-1,6-11,8-6,26-29,8-19,2008-09,9-9,4-6,5-5
00,22008,1610612763,Memphis,Grizzlies,West,14-38,12, - o,Southwest,5-11,5,24,58,0.293,0.0,24-58,16-25,8-33,6-4,4-6,4-6,0-4,2-4,11-38,-7.0,L 7,-8.0,L 8,4.0,12.0,2.0,W 2,-3.0,L 3,1,W 1,41.0,30.0,0,0,0,0.0,0.0,16-14,6-42,2-2,19-9,5-46,0-3,17-11,7-37,11-41,20-10,14-18,12-25,94.0,99.0,-5.0,10-20,1-9,4-6,14-38,8-10,,1-13,4-8,4-11,5-4,,,,,,1-1,3-12,6-9,15-37,9-21,2008-09,5-5,1-17,5-11
00,22008,1610612760,Oklahoma City,Thunder,West,15-37,13, - o,Northwest,4-12,5,23,59,0.28,0.0,23-59,15-26,8-33,3-7,4-6,3-7,2-3,7-9,6-34,-11.0,L 11,-9.0,L 9,3.0,14.0,1.0,W 1,1.0,W 1,1,W 1,42.0,31.0,0,0,0,0.0,0.0,17-14,5-43,1-2,19-7,4-49,0-3,10-14,5-48,7-42,14-14,18-26,8-11,97.0,103.0,-6.0,8-22,4-6,2-8,15-37,5-13,,7-7,3-9,7-8,2-6,,,,,,0-1,2-15,2-13,13-40,10-19,2008-09,2-8,4-12,6-12
00,22008,1610612761,Toronto,Raptors,East,22-30,13, - o,Atlantic,6-10,4,33,49,0.402,0.0,33-49,18-23,15-26,6-4,6-4,4-6,2-3,3-4,15-24,4.0,W 4,-6.0,L 6,6.0,7.0,1.0,W 1,2.0,W 2,3,W 3,33.0,29.0,0,0,0,0.0,0.0,22-14,8-33,3-2,28-9,5-40,0-0,22-15,10-36,13-34,30-6,22-10,15-22,99.0,102.0,-3.0,22-30,6-10,7-11,11-19,5-5,,7-9,4-8,5-8,5-4,,,,,,2-0,6-8,4-12,21-34,12-15,2008-09,9-9,3-7,3-7
00,22008,1610612746,Los Angeles,Clippers,West,10-42,14, - o,Pacific,2-14,4,19,63,0.232,0.0,19-63,11-30,8-33,1-9,3-7,1-9,4-2,4-8,10-41,-6.0,L 6,-11.0,L 11,3.0,12.0,-2.0,L 2,-5.0,L 5,-3,L 3,46.0,46.0,0,0,0,0.0,0.0,9-12,10-49,0-2,14-8,4-55,1-0,15-11,9-42,7-40,15-10,11-17,11-22,95.0,104.0,-9.0,9-21,4-6,2-8,10-42,2-14,,2-14,5-8,3-11,1-7,,,,,,0-2,3-11,5-10,13-40,6-23,2008-09,3-7,5-13,3-15
00,22008,1610612752,New York,Knicks,East,20-32,14, - o,Atlantic,5-11,5,32,50,0.39,0.0,32-50,20-21,12-29,3-7,3-7,3-7,2-3,1-4,12-20,5.0,W 5,-6.0,L 6,3.0,6.0,1.0,W 1,-1.0,L 1,1,W 1,34.0,30.0,0,0,0,0.0,0.0,19-15,11-34,2-1,29-9,2-40,1-1,31-30,17-42,14-30,21-3,14-9,19-20,105.0,108.0,-3.0,20-32,5-11,6-12,12-18,3-7,,9-7,3-10,5-11,3-4,,,,,,1-1,7-7,4-10,21-31,11-19,2008-09,9-9,3-7,6-4
00,22008,1610612764,Washington,Wizards,East,10-42,15, - o,Southeast,1-15,5,19,63,0.232,0.0,19-63,13-28,6-35,3-7,3-7,2-8,0-1,7-5,7-35,-4.0,L 4,-7.0,L 7,2.0,8.0,-2.0,L 2,-1.0,L 1,-2,L 2,47.0,40.0,0,0,0,0.0,0.0,15-12,4-46,0-5,14-8,3-54,2-1,14-17,6-41,7-40,13-10,15-18,11-22,96.0,104.0,-7.0,10-42,4-14,5-13,9-21,4-6,,4-13,4-8,3-13,2-5,,,,,,0-1,2-11,4-12,11-42,8-21,2008-09,1-15,4-6,1-9
00,22008,1610612758,Sacramento,Kings,West,16-36,15, - o,Pacific,7-9,5,17,65,0.207,0.0,17-65,11-30,6-35,1-9,1-9,2-8,2-5,2-14,6-33,-8.0,L 8,-12.0,L 12,3.0,9.0,-5.0,L 5,1.0,W 1,1,W 1,48.0,48.0,0,0,0,0.0,0.0,15-9,2-49,0-7,15-9,2-55,0-1,14-27,8-52,6-40,15-14,9-14,4-24,101.0,109.0,-9.0,1-29,1-9,0-10,16-36,7-9,,2-14,3-10,3-9,1-8,,,,,,0-2,5-12,3-10,11-43,6-22,2008-09,0-10,5-13,4-14
00,22009,1610612739,Cleveland,Cavaliers,East,38-14,1, - e,Central,12-4,1,61,21,0.744,0.0,61-21,35-6,26-15,4-6,8-2,5-5,2-2,7-8,32-5,11.0,W 11,5.0,W 5,13.0,4.0,-2.0,L 2,-4.0,L 4,-4,L 4,0.0,0.0,1,1,1,0.0,0.0,47-8,13-12,1-1,49-8,11-13,1-0,45-5,14-11,31-15,55-8,46-13,25-4,102.0,96.0,7.0,38-14,15-3,12-4,23-7,10-0,,12-3,8-3,13-2,2-5,,,,,,2-2,10-3,14-3,43-11,18-10,2009-10,11-7,7-3,6-4
00,22009,1610612747,Los Angeles,Lakers,West,35-17,1, - w,Pacific,13-3,1,57,25,0.695,0.0,57-25,34-7,23-18,4-6,8-2,5-5,4-1,11-7,27-13,11.0,W 11,5.0,W 5,11.0,3.0,1.0,W 1,-1.0,L 1,-1,L 1,0.0,0.0,1,1,1,0.0,0.0,41-7,15-18,1-0,45-4,10-21,2-0,40-5,15-16,29-19,46-2,35-10,33-8,102.0,97.0,5.0,22-8,8-2,8-2,35-17,13-3,,12-5,8-4,9-6,3-4,,,,,,1-1,12-2,12-3,41-13,16-12,2009-10,6-4,11-7,11-7
00,22009,1610612742,Dallas,Mavericks,West,33-19,2, - sw,Southwest,10-6,1,55,27,0.671,0.0,55-27,28-13,27-14,8-2,6-4,8-2,5-3,9-2,21-14,8.0,W 8,5.0,W 5,13.0,3.0,2.0,W 2,5.0,W 5,5,W 5,2.0,0.0,0,1,1,0.0,0.0,34-4,18-23,3-0,44-3,10-24,1-0,35-7,21-19,28-20,42-3,24-8,37-11,102.0,99.0,3.0,22-8,6-4,9-1,33-19,14-4,,8-7,9-4,11-4,5-2,,,,,,2-1,11-4,9-5,32-20,23-7,2009-10,7-3,9-9,10-6
00,22009,1610612753,Orlando,Magic,East,39-13,2, - se,Southeast,10-6,1,59,23,0.72,0.0,59-23,34-7,25-16,9-1,9-1,8-2,2-0,3-4,39-6,7.0,W 7,8.0,W 8,8.0,4.0,7.0,W 7,2.0,W 2,6,W 6,2.0,0.0,0,1,1,0.0,0.0,45-10,11-13,3-0,49-6,7-16,3-1,42-5,12-13,27-16,51-5,47-5,24-7,103.0,95.0,7.0,39-13,16-2,13-5,20-10,8-2,,9-8,8-4,12-2,7-1,,,,,,2-0,12-4,9-4,36-18,23-5,2009-10,10-6,6-4,6-4
00,22009,1610612737,Atlanta,Hawks,East,32-20,3, - x,Southeast,8-8,2,53,29,0.646,0.0,53-29,34-7,19-22,7-3,10-0,4-6,4-3,4-6,31-9,12.0,W 12,-6.0,L 6,7.0,4.0,12.0,W 12,2.0,W 2,4,W 4,8.0,6.0,0,0,1,0.0,0.0,41-9,11-17,1-3,44-10,7-19,2-0,39-9,13-17,26-18,39-6,39-7,36-16,102.0,97.0,5.0,32-20,13-5,11-7,21-9,7-3,,9-6,7-5,11-5,5-3,,,,,,2-0,10-5,9-5,33-18,20-11,2009-10,8-8,7-3,7-3
00,22009,1610612756,Phoenix,Suns,West,35-17,3, - x,Pacific,12-4,2,54,28,0.659,0.0,54-28,32-9,22-19,8-2,9-1,7-3,1-1,5-4,31-10,10.0,W 10,-7.0,L 7,10.0,4.0,8.0,W 8,1.0,W 1,3,W 3,3.0,3.0,0,0,1,0.0,0.0,39-10,13-18,2-0,43-5,11-20,0-3,52-18,35-27,26-19,47-10,34-6,19-6,110.0,105.0,5.0,19-11,9-1,5-5,35-17,12-4,,7-9,9-3,12-2,5-2,,,,,,2-0,12-3,7-9,31-22,23-6,2009-10,5-5,11-7,12-6
00,22009,1610612743,Denver,Nuggets,West,34-18,4, - nw,Northwest,12-4,1,53,29,0.646,0.0,53-29,34-7,19-22,6-4,8-2,4-6,4-0,9-4,29-13,9.0,W 9,-6.0,L 6,8.0,3.0,1.0,W 1,-1.0,L 1,-1,L 1,4.0,0.0,0,1,1,0.0,0.0,31-10,20-19,2-0,39-5,12-22,2-2,42-10,23-26,33-18,37-3,29-9,29-13,106.0,102.0,4.0,19-11,7-3,7-3,34-18,11-7,,12-3,7-5,9-7,5-2,,,,,,2-0,10-5,8-7,35-18,18-11,2009-10,5-5,12-4,11-7
00,22009,1610612738,Boston,Celtics,East,33-19,4, - a,Atlantic,13-3,1,50,32,0.61,0.0,50-32,24-17,26-15,3-7,5-5,5-5,3-1,8-6,23-10,5.0,W 5,9.0,W 9,11.0,3.0,-2.0,L 2,-1.0,L 1,-2,L 2,11.0,0.0,0,1,1,0.0,0.0,39-17,11-15,0-0,38-8,8-22,4-2,30-6,14-18,20-23,41-13,27-10,27-13,99.0,96.0,4.0,33-19,13-3,10-8,17-13,5-5,,6-8,7-5,11-6,3-5,,,,,,3-0,10-4,10-4,32-18,18-14,2009-10,10-8,7-3,5-5
00,22009,1610612762,Utah,Jazz,West,31-21,5, - x,Northwest,8-8,2,53,29,0.646,0.0,53-29,32-9,21-20,6-4,9-1,4-6,3-0,5-3,32-14,10.0,W 10,7.0,W 7,9.0,3.0,-1.0,L 1,2.0,W 2,-1,L 1,4.0,0.0,0,0,1,0.0,0.0,36-9,15-18,2-2,44-2,7-25,2-2,46-10,15-21,25-22,49-9,33-14,33-10,104.0,99.0,5.0,22-8,9-1,7-3,31-21,10-8,,10-4,10-3,12-5,3-3,,,,,,1-1,9-6,8-7,32-19,21-10,2009-10,6-4,8-8,13-5
00,22009,1610612748,Miami,Heat,East,32-20,5, - x,Southeast,9-7,3,47,35,0.573,0.0,47-35,24-17,23-18,9-1,7-3,8-2,4-2,7-3,27-18,6.0,W 6,8.0,W 8,9.0,5.0,1.0,W 1,8.0,W 8,3,W 3,14.0,12.0,0,0,1,0.0,0.0,39-6,8-28,0-1,40-4,5-28,2-3,25-7,9-20,19-23,41-7,31-12,30-20,97.0,94.0,2.0,32-20,13-5,10-8,15-15,7-3,,8-9,5-8,12-3,6-1,,,,,,2-0,7-7,7-7,26-27,21-8,2009-10,9-7,4-6,4-6
00,22009,1610612749,Milwaukee,Bucks,East,31-21,6, - x,Central,10-6,2,46,36,0.561,0.0,46-36,28-13,18-23,6-4,6-4,6-4,4-6,7-12,19-17,8.0,W 8,-7.0,L 7,6.0,4.0,-2.0,L 2,3.0,W 3,1,W 1,15.0,15.0,0,0,1,0.0,0.0,30-13,14-23,2-0,39-5,5-29,2-2,22-7,9-25,18-23,27-7,34-7,27-24,98.0,96.0,2.0,31-21,13-5,10-6,15-15,5-5,,8-7,10-4,11-4,5-3,,,,,,1-1,8-6,3-11,24-27,22-9,2009-10,8-10,7-3,3-7
00,22009,1610612757,Portland,Trail Blazers,West,33-19,6, - x,Northwest,8-8,3,50,32,0.61,0.0,50-32,26-15,24-17,7-3,7-3,7-3,1-5,6-3,24-13,6.0,W 6,5.0,W 5,6.0,3.0,-1.0,L 1,3.0,W 3,-1,L 1,7.0,3.0,0,0,1,0.0,0.0,36-10,13-19,1-3,42-9,8-21,0-2,28-9,6-18,23-24,40-7,33-16,31-14,98.0,95.0,3.0,17-13,6-4,6-4,33-19,13-5,,7-8,7-6,11-2,4-3,,,,,,1-2,11-5,9-6,31-24,19-8,2009-10,5-5,8-8,12-6
00,22009,1610612766,Charlotte,Bobcats,East,27-25,7, - x,Southeast,10-6,4,44,38,0.537,0.0,44-38,31-10,13-28,6-4,8-2,5-5,4-3,9-7,21-11,9.0,W 9,-7.0,L 7,6.0,7.0,-1.0,L 1,1.0,W 1,-1,L 1,17.0,15.0,0,0,1,0.0,0.0,30-9,13-28,1-1,36-7,7-31,1-0,26-3,8-13,20-23,34-10,33-12,21-13,95.0,94.0,1.0,27-25,8-10,9-9,17-13,8-2,,12-4,4-7,11-6,5-3,,,,,,1-2,6-7,5-9,26-25,18-13,2009-10,10-6,4-6,5-5
00,22009,1610612759,San Antonio,Spurs,West,31-21,7, - x,Southwest,9-7,2,50,32,0.61,0.0,50-32,29-12,21-20,6-4,8-2,5-5,1-3,6-4,34-9,6.0,W 6,4.0,W 4,5.0,3.0,1.0,W 1,-1.0,L 1,-1,L 1,7.0,5.0,0,0,1,0.0,0.0,40-12,7-19,3-1,45-7,5-24,0-1,35-8,10-17,25-23,41-7,37-11,20-10,101.0,96.0,5.0,19-11,6-4,6-4,31-21,14-4,,8-8,6-5,12-5,5-3,,,,,,2-1,7-5,10-5,30-21,20-11,2009-10,7-3,8-10,9-7
00,22009,1610612741,Chicago,Bulls,East,28-24,8, - x,Central,10-6,3,41,41,0.5,0.0,41-41,24-17,17-24,7-3,5-5,5-5,5-2,7-5,15-21,-5.0,L 5,-8.0,L 8,5.0,10.0,2.0,W 2,2.0,W 2,3,W 3,20.0,20.0,0,0,1,0.0,0.0,29-9,12-31,0-1,30-7,10-33,1-1,22-8,9-29,19-27,37-8,34-11,12-14,97.0,99.0,-2.0,28-24,10-8,10-6,13-17,3-7,,10-5,8-6,4-11,6-2,,,,,,1-1,5-8,7-8,25-26,16-15,2009-10,8-10,4-6,6-4
00,22009,1610612760,Oklahoma City,Thunder,West,28-24,8, - x,Northwest,9-7,4,50,32,0.61,0.0,50-32,27-14,23-18,6-4,7-3,5-5,1-4,7-11,25-9,6.0,W 6,5.0,W 5,9.0,3.0,2.0,W 2,-3.0,L 3,1,W 1,7.0,3.0,0,0,1,0.0,0.0,39-14,9-18,2-0,44-9,3-23,3-0,37-6,16-22,25-25,37-9,40-15,27-11,101.0,98.0,3.0,22-8,9-1,5-5,28-24,11-7,,8-7,9-2,11-5,4-4,,,,,,2-0,7-8,9-6,30-21,20-11,2009-10,8-2,9-7,8-10
00,22009,1610612745,Houston,Rockets,West,28-24,9, - o,Southwest,9-7,3,42,40,0.512,0.0,42-40,23-18,19-22,6-4,6-4,5-5,4-3,5-5,17-15,8.0,W 8,-5.0,L 5,4.0,4.0,-1.0,L 1,1.0,W 1,-1,L 1,15.0,13.0,0,0,0,1.0,1.0,29-14,12-26,1-0,34-10,8-29,0-1,33-18,16-29,21-27,24-3,22-13,24-21,102.0,103.0,0.0,14-16,7-3,4-6,28-24,8-10,,5-9,4-7,8-8,5-3,,,,,,2-1,7-7,11-5,27-24,15-16,2009-10,3-7,11-7,9-7
00,22009,1610612761,Toronto,Raptors,East,29-23,9, - o,Atlantic,11-5,2,40,42,0.488,0.0,40-42,25-16,15-26,5-5,3-7,5-5,2-2,6-5,19-24,8.0,W 8,-6.0,L 6,5.0,5.0,1.0,W 1,1.0,W 1,2,W 2,21.0,10.0,0,0,0,1.0,1.0,28-9,12-30,0-3,29-8,9-33,2-1,35-23,18-40,11-28,35-9,21-11,17-14,104.0,106.0,-2.0,29-23,11-5,10-8,11-19,4-6,,10-5,5-5,6-10,3-5,,,,,,1-1,6-10,9-6,29-23,11-19,2009-10,8-10,2-8,5-5
00,22009,1610612754,Indiana,Pacers,East,23-29,10, - o,Central,6-10,4,32,50,0.39,0.0,32-50,23-18,9-32,6-4,8-2,2-8,0-1,3-5,20-28,8.0,W 8,-9.0,L 9,5.0,8.0,-1.0,L 1,-1.0,L 1,-2,L 2,29.0,29.0,0,0,0,1.0,1.0,21-11,11-39,0-0,25-6,5-43,2-1,26-16,15-38,12-35,29-11,11-10,20-17,101.0,104.0,-3.0,23-29,11-7,6-10,9-21,4-6,,7-10,4-7,8-8,4-3,,,,,,0-2,6-7,3-13,18-34,14-16,2009-10,6-12,3-7,2-8
00,22009,1610612763,Memphis,Grizzlies,West,22-30,10, - o,Southwest,5-11,4,40,42,0.488,0.0,40-42,23-18,17-24,2-8,5-5,3-7,3-5,6-4,17-26,11.0,W 11,7.0,W 7,4.0,7.0,-2.0,L 2,-2.0,L 2,-3,L 3,17.0,15.0,0,0,0,1.0,1.0,27-14,12-26,1-2,32-10,8-30,0-2,30-18,17-36,19-33,32-8,30-19,17-11,102.0,104.0,-2.0,18-12,8-2,6-4,22-30,9-9,,10-5,5-8,8-7,2-6,,,,,,1-1,5-11,9-4,26-25,14-17,2009-10,4-6,8-10,5-11
00,22009,1610612740,New Orleans,Hornets,West,26-26,11, - o,Southwest,7-9,5,37,45,0.451,0.0,37-45,24-17,13-28,3-7,4-6,2-8,3-3,6-3,5-24,7.0,W 7,-7.0,L 7,6.0,5.0,1.0,W 1,1.0,W 1,2,W 2,20.0,18.0,0,0,0,1.0,1.0,20-9,14-36,3-0,24-6,13-39,0-0,23-16,13-34,19-33,24-9,22-9,21-25,100.0,103.0,-2.0,11-19,2-8,4-6,26-26,11-7,,12-5,5-8,4-12,2-4,,,,,,1-1,6-9,7-6,28-25,9-20,2009-10,5-5,8-10,7-9
00,22009,1610612752,New York,Knicks,East,20-32,11, - o,Atlantic,6-10,3,29,53,0.354,0.0,29-53,18-23,11-30,3-7,6-4,2-8,2-5,4-6,10-28,-7.0,L 7,-6.0,L 6,4.0,8.0,1.0,W 1,-3.0,L 3,-1,L 1,32.0,21.0,0,0,0,1.0,1.0,17-11,12-41,0-1,18-11,9-41,2-1,18-24,11-45,9-33,20-6,16-11,18-28,102.0,106.0,-4.0,20-32,6-10,6-12,9-21,3-7,,6-9,2-9,6-10,3-5,,,,,,0-3,3-11,9-6,19-32,10-21,2009-10,8-10,3-7,3-7
00,22009,1610612746,Los Angeles,Clippers,West,15-37,12, - o,Pacific,5-11,3,29,53,0.354,0.0,29-53,21-20,8-33,2-8,3-7,1-9,1-0,5-3,12-35,6.0,W 6,-11.0,L 11,4.0,8.0,1.0,W 1,-4.0,L 4,1,W 1,28.0,28.0,0,0,0,1.0,1.0,20-14,8-35,1-4,18-10,10-41,1-2,16-10,4-42,12-36,25-10,21-21,11-10,96.0,102.0,-6.0,14-16,4-6,6-4,15-37,5-11,,6-9,4-8,3-13,2-5,,,,,,0-4,8-6,6-8,21-31,8-22,2009-10,4-6,7-11,3-15
00,22009,1610612765,Detroit,Pistons,East,18-34,12, - o,Central,2-14,5,27,55,0.329,0.0,27-55,17-24,10-31,4-6,3-7,3-7,3-1,4-1,7-29,5.0,W 5,-11.0,L 11,5.0,13.0,-1.0,L 1,1.0,W 1,1,W 1,34.0,34.0,0,0,0,1.0,1.0,17-13,5-42,5-0,21-11,4-42,2-2,13-9,5-30,12-30,18-13,19-21,19-27,94.0,99.0,-5.0,18-34,7-11,2-14,9-21,2-8,,4-10,6-7,2-13,4-4,,,,,,1-2,5-9,5-10,18-33,9-22,2009-10,9-9,3-7,4-6
00,22009,1610612755,Philadelphia,76ers,East,14-38,13, - o,Atlantic,7-9,4,27,55,0.329,0.0,27-55,12-29,15-26,2-8,2-8,3-7,2-3,6-8,15-26,-5.0,L 5,-8.0,L 8,5.0,12.0,-5.0,L 5,-1.0,L 1,-2,L 2,34.0,23.0,0,0,0,1.0,1.0,16-18,10-35,1-2,23-12,4-41,0-2,18-16,8-36,14-35,22-9,17-22,15-27,98.0,102.0,-4.0,14-38,7-9,5-13,13-17,4-6,,7-8,6-5,4-13,1-6,,,,,,2-1,3-12,4-10,20-32,7-23,2009-10,2-16,3-7,6-4
00,22009,1610612744,Golden State,Warriors,West,15-37,13, - o,Pacific,5-11,4,26,56,0.317,0.0,26-56,18-23,8-33,6-4,5-5,4-6,0-2,2-8,14-28,-4.0,L 4,-13.0,L 13,2.0,9.0,-1.0,L 1,1.0,W 1,1,W 1,31.0,31.0,0,0,0,0.0,0.0,16-14,10-39,0-3,18-7,8-49,0-0,25-37,19-54,10-38,22-13,9-4,19-36,109.0,112.0,-4.0,11-19,7-3,3-7,15-37,5-11,,4-11,4-8,4-12,5-3,,,,,,0-2,6-8,3-12,14-37,12-19,2009-10,1-9,6-12,4-14
00,22009,1610612764,Washington,Wizards,East,18-34,14, - o,Southeast,3-13,5,26,56,0.317,0.0,26-56,15-26,11-30,5-5,3-7,2-8,0-5,5-12,11-31,-9.0,L 9,-10.0,L 10,2.0,16.0,1.0,W 1,-1.0,L 1,1,W 1,35.0,33.0,0,0,0,1.0,1.0,14-15,12-40,0-1,17-13,9-39,0-4,18-13,5-34,10-36,21-10,19-17,10-15,96.0,101.0,-5.0,18-34,10-8,5-13,8-22,3-7,,6-10,5-6,1-16,4-4,,,,,,2-1,3-9,5-10,17-33,9-23,2009-10,3-13,3-7,2-8
00,22009,1610612758,Sacramento,Kings,West,16-36,14, - o,Pacific,5-11,5,25,57,0.305,0.0,25-57,18-23,7-34,1-9,2-8,2-8,2-4,6-7,10-27,-5.0,L 5,-11.0,L 11,4.0,8.0,-2.0,L 2,-6.0,L 6,-3,L 3,32.0,32.0,0,0,0,1.0,1.0,16-12,8-41,1-4,19-12,5-44,1-1,21-25,10-43,7-43,22-14,15-23,12-20,100.0,104.0,-4.0,9-21,4-6,4-6,16-36,5-11,,2-13,4-9,4-13,1-5,,,,,,0-3,8-5,6-9,18-34,7-23,2009-10,1-9,7-11,4-14
00,22009,1610612750,Minnesota,Timberwolves,West,8-44,15, - o,Northwest,3-13,5,15,67,0.183,0.0,15-67,10-31,5-36,1-9,1-9,0-10,1-1,3-9,4-39,-10.0,L 10,-12.0,L 12,4.0,16.0,-4.0,L 4,-12.0,L 12,-7,L 7,42.0,38.0,0,0,0,0.0,0.0,7-11,8-53,0-3,11-3,3-63,1-1,13-23,7-50,7-43,11-15,12-21,4-21,98.0,108.0,-10.0,7-23,4-6,1-9,8-44,3-15,,4-12,3-9,1-13,0-7,,,,,,1-1,1-14,5-11,13-40,2-27,2009-10,2-8,3-13,2-16
00,22009,1610612751,New Jersey,Nets,East,8-44,15, - o,Atlantic,3-13,5,12,70,0.146,0.0,12-70,8-33,4-37,3-7,5-5,0-10,1-1,1-7,5-44,-14.0,L 14,-15.0,L 15,2.0,18.0,-1.0,L 1,-10.0,L 10,-3,L 3,49.0,38.0,0,0,0,1.0,1.0,6-19,4-48,2-3,10-5,2-65,0-0,9-9,3-41,3-46,7-9,6-15,8-31,92.0,102.0,-9.0,8-44,3-13,3-15,4-26,2-8,,1-13,2-11,4-12,2-5,,,,,,0-3,0-14,3-12,4-48,8-22,2009-10,2-16,0-10,2-8
00,22010,1610612759,San Antonio,Spurs,West,38-14,1, - w,Southwest,10-6,1,61,21,0.744,0.0,61-21,36-5,25-16,4-6,7-3,3-7,3-1,7-4,32-9,22.0,W 22,8.0,W 8,12.0,6.0,3.0,W 3,-2.0,L 2,-2,L 2,0.0,0.0,1,1,1,0.0,0.0,46-5,13-13,2-3,51-3,10-17,0-1,46-7,19-14,26-18,51-3,31-6,28-9,104.0,98.0,6.0,23-7,6-4,9-1,38-14,14-4,,12-3,9-3,8-8,4-3,,,,,,1-1,14-1,13-2,46-10,15-11,2010-11,8-2,14-4,10-6
00,22010,1610612741,Chicago,Bulls,East,39-13,1, - e,Central,15-1,1,62,20,0.756,0.0,62-20,36-5,26-15,9-1,9-1,9-1,3-2,9-5,31-5,14.0,W 14,7.0,W 7,9.0,2.0,4.0,W 4,7.0,W 7,9,W 9,0.0,0.0,1,1,1,0.0,0.0,45-6,15-13,2-1,50-3,11-16,1-1,25-5,4-13,26-11,49-5,51-13,31-6,99.0,91.0,7.0,39-13,10-8,15-1,23-7,7-3,,12-4,8-3,13-3,8-0,,,,,,1-1,8-5,12-4,38-16,24-4,2010-11,14-4,7-3,9-1
00,22010,1610612747,Los Angeles,Lakers,West,36-16,2, - p,Pacific,12-4,1,57,25,0.695,0.0,57-25,30-11,27-14,5-5,7-3,7-3,4-0,4-4,30-9,10.0,W 10,5.0,W 5,9.0,5.0,1.0,W 1,1.0,W 1,2,W 2,4.0,0.0,0,1,1,0.0,0.0,41-9,15-15,1-1,49-5,7-18,1-2,41-4,14-11,31-15,47-4,33-10,32-9,101.0,95.0,6.0,21-9,9-1,6-4,36-16,12-4,,10-5,9-4,12-1,3-5,,,,,,3-0,10-5,10-5,38-19,19-6,2010-11,6-4,12-6,12-6
00,22010,1610612748,Miami,Heat,East,38-14,2, - se,Southeast,13-3,1,58,24,0.707,0.0,58-24,30-11,28-13,8-2,8-2,7-3,2-2,2-8,35-6,7.0,W 7,13.0,W 13,12.0,5.0,2.0,W 2,5.0,W 5,4,W 4,4.0,0.0,0,1,1,0.0,0.0,46-9,11-15,1-0,46-6,10-16,2-2,41-4,13-9,23-19,54-5,41-6,26-10,102.0,95.0,7.0,38-14,13-5,12-6,20-10,9-1,,9-5,9-3,9-6,6-1,,,,,,3-1,7-7,15-1,41-15,17-9,2010-11,13-3,6-4,5-5
00,22010,1610612742,Dallas,Mavericks,West,35-17,3, - x,Southwest,8-8,2,57,25,0.695,0.0,57-25,29-12,28-13,6-4,6-4,5-5,1-0,10-6,22-8,9.0,W 9,8.0,W 8,12.0,6.0,3.0,W 3,1.0,W 1,4,W 4,4.0,4.0,0,0,1,0.0,0.0,38-9,18-15,1-1,41-6,12-18,4-1,43-4,16-12,27-17,44-10,37-9,27-6,100.0,96.0,4.0,22-8,9-1,4-6,35-17,15-3,,8-8,11-1,10-6,4-3,,,,,,2-1,11-3,11-3,40-16,17-9,2010-11,9-1,12-6,8-8
00,22010,1610612738,Boston,Celtics,East,37-15,3, - a,Atlantic,13-3,1,56,26,0.683,0.0,56-26,33-8,23-18,5-5,7-3,4-6,3-1,8-8,30-7,8.0,W 8,6.0,W 6,14.0,2.0,4.0,W 4,-4.0,L 4,1,W 1,6.0,0.0,0,1,1,0.0,0.0,36-10,15-16,5-0,46-8,7-16,3-2,30-4,15-7,24-15,52-10,28-7,32-12,97.0,91.0,5.0,37-15,13-3,13-5,19-11,7-3,,12-4,7-4,9-7,4-4,,,,,,2-1,11-3,11-3,40-14,16-12,2010-11,11-7,8-2,4-6
00,22010,1610612753,Orlando,Magic,East,36-16,4, - x,Southeast,11-5,2,52,30,0.634,0.0,52-30,29-12,23-18,6-4,7-3,6-4,3-3,6-7,33-9,8.0,W 8,3.0,W 3,9.0,4.0,1.0,W 1,2.0,W 2,2,W 2,10.0,6.0,0,0,1,0.0,0.0,37-8,15-21,0-1,43-5,9-23,0-2,31-8,8-16,19-21,46-6,34-13,18-11,99.0,94.0,5.0,36-16,12-6,13-5,16-14,7-3,,10-6,7-4,9-6,5-2,,,,,,1-1,12-3,8-8,36-21,16-9,2010-11,11-5,4-6,5-5
00,22010,1610612760,Oklahoma City,Thunder,West,33-19,4, - nw,Northwest,13-3,1,55,27,0.671,0.0,55-27,30-11,25-16,7-3,8-2,8-2,8-2,10-5,22-8,6.0,W 6,5.0,W 5,6.0,3.0,-1.0,L 1,3.0,W 3,-1,L 1,6.0,0.0,0,1,1,0.0,0.0,40-7,14-17,1-3,43-6,11-19,1-2,44-10,27-19,24-17,42-8,37-11,31-10,105.0,101.0,4.0,22-8,6-4,8-2,33-19,12-6,,7-6,6-5,14-2,5-3,,,,,,2-1,10-5,11-5,35-19,20-8,2010-11,8-2,13-3,8-10
00,22010,1610612743,Denver,Nuggets,West,30-22,5, - x,Northwest,9-7,2,50,32,0.61,0.0,50-32,33-8,17-24,7-3,9-1,6-4,0-1,7-8,29-10,10.0,W 10,-4.0,L 4,7.0,3.0,2.0,W 2,-2.0,L 2,-1,L 1,11.0,5.0,0,0,1,0.0,0.0,35-8,12-24,3-0,39-7,7-24,4-1,44-14,26-27,22-19,40-5,33-7,25-10,107.0,103.0,5.0,20-10,5-5,8-2,30-22,12-6,,10-7,7-6,10-3,5-3,,,,,,2-1,8-5,8-7,32-25,18-7,2010-11,7-3,9-7,9-9
00,22010,1610612737,Atlanta,Hawks,East,31-21,5, - x,Southeast,9-7,3,44,38,0.537,0.0,44-38,24-17,20-21,4-6,5-5,3-7,1-1,7-1,21-21,10.0,W 10,6.0,W 6,6.0,6.0,-2.0,L 2,-4.0,L 4,-6,L 6,18.0,14.0,0,0,1,0.0,0.0,34-10,10-27,0-1,37-5,6-32,1-1,22-7,10-24,14-26,34-3,31-6,16-12,95.0,96.0,-1.0,31-21,10-8,12-6,13-17,6-4,,9-4,6-6,7-8,1-6,,,,,,3-0,8-7,10-7,34-21,10-17,2010-11,9-7,5-5,2-8
00,22010,1610612757,Portland,Trail Blazers,West,30-22,6, - x,Northwest,10-6,3,48,34,0.585,0.0,48-34,30-11,18-23,6-4,9-1,4-6,2-3,7-4,19-15,8.0,W 8,7.0,W 7,6.0,6.0,2.0,W 2,-1.0,L 1,-1,L 1,13.0,7.0,0,0,1,0.0,0.0,32-13,13-19,3-2,34-13,10-21,4-0,30-6,10-17,24-22,34-3,22-12,40-19,96.0,95.0,2.0,18-12,5-5,8-2,30-22,10-8,,8-6,8-4,10-6,5-2,,,,,,3-0,5-9,9-7,32-24,16-10,2010-11,5-5,10-6,10-8
00,22010,1610612752,New York,Knicks,East,28-24,6, - x,Atlantic,10-6,2,42,40,0.512,0.0,42-40,23-18,19-22,7-3,5-5,4-6,2-1,4-5,18-14,4.0,W 4,8.0,W 8,8.0,6.0,-1.0,L 1,-1.0,L 1,-2,L 2,20.0,14.0,0,0,1,0.0,0.0,32-12,8-25,2-3,35-9,5-29,2-2,35-18,22-36,19-22,33-4,17-9,25-20,107.0,106.0,1.0,28-24,10-6,8-10,14-16,4-6,,7-8,5-5,7-11,5-2,,,,,,1-2,9-7,8-5,28-26,14-14,2010-11,10-8,5-5,5-5
00,22010,1610612740,New Orleans,Hornets,West,27-25,7, - x,Southwest,9-7,3,46,36,0.561,0.0,46-36,28-13,18-23,5-5,6-4,4-6,4-2,8-6,16-17,7.0,W 7,-7.0,L 7,10.0,4.0,-1.0,L 1,-3.0,L 3,-3,L 3,15.0,15.0,0,0,1,0.0,0.0,30-14,12-20,4-2,34-11,7-25,5-0,18-5,7-22,24-22,35-6,24-14,31-18,95.0,94.0,1.0,19-11,4-6,6-4,27-25,9-9,,12-4,4-8,8-6,3-4,,,,,,3-0,9-5,7-9,33-25,13-11,2010-11,9-1,9-9,9-7
00,22010,1610612755,Philadelphia,76ers,East,25-27,7, - x,Atlantic,9-7,3,41,41,0.5,0.0,41-41,26-15,15-26,4-6,5-5,4-6,2-8,3-8,26-13,5.0,W 5,-8.0,L 8,4.0,5.0,-2.0,L 2,-2.0,L 2,-2,L 2,21.0,15.0,0,0,1,0.0,0.0,30-10,9-28,2-3,34-9,5-31,2-1,27-14,6-25,16-25,36-10,22-17,28-21,99.0,98.0,2.0,25-27,9-7,9-9,16-14,6-4,,8-6,9-3,9-7,2-5,,,,,,0-3,5-10,8-7,27-29,14-12,2010-11,7-11,6-4,4-6
00,22010,1610612763,Memphis,Grizzlies,West,30-22,8, - x,Southwest,8-8,4,46,36,0.561,0.0,46-36,30-11,16-25,6-4,8-2,4-6,2-5,9-10,23-12,6.0,W 6,-6.0,L 6,5.0,5.0,2.0,W 2,-2.0,L 2,-2,L 2,15.0,15.0,0,0,1,0.0,0.0,32-8,13-26,1-2,36-8,9-25,1-3,33-14,9-22,23-24,37-11,32-16,37-19,100.0,98.0,2.0,16-14,5-5,7-3,30-22,11-7,,11-6,8-4,9-5,4-3,,,,,,2-1,6-9,6-8,31-26,15-10,2010-11,4-6,11-7,8-8
00,22010,1610612754,Indiana,Pacers,East,28-24,8, - x,Central,9-7,2,37,45,0.451,0.0,37-45,24-17,13-28,5-5,7-3,3-7,1-3,7-6,19-28,5.0,W 5,-9.0,L 9,4.0,6.0,-1.0,L 1,-3.0,L 3,-2,L 2,25.0,25.0,0,0,1,0.0,0.0,29-10,4-33,4-2,33-11,4-33,0-1,30-12,15-30,12-31,32-9,28-19,15-11,100.0,101.0,-1.0,28-24,10-8,9-7,9-21,4-6,,4-10,8-5,8-10,3-3,,,,,,2-1,7-6,5-10,24-30,13-15,2010-11,9-9,3-7,2-8
00,22010,1610612745,Houston,Rockets,West,25-27,9, - o,Southwest,5-11,5,43,39,0.524,0.0,43-39,25-16,18-23,5-5,8-2,5-5,2-6,7-8,21-11,8.0,W 8,6.0,W 6,5.0,5.0,-1.0,L 1,1.0,W 1,1,W 1,18.0,18.0,0,0,0,1.0,1.0,31-14,10-24,2-1,35-10,7-26,1-3,31-23,19-34,18-29,28-4,30-9,18-20,106.0,104.0,2.0,18-12,7-3,7-3,25-27,11-7,,6-11,8-4,9-5,4-3,,,,,,0-3,5-9,11-4,26-31,17-8,2010-11,4-6,9-9,5-11
00,22010,1610612749,Milwaukee,Bucks,East,26-26,9, - o,Central,6-10,3,35,47,0.427,0.0,35-47,22-19,13-28,6-4,7-3,4-6,3-3,3-8,16-21,3.0,W 3,-6.0,L 6,3.0,5.0,3.0,W 3,1.0,W 1,3,W 3,27.0,27.0,0,0,0,1.0,1.0,26-13,8-30,1-4,24-8,7-38,4-1,17-4,4-16,15-30,26-6,22-17,22-28,92.0,93.0,-1.0,26-26,12-6,6-10,9-21,4-6,,7-9,3-9,8-8,5-3,,,,,,1-2,5-9,6-7,21-34,14-13,2010-11,8-10,2-8,3-7
00,22010,1610612766,Charlotte,Bobcats,East,22-30,10, - o,Southeast,4-12,4,34,48,0.415,0.0,34-48,21-20,13-28,4-6,5-5,3-7,3-2,11-7,9-24,-4.0,L 4,-9.0,L 9,4.0,6.0,1.0,W 1,1.0,W 1,2,W 2,28.0,24.0,0,0,0,1.0,1.0,22-6,9-41,3-1,21-4,10-43,3-1,16-7,9-22,11-29,30-9,18-18,15-16,93.0,97.0,-4.0,22-30,11-7,7-11,12-18,6-4,,9-7,6-6,6-9,2-6,,,,,,0-3,6-8,5-9,24-32,10-16,2010-11,4-12,4-6,2-8
00,22010,1610612756,Phoenix,Suns,West,23-29,10, - o,Pacific,9-7,2,40,42,0.488,0.0,40-42,23-18,17-24,4-6,5-5,2-8,5-4,7-6,15-18,3.0,W 3,5.0,W 5,5.0,4.0,3.0,W 3,-2.0,L 2,2,W 2,21.0,17.0,0,0,0,1.0,1.0,24-10,14-31,2-1,30-11,7-31,3-0,36-17,21-35,14-29,28-9,17-4,18-17,105.0,106.0,-1.0,17-13,6-4,7-3,23-29,9-7,,8-7,9-3,5-11,4-4,,,,,,1-2,7-7,6-8,27-27,13-15,2010-11,4-6,9-9,5-13
00,22010,1610612765,Detroit,Pistons,East,22-30,11, - o,Central,7-9,4,30,52,0.366,0.0,30-52,21-20,9-32,5-5,6-4,2-8,5-2,3-7,13-27,-4.0,L 4,-11.0,L 11,3.0,5.0,-1.0,L 1,2.0,W 2,1,W 1,32.0,32.0,0,0,0,1.0,1.0,22-18,8-33,0-1,22-10,7-41,1-1,25-15,12-36,9-31,22-10,18-18,21-25,97.0,101.0,-4.0,22-30,9-9,7-9,8-22,5-5,,6-9,5-8,4-9,4-4,,,,,,0-3,6-9,5-10,21-36,9-16,2010-11,6-12,1-9,2-8
00,22010,1610612762,Utah,Jazz,West,21-31,11, - o,Northwest,7-9,4,39,43,0.476,0.0,39-43,21-20,18-23,3-7,4-6,3-7,5-2,6-4,16-24,-7.0,L 7,6.0,W 6,7.0,8.0,1.0,W 1,1.0,W 1,2,W 2,22.0,16.0,0,0,0,1.0,1.0,24-7,15-34,0-2,25-5,11-35,3-3,27-15,13-31,15-31,32-12,17-14,23-11,99.0,101.0,-2.0,18-12,5-5,7-3,21-31,9-9,,7-9,3-9,4-10,3-4,,,,,,1-2,13-3,8-6,31-26,8-17,2010-11,6-4,7-9,5-13
00,22010,1610612744,Golden State,Warriors,West,21-31,12, - o,Pacific,5-11,3,36,46,0.439,0.0,36-46,26-15,10-31,6-4,7-3,1-9,3-3,4-4,14-24,5.0,W 5,-8.0,L 8,4.0,7.0,1.0,W 1,-1.0,L 1,1,W 1,25.0,21.0,0,0,0,1.0,1.0,24-10,9-34,3-2,29-7,6-37,1-2,30-23,17-42,15-28,28-10,14-10,23-23,103.0,106.0,-2.0,15-15,5-5,6-4,21-31,5-11,,7-8,6-5,6-12,4-2,,,,,,2-1,6-9,5-9,26-29,10-17,2010-11,4-6,11-7,5-13
00,22010,1610612751,New Jersey,Nets,East,13-39,12, - o,Atlantic,3-13,4,24,58,0.293,0.0,24-58,19-22,5-36,1-9,4-6,1-9,5-4,7-7,4-34,5.0,W 5,-12.0,L 12,5.0,8.0,-2.0,L 2,-7.0,L 7,-5,L 5,38.0,32.0,0,0,0,1.0,1.0,12-17,10-40,2-1,13-7,8-47,3-4,13-11,7-35,11-34,16-10,16-20,8-13,94.0,100.0,-6.0,13-39,3-13,6-12,11-19,4-6,,6-10,2-9,6-8,1-7,,,,,,2-1,4-11,3-12,17-40,7-18,2010-11,4-14,4-6,3-7
00,22010,1610612764,Washington,Wizards,East,16-36,13, - o,Southeast,3-13,5,23,59,0.28,0.0,23-59,20-21,3-38,6-4,6-4,2-8,5-3,8-2,7-36,-5.0,L 5,-25.0,L 25,3.0,8.0,4.0,W 4,-3.0,L 3,-1,L 1,39.0,35.0,0,0,0,1.0,1.0,13-12,9-46,1-1,17-6,5-51,1-2,14-17,7-47,4-34,15-10,13-15,11-25,97.0,105.0,-7.0,16-36,8-10,5-13,7-23,1-9,,5-11,2-10,3-12,5-3,,,,,,0-2,5-9,3-12,15-39,8-20,2010-11,3-13,4-6,2-8
00,22010,1610612746,Los Angeles,Clippers,West,19-33,13, - o,Pacific,7-9,4,32,50,0.39,0.0,32-50,23-18,9-32,4-6,7-3,3-7,1-4,4-5,9-24,9.0,W 9,-11.0,L 11,4.0,9.0,2.0,W 2,-3.0,L 3,1,W 1,29.0,25.0,0,0,0,1.0,1.0,25-16,7-32,0-2,26-7,5-42,1-1,23-14,11-37,14-31,29-14,23-25,10-11,99.0,102.0,-3.0,13-17,3-7,5-5,19-33,7-9,,9-5,2-12,8-6,3-4,,,,,,0-3,3-12,7-8,21-35,11-15,2010-11,5-5,7-11,5-13
00,22010,1610612758,Sacramento,Kings,West,15-37,14, - o,Pacific,7-9,5,24,58,0.293,0.0,24-58,11-30,13-28,4-6,3-7,6-4,1-6,8-8,7-23,-5.0,L 5,-12.0,L 12,4.0,8.0,-2.0,L 2,1.0,W 1,-2,L 2,37.0,33.0,0,0,0,0.0,0.0,12-15,12-39,0-4,16-11,8-42,0-5,19-23,11-45,13-39,20-5,22-30,9-19,99.0,105.0,-5.0,9-21,4-6,3-7,15-37,7-9,,6-10,3-10,6-10,3-5,,,,,,2-1,2-11,2-11,13-40,11-18,2010-11,2-8,5-13,3-15
00,22010,1610612761,Toronto,Raptors,East,14-38,14, - o,Atlantic,5-11,5,22,60,0.268,0.0,22-60,16-25,6-35,2-8,5-5,1-9,0-2,2-7,8-30,-5.0,L 5,-14.0,L 14,4.0,13.0,-1.0,L 1,-8.0,L 8,-2,L 2,40.0,34.0,0,0,0,1.0,1.0,14-12,6-46,2-2,17-9,4-46,1-5,15-23,9-45,9-35,20-12,15-20,5-27,99.0,105.0,-6.0,14-38,5-11,5-13,8-22,2-8,,2-15,3-8,4-10,2-6,,,,,,1-1,5-10,5-10,15-41,7-19,2010-11,4-14,3-7,3-7
00,22010,1610612739,Cleveland,Cavaliers,East,15-37,15, - o,Central,3-13,5,19,63,0.232,0.0,19-63,12-29,7-34,5-5,4-6,3-7,2-1,2-5,2-38,-11.0,L 11,-26.0,L 26,3.0,26.0,1.0,W 1,1.0,W 1,2,W 2,43.0,43.0,0,0,0,1.0,1.0,8-12,9-50,2-1,10-5,7-55,2-3,12-15,7-47,6-35,13-10,7-17,11-21,95.0,104.0,-9.0,15-37,8-10,3-13,4-26,3-7,,0-16,3-8,4-11,4-4,,,,,,1-2,6-8,1-14,10-46,9-17,2010-11,4-14,0-10,1-9
00,22010,1610612750,Minnesota,Timberwolves,West,7-45,15, - o,Northwest,1-15,5,17,65,0.207,0.0,17-65,12-29,5-36,0-10,2-8,0-10,0-4,3-10,11-33,-7.0,L 7,-12.0,L 12,2.0,15.0,-6.0,L 6,-11.0,L 11,-15,L 15,44.0,38.0,0,0,0,0.0,0.0,12-17,4-45,1-3,14-10,3-53,0-2,14-31,6-56,4-44,14-17,13-36,7-12,101.0,108.0,-7.0,10-20,3-7,6-4,7-45,3-15,,3-11,3-10,3-12,0-7,,,,,,1-2,3-11,4-12,13-43,4-22,2010-11,1-9,1-15,3-15
00,22011,1610612741,Chicago,Bulls,East,38-10,1, - e,Central,13-1,1,50,16,0.758,0.0,50-16,26-7,24-9,7-3,7-3,7-3,3-1,5-2,31-8,8.0,W 8,7.0,W 7,8.0,2.0,2.0,W 2,1.0,W 1,3,W 3,0.0,0.0,1,1,1,0.0,0.0,39-3,10-13,1-0,41-3,7-13,2-0,22-0,8-5,19-11,38-3,42-7,23-5,96.0,88.0,8.0,38-10,13-4,13-1,12-6,5-1,,15-4,11-3,13-3,8-5,,,,,,,,3-1,27-8,23-8,2011-12,12-5,2-3,5-2
00,22011,1610612759,San Antonio,Spurs,West,35-13,1, - w,Southwest,12-4,1,50,16,0.758,0.0,50-16,28-5,22-11,10-0,9-1,9-1,3-1,5-4,31-7,9.0,W 9,8.0,W 8,11.0,2.0,5.0,W 5,5.0,W 5,10,W 10,0.0,0.0,1,1,1,0.0,0.0,41-2,9-13,0-1,42-3,5-12,3-1,38-4,17-10,27-11,36-4,36-3,25-6,104.0,96.0,7.0,15-3,6-0,4-2,35-13,13-3,,10-8,11-2,12-3,14-2,,,,,,,,3-1,24-10,26-6,2011-12,5-1,10-6,12-4
00,22011,1610612748,Miami,Heat,East,35-13,2, - se,Southeast,9-5,1,46,20,0.697,0.0,46-20,28-5,18-15,6-4,7-3,4-6,2-4,6-2,29-10,17.0,W 17,6.0,W 6,9.0,3.0,1.0,W 1,-2.0,L 2,-2,L 2,4.0,0.0,0,1,1,0.0,0.0,37-7,8-13,1-0,38-5,6-14,2-1,25-4,5-11,25-14,40-6,34-5,32-7,98.0,93.0,6.0,35-13,14-3,12-5,11-7,3-3,,12-5,11-2,10-6,9-7,,,,,,,,4-0,27-7,19-13,2011-12,9-5,3-3,5-1
00,22011,1610612760,Oklahoma City,Thunder,West,34-14,2, - nw,Northwest,10-3,1,47,19,0.712,0.0,47-19,26-7,21-12,6-4,7-3,6-4,3-1,5-4,27-5,14.0,W 14,4.0,W 4,7.0,3.0,-1.0,L 1,-1.0,L 1,-1,L 1,3.0,0.0,0,1,1,0.0,0.0,38-7,9-11,0-1,39-5,6-12,2-2,35-7,12-12,21-15,38-10,31-5,17-1,103.0,97.0,6.0,13-5,6-0,3-2,34-14,12-5,,11-4,12-3,11-5,8-7,,,,,,,,5-0,27-7,20-12,2011-12,4-3,10-3,12-6
00,22011,1610612754,Indiana,Pacers,East,29-19,3, - x,Central,9-4,2,42,24,0.636,0.0,42-24,23-10,19-14,8-2,7-3,7-3,4-2,4-3,21-12,5.0,W 5,5.0,W 5,7.0,5.0,-1.0,L 1,5.0,W 5,-1,L 1,8.0,8.0,0,0,1,0.0,0.0,28-5,11-15,3-4,34-2,6-21,2-1,26-5,5-12,17-16,29-5,32-6,25-13,98.0,94.0,3.0,29-19,11-7,9-4,13-5,4-2,,11-5,8-6,8-9,12-3,,,,,,,,3-1,21-12,21-12,2011-12,9-8,5-1,4-2
00,22011,1610612747,Los Angeles,Lakers,West,32-16,3, - p,Pacific,9-5,1,41,25,0.621,0.0,41-25,26-7,15-18,6-4,6-4,6-4,6-1,10-4,11-10,10.0,W 10,-4.0,L 4,5.0,3.0,1.0,W 1,-2.0,L 2,-1,L 1,9.0,0.0,0,1,1,0.0,0.0,31-8,9-17,1-0,31-5,7-19,3-1,18-4,10-16,26-19,35-6,31-11,7-5,97.0,96.0,1.0,9-9,5-2,1-4,32-16,9-5,,10-7,8-5,11-6,9-5,,,,,,,,3-2,20-14,21-11,2011-12,3-3,12-6,11-5
00,22011,1610612738,Boston,Celtics,East,32-16,4, - a,Atlantic,8-6,1,39,27,0.591,0.0,39-27,24-9,15-18,7-3,9-1,6-4,3-1,6-5,19-11,8.0,W 8,-5.0,L 5,5.0,5.0,5.0,W 5,-2.0,L 2,2,W 2,11.0,0.0,0,1,1,0.0,0.0,26-5,12-22,1-0,31-2,7-25,1-0,14-4,3-6,17-20,37-12,20-2,19-12,92.0,89.0,3.0,32-16,8-6,9-8,7-11,2-4,,9-7,7-7,12-5,10-5,,,,,,,,1-3,15-17,24-10,2011-12,15-2,3-3,2-4
00,22011,1610612763,Memphis,Grizzlies,West,26-22,4, - x,Southwest,7-8,2,41,25,0.621,0.0,41-25,26-7,15-18,8-2,10-0,6-4,1-2,6-2,16-10,11.0,W 11,3.0,W 3,7.0,4.0,11.0,W 11,2.0,W 2,6,W 6,9.0,9.0,0,0,1,0.0,0.0,24-7,15-18,2-0,30-5,10-19,1-1,17-3,4-8,20-19,31-5,27-12,32-15,95.0,93.0,2.0,15-3,4-2,6-1,26-22,9-7,,10-8,9-5,8-7,13-3,,,,,,,,1-2,19-15,22-10,2011-12,5-0,10-7,7-8
00,22011,1610612746,Los Angeles,Clippers,West,29-19,5, - x,Pacific,7-7,2,40,26,0.606,0.0,40-26,24-9,16-17,6-4,9-1,5-5,4-1,7-6,17-7,7.0,W 7,4.0,W 4,6.0,3.0,4.0,W 4,-3.0,L 3,-2,L 2,10.0,1.0,0,0,1,0.0,0.0,23-7,16-17,1-2,30-7,7-19,3-0,24-5,8-14,24-18,32-8,23-17,24-17,98.0,95.0,3.0,11-7,3-3,2-3,29-19,7-7,,11-4,8-6,11-9,9-5,,,,,,,,1-2,20-11,20-15,2011-12,6-1,12-7,10-5
00,22011,1610612737,Atlanta,Hawks,East,31-17,5, - x,Southeast,11-3,2,40,26,0.606,0.0,40-26,23-10,17-16,7-3,7-3,5-5,5-3,6-8,17-13,6.0,W 6,4.0,W 4,4.0,3.0,2.0,W 2,2.0,W 2,2,W 2,10.0,6.0,0,0,1,0.0,0.0,30-7,9-19,1-0,32-6,8-19,0-1,27-4,5-7,15-19,34-4,24-4,24-12,97.0,93.0,3.0,31-17,9-8,11-6,9-9,3-4,,13-5,4-9,11-8,9-3,,,,,,,,3-1,20-14,20-12,2011-12,11-3,4-2,2-3
00,22011,1610612743,Denver,Nuggets,West,22-26,6, - x,Northwest,6-7,2,38,28,0.576,0.0,38-28,20-13,18-15,8-2,7-3,6-4,5-2,6-6,18-11,5.0,W 5,5.0,W 5,6.0,5.0,1.0,W 1,4.0,W 4,4,W 4,12.0,9.0,0,0,1,0.0,0.0,27-9,6-17,5-2,33-3,3-22,2-3,31-8,18-22,20-21,28-7,28-9,19-8,104.0,101.0,3.0,16-2,5-1,5-1,22-26,9-8,,12-5,5-10,9-7,10-4,,,,,,,,2-2,18-17,20-11,2011-12,6-0,6-7,7-11
00,22011,1610612753,Orlando,Magic,East,30-18,6, - x,Southeast,8-7,3,37,29,0.561,0.0,37-29,21-12,16-17,4-6,5-5,3-7,1-4,2-5,18-16,4.0,W 4,4.0,W 4,5.0,5.0,2.0,W 2,-4.0,L 4,-1,L 1,13.0,9.0,0,0,1,0.0,0.0,27-8,8-18,2-3,29-6,7-22,1-1,25-5,5-13,16-22,28-2,26-10,11-6,94.0,93.0,1.0,30-18,10-6,12-5,7-11,4-1,,9-8,11-4,9-7,5-9,,,,,,,,3-1,22-13,15-16,2011-12,8-7,2-5,1-5
00,22011,1610612752,New York,Knicks,East,28-20,7, - x,Atlantic,8-6,2,36,30,0.545,0.0,36-30,22-11,14-19,7-3,9-1,5-5,1-2,7-3,19-15,9.0,W 9,-6.0,L 6,7.0,6.0,2.0,W 2,2.0,W 2,3,W 3,14.0,3.0,0,0,1,0.0,0.0,28-8,7-21,1-1,29-3,7-25,0-2,23-7,6-15,15-18,26-5,22-6,28-9,98.0,95.0,3.0,28-20,8-6,10-8,8-10,4-3,,6-11,10-5,9-8,9-4,,,,,,,,2-2,17-18,19-12,2011-12,10-6,3-2,1-5
00,22011,1610612742,Dallas,Mavericks,West,26-22,7, - x,Southwest,8-5,3,36,30,0.545,0.0,36-30,23-10,13-20,5-5,7-3,4-6,3-3,7-8,16-15,7.0,W 7,-7.0,L 7,6.0,4.0,3.0,W 3,-4.0,L 4,-2,L 2,14.0,14.0,0,0,1,0.0,0.0,29-9,5-20,2-1,30-2,4-26,2-2,20-3,5-13,20-20,30-5,24-6,18-12,96.0,95.0,1.0,10-8,5-2,2-3,26-22,8-9,,13-5,7-7,9-8,6-7,,,,,,,,1-3,21-13,15-17,2011-12,3-3,10-8,8-5
00,22011,1610612755,Philadelphia,76ers,East,28-20,8, - x,Atlantic,7-6,3,35,31,0.53,0.0,35-31,19-14,16-17,6-4,4-6,6-4,1-2,1-4,28-12,6.0,W 6,4.0,W 4,6.0,5.0,-4.0,L 4,-1.0,L 1,-1,L 1,15.0,4.0,0,0,1,0.0,0.0,29-11,6-20,0-0,33-6,2-23,0-2,17-3,1-11,12-22,30-9,20-11,25-21,94.0,89.0,4.0,28-20,7-6,11-6,7-11,5-1,,13-4,6-9,8-8,6-8,,,,,,,,2-2,20-14,15-17,2011-12,10-8,1-5,1-5
00,22011,1610612762,Utah,Jazz,West,25-23,8, - x,Northwest,9-4,3,36,30,0.545,0.0,36-30,25-8,11-22,7-3,8-2,4-6,4-3,7-6,15-14,7.0,W 7,-6.0,L 6,6.0,4.0,6.0,W 6,1.0,W 1,5,W 5,14.0,11.0,0,0,1,0.0,0.0,27-7,6-20,3-3,27-5,8-23,1-2,22-11,8-23,21-20,27-6,27-13,20-17,100.0,99.0,1.0,11-7,3-4,4-2,25-23,9-9,,11-4,4-11,11-8,9-4,,,,,,,,1-3,15-17,21-13,2011-12,4-1,9-4,7-10
00,22011,1610612745,Houston,Rockets,West,23-25,9, - o,Southwest,6-8,4,34,32,0.515,0.0,34-32,22-11,12-21,3-7,5-5,4-6,3-6,8-5,13-13,5.0,W 5,-5.0,L 5,7.0,6.0,2.0,W 2,-4.0,L 4,1,W 1,16.0,16.0,0,0,0,1.0,1.0,26-13,7-18,1-1,28-6,5-24,1-2,17-8,8-24,15-21,24-5,20-12,15-14,98.0,98.0,0.0,11-7,4-2,2-3,23-25,9-7,,10-7,9-6,7-9,6-8,,,,,,,,2-2,20-14,14-18,2011-12,5-2,8-10,6-8
00,22011,1610612749,Milwaukee,Bucks,East,24-24,9, - o,Central,7-8,3,31,35,0.47,0.0,31-35,17-16,14-19,3-7,5-5,6-4,1-0,4-6,13-12,-6.0,L 6,-8.0,L 8,6.0,5.0,-1.0,L 1,-3.0,L 3,-2,L 2,19.0,19.0,0,0,0,1.0,1.0,21-12,9-20,1-3,24-7,6-27,1-1,25-8,6-19,7-26,20-7,15-11,22-19,99.0,99.0,0.0,24-24,9-7,7-8,7-11,2-4,,7-10,5-10,10-7,7-7,,,,,,,,2-1,13-20,18-15,2011-12,8-9,3-4,2-3
00,22011,1610612756,Phoenix,Suns,West,23-25,10, - o,Pacific,9-5,3,33,33,0.5,0.0,33-33,19-14,14-19,4-6,6-4,5-5,0-0,8-5,14-19,5.0,W 5,-5.0,L 5,4.0,5.0,-2.0,L 2,-2.0,L 2,-3,L 3,17.0,8.0,0,0,0,1.0,1.0,22-5,10-27,1-1,28-5,4-27,1-1,18-7,10-25,17-26,22-11,18-6,17-12,98.0,99.0,0.0,10-8,2-3,5-2,23-25,9-5,,6-10,7-7,11-6,8-7,,,,,,,,1-3,14-20,19-13,2011-12,3-3,6-9,8-11
00,22011,1610612765,Detroit,Pistons,East,20-28,10, - o,Central,4-11,4,25,41,0.379,0.0,25-41,18-15,7-26,4-6,6-4,3-7,2-3,7-4,12-27,-5.0,L 5,-7.0,L 7,4.0,7.0,2.0,W 2,-2.0,L 2,1,W 1,25.0,25.0,0,0,0,1.0,1.0,16-7,9-33,0-1,20-8,4-32,1-1,10-4,3-21,9-22,19-5,20-10,11-16,91.0,96.0,-5.0,20-28,7-9,4-11,5-13,3-3,,3-16,8-6,7-8,6-8,,,,,,,,1-3,11-24,14-17,2011-12,9-8,1-5,1-5
00,22011,1610612757,Portland,Trail Blazers,West,20-28,11, - o,Northwest,4-10,4,28,38,0.424,0.0,28-38,20-13,8-25,1-9,5-5,1-9,1-3,3-11,17-17,6.0,W 6,-6.0,L 6,3.0,7.0,-2.0,L 2,-6.0,L 6,-7,L 7,22.0,19.0,0,0,0,1.0,1.0,19-7,7-31,2-0,26-3,2-34,0-1,16-7,4-24,14-26,21-4,18-10,18-19,97.0,98.0,-1.0,8-10,3-2,2-4,20-28,8-10,,9-9,6-8,6-11,4-10,,,,,,,,3-0,18-16,10-22,2011-12,3-4,4-10,8-8
00,22011,1610612761,Toronto,Raptors,East,15-33,11, - o,Atlantic,7-8,4,23,43,0.348,0.0,23-43,13-20,10-23,3-7,5-5,2-8,2-2,1-7,12-21,-4.0,L 4,-6.0,L 6,3.0,8.0,1.0,W 1,-3.0,L 3,1,W 1,27.0,16.0,0,0,0,1.0,1.0,18-12,4-30,1-1,20-8,2-32,1-3,8-6,2-17,11-26,19-14,17-16,11-11,91.0,94.0,-3.0,15-33,7-8,4-12,8-10,2-3,,6-13,4-9,6-11,6-8,,,,,,,,1-2,10-23,13-20,2011-12,4-13,3-3,3-4
00,22011,1610612751,New Jersey,Nets,East,16-32,12, - o,Atlantic,5-9,5,22,44,0.333,0.0,22-44,9-24,13-20,3-7,4-6,4-6,2-0,6-2,8-26,-7.0,L 7,-4.0,L 4,3.0,8.0,-5.0,L 5,-2.0,L 2,-6,L 6,28.0,17.0,0,0,0,1.0,1.0,15-9,7-33,0-2,18-6,4-37,0-1,11-6,6-30,9-30,11-6,15-7,8-15,93.0,99.0,-6.0,16-32,5-9,5-12,6-12,5-2,,6-12,4-10,8-10,3-9,,,,,,,,1-3,10-25,12-19,2011-12,6-11,0-6,1-4
00,22011,1610612750,Minnesota,Timberwolves,West,19-29,12, - o,Northwest,4-9,5,26,40,0.394,0.0,26-40,13-20,13-20,1-9,1-9,2-8,0-3,7-7,13-16,-8.0,L 8,-5.0,L 5,3.0,11.0,-8.0,L 8,1.0,W 1,-2,L 2,24.0,21.0,0,0,0,1.0,1.0,13-9,13-30,0-1,20-4,5-35,1-1,14-14,5-26,13-26,18-4,18-15,8-17,98.0,100.0,-2.0,7-11,2-3,2-5,19-29,7-11,,10-8,8-7,7-10,1-12,,,,,,,,0-3,17-17,9-23,2011-12,3-3,4-9,8-9
00,22011,1610612744,Golden State,Warriors,West,16-32,13, - o,Pacific,7-8,4,23,43,0.348,0.0,23-43,12-21,11-22,1-9,2-8,2-8,1-2,5-12,7-16,-5.0,L 5,-6.0,L 6,3.0,8.0,-5.0,L 5,1.0,W 1,-2,L 2,27.0,18.0,0,0,0,1.0,1.0,12-15,10-24,1-4,19-12,3-31,1-0,15-15,6-30,13-29,18-18,10-7,18-17,98.0,101.0,-3.0,7-11,1-6,3-3,16-32,7-8,,5-10,7-6,6-12,3-13,,,,,,,,2-2,13-17,10-26,2011-12,3-2,6-11,3-13
00,22011,1610612739,Cleveland,Cavaliers,East,13-35,13, - o,Central,3-12,5,21,45,0.318,0.0,21-45,11-22,10-23,2-8,2-8,2-8,0-5,5-6,9-26,-6.0,L 6,-5.0,L 5,3.0,9.0,-1.0,L 1,-4.0,L 4,-4,L 4,29.0,29.0,0,0,0,1.0,1.0,12-5,7-38,2-2,16-4,4-40,1-1,9-8,4-30,8-27,14-6,15-18,10-13,93.0,100.0,-7.0,13-35,6-12,3-12,8-10,3-3,,7-10,5-8,4-13,4-12,,,,,,,,1-2,13-18,8-27,2011-12,4-11,3-3,2-4
00,22011,1610612764,Washington,Wizards,East,16-32,14, - o,Southeast,7-7,4,20,46,0.303,0.0,20-46,11-22,9-24,8-2,5-5,4-6,1-0,6-5,11-26,-4.0,L 4,-8.0,L 8,6.0,8.0,3.0,W 3,3.0,W 3,6,W 6,30.0,26.0,0,0,0,1.0,1.0,14-10,4-36,2-0,15-6,4-40,1-0,11-7,5-31,8-27,18-13,14-13,10-19,94.0,98.0,-5.0,16-32,4-14,5-11,4-14,1-5,,4-14,3-11,5-11,8-7,,,,,,,,0-3,7-26,13-20,2011-12,7-7,2-4,1-5
00,22011,1610612758,Sacramento,Kings,West,16-32,14, - o,Pacific,3-10,5,22,44,0.333,0.0,22-44,16-17,6-27,3-7,3-7,2-8,1-2,6-7,6-24,3.0,W 3,-6.0,L 6,3.0,7.0,1.0,W 1,-1.0,L 1,1,W 1,28.0,19.0,0,0,0,1.0,1.0,11-9,10-32,1-3,13-5,8-39,1-0,16-15,8-35,10-29,13-9,11-12,15-17,99.0,104.0,-6.0,6-12,2-4,2-5,16-32,3-10,,5-12,6-7,6-12,4-10,,,,,,,,1-3,11-22,11-22,2011-12,2-3,7-12,6-10
00,22011,1610612740,New Orleans,Hornets,West,14-34,15, - o,Southwest,3-11,5,21,45,0.318,0.0,21-45,11-22,10-23,6-4,7-3,3-7,1-3,4-9,6-19,-9.0,L 9,-6.0,L 6,4.0,9.0,4.0,W 4,-1.0,L 1,-1,L 1,29.0,29.0,0,0,0,1.0,1.0,13-18,6-26,2-1,16-11,4-33,1-1,4-5,0-16,12-28,21-12,15-20,11-11,90.0,93.0,-4.0,7-11,3-2,2-5,14-34,5-12,,2-16,4-10,5-12,8-6,,,,,,,,2-1,8-25,13-20,2011-12,2-4,6-11,3-11
00,22011,1610612766,Charlotte,Bobcats,East,5-43,15, - o,Southeast,1-14,5,7,59,0.106,0.0,7-59,4-29,3-30,0-10,0-10,0-10,0-2,2-4,2-38,-14.0,L 14,-13.0,L 13,1.0,23.0,-14.0,L 14,-11.0,L 11,-23,L 23,43.0,39.0,0,0,0,1.0,1.0,3-12,4-47,0-0,6-3,1-53,0-3,4-3,3-36,2-34,6-10,3-11,3-19,87.0,101.0,-14.0,5-43,3-14,1-15,2-16,1-4,,2-17,1-10,3-14,0-16,,,,,,,,1-2,4-28,3-31,2011-12,1-14,0-6,1-6
00,22012,1610612748,Miami,Heat,East,41-11,1, - e,Southeast,15-1,1,66,16,0.805,0.0,66-16,37-4,29-12,9-1,9-1,9-1,5-1,9-3,39-8,17.0,W 17,13.0,W 13,27.0,2.0,5.0,W 5,5.0,W 5,8,W 8,0.0,0.0,1,1,1,0.0,0.0,43-3,20-10,3-3,53-3,13-13,0-0,47-2,16-12,28-13,58-8,30-3,46-5,103.0,95.0,8.0,41-11,14-4,12-6,25-5,8-2,,8-5,12-1,17-1,8-1,,,,,,1-0,10-3,10-5,36-14,30-2,2012-13,15-1,8-2,9-1
00,22012,1610612760,Oklahoma City,Thunder,West,39-13,1, - w,Northwest,10-6,1,60,22,0.732,0.0,60-22,34-7,26-15,7-3,7-3,7-3,4-2,3-6,44-6,12.0,W 12,5.0,W 5,12.0,3.0,-1.0,L 1,5.0,W 5,-1,L 1,0.0,0.0,1,1,1,0.0,0.0,55-8,5-14,0-0,54-4,5-16,1-2,50-8,14-18,30-16,54-7,44-8,25-4,106.0,97.0,9.0,21-9,7-3,8-2,39-13,16-2,,11-5,7-4,12-5,6-2,,,,,,,13-4,11-2,39-14,21-8,2012-13,6-4,10-6,13-5
00,22012,1610612752,New York,Knicks,East,37-15,2, - a,Atlantic,10-6,1,54,28,0.659,0.0,54-28,31-10,23-18,8-2,10-0,7-3,0-2,7-5,31-12,10.0,W 10,6.0,W 6,13.0,4.0,10.0,W 10,-1.0,L 1,1,W 1,12.0,0.0,0,1,1,0.0,0.0,40-7,11-21,3-0,42-7,9-21,3-0,39-7,11-18,25-17,36-4,27-9,42-17,100.0,96.0,4.0,37-15,10-6,12-6,17-13,5-5,,7-6,6-5,12-6,8-2,,,,,,,11-4,10-5,32-18,22-10,2012-13,15-3,6-4,6-4
00,22012,1610612759,San Antonio,Spurs,West,33-19,2, - sw,Southwest,12-4,1,58,24,0.707,0.0,58-24,35-6,23-18,3-7,8-2,2-8,4-3,9-5,31-10,18.0,W 18,8.0,W 8,11.0,3.0,-1.0,L 1,-7.0,L 7,-3,L 3,2.0,0.0,0,1,1,0.0,0.0,43-8,14-14,1-2,46-6,8-16,4-2,43-8,17-15,25-17,52-5,30-4,31-8,103.0,97.0,6.0,25-5,8-2,9-1,33-19,12-6,,12-3,8-3,10-4,3-6,,,,,,1-0,12-4,12-4,42-12,16-12,2012-13,8-2,9-9,12-4
00,22012,1610612754,Indiana,Pacers,East,31-20,3, - c,Central,13-3,1,49,32,0.605,0.0,49-32,30-11,19-21,5-5,5-5,5-5,2-3,4-9,27-14,15.0,W 15,-6.0,L 6,5.0,3.0,-2.0,L 2,-2.0,L 2,-3,L 3,16.5,0.0,0,1,1,0.0,0.0,34-11,11-21,4-0,43-7,5-25,1-0,22-4,5-13,22-23,41-7,39-19,17-11,95.0,91.0,4.0,31-20,6-11,13-3,18-12,7-3,,9-6,9-3,11-5,2-5,,,,,,1-0,7-8,10-5,32-21,17-11,2012-13,12-6,3-7,8-2
00,22012,1610612743,Denver,Nuggets,West,38-14,3, - x,Northwest,11-5,2,57,25,0.695,0.0,57-25,38-3,19-22,8-2,10-0,7-3,4-2,11-7,28-8,23.0,W 23,6.0,W 6,15.0,3.0,23.0,W 23,1.0,W 1,3,W 3,3.0,3.0,0,0,1,0.0,0.0,43-7,10-17,4-1,45-6,11-18,1-1,47-16,23-22,31-17,40-14,43-10,30-7,106.0,101.0,5.0,19-11,5-5,10-0,38-14,14-4,,12-3,8-4,13-2,7-1,,,,,,0-1,8-8,9-6,33-21,24-4,2012-13,4-6,11-5,13-5
00,22012,1610612751,Brooklyn,Nets,East,36-16,4, - x,Atlantic,11-5,2,49,33,0.598,0.0,49-33,26-15,23-18,7-3,6-4,6-4,5-0,9-4,23-17,8.0,W 8,-4.0,L 4,7.0,5.0,4.0,W 4,-1.0,L 1,2,W 2,17.0,5.0,0,0,1,0.0,0.0,33-12,14-20,2-1,35-6,11-27,3-0,26-4,11-21,18-28,36-1,36-16,23-9,97.0,95.0,2.0,36-16,11-5,13-5,13-17,5-5,,11-4,7-5,8-7,7-2,,,,,,,11-4,5-11,31-22,18-11,2012-13,12-6,5-5,3-7
00,22012,1610612746,Los Angeles,Clippers,West,35-17,4, - p,Pacific,11-5,1,56,26,0.683,0.0,56-26,32-9,24-17,7-3,8-2,5-5,0-2,3-5,38-12,13.0,W 13,7.0,W 7,17.0,4.0,4.0,W 4,3.0,W 3,7,W 7,4.0,0.0,0,1,1,0.0,0.0,47-3,8-22,1-1,48-3,8-22,0-1,38-11,10-19,26-18,51-5,38-10,37-11,101.0,95.0,6.0,21-9,7-3,8-2,35-17,11-5,,9-7,8-5,7-7,7-1,,,,,,1-0,8-6,16-0,39-17,17-9,2012-13,6-4,12-6,12-6
00,22012,1610612763,Memphis,Grizzlies,West,34-18,5, - x,Southwest,10-6,2,56,26,0.683,0.0,56-26,32-9,24-17,8-2,9-1,5-5,4-1,6-4,28-9,13.0,W 13,-5.0,L 5,8.0,3.0,1.0,W 1,3.0,W 3,2,W 2,4.0,2.0,0,0,1,0.0,0.0,43-9,13-15,0-2,48-8,7-15,1-3,23-1,3-8,26-17,43-2,42-14,37-12,93.0,89.0,4.0,22-8,8-2,8-2,34-18,12-6,,10-7,9-2,11-6,7-2,,,,,,0-1,12-1,7-7,33-18,23-8,2012-13,6-4,12-6,10-6
00,22012,1610612741,Chicago,Bulls,East,34-18,5, - x,Central,9-7,2,45,37,0.549,0.0,45-37,24-17,21-20,5-5,7-3,4-6,4-2,11-7,16-16,4.0,W 4,5.0,W 5,3.0,3.0,2.0,W 2,1.0,W 1,2,W 2,21.0,4.5,0,0,1,0.0,0.0,32-9,11-27,2-1,37-4,6-31,2-2,18-2,6-16,27-23,34-3,33-14,18-18,93.0,93.0,0.0,34-18,13-5,9-7,11-19,5-5,,12-4,5-8,7-7,5-5,,,,,,1-0,6-7,9-6,30-22,15-15,2012-13,12-6,4-6,2-8
00,22012,1610612737,Atlanta,Hawks,East,29-23,6, - x,Southeast,11-5,2,44,38,0.537,0.0,44-38,25-16,19-22,4-6,5-5,4-6,4-1,5-5,19-20,4.0,W 4,-6.0,L 6,6.0,4.0,-1.0,L 1,-1.0,L 1,-2,L 2,22.0,22.0,0,0,1,0.0,0.0,33-6,11-29,0-3,34-3,8-33,2-2,32-10,11-19,17-24,40-9,22-12,26-14,98.0,98.0,0.0,29-23,7-11,11-7,15-15,5-5,,7-9,7-4,8-10,3-5,,,,,,,9-5,10-5,29-22,15-16,2012-13,11-5,6-4,4-6
00,22012,1610612744,Golden State,Warriors,West,28-24,6, - x,Pacific,9-7,2,47,35,0.573,0.0,47-35,28-13,19-22,6-4,6-4,4-6,2-2,5-3,20-18,5.0,W 5,5.0,W 5,5.0,6.0,1.0,W 1,1.0,W 1,2,W 2,13.0,9.0,0,0,1,0.0,0.0,34-7,11-27,2-1,38-4,9-30,0-1,36-11,12-26,23-25,38-10,37-11,16-12,101.0,100.0,1.0,19-11,7-3,5-5,28-24,9-7,,8-7,4-8,9-7,5-3,,,,,,1-0,8-6,12-4,30-22,17-13,2012-13,7-3,10-8,9-9
00,22012,1610612747,Los Angeles,Lakers,West,28-24,7, - x,Pacific,8-8,3,45,37,0.549,0.0,45-37,29-12,16-25,8-2,9-1,5-5,3-0,8-5,18-17,7.0,W 7,-8.0,L 8,5.0,6.0,6.0,W 6,1.0,W 1,5,W 5,15.0,11.0,0,0,1,0.0,0.0,28-6,13-27,4-4,30-4,12-32,3-1,35-19,14-28,20-26,36-7,29-19,20-9,102.0,101.0,1.0,17-13,6-4,6-4,28-24,8-8,,5-11,9-4,9-6,7-1,,,,,,0-2,8-6,7-7,25-29,20-8,2012-13,5-5,9-9,11-7
00,22012,1610612738,Boston,Celtics,East,27-24,7, - x,Atlantic,7-9,3,41,40,0.506,0.0,41-40,27-13,14-27,4-6,6-4,2-8,7-4,8-7,18-23,11.0,W 11,-5.0,L 5,7.0,6.0,-1.0,L 1,-1.0,L 1,-1,L 1,24.5,12.5,0,0,1,0.0,0.0,31-9,9-30,1-1,34-5,7-33,0-2,24-8,9-25,21-25,36-12,15-5,29-18,97.0,97.0,0.0,27-24,7-9,8-9,14-16,6-4,,8-7,8-4,8-8,3-5,,,,,,0-1,9-6,5-9,28-24,13-16,2012-13,12-6,6-4,2-8
00,22012,1610612745,Houston,Rockets,West,24-28,8, - x,Southwest,6-10,3,45,37,0.549,0.0,45-37,29-12,16-25,6-4,7-3,4-6,0-4,5-5,26-13,6.0,W 6,-7.0,L 7,5.0,7.0,1.0,W 1,-3.0,L 3,-2,L 2,15.0,13.0,0,0,1,0.0,0.0,33-9,12-26,0-2,35-9,9-28,1-0,38-18,21-30,24-21,36-5,32-15,18-4,106.0,102.0,3.0,21-9,7-3,7-3,24-28,10-8,,8-9,6-5,9-5,5-4,,,,,,1-0,6-8,10-6,29-26,16-11,2012-13,7-3,8-10,6-10
00,22012,1610612749,Milwaukee,Bucks,East,24-28,8, - x,Central,7-9,3,38,44,0.463,0.0,38-44,21-20,17-24,3-7,5-5,1-9,3-3,7-5,13-25,3.0,W 3,-9.0,L 9,4.0,5.0,-1.0,L 1,1.0,W 1,1,W 1,28.0,11.5,0,0,1,0.0,0.0,20-10,17-33,1-1,25-12,10-29,3-3,25-13,12-32,17-27,30-7,19-12,28-22,99.0,100.0,-2.0,24-28,11-7,7-9,14-16,7-3,,8-7,4-8,7-9,3-7,,,,,,,7-7,9-6,26-25,12-19,2012-13,6-12,4-6,3-7
00,22012,1610612755,Philadelphia,76ers,East,22-30,9, - o,Atlantic,7-9,4,34,48,0.415,0.0,34-48,23-18,11-30,5-5,7-3,5-5,2-1,4-5,13-24,4.0,W 4,-15.0,L 15,3.0,7.0,1.0,W 1,1.0,W 1,1,W 1,32.0,20.0,0,0,0,1.0,1.0,23-7,8-40,3-1,30-1,4-45,0-2,17-9,6-26,16-33,30-8,16-11,21-21,93.0,97.0,-3.0,22-30,7-9,7-11,12-18,5-5,,5-9,3-8,8-9,4-5,,,,,,1-0,9-6,4-11,22-29,12-19,2012-13,8-10,3-7,4-6
00,22012,1610612762,Utah,Jazz,West,26-26,9, - o,Northwest,9-7,3,43,39,0.524,0.0,43-39,30-11,13-28,7-3,7-3,3-7,3-3,5-7,19-21,6.0,W 6,-9.0,L 9,5.0,4.0,1.0,W 1,-1.0,L 1,-1,L 1,17.0,17.0,0,0,0,1.0,1.0,29-14,13-25,1-0,34-6,7-31,2-2,24-9,10-28,15-30,31-6,28-16,26-10,98.0,98.0,0.0,17-13,5-5,5-5,26-26,9-9,,10-4,6-6,7-9,5-3,,,,,,1-0,8-8,6-9,30-24,13-15,2012-13,7-3,9-7,8-10
00,22012,1610612742,Dallas,Mavericks,West,24-28,10, - o,Southwest,7-9,4,41,41,0.5,0.0,41-41,24-17,17-24,6-4,6-4,7-3,3-8,5-8,17-19,-4.0,L 4,-6.0,L 6,4.0,6.0,1.0,W 1,3.0,W 3,1,W 1,19.0,17.0,0,0,0,1.0,1.0,27-12,13-24,1-5,35-8,5-33,1-0,34-11,17-32,18-31,35-14,21-8,26-18,101.0,102.0,-1.0,17-13,5-5,6-4,24-28,10-8,,7-8,6-5,11-5,5-4,,,,,,1-1,6-8,5-10,23-29,18-12,2012-13,6-4,7-11,7-9
00,22012,1610612761,Toronto,Raptors,East,22-30,10, - o,Atlantic,5-11,5,34,48,0.415,0.0,34-48,21-20,13-28,7-3,6-4,4-6,2-7,8-8,16-22,5.0,W 5,-11.0,L 11,5.0,6.0,4.0,W 4,2.0,W 2,5,W 5,32.0,20.0,0,0,0,1.0,1.0,24-13,8-30,2-5,31-11,3-36,0-1,16-16,2-35,14-32,27-7,18-13,25-17,97.0,99.0,-1.0,22-30,5-11,8-10,12-18,4-6,,5-10,7-5,4-11,7-2,,,,,,0-1,4-12,7-7,21-32,13-16,2012-13,9-9,4-6,4-6
00,22012,1610612757,Portland,Trail Blazers,West,18-34,11, - o,Northwest,6-10,4,33,49,0.402,0.0,33-49,22-19,11-30,0-10,2-8,2-8,5-1,9-6,13-24,9.0,W 9,-7.0,L 7,5.0,13.0,-8.0,L 8,-5.0,L 5,-13,L 13,27.0,27.0,0,0,0,1.0,1.0,19-13,12-35,2-1,24-7,6-41,3-1,23-13,11-31,18-30,27-7,19-15,16-17,98.0,101.0,-3.0,15-15,5-5,5-5,18-34,5-13,,8-8,3-9,7-9,0-9,,,,,,1-0,5-10,9-4,25-28,8-21,2012-13,5-5,6-10,7-11
00,22012,1610612765,Detroit,Pistons,East,25-27,11, - o,Central,8-8,4,29,53,0.354,0.0,29-53,18-23,11-30,5-5,3-7,3-7,0-3,6-10,15-29,-8.0,L 8,-7.0,L 7,4.0,10.0,3.0,W 3,-1.0,L 1,-1,L 1,37.0,20.5,0,0,0,1.0,1.0,21-15,8-36,0-2,24-8,5-44,0-1,19-10,6-33,10-34,27-13,21-19,11-18,95.0,99.0,-4.0,25-27,6-12,8-8,4-26,2-8,,6-7,6-8,1-13,5-3,,,,,,0-1,5-11,6-10,21-33,8-20,2012-13,11-7,1-9,1-9
00,22012,1610612764,Washington,Wizards,East,15-37,12, - o,Southeast,5-11,3,29,53,0.354,0.0,29-53,22-19,7-34,3-7,8-2,2-8,0-5,6-9,13-17,9.0,W 9,-8.0,L 8,4.0,12.0,-2.0,L 2,-8.0,L 8,-6,L 6,37.0,37.0,0,0,0,1.0,1.0,18-14,7-38,4-1,23-8,6-43,0-2,17-6,7-22,17-28,26-12,17-17,14-20,93.0,96.0,-3.0,15-37,5-13,5-13,14-16,4-6,,7-9,7-5,9-8,2-7,,,,,,0-1,1-12,3-11,15-36,14-17,2012-13,5-11,6-4,4-6
00,22012,1610612750,Minnesota,Timberwolves,West,17-35,12, - o,Northwest,4-12,5,31,51,0.378,0.0,31-51,20-21,11-30,5-5,5-5,4-6,1-1,3-10,15-26,5.0,W 5,-9.0,L 9,4.0,6.0,-1.0,L 1,1.0,W 1,1,W 1,29.0,29.0,0,0,0,1.0,1.0,25-17,5-34,1-0,29-13,2-38,0-0,19-7,7-36,14-35,21-4,23-13,18-30,96.0,98.0,-2.0,14-16,4-6,7-3,17-35,5-13,,3-12,3-10,6-11,5-5,,,,,,,7-8,7-5,19-31,12-20,2012-13,3-7,4-12,8-10
00,22012,1610612758,Sacramento,Kings,West,14-38,13, - o,Pacific,7-9,4,28,54,0.341,0.0,28-54,20-21,8-33,2-8,4-6,3-7,0-4,7-3,12-31,-5.0,L 5,-9.0,L 9,3.0,6.0,-1.0,L 1,-3.0,L 3,-4,L 4,32.0,28.0,0,0,0,1.0,1.0,23-9,5-42,0-3,23-6,5-48,0-0,21-19,12-40,11-38,22-7,17-10,16-26,100.0,105.0,-5.0,14-16,4-6,4-6,14-38,7-9,,6-11,3-9,7-8,1-7,,,,,,0-1,4-10,7-8,19-35,9-19,2012-13,6-4,5-13,2-16
00,22012,1610612739,Cleveland,Cavaliers,East,18-34,13, - o,Central,3-13,5,24,58,0.293,0.0,24-58,14-27,10-31,2-8,2-8,1-9,0-1,6-11,7-27,-6.0,L 6,-8.0,L 8,3.0,10.0,-3.0,L 3,-3.0,L 3,-6,L 6,42.0,25.5,0,0,0,1.0,1.0,14-21,6-36,4-1,15-14,8-42,1-2,13-14,8-39,13-37,12-7,13-21,18-33,97.0,101.0,-5.0,18-34,5-13,3-13,6-24,2-8,,6-8,7-5,2-12,2-8,,,,,,1-0,3-12,3-13,16-37,8-21,2012-13,10-8,3-7,1-9
00,22012,1610612740,New Orleans,Hornets,West,15-37,14, - o,Southwest,5-11,5,27,55,0.329,0.0,27-55,16-25,11-30,2-8,5-5,1-9,1-3,7-5,10-27,-7.0,L 7,-8.0,L 8,4.0,11.0,-2.0,L 2,-3.0,L 3,-5,L 5,33.0,31.0,0,0,0,1.0,1.0,15-15,12-38,0-2,22-9,3-42,2-4,12-12,2-35,13-35,20-9,20-26,13-17,94.0,98.0,-4.0,12-18,3-7,5-5,15-37,5-13,,8-8,5-8,6-9,1-7,,,,,,0-1,4-9,3-13,19-34,8-21,2012-13,4-6,5-13,5-11
00,22012,1610612766,Charlotte,Bobcats,East,18-34,14, - o,Southeast,6-10,4,21,61,0.256,0.0,21-61,15-26,6-35,4-6,8-2,0-10,3-1,6-6,6-37,-16.0,L 16,-14.0,L 14,3.0,18.0,3.0,W 3,-14.0,L 14,3,W 3,45.0,45.0,0,0,0,1.0,1.0,12-12,8-49,1-0,15-6,4-54,2-1,13-11,7-45,8-39,15-6,14-16,9-20,93.0,103.0,-9.0,18-34,6-12,6-12,3-27,0-10,,3-11,2-10,4-12,4-5,,,,,,,7-8,1-15,12-40,9-21,2012-13,6-10,2-8,1-9
00,22012,1610612753,Orlando,Magic,East,10-42,15, - o,Southeast,3-13,5,20,62,0.244,0.0,20-62,12-29,8-33,2-8,3-7,0-10,1-3,2-9,8-30,-7.0,L 7,-12.0,L 12,4.0,12.0,-2.0,L 2,-12.0,L 12,-3,L 3,46.0,46.0,0,0,0,1.0,1.0,12-12,7-47,1-3,13-12,5-49,2-1,12-15,7-35,8-39,15-17,13-25,8-11,94.0,101.0,-7.0,10-42,2-16,5-13,10-20,6-4,,2-12,2-11,3-13,1-7,,,,,,,5-10,7-9,15-37,5-25,2012-13,3-13,3-7,1-9
00,22012,1610612756,Phoenix,Suns,West,17-35,15, - o,Pacific,5-11,5,25,57,0.305,0.0,25-57,17-24,8-33,2-8,2-8,1-9,3-2,6-8,10-31,-7.0,L 7,-12.0,L 12,4.0,10.0,1.0,W 1,-2.0,L 2,-1,L 1,35.0,31.0,0,0,0,1.0,1.0,15-13,9-42,1-2,18-7,6-48,1-2,13-11,8-37,13-37,20-12,14-18,19-18,95.0,102.0,-6.0,8-22,1-9,4-6,17-35,5-11,,5-9,4-9,3-12,2-6,,,,,,0-1,7-9,4-11,17-36,8-21,2012-13,3-7,5-13,7-11
00,22013,1610612759,San Antonio,Spurs,West,38-14,1, - w,Southwest,12-4,1,62,20,0.756,0.0,62-20,32-9,30-11,6-4,9-1,7-3,2-0,7-0,35-12,15.0,W 15,7.0,W 7,19.0,3.0,-1.0,L 1,-1.0,L 1,-2,L 2,0.0,0.0,1,1,1,0.0,0.0,47-3,14-16,1-1,52-1,9-19,1-0,52-10,23-17,29-16,53-3,39-2,22-8,105.0,98.0,8.0,24-6,8-2,7-3,38-14,15-3,,8-6,9-3,16-0,4-4,,,,,,1-0,13-3,11-4,38-15,24-5,2013-14,9-1,11-7,12-4
00,22013,1610612754,Indiana,Pacers,East,38-14,1, - e,Central,12-4,1,56,26,0.683,0.0,56-26,35-6,21-20,4-6,7-3,3-7,4-0,4-3,29-17,11.0,W 11,-6.0,L 6,9.0,4.0,1.0,W 1,1.0,W 1,2,W 2,0.0,0.0,1,1,1,0.0,0.0,36-5,18-21,2-0,47-3,9-21,0-2,28-2,7-14,18-17,49-6,39-9,25-6,97.0,92.0,4.0,38-14,15-3,12-4,18-12,7-3,,10-5,9-3,8-10,4-3,,,,,,2-0,13-1,10-4,40-12,16-14,2013-14,11-7,6-4,5-5
00,22013,1610612760,Oklahoma City,Thunder,West,36-16,2, - nw,Northwest,11-5,1,59,23,0.72,0.0,59-23,34-7,25-16,6-4,9-1,5-5,3-1,10-4,33-8,13.0,W 13,8.0,W 8,10.0,3.0,6.0,W 6,-2.0,L 2,1,W 1,3.0,0.0,0,1,1,0.0,0.0,44-11,14-11,1-1,48-7,9-16,2-0,50-12,18-19,31-14,48-8,43-8,30-6,106.0,100.0,6.0,23-7,8-2,8-2,36-16,12-6,,13-4,6-5,10-4,5-4,,,,,,1-0,10-3,14-3,43-12,16-11,2013-14,7-3,11-5,13-5
00,22013,1610612748,Miami,Heat,East,34-18,2, - se,Southeast,12-4,1,54,28,0.659,0.0,54-28,32-9,22-19,4-6,7-3,3-7,2-4,8-7,29-10,6.0,W 6,5.0,W 5,10.0,3.0,-1.0,L 1,-3.0,L 3,-3,L 3,2.0,0.0,0,1,1,0.0,0.0,41-7,12-17,1-4,40-5,11-22,3-1,39-10,12-21,25-14,51-7,19-4,44-13,102.0,97.0,5.0,34-18,9-9,13-5,20-10,8-2,,8-6,9-1,10-8,3-6,,,,,,1-1,12-2,11-4,37-14,17-14,2013-14,12-4,6-4,6-4
00,22013,1610612761,Toronto,Raptors,East,32-20,3, - a,Atlantic,11-5,1,48,34,0.585,0.0,48-34,26-15,22-19,7-3,7-3,5-5,1-6,3-8,24-6,6.0,W 6,4.0,W 4,5.0,5.0,1.0,W 1,-1.0,L 1,-1,L 1,8.0,0.0,0,1,1,0.0,0.0,36-8,11-24,1-2,35-2,11-29,2-3,29-17,12-25,14-23,30-10,30-18,30-13,101.0,98.0,3.0,32-20,11-5,13-5,16-14,3-7,,11-6,7-5,10-6,6-2,,,,,,1-0,5-9,8-6,28-24,20-10,2013-14,8-10,6-4,7-3
00,22013,1610612746,Los Angeles,Clippers,West,36-16,3, - p,Pacific,12-4,1,57,25,0.695,0.0,57-25,34-7,23-18,7-3,8-2,7-3,2-1,4-3,30-9,8.0,W 8,5.0,W 5,11.0,2.0,2.0,W 2,-1.0,L 1,-1,L 1,5.0,0.0,0,1,1,0.0,0.0,38-4,14-20,5-1,52-4,3-19,2-2,52-12,27-21,27-18,48-5,31-7,36-12,108.0,101.0,7.0,21-9,9-1,7-3,36-16,12-4,,12-4,7-4,13-2,4-3,,,,,,1-1,11-4,9-7,37-18,20-7,2013-14,5-5,12-6,12-6
00,22013,1610612745,Houston,Rockets,West,31-21,4, - x,Southwest,11-5,2,54,28,0.659,0.0,54-28,33-8,21-20,5-5,9-1,3-7,3-2,7-6,30-9,11.0,W 11,4.0,W 4,8.0,3.0,4.0,W 4,-3.0,L 3,-1,L 1,8.0,8.0,0,0,1,0.0,0.0,44-8,9-20,1-0,44-5,8-20,2-3,50-13,28-23,22-22,49-4,38-15,17-7,108.0,103.0,5.0,23-7,7-3,8-2,31-21,9-9,,10-4,8-2,10-4,5-5,,,,,,1-0,12-5,8-8,36-17,18-11,2013-14,8-2,11-7,11-5
00,22013,1610612741,Chicago,Bulls,East,35-17,4, - x,Central,11-5,2,48,34,0.585,0.0,48-34,27-14,21-20,8-2,8-2,6-4,3-3,6-5,27-19,5.0,W 5,4.0,W 4,7.0,4.0,4.0,W 4,-2.0,L 2,-1,L 1,8.0,8.0,0,0,1,0.0,0.0,35-7,12-25,1-2,41-5,6-28,1-1,23-2,4-12,17-18,36-3,35-18,21-8,94.0,92.0,2.0,35-17,12-6,11-5,13-17,6-4,,11-4,9-4,10-6,6-2,,,,,,1-1,6-7,5-10,27-25,21-9,2013-14,12-6,3-7,4-6
00,22013,1610612757,Portland,Trail Blazers,West,31-21,5, - x,Northwest,13-3,2,54,28,0.659,0.0,54-28,31-10,23-18,9-1,8-2,5-5,5-2,8-9,24-13,8.0,W 8,7.0,W 7,11.0,4.0,4.0,W 4,4.0,W 4,5,W 5,8.0,5.0,0,0,1,0.0,0.0,36-10,18-17,0-1,40-8,10-19,4-1,47-14,27-24,20-21,36-2,38-12,22-5,107.0,103.0,4.0,23-7,9-1,9-1,31-21,10-8,,8-6,7-5,8-9,6-1,,,,,,0-1,13-2,12-4,36-17,18-11,2013-14,5-5,13-3,8-10
00,22013,1610612764,Washington,Wizards,East,33-19,5, - x,Southeast,10-6,2,44,38,0.537,0.0,44-38,22-19,22-19,7-3,6-4,5-5,4-8,5-9,19-14,5.0,W 5,5.0,W 5,6.0,4.0,2.0,W 2,3.0,W 3,4,W 4,12.0,10.0,0,0,1,0.0,0.0,32-10,11-27,1-1,34-8,6-27,4-3,31-15,14-26,14-25,35-5,27-12,31-19,101.0,99.0,1.0,33-19,13-5,10-8,11-19,5-5,,8-9,8-5,8-8,6-2,,,,,,0-1,8-8,6-5,25-27,19-11,2013-14,10-6,4-6,2-8
00,22013,1610612751,Brooklyn,Nets,East,26-26,6, - x,Atlantic,9-7,2,44,38,0.537,0.0,44-38,28-13,16-25,5-5,8-2,4-6,3-4,8-3,17-20,15.0,W 15,-4.0,L 4,5.0,5.0,-1.0,L 1,-2.0,L 2,-2,L 2,12.0,4.0,0,0,1,0.0,0.0,34-8,8-30,2-0,40-3,4-34,0-1,33-8,9-27,20-18,35-5,23-5,23-17,99.0,100.0,-1.0,26-26,9-7,7-11,18-12,6-4,,10-3,7-5,12-4,5-5,,,,,,0-1,5-11,5-9,24-27,20-11,2013-14,10-8,5-5,7-3
00,22013,1610612744,Golden State,Warriors,West,31-21,6, - x,Pacific,11-5,2,51,31,0.622,0.0,51-31,27-14,24-17,6-4,6-4,6-4,3-3,11-8,28-9,5.0,W 5,7.0,W 7,10.0,3.0,1.0,W 1,1.0,W 1,2,W 2,11.0,6.0,0,0,1,0.0,0.0,36-7,12-23,3-1,40-6,11-25,0-0,41-13,16-25,25-20,40-10,35-13,26-4,104.0,99.0,5.0,20-10,7-3,7-3,31-21,11-5,,9-6,7-4,9-5,6-3,,,,,,1-1,8-7,11-5,31-22,20-9,2013-14,6-4,11-7,9-9
00,22013,1610612766,Charlotte,Bobcats,East,30-22,7, - x,Southeast,6-10,3,43,39,0.524,0.0,43-39,25-16,18-23,8-2,8-2,6-4,6-3,8-8,18-19,8.0,W 8,-4.0,L 4,5.0,5.0,5.0,W 5,1.0,W 1,3,W 3,13.0,11.0,0,0,1,0.0,0.0,30-11,12-26,1-2,34-7,6-31,3-1,25-6,9-20,18-22,35-6,25-11,21-22,97.0,97.0,0.0,30-22,11-7,13-5,13-17,6-4,,7-9,6-4,9-7,7-1,,,,,,0-1,8-8,6-9,23-30,20-9,2013-14,6-10,4-6,3-7
00,22013,1610612763,Memphis,Grizzlies,West,29-23,7, - x,Southwest,4-12,3,50,32,0.61,0.0,50-32,27-14,23-18,7-3,10-0,5-5,3-2,10-4,18-13,14.0,W 14,6.0,W 6,6.0,5.0,14.0,W 14,2.0,W 2,5,W 5,12.0,12.0,0,0,1,0.0,0.0,33-5,16-27,1-0,36-3,9-27,5-2,23-4,7-20,25-21,43-7,36-12,28-15,96.0,95.0,2.0,21-9,6-4,7-3,29-23,14-4,,12-3,7-5,12-5,6-2,,,,,,0-1,8-7,5-9,29-23,21-9,2013-14,8-2,11-7,4-12
00,22013,1610612737,Atlanta,Hawks,East,28-24,8, - x,Southeast,8-8,4,38,44,0.463,0.0,38-44,24-17,14-27,7-3,4-6,5-5,4-1,8-9,15-16,5.0,W 5,-10.0,L 10,5.0,8.0,-1.0,L 1,3.0,W 3,1,W 1,18.0,16.0,0,0,1,0.0,0.0,21-15,15-27,2-2,30-9,8-34,0-1,28-19,12-36,14-25,27-8,17-10,23-16,101.0,101.0,0.0,28-24,10-8,10-8,10-20,4-6,,6-7,2-10,6-10,6-3,,,,,,0-1,9-8,9-5,25-26,13-18,2013-14,8-8,4-6,2-8
00,22013,1610612742,Dallas,Mavericks,West,29-23,8, - x,Southwest,9-7,4,49,33,0.598,0.0,49-33,26-15,23-18,6-4,5-5,6-4,1-5,11-11,23-10,7.0,W 7,6.0,W 6,5.0,3.0,1.0,W 1,-1.0,L 1,-1,L 1,13.0,13.0,0,0,1,0.0,0.0,37-12,12-21,0-0,40-7,8-25,1-1,41-22,19-29,20-25,40-9,23-7,31-21,105.0,102.0,2.0,20-10,5-5,9-1,29-23,10-8,,9-8,9-3,8-6,5-3,,,,,,1-0,9-8,8-5,32-22,17-11,2013-14,6-4,10-8,9-7
00,22013,1610612756,Phoenix,Suns,West,28-24,9, - o,Pacific,8-8,3,48,34,0.585,0.0,48-34,26-15,22-19,5-5,6-4,6-4,1-2,2-9,19-7,4.0,W 4,4.0,W 4,6.0,4.0,-1.0,L 1,1.0,W 1,1,W 1,14.0,9.0,0,0,0,1.0,1.0,36-16,10-18,2-0,40-9,7-22,1-3,40-14,23-28,22-19,43-4,26-13,21-16,105.0,103.0,3.0,20-10,7-3,6-4,28-24,8-8,,9-7,6-6,10-6,4-4,,,,,,1-0,8-8,10-3,30-21,18-13,2013-14,7-3,13-5,7-11
00,22013,1610612752,New York,Knicks,East,26-26,9, - o,Atlantic,10-6,3,37,45,0.451,0.0,37-45,19-22,18-23,7-3,7-3,7-3,2-3,3-8,19-22,-7.0,L 7,-5.0,L 5,8.0,9.0,2.0,W 2,2.0,W 2,4,W 4,19.0,11.0,0,0,0,1.0,1.0,31-11,4-32,2-2,35-10,1-35,1-0,25-12,7-33,17-23,30-7,19-15,26-20,99.0,99.0,-1.0,26-26,10-6,9-9,11-19,4-6,,10-6,2-11,11-5,5-2,,,,,,1-1,2-11,6-9,20-32,17-13,2013-14,7-11,4-6,3-7
00,22013,1610612750,Minnesota,Timberwolves,West,23-29,10, - o,Northwest,7-9,3,40,42,0.488,0.0,40-42,24-17,16-25,4-6,6-4,3-7,3-2,5-6,26-18,3.0,W 3,-5.0,L 5,3.0,4.0,-1.0,L 1,-3.0,L 3,-3,L 3,22.0,19.0,0,0,0,1.0,1.0,31-13,7-28,2-1,36-10,4-29,0-3,37-22,17-37,14-30,28-3,23-19,31-27,107.0,104.0,3.0,17-13,5-5,7-3,23-29,7-11,,8-7,5-6,8-8,4-5,,,,,,1-0,8-9,6-7,25-28,15-14,2013-14,5-5,7-9,9-9
00,22013,1610612739,Cleveland,Cavaliers,East,21-31,10, - o,Central,7-9,3,33,49,0.402,0.0,33-49,19-22,14-27,5-5,4-6,5-5,5-3,7-5,13-27,-5.0,L 5,-6.0,L 6,6.0,6.0,1.0,W 1,-2.0,L 2,1,W 1,23.0,23.0,0,0,0,1.0,1.0,22-10,10-39,1-0,24-6,8-42,1-1,21-12,12-33,15-29,26-10,27-16,16-22,98.0,102.0,-3.0,21-31,8-10,7-9,12-18,5-5,,6-9,8-6,6-9,3-4,,,,,,1-0,4-12,5-9,20-33,13-16,2013-14,6-12,6-4,1-9
00,22013,1610612765,Detroit,Pistons,East,23-29,11, - o,Central,6-10,4,29,53,0.354,0.0,29-53,17-24,12-29,3-7,4-6,2-8,0-4,2-6,16-25,5.0,W 5,-13.0,L 13,4.0,6.0,-1.0,L 1,-3.0,L 3,-4,L 4,27.0,27.0,0,0,0,1.0,1.0,17-16,10-36,2-1,26-14,3-39,0-0,23-23,10-45,7-29,24-5,24-25,15-22,101.0,105.0,-4.0,23-29,11-7,6-10,6-24,3-7,,4-8,5-8,4-12,2-6,,,,,,1-0,5-10,8-9,22-30,7-23,2013-14,6-12,2-8,1-9
00,22013,1610612743,Denver,Nuggets,West,20-32,11, - o,Northwest,5-11,4,36,46,0.439,0.0,36-46,22-19,14-27,4-6,7-3,3-7,0-3,8-5,16-24,6.0,W 6,-6.0,L 6,7.0,8.0,-1.0,L 1,-1.0,L 1,-2,L 2,26.0,23.0,0,0,0,1.0,1.0,25-9,9-37,2-0,30-10,3-33,3-3,33-18,19-40,17-28,26-11,26-18,14-13,104.0,107.0,-2.0,16-14,5-5,5-5,20-32,8-10,,8-7,3-9,7-10,4-4,,,,,,0-1,9-5,5-10,24-27,12-19,2013-14,6-4,5-11,7-11
00,22013,1610612738,Boston,Celtics,East,21-31,12, - o,Atlantic,5-11,4,25,57,0.305,0.0,25-57,16-25,9-32,2-8,4-6,1-9,1-1,5-9,9-23,-4.0,L 4,-13.0,L 13,4.0,9.0,-1.0,L 1,-1.0,L 1,-2,L 2,31.0,23.0,0,0,0,1.0,1.0,22-15,3-41,0-1,22-10,3-45,0-2,16-11,9-37,11-33,18-11,16-22,12-17,96.0,101.0,-4.0,21-31,5-11,6-12,4-26,1-9,,2-15,5-6,3-12,2-6,,,,,,0-1,7-11,6-6,19-35,6-22,2013-14,10-8,3-7,0-10
00,22013,1610612740,New Orleans,Pelicans,West,15-37,12, - o,Southwest,4-12,5,34,48,0.415,0.0,34-48,22-19,12-29,2-8,7-3,2-8,5-0,7-8,10-21,-6.0,L 6,-6.0,L 6,5.0,8.0,2.0,W 2,-6.0,L 6,2,W 2,28.0,28.0,0,0,0,1.0,1.0,22-18,10-26,2-4,23-10,8-36,3-2,27-13,15-36,14-34,30-8,22-21,24-18,100.0,102.0,-3.0,19-11,6-4,8-2,15-37,4-14,,5-11,4-9,9-7,2-6,,,,,,0-1,7-7,7-7,23-29,11-19,2013-14,5-5,7-11,4-12
00,22013,1610612758,Sacramento,Kings,West,15-37,13, - o,Pacific,3-13,4,28,54,0.341,0.0,28-54,17-24,11-30,3-7,5-5,2-8,4-2,4-9,12-26,-4.0,L 4,-7.0,L 7,3.0,7.0,-1.0,L 1,-3.0,L 3,-1,L 1,34.0,29.0,0,0,0,1.0,1.0,19-10,9-41,0-3,21-9,7-44,0-1,25-21,15-37,12-37,25-9,19-30,13-15,101.0,103.0,-3.0,13-17,5-5,4-6,15-37,3-13,,5-11,5-7,6-10,2-6,,,,,,1-0,3-10,6-10,18-35,10-19,2013-14,4-6,6-12,6-12
00,22013,1610612753,Orlando,Magic,East,17-35,13, - o,Southeast,4-12,5,23,59,0.28,0.0,23-59,19-22,4-37,3-7,4-6,0-10,2-5,5-7,10-30,5.0,W 5,-16.0,L 16,3.0,10.0,-2.0,L 2,-10.0,L 10,-4,L 4,33.0,31.0,0,0,0,1.0,1.0,13-13,10-45,0-1,14-8,8-51,1-0,15-14,7-42,9-32,20-15,19-17,9-23,97.0,102.0,-5.0,17-35,7-11,6-12,6-24,2-8,,3-14,5-7,3-11,2-6,,,,,,0-2,6-8,4-11,16-38,7-21,2013-14,4-12,3-7,1-9
00,22013,1610612755,Philadelphia,76ers,East,14-38,14, - o,Atlantic,5-11,5,19,63,0.232,0.0,19-63,10-31,9-32,4-6,2-8,2-8,4-1,6-3,4-46,-18.0,L 18,-13.0,L 13,4.0,26.0,1.0,W 1,1.0,W 1,2,W 2,37.0,29.0,0,0,0,1.0,1.0,15-12,3-50,1-1,13-3,5-58,1-2,16-21,13-57,5-30,17-14,11-15,11-30,99.0,110.0,-10.0,14-38,5-11,4-14,5-25,2-8,,6-11,0-11,1-15,3-5,,,,,,1-0,5-11,3-10,15-39,4-24,2013-14,5-13,2-8,1-9
00,22013,1610612747,Los Angeles,Lakers,West,15-37,14, - o,Pacific,6-10,5,27,55,0.329,0.0,27-55,14-27,13-28,3-7,3-7,3-7,0-1,5-5,12-33,-8.0,L 8,-7.0,L 7,3.0,7.0,-5.0,L 5,2.0,W 2,2,W 2,35.0,30.0,0,0,0,1.0,1.0,16-10,10-42,1-3,18-3,7-52,2-0,23-29,12-49,10-33,23-11,10-7,12-17,103.0,109.0,-6.0,12-18,6-4,3-7,15-37,6-10,,3-12,4-8,5-9,2-7,,,,,,1-1,8-7,4-11,18-35,9-20,2013-14,3-7,5-13,4-14
00,22013,1610612749,Milwaukee,Bucks,East,12-40,15, - o,Central,4-12,5,15,67,0.183,0.0,15-67,10-31,5-36,1-9,3-7,0-10,1-6,4-5,4-33,-5.0,L 5,-14.0,L 14,1.0,11.0,-1.0,L 1,-14.0,L 14,-3,L 3,41.0,41.0,0,0,0,1.0,1.0,10-14,5-50,0-3,11-7,4-58,0-2,12-22,8-50,2-35,12-16,10-21,7-20,95.0,104.0,-8.0,12-40,5-13,4-12,3-27,2-8,,1-14,3-8,3-14,1-7,,,,,,0-1,3-12,4-11,9-43,6-24,2013-14,3-15,1-9,0-10
00,22013,1610612762,Utah,Jazz,West,13-39,15, - o,Northwest,4-12,5,25,57,0.305,0.0,25-57,16-25,9-32,2-8,2-8,2-8,2-1,5-4,9-39,4.0,W 4,-9.0,L 9,3.0,8.0,-3.0,L 3,1.0,W 1,1,W 1,37.0,34.0,0,0,0,1.0,1.0,18-16,6-40,1-1,22-6,2-48,1-3,17-10,10-39,9-34,17-10,14-18,6-16,95.0,102.0,-7.0,12-18,3-7,3-7,13-39,6-12,,6-6,5-7,2-15,2-5,,,,,,0-1,3-14,7-9,19-33,6-24,2013-14,6-4,4-12,3-15
00,22014,1610612737,Atlanta,Hawks,East,38-14,1, - e,Southeast,12-4,1,60,22,0.732,0.0,60-22,35-6,25-16,5-5,8-2,4-6,0-1,6-4,30-10,12.0,W 12,12.0,W 12,19.0,3.0,-1.0,L 1,-2.0,L 2,-3,L 3,0.0,0.0,1,1,1,0.0,0.0,46-7,11-15,3-0,51-4,7-17,2-1,40-9,16-17,28-12,49-4,24-2,45-10,103.0,97.0,5.0,38-14,12-6,14-4,22-8,8-2,,17-0,7-4,9-7,4-3,,,,,,0-1,9-5,14-2,43-11,17-11,2014-15,12-4,8-2,6-4
00,22014,1610612744,Golden State,Warriors,West,42-10,1, - w,Pacific,13-3,1,67,15,0.817,0.0,67-15,39-2,28-13,8-2,10-0,6-4,1-1,5-3,45-9,19.0,W 19,10.0,W 10,16.0,2.0,18.0,W 18,-2.0,L 2,4,W 4,0.0,0.0,1,1,1,0.0,0.0,54-4,8-10,5-1,57-3,6-12,4-0,59-9,27-15,36-9,60-4,36-5,45-6,110.0,100.0,10.0,25-5,9-1,7-3,42-10,13-3,,12-3,8-3,16-2,6-2,,,,,,1-0,13-2,11-3,42-9,25-6,2014-15,9-1,15-3,14-4
00,22014,1610612739,Cleveland,Cavaliers,East,35-17,2, - c,Central,11-5,1,53,29,0.646,0.0,53-29,31-10,22-19,7-3,9-1,6-4,3-1,6-4,30-14,18.0,W 18,4.0,W 4,12.0,6.0,2.0,W 2,-1.0,L 1,2,W 2,7.0,0.0,0,1,1,0.0,0.0,40-4,12-24,1-1,43-3,8-25,2-1,42-5,14-22,22-13,37-1,34-11,23-6,103.0,99.0,4.0,35-17,12-6,11-5,18-12,7-3,,11-6,8-3,11-4,5-2,,,,,,1-1,7-6,10-7,33-22,20-7,2014-15,12-6,6-4,5-5
00,22014,1610612745,Houston,Rockets,West,33-19,2, - sw,Southwest,8-8,1,56,26,0.683,0.0,56-26,30-11,26-15,7-3,7-3,7-3,5-0,8-4,31-14,5.0,W 5,6.0,W 6,6.0,2.0,2.0,W 2,1.0,W 1,3,W 3,11.0,0.0,0,1,1,0.0,0.0,45-7,8-17,3-2,44-7,9-17,3-2,44-12,21-22,28-22,43-2,33-6,25-8,104.0,100.0,3.0,23-7,9-1,8-2,33-19,10-8,,11-6,7-3,10-6,6-2,,,,,,2-0,11-4,9-5,36-17,20-9,2014-15,6-4,15-3,8-8
00,22014,1610612741,Chicago,Bulls,East,33-19,3, - x,Central,8-8,2,50,32,0.61,0.0,50-32,27-14,23-18,7-3,9-1,4-6,3-3,7-2,20-16,7.0,W 7,6.0,W 6,7.0,3.0,7.0,W 7,2.0,W 2,4,W 4,10.0,3.0,0,0,1,0.0,0.0,31-5,15-24,4-3,37-3,9-27,4-2,35-10,15-21,24-16,40-5,38-14,21-9,101.0,98.0,3.0,33-19,16-2,8-8,17-13,5-5,,8-9,7-3,8-7,5-3,,,,,,1-1,10-5,11-4,34-20,16-12,2014-15,9-9,6-4,6-4
00,22014,1610612746,Los Angeles,Clippers,West,37-15,3, - x,Pacific,12-4,2,56,26,0.683,0.0,56-26,30-11,26-15,9-1,7-3,9-1,1-1,3-5,33-9,8.0,W 8,8.0,W 8,9.0,4.0,3.0,W 3,8.0,W 8,7,W 7,11.0,11.0,0,0,1,0.0,0.0,40-11,12-14,4-1,45-10,7-16,4-0,48-12,22-22,21-21,46-6,32-8,34-13,107.0,100.0,7.0,19-11,7-3,6-4,37-15,12-4,,11-4,5-6,11-5,7-0,,,,,,2-0,9-5,11-6,35-19,21-7,2014-15,6-4,15-3,10-8
00,22014,1610612757,Portland,Trail Blazers,West,31-21,4, - nw,Northwest,11-5,1,51,31,0.622,0.0,51-31,32-9,19-22,4-6,7-3,3-7,4-1,5-1,30-11,7.0,W 7,7.0,W 7,9.0,5.0,-1.0,L 1,-4.0,L 4,-4,L 4,16.0,0.0,0,1,1,0.0,0.0,33-8,17-21,1-2,35-8,14-18,2-5,38-12,11-23,24-22,36-7,32-10,20-8,103.0,99.0,4.0,20-10,8-2,7-3,31-21,10-8,,6-9,6-3,10-6,3-6,,,,,,1-1,12-3,13-3,36-17,15-14,2014-15,5-5,11-5,10-8
00,22014,1610612761,Toronto,Raptors,East,33-19,4, - a,Atlantic,11-5,1,49,33,0.598,0.0,49-33,27-14,22-19,7-3,6-4,5-5,4-3,6-5,29-11,5.0,W 5,5.0,W 5,6.0,5.0,1.0,W 1,-1.0,L 1,1,W 1,11.0,0.0,0,1,1,0.0,0.0,31-13,13-19,5-1,43-10,5-23,1-0,38-15,19-27,15-22,31-6,22-11,34-15,104.0,101.0,3.0,33-19,11-5,8-10,16-14,6-4,,9-7,4-7,7-8,5-3,,,,,,1-0,12-4,11-4,36-17,13-16,2014-15,14-4,7-3,3-7
00,22014,1610612763,Memphis,Grizzlies,West,35-17,5, - x,Southwest,9-7,2,55,27,0.671,0.0,55-27,31-10,24-17,5-5,7-3,4-6,4-1,9-3,26-13,8.0,W 8,5.0,W 5,8.0,4.0,2.0,W 2,-2.0,L 2,1,W 1,12.0,1.0,0,0,1,0.0,0.0,41-6,12-18,2-3,47-6,7-21,1-0,33-3,13-16,30-18,42-5,30-7,40-13,98.0,95.0,3.0,20-10,8-2,5-5,35-17,13-5,,12-4,7-4,9-8,4-3,,,,,,2-0,13-2,8-6,39-14,16-13,2014-15,7-3,13-5,9-7
00,22014,1610612764,Washington,Wizards,East,30-22,5, - x,Southeast,10-6,2,46,36,0.561,0.0,46-36,29-12,17-24,6-4,8-2,4-6,4-4,9-4,21-14,8.0,W 8,-9.0,L 9,6.0,6.0,3.0,W 3,-3.0,L 3,-2,L 2,14.0,14.0,0,0,1,0.0,0.0,36-8,9-25,1-3,39-7,7-28,0-1,29-8,7-26,17-23,41-7,37-18,21-13,99.0,98.0,1.0,30-22,11-7,9-9,16-14,4-6,,9-8,3-9,7-7,5-3,,,,,,1-1,9-4,12-4,33-21,13-15,2014-15,10-6,6-4,6-4
00,22014,1610612749,Milwaukee,Bucks,East,30-22,6, - x,Central,7-9,3,41,41,0.5,0.0,41-41,23-18,18-23,5-5,4-6,3-7,3-3,5-9,17-16,7.0,W 7,-11.0,L 11,5.0,6.0,-1.0,L 1,3.0,W 3,-1,L 1,19.0,12.0,0,0,1,0.0,0.0,28-16,12-24,1-1,32-9,6-31,3-1,19-15,10-29,10-28,34-16,23-10,20-20,98.0,97.0,0.0,30-22,14-4,7-9,11-19,5-5,,8-6,7-5,4-11,5-3,,,,,,1-1,9-7,7-8,30-23,11-18,2014-15,9-9,5-5,1-9
00,22014,1610612759,San Antonio,Spurs,West,32-20,6, - x,Southwest,8-8,3,55,27,0.671,0.0,55-27,33-8,22-19,9-1,9-1,7-3,1-6,6-7,34-7,9.0,W 9,4.0,W 4,11.0,4.0,9.0,W 9,-1.0,L 1,-1,L 1,12.0,1.0,0,0,1,0.0,0.0,47-10,7-17,1-0,52-6,3-21,0-0,40-9,15-18,26-20,45-6,35-9,31-9,103.0,97.0,6.0,23-7,7-3,7-3,32-20,12-6,,10-4,6-5,12-3,7-1,,,,,,1-1,11-3,8-10,34-19,21-8,2014-15,9-1,12-6,8-8
00,22014,1610612738,Boston,Celtics,East,28-24,7, - x,Atlantic,12-4,2,40,42,0.488,0.0,40-42,21-20,19-22,8-2,6-4,8-2,2-5,8-6,17-14,-6.0,L 6,7.0,W 7,6.0,5.0,2.0,W 2,7.0,W 7,6,W 6,20.0,9.0,0,0,1,0.0,0.0,28-15,7-25,5-2,34-7,6-32,0-3,29-20,10-36,14-26,29-9,20-16,29-17,101.0,101.0,0.0,28-24,12-4,9-9,12-18,3-7,,5-11,7-4,10-8,7-1,,,,,,1-0,3-10,7-8,20-31,20-11,2014-15,7-11,6-4,3-7
00,22014,1610612742,Dallas,Mavericks,West,29-23,7, - x,Southwest,7-9,4,50,32,0.61,0.0,50-32,27-14,23-18,5-5,6-4,4-6,6-0,5-4,22-18,4.0,W 4,4.0,W 4,6.0,4.0,2.0,W 2,-1.0,L 1,1,W 1,17.0,6.0,0,0,1,0.0,0.0,36-8,13-23,1-1,36-2,9-30,5-0,42-13,25-27,23-26,42-4,20-10,39-19,105.0,102.0,3.0,21-9,9-1,5-5,29-23,9-9,,9-7,7-5,6-7,5-3,,,,,,1-1,12-4,10-5,36-19,14-13,2014-15,7-3,13-5,7-9
00,22014,1610612740,New Orleans,Pelicans,West,29-23,8, - x,Southwest,8-8,5,45,37,0.549,0.0,45-37,28-13,17-24,7-3,7-3,4-6,0-3,10-4,19-14,5.0,W 5,-5.0,L 5,5.0,4.0,5.0,W 5,1.0,W 1,2,W 2,22.0,11.0,0,0,1,0.0,0.0,32-11,11-22,2-4,38-6,6-28,1-3,34-10,14-23,20-24,38-7,30-13,18-9,99.0,99.0,1.0,16-14,6-4,5-5,29-23,11-7,,9-6,6-5,8-7,6-3,,,,,,1-0,6-8,9-8,27-26,18-11,2014-15,5-5,10-8,8-8
00,22014,1610612751,Brooklyn,Nets,East,24-28,8, - x,Atlantic,10-6,3,38,44,0.463,0.0,38-44,19-22,19-22,6-4,7-3,6-4,2-4,10-2,15-23,-7.0,L 7,3.0,W 3,6.0,7.0,1.0,W 1,-2.0,L 2,1,W 1,22.0,11.0,0,0,1,0.0,0.0,25-10,12-32,1-2,29-4,7-39,2-1,29-7,11-28,12-31,35-7,18-16,21-17,98.0,101.0,-3.0,24-28,10-6,7-11,14-16,6-4,,3-12,6-5,9-7,5-4,,,,,,0-1,6-8,9-7,21-31,17-13,2014-15,7-11,6-4,2-8
00,22014,1610612754,Indiana,Pacers,East,28-24,9, - o,Central,8-8,4,38,44,0.463,0.0,38-44,23-18,15-26,7-3,6-4,4-6,3-3,4-12,19-20,7.0,W 7,-8.0,L 8,7.0,8.0,5.0,W 5,-1.0,L 1,-1,L 1,22.0,15.0,0,0,0,1.0,1.0,25-9,13-34,0-1,27-5,9-37,2-2,25-10,9-26,16-26,30-9,27-21,14-11,97.0,97.0,0.0,28-24,9-9,8-8,10-20,2-8,,5-11,7-2,8-8,6-2,,,,,,1-1,6-9,5-11,21-33,17-11,2014-15,11-7,4-6,4-6
00,22014,1610612760,Oklahoma City,Thunder,West,25-27,9, - o,Northwest,10-6,2,45,37,0.549,0.0,45-37,29-12,16-25,4-6,7-3,3-7,3-3,4-8,26-14,7.0,W 7,-5.0,L 5,7.0,6.0,2.0,W 2,1.0,W 1,2,W 2,22.0,6.0,0,0,0,1.0,1.0,31-11,12-26,2-0,38-6,6-27,1-4,38-15,19-27,20-27,34-10,33-20,22-10,104.0,102.0,2.0,20-10,6-4,5-5,25-27,11-7,,7-7,9-3,10-5,3-5,,,,,,0-2,5-10,11-5,28-25,17-12,2014-15,9-1,10-6,4-14
00,22014,1610612748,Miami,Heat,East,25-27,10, - o,Southeast,6-10,3,37,45,0.451,0.0,37-45,20-21,17-24,4-6,7-3,2-8,2-0,4-10,15-28,5.0,W 5,-5.0,L 5,3.0,4.0,1.0,W 1,1.0,W 1,2,W 2,23.0,23.0,0,0,0,1.0,1.0,29-13,7-29,1-3,33-7,3-35,1-3,24-8,7-27,11-30,32-13,20-10,14-16,95.0,97.0,-3.0,25-27,14-4,5-13,12-18,7-3,,6-7,5-7,9-7,3-5,,,,,,1-0,8-7,5-12,22-30,15-15,2014-15,6-10,4-6,1-9
00,22014,1610612756,Phoenix,Suns,West,21-31,10, - o,Pacific,6-10,3,39,43,0.476,0.0,39-43,22-19,17-24,1-9,5-5,3-7,2-4,4-12,14-19,7.0,W 7,-7.0,L 7,6.0,6.0,-1.0,L 1,-6.0,L 6,-5,L 5,28.0,28.0,0,0,0,1.0,1.0,24-9,12-30,3-4,30-10,9-32,0-1,32-18,18-34,17-30,31-11,24-9,21-21,102.0,103.0,-1.0,18-12,8-2,6-4,21-31,6-10,,10-5,3-8,7-8,1-6,,,,,,2-0,8-8,8-8,29-25,10-18,2014-15,4-6,9-9,6-12
00,22014,1610612762,Utah,Jazz,West,23-29,11, - o,Northwest,9-7,3,38,44,0.463,0.0,38-44,21-20,17-24,7-3,6-4,6-4,0-1,5-10,18-19,-6.0,L 6,-6.0,L 6,6.0,9.0,1.0,W 1,-1.0,L 1,-1,L 1,29.0,13.0,0,0,0,1.0,1.0,26-9,9-33,3-2,33-8,3-34,2-2,20-9,4-27,15-30,31-7,34-23,12-13,95.0,95.0,0.0,15-15,6-4,6-4,23-29,7-11,,6-9,6-5,10-6,5-3,,,,,,0-2,5-10,6-9,19-34,19-10,2014-15,3-7,9-7,7-11
00,22014,1610612766,Charlotte,Hornets,East,25-27,11, - o,Southeast,8-8,4,33,49,0.402,0.0,33-49,19-22,14-27,2-8,4-6,1-9,3-3,6-8,13-22,-6.0,L 6,-7.0,L 7,5.0,10.0,-2.0,L 2,-7.0,L 7,-6,L 6,27.0,27.0,0,0,0,1.0,1.0,17-15,13-32,3-2,26-11,7-37,0-1,21-11,7-30,12-28,22-5,28-15,19-28,94.0,97.0,-3.0,25-27,10-8,7-11,8-22,2-8,,10-4,3-6,8-9,2-7,,,,,,1-0,3-14,6-9,22-30,11-19,2014-15,8-8,5-5,1-9
00,22014,1610612743,Denver,Nuggets,West,19-33,12, - o,Northwest,6-10,4,30,52,0.366,0.0,30-52,19-22,11-30,3-7,6-4,2-8,2-4,4-4,17-28,-10.0,L 10,-7.0,L 7,5.0,7.0,1.0,W 1,-5.0,L 5,-2,L 2,37.0,21.0,0,0,0,1.0,1.0,26-7,3-42,1-3,23-6,4-44,3-2,26-23,14-42,13-35,27-6,22-14,16-23,101.0,105.0,-4.0,11-19,1-9,6-4,19-33,8-10,,6-10,1-9,8-8,2-6,,,,,,1-0,7-8,5-11,20-33,10-19,2014-15,4-6,6-10,5-13
00,22014,1610612765,Detroit,Pistons,East,23-29,12, - o,Central,6-10,5,32,50,0.39,0.0,32-50,18-23,14-27,4-6,6-4,3-7,2-3,7-6,19-25,-12.0,L 12,-8.0,L 8,7.0,13.0,1.0,W 1,1.0,W 1,1,W 1,28.0,21.0,0,0,0,1.0,1.0,20-11,11-37,1-2,27-6,5-42,0-2,23-15,7-33,13-28,25-8,22-19,20-20,99.0,100.0,-1.0,23-29,8-10,6-10,9-21,3-7,,10-7,5-6,6-9,3-5,,,,,,0-2,3-12,5-9,21-33,11-17,2014-15,9-9,2-8,4-6
00,22014,1610612753,Orlando,Magic,East,15-37,13, - o,Southeast,4-12,5,25,57,0.305,0.0,25-57,13-28,12-29,3-7,3-7,2-8,2-1,6-8,4-27,-5.0,L 5,-12.0,L 12,3.0,10.0,-2.0,L 2,-2.0,L 2,-4,L 4,35.0,35.0,0,0,0,1.0,1.0,13-15,11-41,1-1,13-8,8-42,4-7,17-9,8-36,11-32,21-17,13-18,14-22,96.0,101.0,-6.0,15-37,6-12,5-13,10-20,4-6,,2-13,4-6,3-11,3-5,,,,,,0-2,7-10,6-10,17-39,8-18,2014-15,4-12,4-6,2-8
00,22014,1610612758,Sacramento,Kings,West,18-34,13, - o,Pacific,7-9,4,29,53,0.354,0.0,29-53,18-23,11-30,3-7,5-5,2-8,3-3,6-4,12-28,-6.0,L 6,-6.0,L 6,5.0,8.0,2.0,W 2,1.0,W 1,2,W 2,38.0,38.0,0,0,0,1.0,1.0,21-14,5-36,3-3,23-7,3-45,3-1,24-24,12-46,12-35,27-13,18-31,13-8,101.0,105.0,-4.0,11-19,4-6,4-6,18-34,7-9,,4-10,3-7,6-11,3-6,,,,,,1-1,8-7,4-11,18-34,11-19,2014-15,3-7,8-10,3-15
00,22014,1610612747,Los Angeles,Lakers,West,9-43,14, - o,Pacific,2-14,5,21,61,0.256,0.0,21-61,12-29,9-32,2-8,2-8,2-8,6-3,6-6,5-30,-5.0,L 5,-11.0,L 11,3.0,9.0,-2.0,L 2,-3.0,L 3,-3,L 3,46.0,46.0,0,0,0,1.0,1.0,12-16,9-41,0-4,14-8,7-52,0-1,17-24,8-47,9-38,17-11,13-25,12-22,98.0,105.0,-7.0,12-18,4-6,5-5,9-43,2-14,,3-12,3-7,4-12,1-8,,,,,,0-3,4-10,6-9,13-40,8-21,2014-15,3-7,5-13,2-16
00,22014,1610612755,Philadelphia,76ers,East,12-40,14, - o,Atlantic,2-14,4,18,64,0.22,0.0,18-64,12-29,6-35,0-10,3-7,1-9,1-4,3-7,5-41,-14.0,L 14,-16.0,L 16,2.0,17.0,-5.0,L 5,-5.0,L 5,-10,L 10,42.0,31.0,0,0,0,1.0,1.0,9-14,9-45,0-5,13-5,5-58,0-1,4-12,2-44,4-38,17-12,9-19,8-25,92.0,101.0,-9.0,12-40,2-14,5-13,6-24,1-9,,6-12,3-7,5-12,0-7,,,,,,0-2,0-14,4-10,12-41,6-23,2014-15,5-13,4-6,1-9
00,22014,1610612750,Minnesota,Timberwolves,West,7-45,15, - o,Northwest,4-12,5,16,66,0.195,0.0,16-66,9-32,7-34,0-10,1-9,2-8,2-3,6-6,4-40,-10.0,L 10,-10.0,L 10,3.0,15.0,-8.0,L 8,-6.0,L 6,-12,L 12,51.0,35.0,0,0,0,1.0,1.0,7-7,7-57,2-2,10-4,5-61,1-1,10-24,8-57,6-45,12-6,10-28,9-27,98.0,107.0,-9.0,9-21,4-6,3-7,7-45,2-16,,3-14,5-6,3-13,0-8,,,,,,1-1,3-10,1-14,11-42,5-24,2014-15,2-8,4-12,1-17
00,22014,1610612752,New York,Knicks,East,11-41,15, - o,Atlantic,5-11,5,17,65,0.207,0.0,17-65,10-31,7-34,3-7,2-8,3-7,2-4,2-7,3-39,-12.0,L 12,-11.0,L 11,3.0,16.0,-3.0,L 3,2.0,W 2,-1,L 1,43.0,32.0,0,0,0,1.0,1.0,13-11,4-53,0-1,14-7,3-55,0-3,10-6,4-42,7-31,16-12,11-22,9-26,92.0,101.0,-9.0,11-41,5-11,2-16,6-24,2-8,,4-9,3-8,2-14,3-5,,,,,,1-1,3-13,1-15,10-43,7-22,2014-15,4-14,2-8,2-8
00,22015,1610612739,Cleveland,Cavaliers,East,35-17,1, - e,Central,8-8,1,57,25,0.695,0.0,57-25,33-8,24-17,6-4,7-3,5-5,3-3,4-7,32-8,9.0,W 9,6.0,W 6,8.0,3.0,-1.0,L 1,-2.0,L 2,-1,L 1,0.0,0.0,1,1,1,0.0,0.0,46-8,11-16,0-1,49-7,6-17,2-1,45-9,25-16,29-14,43-3,49-7,24-10,104.0,98.0,6.0,35-17,14-4,8-8,22-8,8-2,,13-3,8-5,11-5,4-3,,,,,,2-1,11-3,8-5,38-14,19-11,2015-16,13-5,8-2,6-4
00,22015,1610612744,Golden State,Warriors,West,46-6,1, - w,Pacific,15-1,1,73,9,0.89,0.0,73-9,39-2,34-7,8-2,8-2,8-2,6-1,7-2,44-5,36.0,W 36,14.0,W 14,24.0,1.0,2.0,W 2,4.0,W 4,4,W 4,0.0,0.0,1,1,1,0.0,0.0,64-1,8-8,1-0,61-1,10-7,2-1,71-4,46-8,38-5,67-1,45-3,31-3,115.0,104.0,11.0,27-3,9-1,8-2,46-6,15-1,,14-2,9-1,15-2,5-2,,,,,,3-0,16-0,11-2,48-4,25-5,2015-16,10-0,15-3,16-2
00,22015,1610612759,San Antonio,Spurs,West,43-9,2, - sw,Southwest,14-2,1,67,15,0.817,0.0,67-15,40-1,27-14,6-4,9-1,5-5,1-0,4-4,44-6,39.0,W 39,6.0,W 6,13.0,3.0,1.0,W 1,1.0,W 1,2,W 2,6.0,0.0,0,1,1,0.0,0.0,58-5,8-9,1-1,59-4,6-11,2-0,49-3,11-9,34-13,60-1,51-6,41-11,104.0,93.0,11.0,24-6,9-1,7-3,43-9,14-4,,11-2,11-1,13-3,4-3,,,,,,1-1,13-3,14-2,45-8,22-7,2015-16,8-2,15-3,14-2
00,22015,1610612761,Toronto,Raptors,East,39-13,2, - a,Atlantic,14-2,1,56,26,0.683,0.0,56-26,32-9,24-17,7-3,8-2,6-4,3-1,6-6,28-10,12.0,W 12,4.0,W 4,11.0,3.0,4.0,W 4,2.0,W 2,4,W 4,1.0,0.0,0,1,1,0.0,0.0,38-8,13-16,5-2,45-6,10-19,1-1,42-15,11-21,28-16,44-2,41-9,22-18,103.0,98.0,5.0,39-13,14-2,11-7,17-13,5-5,,12-2,7-4,11-5,6-2,,,,,,2-0,9-7,9-6,35-17,21-9,2015-16,14-4,5-5,7-3
00,22015,1610612760,Oklahoma City,Thunder,West,37-15,3, - nw,Northwest,13-3,1,55,27,0.671,0.0,55-27,32-9,23-18,5-5,7-3,5-5,3-2,8-6,33-5,9.0,W 9,4.0,W 4,8.0,3.0,6.0,W 6,-3.0,L 3,-1,L 1,18.0,0.0,0,1,1,0.0,0.0,42-13,12-14,1-0,48-14,7-13,0-0,52-14,26-22,26-18,48-10,46-15,18-5,110.0,103.0,7.0,18-12,6-4,4-6,37-15,12-6,,13-3,6-5,11-5,2-4,,,,,,2-0,9-7,12-3,40-14,15-13,2015-16,8-2,13-3,12-6
00,22015,1610612748,Miami,Heat,East,31-21,3, - se,Southeast,10-6,1,48,34,0.585,0.0,48-34,28-13,20-21,6-4,9-1,4-6,3-3,7-5,24-20,6.0,W 6,3.0,W 3,5.0,4.0,6.0,W 6,-1.0,L 1,-1,L 1,9.0,0.0,0,1,1,0.0,0.0,30-11,15-21,3-2,33-7,12-26,3-1,32-11,11-23,24-23,42-13,34-14,26-5,100.0,98.0,2.0,31-21,10-8,11-7,17-13,5-5,,9-8,6-5,10-5,5-3,,,,,,1-1,9-5,8-7,29-24,19-10,2015-16,10-6,6-4,6-4
00,22015,1610612746,LA,Clippers,West,31-21,4, - x,Pacific,9-7,2,53,29,0.646,0.0,53-29,29-12,24-17,8-2,8-2,4-6,5-1,8-4,28-15,7.0,W 7,6.0,W 6,10.0,3.0,7.0,W 7,-1.0,L 1,-1,L 1,20.0,20.0,0,0,1,0.0,0.0,38-9,13-17,2-3,47-5,5-24,1-0,42-16,13-26,26-19,46-9,13-3,35-15,105.0,100.0,4.0,22-8,7-3,6-4,31-21,9-7,,11-3,7-4,8-8,6-1,,,,,,3-0,7-8,11-5,35-18,18-11,2015-16,9-1,11-7,11-7
00,22015,1610612737,Atlanta,Hawks,East,29-23,4, - x,Southeast,8-8,2,48,34,0.585,0.0,48-34,27-14,21-20,6-4,8-2,6-4,0-5,5-7,29-17,6.0,W 6,4.0,W 4,7.0,3.0,3.0,W 3,-3.0,L 3,-2,L 2,9.0,0.0,0,0,1,0.0,0.0,33-7,15-25,0-2,40-6,8-27,0-1,39-9,15-25,28-19,43-8,20-5,33-15,103.0,99.0,4.0,29-23,11-7,10-8,19-11,5-5,,6-9,6-5,12-4,3-3,,,,,,2-1,10-7,9-5,31-24,17-10,2015-16,8-8,6-4,8-2
00,22015,1610612738,Boston,Celtics,East,31-21,5, - x,Atlantic,10-6,2,48,34,0.585,0.0,48-34,28-13,20-21,6-4,7-3,4-6,1-2,5-7,26-13,14.0,W 14,-4.0,L 4,5.0,4.0,1.0,W 1,-1.0,L 1,1,W 1,9.0,8.0,0,0,1,0.0,0.0,33-10,12-23,3-1,40-6,7-27,1-1,41-19,15-31,23-25,35-3,30-9,38-22,106.0,103.0,3.0,31-21,10-6,9-9,17-13,7-3,,9-8,9-3,7-7,5-2,,,,,,1-1,9-7,8-6,32-23,16-11,2015-16,12-6,6-4,4-6
00,22015,1610612757,Portland,Trail Blazers,West,29-23,5, - x,Northwest,11-5,2,44,38,0.537,0.0,44-38,28-13,16-25,7-3,9-1,2-8,2-3,2-7,23-21,8.0,W 8,6.0,W 6,6.0,7.0,1.0,W 1,1.0,W 1,1,W 1,29.0,11.0,0,0,1,0.0,0.0,35-8,8-29,1-1,35-7,6-30,3-1,40-19,22-33,18-25,34-7,31-14,20-9,105.0,104.0,1.0,15-15,5-5,5-5,29-23,10-8,,9-5,9-2,8-8,4-2,,,,,,1-2,6-9,7-10,27-27,17-11,2015-16,5-5,11-5,8-10
00,22015,1610612742,Dallas,Mavericks,West,27-25,6, - x,Southwest,7-9,2,42,40,0.512,0.0,42-40,23-18,19-22,7-3,4-6,5-5,8-4,6-11,19-18,5.0,W 5,-4.0,L 4,6.0,5.0,-1.0,L 1,1.0,W 1,-1,L 1,31.0,25.0,0,0,1,0.0,0.0,29-9,12-31,1-0,31-6,11-33,0-1,28-17,14-33,15-29,30-8,18-10,29-13,102.0,103.0,0.0,15-15,8-2,4-6,27-25,9-9,,9-9,4-6,5-10,5-2,,,,,,1-1,9-7,9-5,29-26,13-14,2015-16,3-7,11-7,7-9
00,22015,1610612766,Charlotte,Hornets,East,33-19,6, - x,Southeast,8-8,3,48,34,0.585,0.0,48-34,30-11,18-23,7-3,8-2,6-4,5-0,6-5,25-17,8.0,W 8,-10.0,L 10,7.0,7.0,4.0,W 4,1.0,W 1,2,W 2,9.0,0.0,0,0,1,0.0,0.0,37-5,7-27,4-2,38-5,8-29,2-0,40-8,16-25,22-24,33-2,23-7,25-18,103.0,101.0,3.0,33-19,13-5,12-6,15-15,5-5,,6-11,7-3,13-3,5-3,,,,,,0-2,10-5,7-7,27-26,21-8,2015-16,8-8,4-6,6-4
00,22015,1610612754,Indiana,Pacers,East,30-22,7, - x,Central,8-8,2,45,37,0.549,0.0,45-37,26-15,19-22,7-3,6-4,6-4,1-7,9-9,21-13,6.0,W 6,-5.0,L 5,6.0,3.0,3.0,W 3,1.0,W 1,3,W 3,12.0,12.0,0,0,1,0.0,0.0,32-11,11-26,2-0,37-7,7-28,1-2,30-17,13-31,20-25,38-8,28-11,25-19,102.0,100.0,2.0,30-22,13-5,8-8,15-15,5-5,,7-8,6-7,8-7,6-1,,,,,,0-3,11-2,7-9,28-25,17-12,2015-16,9-9,4-6,6-4
00,22015,1610612763,Memphis,Grizzlies,West,25-27,7, - x,Southwest,7-9,3,42,40,0.512,0.0,42-40,26-15,16-25,1-9,4-6,1-9,3-3,8-3,15-23,6.0,W 6,-6.0,L 6,5.0,6.0,-1.0,L 1,-6.0,L 6,-4,L 4,31.0,25.0,0,0,1,0.0,0.0,33-8,7-30,2-2,29-5,11-33,2-2,32-12,14-29,10-28,29-7,19-14,33-26,99.0,101.0,-2.0,17-13,7-3,7-3,25-27,9-9,,10-4,7-4,6-10,1-6,,,,,,2-1,8-7,8-8,31-22,11-18,2015-16,3-7,9-9,7-9
00,22015,1610612745,Houston,Rockets,West,28-24,8, - x,Southwest,8-8,4,41,41,0.5,0.0,41-41,23-18,18-23,6-4,6-4,5-5,4-2,5-8,14-18,7.0,W 7,-4.0,L 4,5.0,4.0,2.0,W 2,1.0,W 1,3,W 3,32.0,26.0,0,0,1,0.0,0.0,24-9,17-30,0-2,28-9,11-29,2-3,39-24,26-36,17-28,30-6,26-9,21-17,107.0,106.0,0.0,13-17,6-4,3-7,28-24,11-7,,9-7,4-6,8-8,4-2,,,,,,0-2,7-9,9-7,27-28,14-13,2015-16,4-6,9-9,8-8
00,22015,1610612765,Detroit,Pistons,East,29-23,8, - x,Central,10-6,3,44,38,0.537,0.0,44-38,26-15,18-23,6-4,7-3,5-5,4-1,6-5,21-20,5.0,W 5,-4.0,L 4,5.0,5.0,-1.0,L 1,2.0,W 2,1,W 1,13.0,13.0,0,0,1,0.0,0.0,30-8,12-27,2-3,33-3,9-34,2-1,34-11,17-27,23-24,28-4,37-16,26-13,102.0,101.0,1.0,29-23,11-7,10-6,15-15,5-5,,7-8,6-6,9-6,4-3,,,,,,3-0,6-9,9-6,27-27,17-11,2015-16,8-10,7-3,3-7
00,22015,1610612741,Chicago,Bulls,East,25-27,9, - o,Central,10-6,4,42,40,0.512,0.0,42-40,26-15,16-25,6-4,6-4,5-5,2-4,10-4,14-19,5.0,W 5,-8.0,L 8,6.0,5.0,2.0,W 2,1.0,W 1,3,W 3,15.0,15.0,0,0,0,1.0,1.0,31-10,10-29,1-1,33-9,8-28,1-3,30-16,18-36,20-25,36-5,30-15,14-10,102.0,103.0,-1.0,25-27,12-6,10-6,17-13,6-4,,8-8,4-8,8-9,4-3,,,,,,2-1,8-4,8-7,27-25,15-15,2015-16,3-15,5-5,6-4
00,22015,1610612762,Utah,Jazz,West,24-28,9, - o,Northwest,8-8,3,40,42,0.488,0.0,40-42,24-17,16-25,5-5,5-5,6-4,5-5,6-8,23-13,7.0,W 7,-7.0,L 7,7.0,5.0,-3.0,L 3,-1.0,L 1,-2,L 2,33.0,15.0,0,0,0,1.0,1.0,29-12,10-30,1-0,29-11,7-29,4-2,21-8,3-29,13-28,35-6,35-19,15-14,98.0,96.0,2.0,16-14,6-4,6-4,24-28,9-9,,7-8,7-6,9-7,3-4,,,,,,2-1,6-7,6-9,26-26,14-16,2015-16,4-6,8-8,7-11
00,22015,1610612764,Washington,Wizards,East,30-22,10, - o,Southeast,10-6,4,41,41,0.5,0.0,41-41,22-19,19-22,6-4,7-3,5-5,0-2,7-6,22-22,6.0,W 6,-4.0,L 4,5.0,5.0,3.0,W 3,1.0,W 1,3,W 3,16.0,7.0,0,0,0,1.0,1.0,31-8,9-31,1-2,31-10,7-30,3-1,35-19,14-36,24-29,33-6,25-11,25-24,104.0,105.0,-1.0,30-22,9-9,11-7,11-19,4-6,,7-8,8-6,7-9,5-2,,,,,,2-1,4-7,8-8,23-28,18-13,2015-16,10-6,2-8,5-5
00,22015,1610612758,Sacramento,Kings,West,19-33,10, - o,Pacific,8-8,3,33,49,0.402,0.0,33-49,18-23,15-26,5-5,4-6,4-6,0-3,8-4,11-19,-7.0,L 7,-6.0,L 6,5.0,6.0,1.0,W 1,-1.0,L 1,-1,L 1,40.0,40.0,0,0,0,1.0,1.0,28-7,5-40,0-2,28-3,4-44,1-2,29-29,21-46,13-30,28-16,19-17,17-23,107.0,109.0,-2.0,14-16,6-4,5-5,19-33,8-8,,8-7,4-7,6-11,3-4,,,,,,1-2,6-10,5-8,22-31,11-18,2015-16,3-7,7-11,4-14
00,22015,1610612743,Denver,Nuggets,West,18-34,11, - o,Northwest,4-12,4,33,49,0.402,0.0,33-49,18-23,15-26,3-7,6-4,3-7,2-4,10-5,11-21,5.0,W 5,-4.0,L 4,4.0,8.0,-1.0,L 1,-2.0,L 2,-2,L 2,40.0,22.0,0,0,0,1.0,1.0,19-11,14-38,0-0,25-10,8-36,0-3,30-24,19-36,17-32,24-5,29-24,11-22,102.0,105.0,-3.0,15-15,6-4,5-5,18-34,7-11,,6-9,5-7,9-8,1-4,,,,,,1-1,5-11,6-9,22-32,11-17,2015-16,4-6,4-12,7-11
00,22015,1610612753,Orlando,Magic,East,21-31,11, - o,Southeast,4-12,5,35,47,0.427,0.0,35-47,23-18,12-29,6-4,7-3,1-9,3-5,6-10,12-20,-5.0,L 5,-6.0,L 6,5.0,8.0,2.0,W 2,-3.0,L 3,-1,L 1,22.0,13.0,0,0,0,1.0,1.0,27-13,8-33,0-1,25-12,9-34,1-1,30-22,12-39,17-33,29-12,21-11,22-18,102.0,104.0,-2.0,21-31,12-6,5-13,14-16,2-8,,2-12,5-7,6-11,3-4,,,,,,0-2,9-6,10-5,23-29,12-18,2015-16,4-12,7-3,5-5
00,22015,1610612749,Milwaukee,Bucks,East,21-31,12, - o,Central,4-12,5,33,49,0.402,0.0,33-49,23-18,10-31,3-7,4-6,3-7,4-0,6-4,12-27,4.0,W 4,-12.0,L 12,4.0,5.0,-3.0,L 3,-1.0,L 1,-2,L 2,24.0,24.0,0,0,0,1.0,1.0,24-7,8-41,1-1,22-7,9-41,2-1,23-13,15-40,13-36,29-16,14-20,23-19,99.0,103.0,-4.0,21-31,9-9,4-12,12-18,4-6,,7-8,5-6,6-9,2-5,,,,,,0-2,7-9,6-10,22-32,11-17,2015-16,8-10,4-6,4-6
00,22015,1610612740,New Orleans,Pelicans,West,20-32,12, - o,Southwest,4-12,5,30,52,0.366,0.0,30-52,21-20,9-32,4-6,5-5,2-8,1-3,5-5,11-23,4.0,W 4,-7.0,L 7,3.0,6.0,-2.0,L 2,-3.0,L 3,-3,L 3,43.0,37.0,0,0,0,1.0,1.0,20-16,9-35,1-1,24-5,5-45,1-2,29-16,18-42,11-35,21-11,19-14,17-23,103.0,107.0,-4.0,10-20,4-6,4-6,20-32,8-10,,8-6,5-7,5-12,2-5,,,,,,0-3,4-10,6-9,20-33,10-19,2015-16,2-8,8-10,4-12
00,22015,1610612750,Minnesota,Timberwolves,West,18-34,13, - o,Northwest,4-12,5,29,53,0.354,0.0,29-53,14-27,15-26,5-5,4-6,6-4,4-3,7-7,9-23,-6.0,L 6,-12.0,L 12,3.0,9.0,1.0,W 1,3.0,W 3,1,W 1,44.0,26.0,0,0,0,1.0,1.0,19-14,9-37,1-2,19-10,9-42,1-1,24-25,17-42,15-29,26-12,18-19,17-19,102.0,106.0,-4.0,11-19,5-5,2-8,18-34,10-8,,2-14,5-6,6-9,4-3,,,,,,2-0,6-9,4-12,17-37,12-16,2015-16,4-6,4-12,4-14
00,22015,1610612752,New York,Knicks,East,21-31,13, - o,Atlantic,8-8,3,32,50,0.39,0.0,32-50,18-23,14-27,3-7,3-7,4-6,2-2,4-7,14-23,6.0,W 6,-7.0,L 7,4.0,7.0,-3.0,L 3,-1.0,L 1,-2,L 2,25.0,24.0,0,0,0,1.0,1.0,27-13,5-37,0-0,28-8,3-38,1-4,26-8,11-31,14-32,28-12,19-21,9-11,98.0,101.0,-3.0,21-31,8-8,7-11,11-19,4-6,,8-9,2-9,5-10,2-4,,,,,,2-1,6-9,7-8,23-32,9-18,2015-16,6-12,5-5,2-8
00,22015,1610612751,Brooklyn,Nets,East,12-40,14, - o,Atlantic,6-10,4,21,61,0.256,0.0,21-61,14-27,7-34,0-10,4-6,0-10,1-2,7-4,6-34,-10.0,L 10,-12.0,L 12,2.0,10.0,-3.0,L 3,-12.0,L 12,-10,L 10,36.0,35.0,0,0,0,1.0,1.0,16-13,5-47,0-1,13-8,7-50,1-3,17-21,12-54,11-40,19-11,12-24,10-21,99.0,106.0,-7.0,12-40,6-10,4-14,9-21,3-7,,3-13,5-7,4-11,0-7,,,,,,0-3,4-10,5-10,14-40,7-21,2015-16,2-16,4-6,2-8
00,22015,1610612756,Phoenix,Suns,West,17-35,14, - o,Pacific,6-10,4,23,59,0.28,0.0,23-59,14-27,9-32,3-7,4-6,3-7,0-1,4-5,10-32,-8.0,L 8,-17.0,L 17,3.0,13.0,1.0,W 1,2.0,W 2,1,W 1,50.0,50.0,0,0,0,1.0,1.0,17-8,4-49,2-2,19-11,4-48,0-0,21-21,15-52,13-34,15-5,20-24,8-14,101.0,108.0,-7.0,6-24,1-9,1-9,17-35,6-10,,2-12,1-9,5-11,3-4,,,,,,2-1,6-8,4-14,14-40,9-19,2015-16,4-6,6-12,5-13
00,22015,1610612747,Los Angeles,Lakers,West,8-44,15, - o,Pacific,2-14,5,17,65,0.207,0.0,17-65,12-29,5-36,2-8,3-7,0-10,1-1,2-7,4-44,-6.0,L 6,-13.0,L 13,3.0,10.0,1.0,W 1,-13.0,L 13,1,W 1,56.0,56.0,0,0,0,1.0,1.0,11-6,6-57,0-2,13-3,2-61,2-1,12-22,7-56,5-38,11-5,9-13,7-21,97.0,107.0,-10.0,9-21,4-6,2-8,8-44,2-14,,3-14,2-8,5-10,1-6,,,,,,0-2,2-12,4-13,11-44,6-21,2015-16,3-7,3-15,3-15
00,22015,1610612755,Philadelphia,76ers,East,3-49,15, - o,Atlantic,2-14,5,10,72,0.122,0.0,10-72,7-34,3-38,1-9,2-8,0-10,0-4,0-6,5-41,-7.0,L 7,-18.0,L 18,1.0,18.0,-2.0,L 2,-16.0,L 16,-4,L 4,47.0,46.0,0,0,0,1.0,1.0,7-17,2-55,1-0,10-11,0-59,0-2,8-28,3-57,1-45,9-16,7-11,5-26,97.0,108.0,-10.0,3-49,2-14,0-18,7-23,4-6,,4-10,1-11,1-14,1-6,,,,,,0-2,0-16,3-13,8-45,2-27,2015-16,1-17,2-8,1-9
00,22016,1610612744,Golden State,Warriors,West,42-10,1, - w,Pacific,14-2,1,67,15,0.817,0.0,67-15,36-5,31-10,9-1,9-1,7-3,0-3,3-4,48-6,10.0,W 10,8.0,W 8,14.0,3.0,1.0,W 1,5.0,W 5,1,W 1,0.0,0.0,1,1,1,0.0,0.0,50-6,15-8,2-1,62-3,5-9,0-3,67-9,41-13,32-10,61-7,37-2,39-7,116.0,104.0,12.0,25-5,9-1,8-2,42-10,14-2,,12-2,9-3,12-4,5-1,,,,,,2-1,14-1,13-3,47-9,20-6,2016-17,8-2,15-3,13-5
00,22016,1610612738,Boston,Celtics,East,36-16,1, - e,Atlantic,11-5,1,53,29,0.646,0.0,53-29,30-11,23-18,7-3,8-2,5-5,2-1,7-6,17-11,7.0,W 7,5.0,W 5,7.0,3.0,2.0,W 2,1.0,W 1,3,W 3,0.0,0.0,1,1,1,0.0,0.0,37-9,15-19,1-1,42-5,9-24,2-0,46-18,31-28,21-18,40-2,26-3,20-15,108.0,105.0,3.0,36-16,11-5,11-7,17-13,6-4,,10-4,8-4,11-5,4-2,,,,,,2-1,8-7,10-6,37-20,16-9,2016-17,14-4,5-5,6-4
00,22016,1610612759,San Antonio,Spurs,West,36-16,2, - sw,Southwest,11-5,1,61,21,0.744,0.0,61-21,31-10,30-11,5-5,6-4,6-4,4-1,8-5,30-8,9.0,W 9,13.0,W 13,9.0,3.0,-2.0,L 2,-2.0,L 2,-3,L 3,6.0,0.0,0,1,1,0.0,0.0,37-8,22-12,2-1,49-5,9-16,3-0,52-7,23-15,28-13,51-6,36-11,38-6,105.0,98.0,7.0,25-5,9-1,8-2,36-16,12-6,,10-5,8-2,13-4,3-4,,,,,,4-0,11-4,12-2,43-13,18-8,2016-17,8-2,13-5,11-5
00,22016,1610612739,Cleveland,Cavaliers,East,35-17,2, - c,Central,8-8,1,51,31,0.622,0.0,51-31,31-10,20-21,4-6,6-4,3-7,3-4,3-4,25-15,9.0,W 9,3.0,W 3,6.0,4.0,-2.0,L 2,-2.0,L 2,-4,L 4,2.0,0.0,0,1,1,0.0,0.0,44-9,7-22,0-0,44-5,5-26,2-0,48-14,33-28,25-17,42-8,34-9,23-6,110.0,107.0,3.0,35-17,16-2,8-8,16-14,6-4,,7-8,9-2,7-10,3-4,,,,,,3-0,10-3,12-4,39-16,12-15,2016-17,11-7,6-4,4-6
00,22016,1610612761,Toronto,Raptors,East,34-18,3, - x,Atlantic,14-2,2,51,31,0.622,0.0,51-31,28-13,23-18,8-2,7-3,7-3,3-1,8-7,26-8,4.0,W 4,7.0,W 7,6.0,5.0,3.0,W 3,3.0,W 3,4,W 4,2.0,2.0,0,0,1,0.0,0.0,33-11,17-20,1-0,39-8,12-22,0-1,42-16,26-27,19-16,41-10,31-10,34-15,107.0,103.0,4.0,34-18,14-2,10-8,17-13,3-7,,8-9,6-5,10-6,5-1,,,,,,2-1,10-5,10-4,33-24,18-7,2016-17,10-8,8-2,6-4
00,22016,1610612745,Houston,Rockets,West,36-16,3, - x,Southwest,10-6,2,55,27,0.671,0.0,55-27,30-11,25-16,5-5,7-3,5-5,3-0,8-3,30-11,6.0,W 6,5.0,W 5,10.0,3.0,1.0,W 1,-1.0,L 1,1,W 1,12.0,6.0,0,0,1,0.0,0.0,43-7,9-19,3-1,50-8,5-18,0-1,53-24,37-27,20-20,41-2,33-7,24-12,115.0,110.0,6.0,19-11,8-2,5-5,36-16,13-5,,10-7,6-3,9-6,4-2,,,,,,2-1,9-6,15-2,40-18,15-9,2016-17,6-4,13-5,10-6
00,22016,1610612746,LA,Clippers,West,31-21,4, - x,Pacific,10-6,2,51,31,0.622,0.0,51-31,29-12,22-19,8-2,8-2,5-5,1-1,3-6,33-14,6.0,W 6,7.0,W 7,7.0,6.0,5.0,W 5,2.0,W 2,7,W 7,16.0,16.0,0,0,1,0.0,0.0,44-12,6-18,1-1,45-8,4-22,2-1,45-17,25-25,24-13,47-7,31-10,31-12,109.0,104.0,4.0,20-10,6-4,5-5,31-21,10-6,,8-4,6-5,10-8,5-0,,,,,,3-0,11-5,8-9,35-21,16-10,2016-17,9-1,10-8,11-7
00,22016,1610612764,Washington,Wizards,East,32-20,4, - se,Southeast,8-8,1,49,33,0.598,0.0,49-33,30-11,19-22,5-5,6-4,4-6,4-3,9-6,18-12,17.0,W 17,5.0,W 5,7.0,3.0,-1.0,L 1,-1.0,L 1,-1,L 1,4.0,0.0,0,1,1,0.0,0.0,30-10,16-21,3-2,36-5,9-27,4-1,46-24,33-30,21-19,37-7,24-13,25-14,109.0,107.0,2.0,32-20,12-6,12-6,17-13,8-2,,12-4,7-3,11-7,3-3,,,,,,0-2,6-9,10-5,34-21,15-12,2016-17,8-8,6-4,3-7
00,22016,1610612737,Atlanta,Hawks,East,30-22,5, - x,Southeast,6-10,2,43,39,0.524,0.0,43-39,23-18,20-21,6-4,6-4,3-7,5-0,7-8,17-21,4.0,W 4,5.0,W 5,7.0,7.0,4.0,W 4,-1.0,L 1,-1,L 1,10.0,6.0,0,0,1,0.0,0.0,30-5,13-33,0-1,34-7,8-31,1-1,37-11,18-33,20-20,36-4,29-14,20-14,103.0,104.0,-1.0,30-22,13-5,11-7,13-17,2-8,,11-4,5-6,6-10,4-3,,,,,,3-0,7-9,7-7,32-24,11-15,2016-17,6-10,4-6,7-3
00,22016,1610612762,Utah,Jazz,West,31-21,5, - nw,Northwest,8-8,1,51,31,0.622,0.0,51-31,29-12,22-19,7-3,9-1,3-7,2-1,4-4,23-10,9.0,W 9,-4.0,L 4,6.0,4.0,9.0,W 9,1.0,W 1,2,W 2,16.0,0.0,0,1,1,0.0,0.0,38-6,13-25,0-0,39-8,9-22,3-1,40-10,17-23,15-22,43-6,39-12,22-9,101.0,97.0,4.0,20-10,6-4,6-4,31-21,12-6,,9-6,7-4,10-6,4-2,,,,,,1-2,10-6,10-5,35-22,16-9,2016-17,8-2,8-8,11-7
00,22016,1610612760,Oklahoma City,Thunder,West,29-23,6, - x,Northwest,10-6,2,47,35,0.573,0.0,47-35,28-13,19-22,6-4,5-5,7-3,4-1,12-7,23-21,5.0,W 5,-7.0,L 7,6.0,4.0,-1.0,L 1,2.0,W 2,-1,L 1,20.0,4.0,0,0,1,0.0,0.0,34-8,9-25,4-2,33-4,13-31,1-0,42-18,24-32,19-21,38-2,40-22,16-13,107.0,106.0,1.0,18-12,9-1,4-6,29-23,8-10,,7-8,7-4,8-7,4-3,,,,,,3-0,9-8,9-5,32-25,15-10,2016-17,5-5,10-6,11-7
00,22016,1610612749,Milwaukee,Bucks,East,27-25,6, - x,Central,10-6,2,42,40,0.512,0.0,42-40,23-18,19-22,5-5,8-2,6-4,1-3,8-2,21-22,6.0,W 6,-7.0,L 7,6.0,5.0,1.0,W 1,-1.0,L 1,-1,L 1,11.0,9.0,0,0,1,0.0,0.0,30-6,9-31,3-3,34-5,8-34,0-1,34-17,18-36,17-20,35-10,22-10,23-20,104.0,104.0,0.0,27-25,10-8,10-6,15-15,7-3,,5-10,5-6,14-4,2-4,,,,,,1-2,7-6,8-8,25-30,17-10,2016-17,7-11,4-6,4-6
00,22016,1610612754,Indiana,Pacers,East,26-26,7, - x,Central,8-8,3,42,40,0.512,0.0,42-40,29-12,13-28,6-4,8-2,2-8,4-2,4-2,23-19,5.0,W 5,-8.0,L 8,7.0,6.0,3.0,W 3,2.0,W 2,5,W 5,11.0,9.0,0,0,1,0.0,0.0,30-10,9-28,3-2,37-7,3-33,2-0,35-23,20-35,19-21,37-9,23-9,27-14,105.0,105.0,0.0,26-26,8-10,8-8,16-14,6-4,,9-4,6-7,6-10,5-1,,,,,,1-2,8-8,7-8,29-28,13-12,2016-17,10-8,5-5,5-5
00,22016,1610612763,Memphis,Grizzlies,West,28-24,7, - x,Southwest,8-8,3,43,39,0.524,0.0,43-39,24-17,19-22,3-7,5-5,2-8,5-2,7-5,17-20,6.0,W 6,6.0,W 6,6.0,5.0,-2.0,L 2,-6.0,L 6,-2,L 2,24.0,18.0,0,0,1,0.0,0.0,30-10,10-29,3-0,33-6,7-33,3-0,31-17,11-30,19-23,34-6,26-15,26-23,100.0,100.0,0.0,15-15,5-5,5-5,28-24,9-9,,7-7,7-4,6-9,1-5,,,,,,2-1,9-7,11-6,34-24,9-15,2016-17,5-5,11-7,8-8
00,22016,1610612757,Portland,Trail Blazers,West,28-24,8, - x,Northwest,11-5,3,41,41,0.5,0.0,41-41,25-16,16-25,7-3,8-2,6-4,4-5,7-11,18-16,8.0,W 8,-8.0,L 8,6.0,6.0,-1.0,L 1,-2.0,L 2,-1,L 1,26.0,10.0,0,0,1,0.0,0.0,30-15,11-24,0-2,31-9,9-30,1-2,37-26,25-36,16-24,32-10,21-16,22-10,108.0,108.0,-1.0,13-17,5-5,3-7,28-24,9-9,,8-7,2-7,13-3,4-3,,,,,,2-1,8-9,4-11,23-33,18-8,2016-17,5-5,11-5,8-10
00,22016,1610612741,Chicago,Bulls,East,28-24,8, - x,Central,9-7,4,41,41,0.5,0.0,41-41,25-16,16-25,7-3,6-4,4-6,2-2,5-6,17-23,4.0,W 4,-6.0,L 6,4.0,5.0,4.0,W 4,-1.0,L 1,2,W 2,12.0,10.0,0,0,1,0.0,0.0,28-12,11-26,2-3,35-8,5-30,1-3,34-14,15-35,21-20,26-5,33-19,26-15,103.0,102.0,0.0,28-24,10-8,9-7,13-17,5-5,,8-7,6-5,6-9,5-2,,,,,,3-0,7-7,6-11,28-29,13-12,2016-17,9-9,4-6,4-6
00,22016,1610612743,Denver,Nuggets,West,24-28,9, - o,Northwest,6-10,4,40,42,0.488,0.0,40-42,22-19,18-23,5-5,6-4,6-4,0-3,5-10,24-19,5.0,W 5,3.0,W 3,4.0,5.0,-1.0,L 1,2.0,W 2,2,W 2,27.0,11.0,0,0,0,1.0,1.0,30-9,8-29,2-4,38-7,2-32,0-3,40-29,29-41,16-24,34-7,33-26,9-6,112.0,111.0,1.0,16-14,6-4,7-3,24-28,12-6,,7-7,6-7,8-7,5-2,,,,,,1-2,6-9,7-8,25-31,15-11,2016-17,3-7,6-10,6-12
00,22016,1610612748,Miami,Heat,East,27-25,9, - o,Southeast,9-7,3,41,41,0.5,0.0,41-41,23-18,18-23,6-4,6-4,5-5,2-1,8-6,19-13,8.0,W 8,-8.0,L 8,13.0,6.0,2.0,W 2,1.0,W 1,3,W 3,12.0,8.0,0,0,0,1.0,1.0,28-9,8-30,5-2,32-3,8-35,1-3,36-13,18-27,18-26,32-10,26-15,20-15,103.0,102.0,1.0,27-25,7-11,11-7,14-16,5-5,,9-6,8-3,10-6,4-2,,,,,,1-2,5-10,4-12,25-32,16-9,2016-17,9-7,4-6,5-5
00,22016,1610612740,New Orleans,Pelicans,West,20-32,10, - o,Southwest,6-10,4,34,48,0.415,0.0,34-48,21-20,13-28,4-6,6-4,3-7,3-5,7-6,17-22,6.0,W 6,-5.0,L 5,4.0,8.0,-2.0,L 2,1.0,W 1,1,W 1,33.0,27.0,0,0,0,1.0,1.0,22-13,11-34,1-1,26-4,8-43,0-1,31-24,16-37,15-30,28-6,16-5,21-20,104.0,106.0,-2.0,14-16,5-5,4-6,20-32,7-11,,5-9,4-7,10-6,1-5,,,,,,0-3,7-9,7-9,23-34,11-14,2016-17,5-5,7-11,6-10
00,22016,1610612765,Detroit,Pistons,East,21-31,10, - o,Central,5-11,5,37,45,0.451,0.0,37-45,24-17,13-28,3-7,5-5,2-8,3-1,5-7,23-26,5.0,W 5,-7.0,L 7,3.0,5.0,-2.0,L 2,-1.0,L 1,-2,L 2,16.0,14.0,0,0,0,1.0,1.0,26-6,10-39,1-0,27-6,9-38,1-1,33-14,12-34,18-25,29-10,29-21,21-21,101.0,102.0,-1.0,21-31,7-11,5-11,16-14,4-6,,6-7,8-4,6-11,2-3,,,,,,2-1,8-9,5-10,27-30,10-15,2016-17,9-9,7-3,5-5
00,22016,1610612766,Charlotte,Hornets,East,22-30,11, - o,Southeast,10-6,4,36,46,0.439,0.0,36-46,22-19,14-27,4-6,4-6,4-6,0-6,0-9,19-18,5.0,W 5,-12.0,L 12,4.0,7.0,-2.0,L 2,-3.0,L 3,-5,L 5,17.0,13.0,0,0,0,1.0,1.0,24-12,11-32,1-2,25-14,10-30,1-2,29-27,16-42,17-28,25-9,19-13,26-24,105.0,105.0,0.0,22-30,7-11,5-13,14-16,4-6,,4-11,3-8,9-7,1-5,,,,,,2-1,8-7,9-7,24-32,12-14,2016-17,10-6,7-3,3-7
00,22016,1610612742,Dallas,Mavericks,West,19-33,11, - o,Southwest,5-11,5,33,49,0.402,0.0,33-49,21-20,12-29,2-8,4-6,4-6,2-2,4-6,14-26,6.0,W 6,-10.0,L 10,4.0,8.0,-4.0,L 4,1.0,W 1,1,W 1,34.0,28.0,0,0,0,1.0,1.0,21-11,11-37,1-1,25-8,7-40,1-1,23-12,11-31,15-29,26-4,10-8,29-33,98.0,101.0,-3.0,14-16,4-6,6-4,19-33,8-10,,8-6,6-5,7-9,2-5,,,,,,0-3,3-11,7-10,22-34,11-15,2016-17,4-6,6-12,5-11
00,22016,1610612758,Sacramento,Kings,West,21-31,12, - o,Pacific,7-9,3,32,50,0.39,0.0,32-50,17-24,15-26,5-5,4-6,3-7,2-6,10-6,9-27,-6.0,L 6,-4.0,L 4,4.0,8.0,1.0,W 1,-2.0,L 2,-1,L 1,35.0,35.0,0,0,0,1.0,1.0,15-12,14-37,3-1,21-9,10-40,1-1,25-21,17-46,12-33,26-13,18-14,15-20,103.0,107.0,-4.0,11-19,5-5,3-7,21-31,7-9,,5-11,6-5,4-12,3-3,,,,,,2-2,5-9,7-8,24-33,8-17,2016-17,3-7,8-10,6-12
00,22016,1610612752,New York,Knicks,East,22-30,12, - o,Atlantic,5-11,3,31,51,0.378,0.0,31-51,19-22,12-29,4-6,4-6,2-8,1-3,7-10,10-25,6.0,W 6,-7.0,L 7,4.0,6.0,1.0,W 1,-1.0,L 1,1,W 1,22.0,22.0,0,0,0,1.0,1.0,19-14,12-36,0-1,23-9,7-41,1-1,26-31,18-49,13-31,25-12,22-20,14-17,104.0,108.0,-4.0,22-30,5-11,9-9,9-21,3-7,,5-12,3-7,5-11,2-4,,,,,,1-1,8-8,7-8,23-34,8-17,2016-17,8-10,3-7,3-7
00,22016,1610612753,Orlando,Magic,East,20-32,13, - o,Southeast,7-9,5,29,53,0.354,0.0,29-53,16-25,13-28,3-7,5-5,1-9,2-2,5-5,10-32,-6.0,L 6,-5.0,L 5,3.0,5.0,1.0,W 1,-5.0,L 5,1,W 1,24.0,20.0,0,0,0,1.0,1.0,21-11,7-40,1-2,20-10,7-41,2-2,23-22,15-46,8-28,24-7,16-17,18-23,101.0,108.0,-7.0,20-32,8-10,5-13,9-21,3-7,,4-12,3-7,5-11,2-4,,,,,,0-3,7-8,8-8,21-37,8-16,2016-17,7-9,2-8,4-6
00,22016,1610612750,Minnesota,Timberwolves,West,18-34,13, - o,Northwest,5-11,5,31,51,0.378,0.0,31-51,20-21,11-30,3-7,6-4,1-9,2-3,7-10,18-19,-7.0,L 7,-7.0,L 7,3.0,6.0,-1.0,L 1,-5.0,L 5,-6,L 6,36.0,20.0,0,0,0,1.0,1.0,24-20,7-26,0-5,24-12,6-38,1-1,26-32,15-44,17-30,25-14,22-26,19-21,106.0,107.0,-1.0,13-17,3-7,4-6,18-34,9-9,,8-7,5-7,6-8,1-7,,,,,,0-2,5-11,6-9,22-35,9-16,2016-17,6-4,5-11,4-14
00,22016,1610612755,Philadelphia,76ers,East,19-33,14, - o,Atlantic,7-9,4,28,54,0.341,0.0,28-54,17-24,11-30,1-9,3-7,3-7,1-4,9-8,7-29,-8.0,L 8,-7.0,L 7,3.0,8.0,-5.0,L 5,-3.0,L 3,-8,L 8,25.0,25.0,0,0,0,1.0,1.0,16-16,10-34,2-4,22-14,5-38,1-2,22-26,16-51,8-32,18-13,18-11,9-16,102.0,108.0,-6.0,19-33,7-9,5-13,9-21,4-6,,10-5,4-8,6-11,0-6,,,,,,0-2,4-12,4-10,21-35,7-19,2016-17,7-11,3-7,2-8
00,22016,1610612747,Los Angeles,Lakers,West,16-36,14, - o,Pacific,6-10,4,26,56,0.317,0.0,26-56,17-24,9-32,5-5,5-5,2-8,1-0,2-4,14-31,-9.0,L 9,-12.0,L 12,5.0,8.0,4.0,W 4,-1.0,L 1,-1,L 1,41.0,41.0,0,0,0,1.0,1.0,15-11,10-43,1-2,18-6,8-47,0-3,24-30,15-52,11-28,18-7,17-22,11-22,105.0,111.0,-7.0,10-20,3-7,3-7,16-36,6-10,,5-10,2-8,2-12,5-2,,,,,,1-2,9-8,2-14,19-39,7-17,2016-17,4-6,4-14,6-12
00,22016,1610612756,Phoenix,Suns,West,11-41,15, - o,Pacific,3-13,5,24,58,0.293,0.0,24-58,15-26,9-32,2-8,2-8,1-9,3-3,9-5,7-32,-8.0,L 8,-8.0,L 8,3.0,13.0,2.0,W 2,-8.0,L 8,-1,L 1,43.0,43.0,0,0,0,1.0,1.0,17-16,6-42,1-0,18-8,4-50,2-0,21-43,16-55,11-30,18-13,15-23,11-28,108.0,113.0,-6.0,13-17,6-4,3-7,11-41,3-13,,5-9,3-9,4-12,2-4,,,,,,0-4,6-9,4-11,18-39,6-19,2016-17,4-6,3-15,5-13
00,22016,1610612751,Brooklyn,Nets,East,11-41,15, - o,Atlantic,3-13,5,20,62,0.244,0.0,20-62,13-28,7-34,5-5,6-4,3-7,1-1,3-6,9-30,-16.0,L 16,-15.0,L 15,3.0,16.0,3.0,W 3,-3.0,L 3,-2,L 2,33.0,33.0,0,0,0,1.0,1.0,16-17,4-43,0-2,13-6,6-54,1-2,18-36,14-58,7-36,17-15,12-11,6-14,106.0,113.0,-7.0,11-41,3-13,4-14,9-21,5-5,,1-15,0-10,7-10,4-3,,,,,,1-3,4-9,3-12,9-47,11-15,2016-17,4-14,2-8,2-8
00,22017,1610612745,Houston,Rockets,West,41-11,1, - w,Southwest,12-4,1,65,17,0.793,0.0,65-17,34-7,31-10,7-3,9-1,7-3,2-0,5-3,38-8,20.0,W 20,10.0,W 10,17.0,5.0,-1.0,L 1,-1.0,L 1,-1,L 1,0.0,0.0,1,1,1,0.0,0.0,51-6,11-11,3-0,56-3,9-13,0-1,62-12,33-14,39-13,39-2,41-5,37-7,112.0,104.0,8.0,24-6,6-4,9-1,41-11,13-5,,10-4,12-0,14-1,3-3,,,,,,5-3,12-1,9-5,44-13,21-4,2017-18,9-1,16-2,12-4
00,22017,1610612761,Toronto,Raptors,East,40-12,1, - e,Atlantic,12-4,1,59,23,0.72,0.0,59-23,34-7,25-16,6-4,8-2,6-4,4-2,5-7,33-5,12.0,W 12,9.0,W 9,11.0,2.0,4.0,W 4,-1.0,L 1,-1,L 1,0.0,0.0,1,1,1,0.0,0.0,44-11,14-11,1-1,47-5,9-17,3-1,53-15,31-18,25-18,42-8,43-7,33-10,112.0,104.0,8.0,40-12,12-4,14-4,19-11,6-4,,10-5,9-2,12-4,4-2,,,,,,4-2,9-5,11-3,41-16,18-7,2017-18,14-4,5-5,8-2
00,22017,1610612738,Boston,Celtics,East,33-19,2, - x,Atlantic,12-4,2,55,27,0.671,0.0,55-27,27-14,28-13,6-4,6-4,6-4,2-2,11-8,25-9,8.0,W 8,9.0,W 9,16.0,4.0,1.0,W 1,-3.0,L 3,1,W 1,4.0,4.0,0,0,1,0.0,0.0,33-10,20-17,2-0,41-4,13-21,1-2,42-13,19-22,27-21,43-6,36-5,27-12,104.0,100.0,4.0,33-19,12-4,10-8,22-8,7-3,,7-5,7-4,9-4,2-4,,,,,,5-2,14-2,11-6,40-19,15-8,2017-18,11-7,9-1,6-4
00,22017,1610612744,Golden State,Warriors,West,34-18,2, - p,Pacific,13-3,1,58,24,0.707,0.0,58-24,29-12,29-12,4-6,5-5,5-5,2-0,5-1,38-13,8.0,W 8,14.0,W 14,11.0,3.0,-1.0,L 1,-1.0,L 1,-1,L 1,7.0,0.0,0,1,1,0.0,0.0,35-9,18-14,5-1,53-5,4-16,1-3,55-15,43-19,28-18,55-7,37-5,27-5,113.0,107.0,6.0,24-6,9-1,6-4,34-18,13-3,,11-3,8-3,7-7,3-3,,,,,,5-3,11-3,13-2,44-14,14-10,2017-18,9-1,8-10,13-5
00,22017,1610612757,Portland,Trail Blazers,West,31-21,3, - nw,Northwest,9-7,1,49,33,0.598,0.0,49-33,28-13,21-20,5-5,8-2,5-5,2-1,8-8,20-12,9.0,W 9,7.0,W 7,13.0,5.0,3.0,W 3,-5.0,L 5,1,W 1,16.0,0.0,0,1,1,0.0,0.0,39-12,9-17,1-4,36-9,9-23,4-1,44-18,23-26,25-26,37-6,34-13,22-13,106.0,103.0,3.0,18-12,4-6,6-4,31-21,15-3,,11-5,6-4,12-3,2-4,,,,,,4-3,9-6,5-8,32-26,17-7,2017-18,8-2,9-7,7-11
00,22017,1610612755,Philadelphia,76ers,East,34-18,3, - x,Atlantic,9-7,3,52,30,0.634,0.0,52-30,30-11,22-19,10-0,10-0,8-2,1-1,4-7,31-11,11.0,W 11,7.0,W 7,16.0,5.0,10.0,W 10,7.0,W 7,16,W 16,7.0,7.0,0,0,1,0.0,0.0,42-11,10-19,0-0,44-9,6-21,2-0,49-18,30-30,26-21,47-11,43-14,17-7,110.0,105.0,5.0,34-18,9-7,11-7,18-12,4-6,,7-5,8-3,13-3,7-0,,,,,,3-4,9-5,5-10,30-25,22-5,2017-18,14-4,7-3,7-3
00,22017,1610612739,Cleveland,Cavaliers,East,35-17,4, - c,Central,11-5,1,50,32,0.61,0.0,50-32,29-12,21-20,7-3,8-2,5-5,2-0,8-5,17-20,13.0,W 13,7.0,W 7,13.0,4.0,-1.0,L 1,1.0,W 1,-1,L 1,9.0,0.0,0,1,1,0.0,0.0,31-8,17-24,2-0,39-0,8-32,3-0,48-18,34-29,21-23,37-5,24-8,27-9,111.0,110.0,1.0,35-17,11-7,11-5,15-15,5-5,,6-8,6-4,10-6,4-2,,,,,,3-4,12-3,9-5,34-22,16-10,2017-18,13-5,5-5,5-5
00,22017,1610612760,Oklahoma City,Thunder,West,28-24,4, - x,Northwest,5-11,2,48,34,0.585,0.0,48-34,27-14,21-20,5-5,6-4,7-3,3-1,8-10,24-11,5.0,W 5,-8.0,L 8,8.0,4.0,1.0,W 1,3.0,W 3,3,W 3,17.0,1.0,0,0,1,0.0,0.0,36-10,11-21,1-3,35-7,12-25,1-2,44-18,26-29,24-24,32-4,34-11,30-21,108.0,104.0,3.0,20-10,6-4,7-3,28-24,12-6,,10-4,6-6,8-6,4-1,,,,,,4-3,4-9,12-5,33-26,15-8,2017-18,7-3,5-11,11-7
00,22017,1610612754,Indiana,Pacers,East,32-20,5, - x,Central,10-6,2,48,34,0.585,0.0,48-34,27-14,21-20,7-3,7-3,6-4,3-0,11-2,20-16,6.0,W 6,4.0,W 4,5.0,5.0,-1.0,L 1,1.0,W 1,-1,L 1,11.0,2.0,0,0,1,0.0,0.0,30-7,16-27,2-0,40-4,7-29,1-1,39-16,22-30,25-24,38-4,27-7,34-21,106.0,104.0,1.0,32-20,11-7,10-6,16-14,9-1,,10-5,5-4,11-4,3-3,,,,,,4-3,8-7,7-8,33-25,15-9,2017-18,11-7,3-7,4-6
00,22017,1610612762,Utah,Jazz,West,34-18,5, - x,Northwest,7-9,3,48,34,0.585,0.0,48-34,28-13,20-21,7-3,8-2,8-2,2-1,4-5,31-19,5.0,W 5,12.0,W 12,11.0,4.0,4.0,W 4,-1.0,L 1,-1,L 1,17.0,1.0,0,0,1,0.0,0.0,35-8,11-26,2-0,44-6,4-27,0-1,39-12,14-27,26-24,40-5,35-8,24-15,104.0,100.0,4.0,14-16,3-7,6-4,34-18,15-3,,6-7,9-2,12-3,5-1,,,,,,4-3,7-8,5-10,30-28,18-6,2017-18,5-5,7-9,12-6
00,22017,1610612748,Miami,Heat,East,31-21,6, - se,Southeast,11-5,1,44,38,0.537,0.0,44-38,26-15,18-23,5-5,8-2,2-8,3-6,9-9,16-13,8.0,W 8,-9.0,L 9,7.0,5.0,1.0,W 1,-1.0,L 1,1,W 1,15.0,0.0,0,1,1,0.0,0.0,31-14,11-23,2-1,32-10,8-27,4-1,32-18,17-32,18-27,37-11,26-16,23-12,103.0,103.0,0.0,31-21,9-9,11-7,13-17,5-5,,10-5,3-7,9-7,3-2,,,,,,2-4,8-7,9-6,30-28,14-10,2017-18,11-5,4-6,4-6
00,22017,1610612740,New Orleans,Pelicans,West,27-25,6, - x,Southwest,9-7,2,48,34,0.585,0.0,48-34,24-17,24-17,6-4,7-3,7-3,7-2,7-3,19-16,5.0,W 5,7.0,W 7,10.0,4.0,2.0,W 2,3.0,W 3,5,W 5,17.0,17.0,0,0,1,0.0,0.0,33-14,13-19,2-1,36-7,9-26,3-1,45-22,36-32,23-26,44-14,32-8,19-12,112.0,110.0,1.0,21-9,6-4,9-1,27-25,12-6,,9-5,8-3,8-7,5-1,,,,,,3-4,8-6,7-8,31-26,17-8,2017-18,6-4,6-12,9-7
00,22017,1610612759,San Antonio,Spurs,West,29-23,7, - x,Southwest,9-7,3,47,35,0.573,0.0,47-35,33-8,14-27,5-5,10-0,1-9,1-1,8-10,25-17,14.0,W 14,-8.0,L 8,6.0,4.0,11.0,W 11,-8.0,L 8,-1,L 1,18.0,18.0,0,0,1,0.0,0.0,34-10,12-24,1-1,37-9,9-25,1-1,36-14,15-25,23-24,39-7,32-14,32-15,103.0,100.0,3.0,18-12,6-4,5-5,29-23,11-7,,9-7,2-7,8-6,3-3,,,,,,4-3,10-4,11-5,35-24,12-11,2017-18,7-3,9-9,9-7
00,22017,1610612749,Milwaukee,Bucks,East,27-25,7, - x,Central,6-10,3,44,38,0.537,0.0,44-38,25-16,19-22,6-4,6-4,5-5,3-3,7-4,14-16,5.0,W 5,-4.0,L 4,4.0,4.0,1.0,W 1,-1.0,L 1,-1,L 1,15.0,6.0,0,0,1,0.0,0.0,28-10,10-27,6-1,36-5,6-30,2-3,38-20,27-33,20-29,39-9,22-7,33-18,106.0,107.0,0.0,27-25,11-7,6-10,17-13,7-3,,8-7,6-6,8-7,3-3,,,,,,4-3,7-6,8-6,32-25,12-13,2017-18,10-8,5-5,5-5
00,22017,1610612764,Washington,Wizards,East,28-24,8, - x,Southeast,8-8,2,43,39,0.524,0.0,43-39,23-18,20-21,3-7,5-5,3-7,3-3,5-7,22-12,5.0,W 5,-6.0,L 6,5.0,4.0,1.0,W 1,-6.0,L 6,-1,L 1,16.0,1.0,0,0,1,0.0,0.0,31-9,11-26,1-4,38-8,4-30,1-1,40-20,24-35,24-20,33-6,29-12,29-17,107.0,106.0,1.0,28-24,10-8,10-8,15-15,5-5,,7-6,8-4,6-8,1-5,,,,,,4-2,7-8,10-6,33-24,10-15,2017-18,8-8,4-6,6-4
00,22017,1610612750,Minnesota,Timberwolves,West,34-18,8, - x,Northwest,10-6,4,47,35,0.573,0.0,47-35,30-11,17-24,6-4,6-4,5-5,3-2,7-7,25-12,13.0,W 13,-7.0,L 7,5.0,3.0,2.0,W 2,1.0,W 1,3,W 3,18.0,2.0,0,0,1,0.0,0.0,32-13,13-19,2-3,40-12,6-23,1-0,44-22,28-31,22-23,35-5,28-12,33-21,110.0,107.0,2.0,13-17,4-6,4-6,34-18,14-4,,9-8,6-4,6-7,3-2,,,,,,4-3,9-6,10-5,36-25,11-10,2017-18,5-5,10-6,10-8
00,22017,1610612765,Detroit,Pistons,East,24-28,9, - o,Central,9-7,4,39,43,0.476,0.0,39-43,25-16,14-27,7-3,6-4,5-5,1-4,4-7,19-23,6.0,W 6,-12.0,L 12,5.0,8.0,-1.0,L 1,1.0,W 1,1,W 1,20.0,11.0,0,0,0,1.0,1.0,25-14,11-26,3-3,32-3,6-35,1-5,35-19,17-37,18-29,29-4,27-13,26-22,104.0,104.0,0.0,24-28,7-11,9-7,15-15,7-3,,3-11,6-6,7-8,3-3,,,,,,5-3,9-3,6-9,28-29,11-14,2017-18,8-10,4-6,4-6
00,22017,1610612743,Denver,Nuggets,West,28-24,9, - o,Northwest,9-7,5,46,36,0.561,0.0,46-36,31-10,15-26,7-3,7-3,4-6,3-4,10-5,21-15,8.0,W 8,-7.0,L 7,6.0,3.0,7.0,W 7,-1.0,L 1,-1,L 1,19.0,3.0,0,0,0,1.0,1.0,31-9,14-26,1-1,35-9,10-27,1-0,39-26,31-34,23-23,30-3,31-20,15-11,110.0,109.0,1.0,18-12,4-6,8-2,28-24,10-8,,7-8,7-3,8-7,5-1,,,,,,3-4,9-5,7-8,32-26,14-10,2017-18,6-4,9-7,9-9
00,22017,1610612766,Charlotte,Hornets,East,22-30,10, - o,Southeast,11-5,3,36,46,0.439,0.0,36-46,21-20,15-26,5-5,5-5,5-5,2-2,1-5,23-23,-5.0,L 5,-8.0,L 8,5.0,6.0,-3.0,L 3,2.0,W 2,1,W 1,23.0,8.0,0,0,0,1.0,1.0,26-12,7-32,3-2,30-9,5-36,1-1,35-23,23-43,14-35,25-6,31-19,19-24,108.0,108.0,0.0,22-30,4-14,7-11,14-16,7-3,,8-6,7-5,6-9,2-3,,,,,,4-3,4-9,5-11,24-33,12-13,2017-18,11-5,4-6,3-7
00,22017,1610612746,LA,Clippers,West,24-28,10, - o,Pacific,12-4,2,42,40,0.512,0.0,42-40,22-19,20-21,4-6,4-6,4-6,0-1,8-2,22-19,6.0,W 6,-6.0,L 6,6.0,9.0,-3.0,L 3,-2.0,L 2,-4,L 4,23.0,16.0,0,0,0,1.0,1.0,27-4,15-33,0-3,32-5,9-35,1-0,40-27,29-38,18-32,36-14,26-15,18-9,109.0,109.0,0.0,18-12,6-4,6-4,24-28,12-4,,9-6,7-3,9-7,1-5,,,,,,4-2,4-10,8-7,30-26,12-14,2017-18,6-4,4-14,8-10
00,22017,1610612747,Los Angeles,Lakers,West,19-33,11, - o,Pacific,6-10,3,35,47,0.427,0.0,35-47,20-21,15-26,3-7,4-6,4-6,3-5,6-7,18-21,9.0,W 9,-5.0,L 5,5.0,9.0,-3.0,L 3,1.0,W 1,1,W 1,30.0,23.0,0,0,0,1.0,1.0,22-13,12-31,1-3,27-10,6-34,2-3,32-29,22-42,17-33,28-18,22-20,13-16,108.0,110.0,-2.0,16-14,5-5,5-5,19-33,6-10,,8-7,7-3,7-8,2-5,,,,,,3-4,5-9,3-11,23-34,12-13,2017-18,6-4,4-14,9-9
00,22017,1610612752,New York,Knicks,East,17-35,11, - o,Atlantic,6-10,4,29,53,0.354,0.0,29-53,19-22,10-31,3-7,3-7,3-7,1-4,2-7,15-30,-8.0,L 8,-6.0,L 6,4.0,9.0,-2.0,L 2,1.0,W 1,1,W 1,30.0,30.0,0,0,0,1.0,1.0,20-15,8-37,1-1,24-9,4-43,1-1,28-30,14-49,14-36,27-16,19-20,15-15,104.0,108.0,-4.0,17-35,6-10,4-14,12-18,5-5,,5-11,1-9,3-12,2-3,,,,,,3-3,8-7,7-8,23-36,6-17,2017-18,7-11,4-6,3-7
00,22017,1610612758,Sacramento,Kings,West,14-38,12, - o,Pacific,5-11,4,27,55,0.329,0.0,27-55,14-27,13-28,4-6,4-6,3-7,3-0,6-5,5-32,-5.0,L 5,-9.0,L 9,2.0,8.0,1.0,W 1,-1.0,L 1,1,W 1,38.0,31.0,0,0,0,1.0,1.0,15-11,9-41,3-3,17-7,7-47,3-1,17-21,9-48,11-35,23-9,15-13,15-25,99.0,106.0,-7.0,13-17,5-5,3-7,14-38,5-11,,4-10,2-9,6-10,3-2,,,,,,1-6,5-9,6-9,18-39,9-16,2017-18,5-5,3-15,6-12
00,22017,1610612751,Brooklyn,Nets,East,19-33,12, - o,Atlantic,1-15,5,28,54,0.341,0.0,28-54,15-26,13-28,5-5,4-6,5-5,1-5,5-7,9-27,-6.0,L 6,-10.0,L 10,3.0,8.0,1.0,W 1,-1.0,L 1,-1,L 1,31.0,31.0,0,0,0,1.0,1.0,18-14,8-37,2-3,21-9,6-42,1-3,24-35,15-53,13-39,23-7,15-18,10-12,107.0,110.0,-4.0,19-33,1-15,6-12,9-21,1-9,,6-10,1-9,5-9,3-3,,,,,,3-5,5-8,5-10,19-40,9-14,2017-18,12-6,4-6,4-6
00,22017,1610612742,Dallas,Mavericks,West,14-38,13, - o,Southwest,5-11,4,24,58,0.293,0.0,24-58,15-26,9-32,2-8,3-7,2-8,0-5,2-9,11-20,-5.0,L 5,-8.0,L 8,4.0,6.0,-1.0,L 1,-5.0,L 5,-4,L 4,41.0,41.0,0,0,0,1.0,1.0,17-17,7-37,0-4,20-14,4-42,0-2,18-28,8-45,14-36,18-9,11-10,16-35,102.0,105.0,-3.0,10-20,2-8,4-6,14-38,4-14,,3-11,3-7,4-10,1-5,,,,,,1-7,4-10,8-8,18-40,6-18,2017-18,4-6,5-13,5-11
00,22017,1610612741,Chicago,Bulls,East,21-31,13, - o,Central,4-12,5,27,55,0.329,0.0,27-55,17-24,10-31,3-7,3-7,3-7,2-3,9-5,6-30,7.0,W 7,-9.0,L 9,7.0,10.0,-2.0,L 2,-2.0,L 2,-4,L 4,32.0,23.0,0,0,0,1.0,1.0,17-13,7-39,3-3,17-8,8-45,2-2,24-26,19-49,12-35,19-5,13-19,11-22,103.0,110.0,-7.0,21-31,5-13,4-12,6-24,0-10,,5-10,2-8,5-10,2-4,,,,,,1-4,2-13,10-6,20-37,7-18,2017-18,12-6,2-8,4-6
00,22017,1610612753,Orlando,Magic,East,15-37,14, - o,Southeast,5-11,4,25,57,0.305,0.0,25-57,17-24,8-33,4-6,4-6,1-9,2-0,3-5,10-27,-4.0,L 4,-11.0,L 11,3.0,9.0,1.0,W 1,-2.0,L 2,1,W 1,34.0,19.0,0,0,0,1.0,1.0,13-13,7-43,5-1,19-7,5-48,1-2,24-31,13-48,15-36,24-12,13-10,12-27,103.0,108.0,-5.0,15-37,5-13,5-13,10-20,3-7,,3-10,3-8,4-10,3-4,,,,,,5-2,4-11,3-12,18-39,7-18,2017-18,5-11,2-8,5-5
00,22017,1610612763,Memphis,Grizzlies,West,18-34,14, - o,Southwest,5-11,5,22,60,0.268,0.0,22-60,16-25,6-35,3-7,3-7,1-9,0-1,5-12,8-26,-8.0,L 8,-17.0,L 17,3.0,19.0,1.0,W 1,-5.0,L 5,-2,L 2,43.0,43.0,0,0,0,1.0,1.0,14-8,6-46,2-6,16-7,5-51,1-2,17-23,9-48,12-36,19-12,10-25,13-25,99.0,106.0,-6.0,4-26,2-8,1-9,18-34,8-10,,6-7,0-10,3-13,1-5,,,,,,5-2,2-11,5-12,18-38,4-22,2017-18,1-9,5-13,5-11
00,22017,1610612756,Phoenix,Suns,West,15-37,15, - o,Pacific,4-12,5,21,61,0.256,0.0,21-61,10-31,11-30,2-8,1-9,1-9,0-1,6-5,5-40,-12.0,L 12,-9.0,L 9,2.0,15.0,-2.0,L 2,1.0,W 1,1,W 1,44.0,37.0,0,0,0,1.0,1.0,16-12,5-46,0-3,13-6,7-54,1-1,16-36,13-59,7-44,18-11,13-17,8-19,104.0,113.0,-9.0,6-24,2-8,2-8,15-37,4-12,,4-10,1-10,0-14,2-3,,,,,,3-4,5-11,6-9,18-41,3-20,2017-18,2-8,5-13,6-12
00,22017,1610612737,Atlanta,Hawks,East,12-40,15, - o,Southeast,5-11,5,24,58,0.293,0.0,24-58,16-25,8-33,3-7,3-7,3-7,0-1,6-8,8-35,-4.0,L 4,-10.0,L 10,2.0,8.0,-2.0,L 2,2.0,W 2,-1,L 1,35.0,20.0,0,0,0,1.0,1.0,13-16,10-40,1-2,16-6,7-49,1-3,20-31,12-54,14-36,19-10,16-11,11-22,103.0,109.0,-5.0,12-40,4-14,3-15,12-18,2-8,,5-10,4-7,2-12,3-3,,,,,,1-6,3-11,6-9,18-41,6-17,2017-18,5-11,5-5,5-5
00,22018,1610612744,Golden State,Warriors,West,35-17,1, - w,Pacific,13-3,1,57,25,0.695,0.0,57-25,30-11,27-14,8-2,7-3,7-3,0-5,7-7,34-10,6.0,W 6,11.0,W 11,11.0,4.0,5.0,W 5,-1.0,L 1,-1,L 1,0.0,0.0,1,1,1,0.0,0.0,43-6,11-19,3-0,49-5,8-19,0-1,57-17,47-25,35-16,52-9,40-6,27-5,118.0,111.0,6.0,22-8,6-4,8-2,35-17,13-3,,11-2,7-4,9-5,5-1,,,,,,8-1,7-7,10-5,41-16,16-9,2018-19,8-2,12-6,10-8
00,22018,1610612749,Milwaukee,Bucks,East,40-12,1, - e,Central,14-2,1,60,22,0.732,0.0,60-22,33-8,27-14,7-3,7-3,5-5,1-3,5-6,45-5,6.0,W 6,10.0,W 10,7.0,2.0,-1.0,L 1,2.0,W 2,-1,L 1,0.0,0.0,1,1,1,0.0,0.0,47-7,13-15,0-0,51-3,8-18,1-1,59-18,40-21,27-12,57-3,45-8,28-6,118.0,109.0,9.0,40-12,13-5,14-2,20-10,6-4,,12-3,10-1,10-6,3-2,,,,,,7-0,8-6,10-4,43-14,17-8,2018-19,13-5,6-4,8-2
00,22018,1610612743,Denver,Nuggets,West,34-18,2, - nw,Northwest,12-4,1,54,28,0.659,0.0,54-28,34-7,20-21,5-5,7-3,4-6,2-0,13-3,23-11,12.0,W 12,5.0,W 5,7.0,4.0,3.0,W 3,-3.0,L 3,1,W 1,3.0,0.0,0,1,1,0.0,0.0,40-5,14-22,0-1,43-1,7-26,4-1,50-20,29-26,32-19,42-4,40-11,26-14,111.0,107.0,4.0,20-10,7-3,6-4,34-18,12-6,,12-4,7-4,9-6,3-3,,,,,,6-1,9-6,8-4,39-18,15-10,2018-19,7-3,12-4,10-8
00,22018,1610612761,Toronto,Raptors,East,36-16,2, - a,Atlantic,12-4,1,58,24,0.707,0.0,58-24,32-9,26-15,7-3,7-3,7-3,4-3,11-7,33-9,10.0,W 10,5.0,W 5,8.0,3.0,3.0,W 3,1.0,W 1,2,W 2,2.0,0.0,0,1,1,0.0,0.0,45-4,13-19,0-1,50-6,7-18,1-0,55-18,44-23,26-17,47-10,30-7,33-11,114.0,108.0,6.0,36-16,12-4,10-8,22-8,10-0,,10-5,8-1,9-6,4-1,,,,,,7-1,12-3,8-7,43-16,15-8,2018-19,14-4,6-4,6-4
00,22018,1610612757,Portland,Trail Blazers,West,29-23,3, - x,Northwest,6-10,2,53,29,0.646,0.0,53-29,32-9,21-20,8-2,9-1,6-4,4-2,4-6,29-8,8.0,W 8,-6.0,L 6,6.0,3.0,8.0,W 8,1.0,W 1,3,W 3,4.0,1.0,0,0,1,0.0,0.0,41-10,10-18,2-1,48-4,5-25,0-0,51-23,39-27,28-19,41-5,43-18,18-8,115.0,110.0,4.0,24-6,9-1,8-2,29-23,12-6,,11-4,6-3,10-5,5-1,,,,,,5-2,8-7,8-7,34-23,19-6,2018-19,7-3,6-10,11-7
00,22018,1610612755,Philadelphia,76ers,East,31-21,3, - x,Atlantic,8-8,2,51,31,0.622,0.0,51-31,31-10,20-21,4-6,7-3,4-6,2-3,10-8,22-16,10.0,W 10,-5.0,L 5,6.0,3.0,1.0,W 1,-1.0,L 1,1,W 1,9.0,7.0,0,0,1,0.0,0.0,42-7,6-22,3-2,43-6,7-24,1-1,51-24,39-31,27-19,40-11,41-16,19-3,115.0,112.0,3.0,31-21,8-8,12-6,20-10,8-2,,11-4,6-4,9-5,2-4,,,,,,4-4,12-4,7-6,37-21,14-10,2018-19,11-7,6-4,6-4
00,22018,1610612745,Houston,Rockets,West,32-20,4, - sw,Southwest,10-6,1,53,29,0.646,0.0,53-29,31-10,22-19,8-2,9-1,7-3,2-4,5-7,29-12,10.0,W 10,6.0,W 6,9.0,4.0,7.0,W 7,-1.0,L 1,-1,L 1,4.0,0.0,0,1,1,0.0,0.0,37-10,15-19,1-0,42-6,10-21,1-2,50-20,38-27,26-17,28-5,26-3,36-17,114.0,109.0,5.0,21-9,8-2,6-4,32-20,14-4,,8-6,8-4,12-3,4-1,,,,,,1-5,9-6,11-4,33-24,20-5,2018-19,7-3,8-10,10-6
00,22018,1610612738,Boston,Celtics,East,35-17,4, - x,Atlantic,10-6,3,49,33,0.598,0.0,49-33,28-13,21-20,6-4,5-5,6-4,4-0,5-6,24-12,10.0,W 10,4.0,W 4,8.0,4.0,-1.0,L 1,3.0,W 3,1,W 1,11.0,9.0,0,0,1,0.0,0.0,38-11,9-21,2-1,42-5,7-26,0-2,49-24,33-29,24-21,41-9,28-6,30-19,112.0,108.0,4.0,35-17,10-6,13-5,14-16,5-5,,11-4,5-6,8-7,4-1,,,,,,5-2,7-8,9-5,37-21,12-12,2018-19,12-6,4-6,5-5
00,22018,1610612754,Indiana,Pacers,East,33-19,5, - x,Central,11-5,2,48,34,0.585,0.0,48-34,29-12,19-22,4-6,6-4,2-8,1-0,6-6,23-16,5.0,W 5,-10.0,L 10,7.0,4.0,-2.0,L 2,2.0,W 2,1,W 1,12.0,12.0,0,0,1,0.0,0.0,37-9,10-23,1-2,44-10,3-24,1-0,43-17,23-31,17-21,43-7,26-10,37-17,108.0,105.0,3.0,33-19,9-9,11-5,15-15,5-5,,7-7,9-3,4-10,3-2,,,,,,5-3,8-6,12-3,38-20,10-14,2018-19,13-5,5-5,5-5
00,22018,1610612762,Utah,Jazz,West,30-22,5, - x,Northwest,8-8,3,50,32,0.61,0.0,50-32,29-12,21-20,8-2,8-2,6-4,0-2,0-7,34-12,8.0,W 8,-5.0,L 5,7.0,4.0,8.0,W 8,-2.0,L 2,-1,L 1,7.0,4.0,0,0,1,0.0,0.0,42-10,8-21,0-1,45-9,4-23,1-0,48-20,28-28,20-23,44-4,38-11,16-12,112.0,106.0,5.0,20-10,6-4,7-3,30-22,12-6,,11-4,6-3,11-4,4-2,,,,,,4-3,7-9,7-7,32-25,18-7,2018-19,7-3,8-8,10-8
00,22018,1610612751,Brooklyn,Nets,East,29-23,6, - x,Atlantic,8-8,4,42,40,0.512,0.0,42-40,23-18,19-22,6-4,6-4,5-5,5-2,12-8,16-22,9.0,W 9,-4.0,L 4,7.0,8.0,1.0,W 1,2.0,W 2,3,W 3,18.0,16.0,0,0,1,0.0,0.0,29-8,8-28,5-4,33-6,7-32,2-2,41-28,29-39,17-25,28-7,26-14,21-9,112.0,112.0,0.0,29-23,8-8,10-8,13-17,6-4,,11-4,4-6,7-7,3-2,,,,,,3-5,5-10,9-6,30-29,12-11,2018-19,11-7,2-8,5-5
00,22018,1610612760,Oklahoma City,Thunder,West,28-24,6, - x,Northwest,9-7,4,49,33,0.598,0.0,49-33,27-14,22-19,7-3,5-5,5-5,2-3,6-7,23-12,7.0,W 7,4.0,W 4,7.0,4.0,3.0,W 3,2.0,W 2,5,W 5,8.0,5.0,0,0,1,0.0,0.0,31-5,17-27,1-1,39-7,9-26,1-0,45-26,38-33,24-18,34-3,29-12,34-20,114.0,111.0,3.0,21-9,6-4,8-2,28-24,10-8,,9-5,6-5,6-10,5-0,,,,,,2-4,12-3,9-6,37-20,12-13,2018-19,7-3,9-7,9-9
00,22018,1610612759,San Antonio,Spurs,West,30-22,7, - x,Southwest,10-6,2,48,34,0.585,0.0,48-34,32-9,16-25,6-4,8-2,5-5,3-1,7-4,25-16,11.0,W 11,-5.0,L 5,9.0,4.0,2.0,W 2,2.0,W 2,3,W 3,9.0,5.0,0,0,1,0.0,0.0,37-6,9-28,2-0,39-4,9-28,0-2,47-22,32-31,21-21,43-6,34-13,30-12,112.0,110.0,2.0,18-12,6-4,7-3,30-22,10-8,,10-5,3-7,10-4,4-1,,,,,,5-2,5-10,11-5,33-26,15-8,2018-19,5-5,10-8,10-6
00,22018,1610612753,Orlando,Magic,East,30-22,7, - se,Southeast,10-6,1,42,40,0.512,0.0,42-40,25-16,17-24,8-2,9-1,4-6,1-3,5-6,21-21,9.0,W 9,-5.0,L 5,6.0,4.0,9.0,W 9,2.0,W 2,4,W 4,18.0,0.0,0,1,1,0.0,0.0,30-11,12-27,0-2,32-8,10-31,0-1,38-19,23-37,18-23,32-8,28-13,24-12,107.0,107.0,1.0,30-22,11-7,9-9,12-18,4-6,,5-11,8-3,9-5,4-1,,,,,,2-5,9-7,5-8,27-32,15-8,2018-19,10-6,2-8,6-4
00,22018,1610612765,Detroit,Pistons,East,27-25,8, - x,Central,8-8,3,41,41,0.5,0.0,41-41,26-15,15-26,4-6,8-2,2-8,5-2,6-9,16-21,11.0,W 11,-5.0,L 5,5.0,6.0,1.0,W 1,1.0,W 1,2,W 2,19.0,19.0,0,0,1,0.0,0.0,27-10,13-30,1-1,29-8,12-33,0-0,37-25,25-38,14-29,23-4,26-16,20-15,107.0,107.0,0.0,27-25,10-8,8-8,14-16,5-5,,6-10,7-3,10-6,2-4,,,,,,4-3,8-4,4-11,26-30,15-11,2018-19,9-9,4-6,5-5
00,22018,1610612746,LA,Clippers,West,28-24,8, - x,Pacific,11-5,2,48,34,0.585,0.0,48-34,26-15,22-19,6-4,7-3,6-4,5-1,6-2,23-18,9.0,W 9,5.0,W 5,6.0,5.0,1.0,W 1,-2.0,L 2,1,W 1,9.0,9.0,0,0,1,0.0,0.0,32-8,14-25,2-1,39-2,8-30,1-2,48-25,41-33,22-25,37-8,36-6,19-11,115.0,114.0,1.0,20-10,6-4,7-3,28-24,11-5,,7-9,6-5,13-2,1-3,,,,,,4-3,11-3,6-9,32-27,16-7,2018-19,7-3,7-11,10-8
00,22018,1610612766,Charlotte,Hornets,East,29-23,9, - o,Southeast,10-6,2,39,43,0.476,0.0,39-43,25-16,14-27,6-4,5-5,5-5,1-4,6-10,21-20,5.0,W 5,-4.0,L 4,4.0,3.0,-1.0,L 1,3.0,W 3,-1,L 1,21.0,3.0,0,0,0,1.0,1.0,29-9,9-32,1-2,33-8,5-34,1-1,38-30,27-39,17-27,27-8,23-9,27-21,111.0,112.0,-1.0,29-23,8-10,11-7,10-20,3-7,,6-8,4-7,7-8,4-2,,,,,,4-4,7-7,7-7,27-30,12-13,2018-19,10-6,2-8,5-5
00,22018,1610612758,Sacramento,Kings,West,21-31,9, - o,Pacific,4-12,3,39,43,0.476,0.0,39-43,24-17,15-26,3-7,5-5,2-8,0-2,6-7,16-18,7.0,W 7,-5.0,L 5,5.0,4.0,-1.0,L 1,-2.0,L 2,-3,L 3,18.0,18.0,0,0,0,1.0,1.0,25-14,12-28,2-1,29-6,9-34,1-3,37-38,29-43,13-33,30-9,19-11,28-27,114.0,115.0,-1.0,18-12,3-7,7-3,21-31,4-12,,7-8,5-5,7-9,1-4,,,,,,5-3,5-8,9-6,30-27,9-16,2018-19,8-2,7-11,10-8
00,22018,1610612748,Miami,Heat,East,23-29,10, - o,Southeast,7-9,3,39,43,0.476,0.0,39-43,19-22,20-21,4-6,6-4,5-5,1-1,6-9,16-20,-6.0,L 6,4.0,W 4,5.0,4.0,1.0,W 1,-4.0,L 4,-1,L 1,21.0,3.0,0,0,0,1.0,1.0,23-16,11-24,5-3,33-10,4-32,2-1,35-23,17-40,18-28,37-12,28-17,18-15,106.0,106.0,0.0,23-29,7-11,9-9,16-14,3-7,,7-7,3-9,11-4,1-5,,,,,,3-4,5-9,9-5,26-30,13-13,2018-19,7-9,4-6,9-1
00,22018,1610612747,Los Angeles,Lakers,West,25-27,10, - o,Pacific,9-7,4,37,45,0.451,0.0,37-45,22-19,15-26,6-4,4-6,3-7,2-2,5-4,16-25,6.0,W 6,-5.0,L 5,4.0,5.0,-1.0,L 1,1.0,W 1,-1,L 1,20.0,20.0,0,0,0,1.0,1.0,21-11,15-34,1-0,28-11,8-34,1-0,36-35,30-45,17-28,32-18,26-9,13-14,112.0,113.0,-2.0,12-18,1-9,5-5,25-27,9-7,,6-9,3-6,5-11,2-3,,,,,,3-5,10-4,8-7,28-29,9-16,2018-19,6-4,7-11,9-9
00,22018,1610612764,Washington,Wizards,East,19-33,11, - o,Southeast,7-9,4,32,50,0.39,0.0,32-50,22-19,10-31,2-8,3-7,3-7,3-4,5-6,14-23,-6.0,L 6,-8.0,L 8,3.0,5.0,-6.0,L 6,-1.0,L 1,-4,L 4,28.0,10.0,0,0,0,1.0,1.0,19-12,8-37,5-1,25-8,6-40,1-2,30-43,22-50,13-26,24-10,16-6,23-29,114.0,117.0,-3.0,19-33,6-12,6-12,13-17,5-5,,8-6,3-7,7-10,0-4,,,,,,1-6,7-8,6-9,24-34,8-16,2018-19,7-9,4-6,4-6
00,22018,1610612750,Minnesota,Timberwolves,West,22-30,11, - o,Northwest,5-11,5,36,46,0.439,0.0,36-46,25-16,11-30,4-6,4-6,2-8,3-3,8-5,19-22,6.0,W 6,-9.0,L 9,4.0,5.0,-2.0,L 2,-1.0,L 1,-3,L 3,21.0,18.0,0,0,0,1.0,1.0,20-9,13-34,3-3,28-12,6-33,2-1,35-39,24-45,17-34,25-10,24-14,22-26,112.0,114.0,-2.0,14-16,4-6,5-5,22-30,9-9,,8-6,4-7,5-9,2-4,,,,,,4-4,7-7,6-9,27-30,9-16,2018-19,5-5,5-11,8-10
00,22018,1610612737,Atlanta,Hawks,East,16-36,12, - o,Southeast,6-10,5,29,53,0.354,0.0,29-53,17-24,12-29,5-5,6-4,3-7,3-1,9-6,7-31,-5.0,L 5,-7.0,L 7,3.0,10.0,-1.0,L 1,-3.0,L 3,-3,L 3,31.0,13.0,0,0,0,1.0,1.0,20-18,9-32,0-3,19-3,7-49,3-1,28-43,26-51,13-36,21-9,21-16,8-17,113.0,119.0,-6.0,16-36,4-14,6-12,13-17,4-6,,5-9,5-7,7-8,1-4,,,,,,2-5,3-13,6-7,19-39,10-14,2018-19,6-10,5-5,4-6
00,22018,1610612763,Memphis,Grizzlies,West,24-28,12, - o,Southwest,8-8,3,33,49,0.402,0.0,33-49,21-20,12-29,4-6,6-4,3-7,3-4,6-9,14-19,5.0,W 5,-9.0,L 9,5.0,8.0,1.0,W 1,-1.0,L 1,1,W 1,24.0,20.0,0,0,0,1.0,1.0,26-20,6-25,1-4,26-13,4-35,3-1,24-21,18-42,18-28,26-18,16-15,27-24,104.0,106.0,-3.0,9-21,3-7,3-7,24-28,7-11,,2-14,4-7,7-7,2-3,,,,,,4-2,9-6,5-10,23-36,10-13,2018-19,3-7,9-9,8-8
00,22018,1610612740,New Orleans,Pelicans,West,23-29,13, - o,Southwest,8-8,4,33,49,0.402,0.0,33-49,19-22,14-27,3-7,1-9,5-5,1-2,4-6,15-20,-8.0,L 8,-6.0,L 6,4.0,6.0,-3.0,L 3,1.0,W 1,-1,L 1,24.0,20.0,0,0,0,1.0,1.0,20-13,12-34,1-2,27-6,5-42,1-1,33-41,28-47,17-30,25-12,27-16,12-17,115.0,117.0,-1.0,10-20,3-7,5-5,23-29,8-10,,6-8,4-7,5-10,1-3,,,,,,4-3,7-9,6-9,26-33,7-16,2018-19,2-8,7-11,8-8
00,22018,1610612741,Chicago,Bulls,East,16-36,13, - o,Central,3-13,4,22,60,0.268,0.0,22-60,9-32,13-28,2-8,2-8,3-7,3-2,8-8,9-31,-11.0,L 11,-9.0,L 9,3.0,10.0,-5.0,L 5,-1.0,L 1,-3,L 3,38.0,38.0,0,0,0,1.0,1.0,9-17,8-42,5-1,18-5,4-53,0-2,18-37,14-54,8-35,17-9,14-10,10-25,105.0,113.0,-8.0,16-36,4-14,3-13,6-24,2-8,,2-13,5-5,4-11,1-4,,,,,,2-6,3-12,5-9,14-44,8-16,2018-19,9-9,1-9,3-7
00,22018,1610612742,Dallas,Mavericks,West,18-34,14, - o,Southwest,4-12,5,33,49,0.402,0.0,33-49,24-17,9-32,5-5,3-7,3-7,1-3,7-7,12-22,11.0,W 11,-9.0,L 9,4.0,7.0,1.0,W 1,-1.0,L 1,-1,L 1,24.0,20.0,0,0,0,1.0,1.0,23-14,8-34,2-1,27-8,5-40,1-1,32-37,22-45,15-30,25-9,24-14,18-16,109.0,110.0,-1.0,15-15,4-6,6-4,18-34,6-12,,6-9,4-6,3-12,3-3,,,,,,2-6,8-4,7-9,26-31,7-18,2018-19,5-5,8-10,4-12
00,22018,1610612739,Cleveland,Cavaliers,East,15-37,14, - o,Central,4-12,5,19,63,0.232,0.0,19-63,13-28,6-35,0-10,4-6,0-10,0-1,5-4,6-43,-9.0,L 9,-11.0,L 11,2.0,12.0,-4.0,L 4,-11.0,L 11,-10,L 10,41.0,41.0,0,0,0,1.0,1.0,15-10,3-48,1-5,11-2,5-59,3-2,17-34,13-60,8-36,11-4,16-20,6-21,104.0,114.0,-10.0,15-37,6-12,4-12,4-26,2-8,,3-12,4-6,4-11,0-5,,,,,,1-6,3-11,4-12,12-46,7-17,2018-19,5-13,0-10,2-8
00,22018,1610612756,Phoenix,Suns,West,11-41,15, - o,Pacific,3-13,5,19,63,0.232,0.0,19-63,12-29,7-34,2-8,4-6,3-7,3-3,5-5,5-40,-6.0,L 6,-13.0,L 13,4.0,17.0,1.0,W 1,-4.0,L 4,-2,L 2,38.0,38.0,0,0,0,1.0,1.0,10-12,9-48,0-3,13-11,5-52,1-0,18-41,14-62,10-39,18-17,6-11,10-30,108.0,117.0,-9.0,8-22,3-7,3-7,11-41,3-13,,2-13,1-8,5-10,2-3,,,,,,1-6,3-12,5-11,11-48,8-15,2018-19,2-8,2-16,6-12
00,22018,1610612752,New York,Knicks,East,11-41,15, - o,Atlantic,2-14,5,17,65,0.207,0.0,17-65,9-32,8-33,3-7,3-7,1-9,2-1,4-7,6-41,-18.0,L 18,-9.0,L 9,3.0,18.0,-1.0,L 1,1.0,W 1,-1,L 1,43.0,41.0,0,0,0,1.0,1.0,8-12,9-50,0-3,10-8,7-54,0-3,16-37,13-64,8-38,13-12,9-24,6-28,105.0,114.0,-9.0,11-41,2-14,3-15,6-24,2-8,,1-12,3-9,1-13,3-3,,,,,,2-6,5-10,2-12,11-47,6-18,2018-19,6-12,0-10,4-6
00,22019,1610612747,Los Angeles,Lakers,West,36-10,1, - w,Pacific,10-3,1,52,19,0.732,0.0,52-19,25-10,27-9,4-6,7-3,6-4,2-0,7-3,25-11,6.0,W 6,14.0,W 14,10.0,4.0,-1.0,L 1,-2.0,L 2,-1,L 1,0.0,0.0,1,1,1,0.0,0.0,39-8,11-10,2-1,43-0,7-16,2-3,48-14,36-19,22-14,42-4,38-7,33-5,113.0,108.0,6.0,16-9,5-5,4-3,36-10,10-3,,10-4,9-2,4-1,,,,1-0,2-5,,3-1,14-1,9-5,41-12,11-7,2019-20,7-1,12-3,14-4
00,22019,1610612749,Milwaukee,Bucks,East,37-7,1, - e,Central,13-1,1,56,17,0.767,0.0,56-17,30-5,26-12,3-7,8-2,3-7,1-2,3-2,38-8,13.0,W 13,8.0,W 8,18.0,3.0,-1.0,L 1,-1.0,L 1,-1,L 1,0.0,0.0,1,1,1,0.0,0.0,46-4,10-12,0-1,49-2,5-15,2-0,55-15,40-17,20-13,54-5,46-4,20-5,119.0,109.0,10.0,37-7,10-4,13-1,19-10,7-2,,11-2,10-1,2-4,,,,1-0,2-5,,2-2,15-1,13-2,46-8,10-9,2019-20,14-2,7-3,5-5
00,22019,1610612761,Toronto,Raptors,East,34-11,2, - a,Atlantic,9-5,1,53,19,0.736,0.0,53-19,26-10,27-9,9-1,7-3,8-2,2-2,6-4,23-10,9.0,W 9,10.0,W 10,15.0,3.0,2.0,W 2,8.0,W 8,4,W 4,2.5,0.0,0,1,1,0.0,0.0,37-4,15-14,1-1,48-6,3-13,2-0,51-11,35-15,21-14,44-3,29-3,37-9,113.0,107.0,6.0,34-11,9-5,13-3,19-8,7-2,,12-3,7-3,4-1,,,,,7-1,,4-1,10-3,9-7,40-15,13-4,2019-20,12-3,7-3,5-3
00,22019,1610612746,LA,Clippers,West,32-16,2, - x,Pacific,8-6,2,49,23,0.681,0.0,49-23,27-9,22-14,6-4,6-4,7-3,2-1,8-3,32-8,10.0,W 10,4.0,W 4,7.0,3.0,1.0,W 1,3.0,W 3,2,W 2,3.5,3.5,0,0,1,0.0,0.0,36-6,13-14,0-3,38-4,9-19,2-0,47-18,32-23,22-13,40-5,36-3,22-5,116.0,110.0,6.0,17-7,5-3,4-3,32-16,8-6,,9-4,7-4,4-1,,,,0-1,5-2,,4-2,10-4,10-5,37-18,12-5,2019-20,8-1,11-5,13-5
00,22019,1610612738,Boston,Celtics,East,30-13,3, - x,Atlantic,9-6,2,48,24,0.667,0.0,48-24,26-10,22-14,6-4,5-5,7-3,2-3,6-5,29-7,10.0,W 10,5.0,W 5,10.0,3.0,-1.0,L 1,2.0,W 2,-1,L 1,7.5,5.0,0,0,1,0.0,0.0,36-8,10-16,2-0,44-6,2-16,2-2,47-16,36-20,19-16,38-4,36-10,31-13,114.0,107.0,6.0,30-13,9-6,9-4,18-11,6-4,,9-7,9-3,2-3,,,,0-1,5-2,,3-1,10-4,10-3,38-16,10-8,2019-20,12-3,6-3,6-4
00,22019,1610612743,Denver,Nuggets,West,29-16,3, - nw,Northwest,12-2,1,46,27,0.63,0.0,46-27,26-11,20-16,4-6,5-5,4-6,5-3,9-5,16-13,5.0,W 5,4.0,W 4,7.0,3.0,-1.0,L 1,-2.0,L 2,-3,L 3,7.0,0.0,0,1,1,0.0,0.0,27-8,19-18,0-1,35-6,9-20,2-1,43-21,31-26,20-16,37-6,32-9,22-12,111.0,109.0,2.0,17-11,6-4,4-4,29-16,9-7,,11-5,6-4,3-3,,,,,3-5,,3-2,10-2,10-6,38-17,8-10,2019-20,7-3,12-2,8-7
00,22019,1610612754,Indiana,Pacers,East,28-19,4, - x,Central,8-7,2,45,28,0.616,0.0,45-28,25-11,20-17,7-3,7-3,6-4,3-1,5-7,20-12,6.0,W 6,4.0,W 4,5.0,6.0,4.0,W 4,1.0,W 1,2,W 2,11.0,11.0,0,0,1,0.0,0.0,33-5,12-21,0-2,36-5,6-22,3-1,45-17,33-26,14-18,37-11,25-3,27-15,109.0,107.0,2.0,28-19,9-7,8-7,17-9,5-2,,9-5,5-7,3-2,,,,,6-2,,1-3,11-4,10-5,32-23,13-5,2019-20,11-5,7-3,5-4
00,22019,1610612745,Houston,Rockets,West,28-19,4, - sw,Southwest,8-5,1,44,28,0.611,0.0,44-28,24-12,20-16,5-5,6-4,5-5,2-1,4-5,22-14,6.0,W 6,6.0,W 6,8.0,4.0,-2.0,L 2,-1.0,L 1,-3,L 3,8.5,0.0,0,1,1,0.0,0.0,32-8,10-19,2-1,38-6,6-22,0-0,44-23,40-28,19-13,25-3,20-6,26-14,118.0,115.0,3.0,16-9,6-3,4-3,28-19,10-6,,7-7,9-2,1-4,,,,1-0,3-4,,3-1,10-5,10-5,34-20,10-8,2019-20,6-3,10-8,8-5
00,22019,1610612748,Miami,Heat,East,30-13,5, - se,Southeast,10-4,1,44,29,0.603,0.0,44-29,29-7,15-22,4-6,6-4,3-7,8-1,6-4,23-11,11.0,W 11,-4.0,L 4,5.0,3.0,1.0,W 1,-3.0,L 3,-2,L 2,12.0,0.0,0,1,1,0.0,0.0,34-12,8-16,2-1,36-6,7-22,1-1,43-21,34-28,22-15,36-11,34-8,15-15,112.0,109.0,3.0,30-13,9-6,11-3,14-16,4-6,,8-6,6-7,3-2,,,,,3-5,,4-1,9-4,11-4,35-19,9-10,2019-20,10-4,4-6,6-4
00,22019,1610612760,Oklahoma City,Thunder,West,27-19,5, - x,Northwest,8-5,2,44,28,0.611,0.0,44-28,23-14,21-14,6-4,6-4,6-4,4-2,8-6,18-10,5.0,W 5,9.0,W 9,5.0,3.0,2.0,W 2,-3.0,L 3,-1,L 1,8.5,1.5,0,0,1,0.0,0.0,31-10,11-18,2-0,26-4,17-23,1-1,43-17,35-25,13-21,39-4,26-6,22-11,110.0,108.0,2.0,17-9,5-3,6-4,27-19,9-8,,12-5,7-3,3-1,,,,,4-4,,1-4,6-7,11-4,33-22,11-6,2019-20,6-2,8-5,10-6
00,22019,1610612755,Philadelphia,76ers,East,28-18,6, - x,Atlantic,11-5,3,43,30,0.589,0.0,43-30,31-4,12-26,5-5,8-2,3-7,1-2,6-5,19-15,17.0,W 17,-9.0,L 9,5.0,4.0,-2.0,L 2,1.0,W 1,1,W 1,13.0,10.5,0,0,1,0.0,0.0,29-9,12-19,2-2,31-7,9-22,3-1,39-17,27-29,18-21,30-5,36-12,25-9,111.0,108.0,2.0,28-18,11-5,10-6,15-12,5-5,,8-5,6-5,2-3,,,,,4-4,,4-0,10-6,9-7,34-21,9-9,2019-20,7-7,5-4,5-3
00,22019,1610612762,Utah,Jazz,West,24-21,6, - x,Northwest,5-7,3,44,28,0.611,0.0,44-28,23-12,21-16,4-6,3-7,7-3,0-2,7-5,18-11,9.0,W 9,7.0,W 7,10.0,5.0,1.0,W 1,-3.0,L 3,1,W 1,8.5,1.5,0,0,1,0.0,0.0,28-7,15-20,1-1,34-8,9-20,1-0,42-20,31-26,13-18,40-6,31-8,15-5,111.0,109.0,2.0,20-7,6-4,6-2,24-21,9-6,,11-4,5-6,4-1,,,,1-0,2-5,,4-1,8-6,9-5,36-18,8-10,2019-20,8-1,5-7,10-8
00,22019,1610612751,Brooklyn,Nets,East,23-23,7, - x,Atlantic,6-10,4,35,37,0.486,0.0,35-37,20-16,15-21,7-3,6-4,6-4,3-5,7-7,17-19,5.0,W 5,-6.0,L 6,4.0,7.0,-1.0,L 1,2.0,W 2,-1,L 1,20.5,18.0,0,0,1,0.0,0.0,26-16,8-21,1-0,28-13,6-22,1-2,35-29,26-36,11-21,27-10,27-14,13-4,112.0,112.0,-1.0,23-23,6-10,8-4,12-14,6-2,,5-10,5-7,4-1,,,,0-1,5-2,,1-3,9-6,6-7,25-28,10-9,2019-20,9-9,2-7,4-5
00,22019,1610612742,Dallas,Mavericks,West,27-20,7, - x,Southwest,10-4,2,43,32,0.573,0.0,43-32,20-18,23-14,4-6,6-4,4-6,3-4,2-11,23-9,4.0,W 4,7.0,W 7,5.0,2.0,-1.0,L 1,-1.0,L 1,-2,L 2,11.0,2.5,0,0,1,0.0,0.0,31-13,12-18,0-1,36-11,5-19,2-2,43-30,32-32,16-20,32-7,29-9,18-10,117.0,112.0,5.0,16-12,4-5,7-2,27-20,8-10,,8-7,7-5,4-3,,,,0-1,3-4,,3-1,9-5,9-6,33-22,10-10,2019-20,5-5,9-6,10-4
00,22019,1610612757,Portland,Trail Blazers,West,20-27,8, - x,Northwest,5-8,4,35,39,0.473,0.0,35-39,21-15,14-24,7-3,6-4,4-6,3-0,9-3,17-18,5.0,W 5,-6.0,L 6,4.0,5.0,1.0,W 1,3.0,W 3,3,W 3,18.5,11.5,0,0,1,0.0,0.0,28-11,6-28,1-0,24-6,9-33,2-0,35-32,31-39,12-24,29-5,21-4,14-23,115.0,116.0,-1.0,15-12,4-6,4-4,20-27,7-10,,8-7,4-8,3-2,,,,1-0,5-2,,3-2,5-10,6-8,25-31,10-8,2019-20,7-2,5-8,8-9
00,22019,1610612753,Orlando,Magic,East,20-23,8, - x,Southeast,9-5,2,33,40,0.452,0.0,33-40,18-17,15-23,5-5,5-5,5-5,1-1,5-5,18-20,-5.0,L 5,-7.0,L 7,5.0,5.0,1.0,W 1,-3.0,L 3,1,W 1,23.0,11.0,0,0,1,0.0,0.0,23-9,7-31,3-0,27-3,6-37,0-0,29-19,21-36,7-30,26-4,22-11,22-20,107.0,108.0,-1.0,20-23,6-10,5-8,13-17,5-5,,7-8,6-6,3-2,,,,1-0,2-5,,2-2,5-9,7-8,24-31,9-9,2019-20,9-5,2-8,6-4
00,22019,1610612764,Washington,Wizards,East,18-27,9, - o,Southeast,5-9,3,25,47,0.347,0.0,25-47,16-20,9-27,2-8,3-7,3-7,0-3,1-4,12-25,-4.0,L 4,-5.0,L 5,2.0,7.0,-4.0,L 4,1.0,W 1,1,W 1,30.5,18.5,0,0,0,1.0,1.0,17-9,8-35,0-3,20-5,4-40,1-2,22-43,20-47,8-24,19-6,10-7,17-29,114.0,119.0,-5.0,18-27,8-7,5-11,7-20,2-7,,6-9,5-6,3-3,,,,0-1,1-6,,1-3,5-8,4-11,20-33,5-14,2019-20,5-9,3-7,2-6
00,22019,1610612763,Memphis,Grizzlies,West,20-26,9,,Southwest,4-9,3,34,39,0.466,0.0,34-39,20-17,14-22,3-7,6-4,2-8,1-1,3-4,18-21,-7.0,L 7,-5.0,L 5,7.0,6.0,1.0,W 1,-5.0,L 5,1,W 1,19.0,10.5,0,0,0,0.0,0.0,28-7,4-32,2-0,29-8,5-31,0-0,33-29,26-39,14-23,34-8,25-15,16-18,113.0,114.0,-1.0,14-13,3-4,4-6,20-26,8-10,,11-4,5-6,3-2,,,,0-1,2-5,,1-3,4-10,8-8,28-26,6-13,2019-20,7-3,8-7,4-9
00,22019,1610612766,Charlotte,Hornets,East,16-24,10, - o,Southeast,2-7,4,23,42,0.354,0.0,23-42,10-21,13-21,4-6,3-7,5-5,2-3,9-8,5-25,-7.0,L 7,-7.0,L 7,3.0,8.0,1.0,W 1,1.0,W 1,1,W 1,29.0,17.0,0,0,0,1.0,1.0,13-13,10-29,0-0,14-6,7-34,2-2,18-24,14-41,7-24,11-4,12-10,12-17,103.0,110.0,-7.0,16-24,5-9,9-8,7-18,4-4,,3-9,5-6,2-4,,,,,,,2-3,6-10,5-10,18-36,5-6,2019-20,2-7,1-7,2-7
00,22019,1610612756,Phoenix,Suns,West,19-27,10, - o,Pacific,6-9,3,34,39,0.466,0.0,34-39,17-22,17-17,9-1,6-4,6-4,1-2,4-8,15-18,6.0,W 6,-5.0,L 5,8.0,8.0,6.0,W 6,4.0,W 4,8,W 8,19.0,19.0,0,0,0,1.0,1.0,23-9,8-28,3-2,30-4,3-33,1-2,33-31,26-37,17-20,28-12,22-13,20-15,114.0,113.0,0.0,15-12,6-4,3-4,19-27,6-9,,7-8,4-9,2-2,,,,1-0,7-0,,3-2,5-8,5-10,22-33,12-6,2019-20,6-4,6-9,7-9
00,22019,1610612741,Chicago,Bulls,East,15-28,11, - o,Central,7-9,3,22,43,0.338,0.0,22-43,14-20,8-23,3-7,4-6,1-9,1-2,6-6,7-19,-4.0,L 4,-8.0,L 8,2.0,8.0,1.0,W 1,-8.0,L 8,1,W 1,30.0,30.0,0,0,0,1.0,1.0,15-15,7-27,0-1,15-7,5-33,2-3,22-28,17-40,3-22,15-5,13-9,13-27,107.0,110.0,-3.0,15-28,1-12,7-9,7-15,2-5,,6-11,1-8,2-3,,,,,,,1-4,5-10,7-7,19-36,3-7,2019-20,7-7,1-6,4-4
00,22019,1610612759,San Antonio,Spurs,West,20-23,11, - o,Southwest,7-6,4,32,39,0.451,0.0,32-39,19-15,13-24,6-4,7-3,5-5,4-2,10-7,10-12,-5.0,L 5,-6.0,L 6,3.0,8.0,2.0,W 2,-1.0,L 1,-1,L 1,20.0,11.5,0,0,0,1.0,1.0,19-10,11-28,2-1,26-11,6-27,0-1,32-34,30-39,16-24,26-11,20-14,17-20,114.0,115.0,-1.0,12-16,5-5,2-6,20-23,7-8,,7-8,4-7,2-3,,,,1-0,4-3,,3-1,4-12,7-5,23-31,9-8,2019-20,5-5,6-9,7-6
00,22019,1610612758,Sacramento,Kings,West,23-23,12, - o,Pacific,8-5,4,31,41,0.431,0.0,31-41,16-19,15-22,4-6,6-4,5-5,2-4,6-8,12-18,6.0,W 6,-4.0,L 4,3.0,8.0,1.0,W 1,1.0,W 1,2,W 2,21.5,21.5,0,0,0,1.0,1.0,23-10,6-30,2-1,24-8,6-32,1-1,29-34,21-39,11-24,24-13,15-15,21-16,110.0,112.0,-2.0,8-18,2-8,2-5,23-23,8-5,,6-8,7-4,3-2,,,,0-1,3-4,,0-5,8-5,4-12,21-33,10-8,2019-20,4-5,7-9,8-9
00,22019,1610612752,New York,Knicks,East,15-28,12, - o,Atlantic,2-11,5,21,45,0.318,0.0,21-45,11-22,10-23,4-6,5-5,4-6,3-1,7-6,8-21,-6.0,L 6,-5.0,L 5,4.0,10.0,1.0,W 1,1.0,W 1,1,W 1,31.5,29.0,0,0,0,1.0,1.0,16-11,5-32,0-2,14-5,5-38,2-2,17-29,13-42,6-25,14-13,17-18,11-18,106.0,112.0,-6.0,15-28,2-11,8-8,6-17,2-6,,4-12,5-6,3-3,,,,,,,1-4,3-11,5-9,17-38,4-7,2019-20,5-9,1-6,3-5
00,22019,1610612765,Detroit,Pistons,East,12-31,13, - o,Central,5-10,4,20,46,0.303,0.0,20-46,11-22,9-24,1-9,2-8,1-9,1-4,4-6,9-26,-5.0,L 5,-9.0,L 9,2.0,7.0,-5.0,L 5,-3.0,L 3,-5,L 5,32.5,32.5,0,0,0,1.0,1.0,12-10,8-35,0-1,17-3,3-39,0-4,19-32,16-42,5-22,14-9,15-18,8-15,107.0,111.0,-4.0,12-31,3-11,5-10,8-15,4-3,,5-11,3-8,0-5,,,,,,,2-3,4-10,6-9,19-38,1-8,2019-20,4-10,1-7,3-5
00,22019,1610612740,New Orleans,Pelicans,West,18-30,13, - o,Southwest,4-9,5,30,42,0.417,0.0,30-42,15-21,15-21,4-6,5-5,4-6,2-4,2-6,18-15,-7.0,L 7,-6.0,L 6,4.0,13.0,-1.0,L 1,-4.0,L 4,-3,L 3,22.5,14.0,0,0,0,1.0,1.0,21-6,7-35,2-1,24-11,5-31,1-0,30-39,26-42,12-26,25-12,25-15,7-15,116.0,117.0,-1.0,12-12,2-6,7-3,18-30,5-12,,9-6,6-4,2-3,,,,0-1,2-5,,1-4,5-9,5-10,23-32,7-10,2019-20,3-3,9-9,4-9
00,22019,1610612750,Minnesota,Timberwolves,West,9-30,14, - o,Northwest,2-10,5,19,45,0.297,0.0,19-45,8-24,11-21,3-7,2-8,2-8,4-3,3-4,10-21,-9.0,L 9,-9.0,L 9,3.0,13.0,-2.0,L 2,-1.0,L 1,-3,L 3,29.5,22.5,0,0,0,1.0,1.0,13-11,6-33,0-1,12-6,7-39,0-0,18-37,17-44,8-27,14-3,14-11,11-22,113.0,118.0,-4.0,10-15,2-4,3-6,9-30,4-8,,3-12,2-9,2-4,,,,,,,3-1,7-7,2-12,16-37,3-8,2019-20,5-5,2-10,3-12
00,22019,1610612737,Atlanta,Hawks,East,11-32,14, - o,Southeast,6-7,5,20,47,0.299,0.0,20-47,14-20,6-27,4-6,6-4,1-9,2-4,1-5,8-29,-5.0,L 5,-7.0,L 7,2.0,10.0,-1.0,L 1,-6.0,L 6,-1,L 1,33.0,21.0,0,0,0,1.0,1.0,12-12,8-34,0-1,15-8,5-37,0-2,20-39,16-47,9-29,17-8,15-7,5-17,112.0,120.0,-8.0,11-32,3-13,2-12,9-15,3-5,,6-9,6-7,1-4,,,,,,,2-3,2-13,3-11,15-41,5-6,2019-20,6-7,3-5,3-5
00,22019,1610612739,Cleveland,Cavaliers,East,12-32,15, - o,Central,4-10,5,19,46,0.292,0.0,19-46,11-25,8-21,4-6,5-5,2-8,4-1,5-5,6-28,-12.0,L 12,-6.0,L 6,3.0,8.0,2.0,W 2,-3.0,L 3,-1,L 1,33.0,33.0,0,0,0,1.0,1.0,14-7,5-39,0-0,12-5,6-39,1-2,18-33,14-43,4-28,15-8,16-18,5-9,107.0,115.0,-8.0,12-32,2-14,4-10,7-14,0-4,,3-13,4-7,2-3,,,,,,,2-2,3-12,5-9,14-40,5-6,2019-20,6-8,4-4,3-6
00,22019,1610612744,Golden State,Warriors,West,9-34,15, - o,Pacific,2-11,5,15,50,0.231,0.0,15-50,8-26,7-24,3-7,1-9,4-6,0-5,1-3,8-30,-10.0,L 10,-10.0,L 10,4.0,10.0,-1.0,L 1,2.0,W 2,-1,L 1,34.0,34.0,0,0,0,1.0,1.0,8-11,7-38,0-1,11-6,4-42,0-2,15-33,9-48,4-27,13-5,9-14,6-29,106.0,115.0,-9.0,6-16,1-6,3-3,9-34,2-11,,1-13,3-8,2-3,,,,,,,1-3,3-13,5-10,12-43,3-7,2019-20,2-7,3-12,4-11
00,22020,1610612755,Philadelphia,76ers,East,31-11,1, - e,Atlantic,10-2,1,49,23,0.681,0.0,49-23,29-7,20-16,8-2,8-2,5-5,4-2,7-3,27-12,7.0,W 7,6.0,W 6,8.0,4.0,7.0,W 7,-2.0,L 2,2,W 2,0.0,0.0,1,1,1,0.0,0.0,37-4,11-14,1-5,39-3,8-19,2-1,48-15,33-23,24-15,40-7,36-8,29-10,114.0,108.0,6.0,31-11,10-2,8-7,18-12,6-4,,11-5,7-6,10-3,10-6,7-2,,,,,,,4-1,24-12,25-11,2020-21,13-2,5-5,7-3
00,22020,1610612762,Utah,Jazz,West,28-14,1, - w,Northwest,7-5,1,52,20,0.722,0.0,52-20,31-5,21-15,7-3,7-3,5-5,0-3,3-2,39-7,24.0,W 24,4.0,W 4,11.0,2.0,-1.0,L 1,2.0,W 2,2,W 2,0.0,0.0,1,1,1,0.0,0.0,41-4,10-16,1-0,45-2,6-18,1-0,51-16,31-20,21-13,43-1,44-9,11-6,116.0,107.0,9.0,24-6,7-3,10-0,28-14,8-7,,13-3,12-2,9-4,9-7,7-2,,,,,,,2-2,27-9,25-11,2020-21,7-3,7-5,13-2
00,22020,1610612751,Brooklyn,Nets,East,26-16,2, - x,Atlantic,8-4,2,48,24,0.667,0.0,48-24,28-8,20-16,6-4,8-2,5-5,2-2,3-5,24-11,9.0,W 9,8.0,W 8,8.0,4.0,3.0,W 3,2.0,W 2,5,W 5,1.0,1.0,0,0,1,0.0,0.0,33-6,13-18,2-0,37-3,9-20,2-1,47-21,37-24,25-12,40-6,33-8,22-7,119.0,114.0,5.0,26-16,8-4,9-6,22-8,9-1,,10-7,9-4,11-2,10-6,5-3,,,,,,,3-2,24-13,24-11,2020-21,9-6,7-3,6-4
00,22020,1610612756,Phoenix,Suns,West,30-12,2, - p,Pacific,7-5,1,51,21,0.708,0.0,51-21,27-9,24-12,7-3,9-1,5-5,4-3,9-3,23-8,10.0,W 10,7.0,W 7,7.0,3.0,4.0,W 4,2.0,W 2,3,W 3,1.0,0.0,0,1,1,0.0,0.0,38-9,8-11,5-1,41-7,9-14,1-0,51-18,37-20,27-12,38-7,32-8,27-7,115.0,109.0,6.0,21-9,7-3,8-2,30-12,7-5,,6-7,12-3,11-3,12-4,6-3,,,,,,,4-1,24-11,27-10,2020-21,6-4,11-4,12-3
00,22020,1610612743,Denver,Nuggets,West,26-16,3, - x,Northwest,9-3,2,47,25,0.653,0.0,47-25,25-11,22-14,6-4,8-2,6-4,4-2,6-4,29-11,7.0,W 7,6.0,W 6,8.0,3.0,-1.0,L 1,-1.0,L 1,-1,L 1,5.0,5.0,0,0,1,0.0,0.0,37-10,9-15,1-0,34-5,12-18,1-2,46-20,33-24,23-15,39-6,36-9,26-13,115.0,110.0,5.0,21-9,5-5,9-1,26-16,6-9,,11-5,6-7,11-3,13-3,5-4,,,,,,,1-3,21-15,26-10,2020-21,7-3,9-3,11-4
00,22020,1610612749,Milwaukee,Bucks,East,30-12,3, - c,Central,11-1,1,46,26,0.639,0.0,46-26,26-10,20-16,8-2,8-2,6-4,1-1,6-5,29-12,8.0,W 8,4.0,W 4,8.0,5.0,8.0,W 8,-1.0,L 1,-1,L 1,3.0,0.0,0,1,1,0.0,0.0,41-5,4-20,1-1,39-6,4-19,3-1,45-23,35-26,22-14,43-7,38-9,15-11,120.0,114.0,6.0,30-12,8-7,11-1,16-14,5-5,,9-5,10-5,9-4,9-7,7-2,,,,,,,2-3,22-14,24-12,2020-21,11-4,6-4,5-5
00,22020,1610612752,New York,Knicks,East,25-17,4, - x,Atlantic,4-8,3,41,31,0.569,0.0,41-31,25-11,16-20,7-3,9-1,5-5,4-2,2-9,24-15,7.0,W 7,4.0,W 4,9.0,5.0,4.0,W 4,-1.0,L 1,3,W 3,8.0,8.0,0,0,1,0.0,0.0,34-12,7-17,0-2,34-6,5-22,2-3,37-15,21-27,18-19,35-7,28-7,23-8,107.0,105.0,2.0,25-17,4-8,11-4,16-14,4-6,,7-9,9-5,6-7,11-4,6-3,,,,,,,2-3,19-18,22-13,2020-21,10-5,4-6,8-2
00,22020,1610612746,LA,Clippers,West,27-15,4, - x,Pacific,9-3,2,47,25,0.653,0.0,47-25,26-10,21-15,4-6,8-2,5-5,0-0,3-4,31-7,7.0,W 7,4.0,W 4,7.0,3.0,-1.0,L 1,-2.0,L 2,-2,L 2,5.0,4.0,0,0,1,0.0,0.0,37-8,10-17,0-0,41-7,4-17,2-1,46-18,34-25,22-16,37-8,34-7,22-11,114.0,108.0,6.0,20-10,4-6,9-1,27-15,9-3,,12-4,8-7,8-5,11-4,4-4,,,,,,,4-1,24-14,23-11,2020-21,7-3,10-5,8-7
00,22020,1610612737,Atlanta,Hawks,East,24-18,5, - se,Southeast,9-3,1,41,31,0.569,0.0,41-31,25-11,16-20,7-3,10-0,4-6,2-2,3-3,25-15,11.0,W 11,5.0,W 5,8.0,4.0,11.0,W 11,-5.0,L 5,4,W 4,8.0,0.0,0,1,1,0.0,0.0,30-8,10-21,1-2,32-9,9-20,0-2,39-23,28-30,14-20,31-3,31-13,15-15,114.0,111.0,2.0,24-18,7-8,8-7,17-13,6-4,,7-8,4-11,9-4,11-6,7-1,,,,,,,3-1,16-20,25-11,2020-21,9-3,5-5,6-4
00,22020,1610612742,Dallas,Mavericks,West,21-21,5, - sw,Southwest,7-5,1,42,30,0.583,0.0,42-30,21-15,21-15,7-3,8-2,6-4,1-0,5-4,26-17,-6.0,L 6,4.0,W 4,5.0,6.0,4.0,W 4,-2.0,L 2,-1,L 1,10.0,0.0,0,1,1,0.0,0.0,34-5,8-22,0-3,35-5,6-25,1-0,39-22,28-30,25-15,36-3,26-4,24-17,112.0,110.0,2.0,21-9,6-4,6-4,21-21,6-9,,7-9,8-4,9-5,10-6,7-3,,,,,,,1-3,18-16,24-14,2020-21,9-1,8-7,7-5
00,22020,1610612757,Portland,Trail Blazers,West,23-19,6, - x,Northwest,6-6,3,42,30,0.583,0.0,42-30,20-16,22-14,8-2,4-6,7-3,1-0,10-9,19-12,-6.0,L 6,4.0,W 4,6.0,5.0,4.0,W 4,-1.0,L 1,1,W 1,10.0,10.0,0,0,1,0.0,0.0,27-8,12-20,3-2,30-4,10-25,2-1,42-25,36-30,14-22,27-4,28-8,28-17,116.0,114.0,2.0,19-11,7-3,6-4,23-19,7-8,,8-6,8-6,11-4,6-10,7-2,,,,,,,2-2,21-14,21-16,2020-21,6-4,6-6,10-5
00,22020,1610612748,Miami,Heat,East,24-18,6, - x,Southeast,6-6,2,40,32,0.556,0.0,40-32,21-15,19-17,8-2,7-3,6-4,0-4,4-5,17-17,5.0,W 5,6.0,W 6,6.0,6.0,2.0,W 2,1.0,W 1,1,W 1,9.0,1.0,0,0,1,0.0,0.0,28-9,11-22,1-1,35-7,4-23,1-2,36-23,22-28,14-20,34-9,24-7,27-15,108.0,108.0,0.0,24-18,9-6,9-6,16-14,5-5,,5-10,10-5,7-7,9-6,7-2,,,,,,,2-2,18-18,22-14,2020-21,6-6,5-5,6-4
00,22020,1610612738,Boston,Celtics,East,20-22,7, - x,Atlantic,4-8,4,36,36,0.5,0.0,36-36,21-15,15-21,4-6,5-5,5-5,2-2,7-5,17-12,5.0,W 5,-7.0,L 7,6.0,4.0,-3.0,L 3,-1.0,L 1,-1,L 1,13.0,13.0,0,0,1,0.0,0.0,26-8,9-27,1-1,27-7,7-28,2-1,35-24,27-33,18-18,27-9,28-9,14-18,113.0,111.0,1.0,20-22,4-8,7-8,16-14,6-4,,7-6,7-9,6-8,11-5,2-6,,,,,,,3-2,19-17,17-19,2020-21,9-6,6-4,4-6
00,22020,1610612747,Los Angeles,Lakers,West,25-17,7, - x,Pacific,4-8,3,42,30,0.583,0.0,42-30,21-15,21-15,6-4,5-5,4-6,5-1,7-5,22-13,5.0,W 5,10.0,W 10,7.0,4.0,4.0,W 4,2.0,W 2,5,W 5,10.0,9.0,0,0,1,0.0,0.0,31-7,11-22,0-1,31-5,10-24,1-1,38-18,23-28,20-21,32-7,28-11,20-10,110.0,107.0,3.0,17-13,4-6,8-2,25-17,4-8,,12-4,9-5,6-7,6-9,6-3,,,,,,,3-2,24-13,18-17,2020-21,5-5,10-5,11-4
00,22020,1610612763,Memphis,Grizzlies,West,19-23,8, - x,Southwest,6-6,2,38,34,0.528,0.0,38-34,18-18,20-16,6-4,6-4,4-6,2-2,3-7,23-21,-5.0,L 5,5.0,W 5,7.0,4.0,4.0,W 4,-1.0,L 1,-1,L 1,14.0,4.0,0,0,1,0.0,0.0,27-11,9-23,2-0,34-11,4-22,0-1,36-25,29-32,19-25,31-5,27-12,21-17,113.0,112.0,1.0,19-11,6-4,5-5,19-23,6-9,,7-3,7-9,7-8,10-7,6-4,,,,,,,1-3,16-16,22-18,2020-21,8-2,7-8,6-6
00,22020,1610612764,Washington,Wizards,East,16-26,8, - x,Southeast,3-9,3,34,38,0.472,0.0,34-38,19-17,15-21,6-4,9-1,6-4,4-1,11-8,14-20,5.0,W 5,-7.0,L 7,8.0,5.0,4.0,W 4,-2.0,L 2,2,W 2,15.0,7.0,0,0,1,0.0,0.0,26-6,8-30,0-2,22-7,10-30,2-1,34-32,31-38,14-24,24-9,20-11,18-13,117.0,118.0,-2.0,16-26,4-11,9-6,18-12,7-3,,4-7,9-7,4-10,12-5,5-4,,,,,,,0-5,14-20,20-18,2020-21,3-9,9-1,2-8
00,22020,1610612744,Golden State,Warriors,West,25-17,9,,Pacific,5-7,4,39,33,0.542,0.0,39-33,25-11,14-22,8-2,9-1,5-5,1-0,6-4,25-18,6.0,W 6,-5.0,L 5,6.0,4.0,6.0,W 6,-1.0,L 1,6,W 6,13.0,12.0,0,0,0,0.0,0.0,25-8,12-24,2-1,33-8,6-23,0-2,39-23,29-33,15-20,34-9,19-3,22-12,114.0,113.0,1.0,14-16,3-7,8-2,25-17,5-7,,9-7,8-7,4-8,8-8,8-1,,,,,,,2-2,19-18,20-15,2020-21,3-7,10-5,10-5
00,22020,1610612754,Indiana,Pacers,East,20-22,9,,Central,7-5,2,34,38,0.472,0.0,34-38,13-23,21-15,5-5,4-6,7-3,5-2,5-4,15-17,-6.0,L 6,4.0,W 4,3.0,4.0,-2.0,L 2,2.0,W 2,1,W 1,15.0,12.0,0,0,0,0.0,0.0,25-8,8-29,1-1,29-7,4-29,1-2,34-30,27-37,15-21,29-5,17-5,20-20,115.0,115.0,0.0,20-22,5-10,7-5,14-16,2-8,,7-8,4-8,6-8,8-8,5-5,,,,,,,4-1,16-19,18-19,2020-21,8-7,5-5,7-3
00,22020,1610612759,San Antonio,Spurs,West,17-25,10,,Southwest,6-6,3,33,39,0.458,0.0,33-39,14-22,19-17,2-8,2-8,3-7,2-5,7-8,18-20,-5.0,L 5,4.0,W 4,3.0,5.0,-2.0,L 2,-3.0,L 3,-4,L 4,19.0,9.0,0,0,0,0.0,0.0,28-9,5-29,0-1,24-7,7-31,2-1,33-26,24-36,13-29,23-11,16-6,23-22,111.0,113.0,-2.0,16-14,3-7,7-3,17-25,6-9,,9-7,6-3,7-9,7-10,2-8,,,,,,,2-2,18-14,15-25,2020-21,6-4,5-10,6-6
00,22020,1610612766,Charlotte,Hornets,East,20-22,10,,Southeast,8-4,4,33,39,0.458,0.0,33-39,18-18,15-21,3-7,4-6,3-7,1-2,9-4,14-24,5.0,W 5,-4.0,L 4,4.0,5.0,-3.0,L 3,-2.0,L 2,-5,L 5,16.0,8.0,0,0,0,0.0,0.0,23-6,10-30,0-3,27-3,4-35,2-1,33-27,23-39,14-27,22-7,21-9,16-17,109.0,111.0,-2.0,20-22,4-11,8-7,13-17,4-6,,7-9,7-6,8-5,6-10,3-7,,,,,,,2-2,17-18,16-21,2020-21,8-4,4-6,5-5
00,22020,1610612740,New Orleans,Pelicans,West,18-24,11, - o,Southwest,6-6,4,31,41,0.431,0.0,31-41,18-18,13-23,4-6,4-6,4-6,2-4,3-10,13-21,3.0,W 3,-4.0,L 4,4.0,5.0,-1.0,L 1,-3.0,L 3,-4,L 4,21.0,11.0,0,0,0,1.0,1.0,19-11,9-29,3-1,24-9,6-30,1-2,30-35,25-41,17-27,27-14,28-28,11-10,115.0,115.0,0.0,13-17,5-5,5-5,18-24,7-8,,4-9,7-8,7-6,7-10,3-6,,,,,,,3-2,15-21,16-20,2020-21,3-7,5-10,6-6
00,22020,1610612741,Chicago,Bulls,East,21-21,11, - o,Central,7-5,3,31,41,0.431,0.0,31-41,15-21,16-20,5-5,5-5,4-6,2-2,3-5,16-20,-4.0,L 4,-4.0,L 4,3.0,6.0,2.0,W 2,-1.0,L 1,1,W 1,18.0,15.0,0,0,0,1.0,1.0,24-8,7-31,0-2,28-6,3-33,0-2,31-28,21-41,8-29,27-11,22-18,9-13,111.0,112.0,-1.0,21-21,7-8,7-5,10-20,1-9,,5-8,8-6,4-10,7-10,5-4,,,,,,,2-3,16-18,15-23,2020-21,7-8,3-7,6-4
00,22020,1610612758,Sacramento,Kings,West,18-24,12, - o,Pacific,5-7,5,31,41,0.431,0.0,31-41,16-20,15-21,6-4,4-6,5-5,1-0,10-5,12-22,-6.0,L 6,-5.0,L 5,5.0,9.0,-1.0,L 1,-2.0,L 2,-3,L 3,21.0,20.0,0,0,0,1.0,1.0,24-10,5-28,2-3,21-7,9-33,1-1,31-36,24-41,17-23,24-8,12-8,13-20,114.0,117.0,-4.0,13-17,4-6,6-4,18-24,5-7,,5-9,5-10,9-5,4-11,5-4,,,,,,,3-2,14-22,17-19,2020-21,3-7,7-8,6-9
00,22020,1610612761,Toronto,Raptors,East,17-25,12, - o,Atlantic,4-8,5,27,45,0.375,0.0,27-45,16-20,11-25,1-9,5-5,2-8,0-1,3-6,17-19,5.0,W 5,-9.0,L 9,4.0,9.0,-5.0,L 5,-3.0,L 3,-7,L 7,22.0,22.0,0,0,0,1.0,1.0,17-12,7-33,3-0,23-6,4-37,0-2,26-38,20-45,14-27,22-11,16-7,16-32,111.0,112.0,0.0,17-25,4-8,5-10,10-20,3-7,,7-9,9-5,1-13,8-7,1-8,,,,,,,1-3,17-19,10-26,2020-21,8-7,3-7,4-6
00,22020,1610612750,Minnesota,Timberwolves,West,15-27,13, - o,Northwest,5-7,4,23,49,0.319,0.0,23-49,13-23,10-26,5-5,4-6,5-5,0-5,4-6,9-25,-7.0,L 7,-9.0,L 9,4.0,9.0,1.0,W 1,2.0,W 2,1,W 1,29.0,29.0,0,0,0,1.0,1.0,9-7,11-41,3-1,13-11,9-38,1-0,22-39,20-47,11-27,11-7,13-12,14-25,112.0,118.0,-6.0,8-22,2-8,4-6,15-27,4-11,,3-12,2-14,5-8,8-8,3-5,,,,,,,2-2,7-29,16-20,2020-21,2-8,5-7,6-9
00,22020,1610612739,Cleveland,Cavaliers,East,16-26,13, - o,Central,4-8,4,22,50,0.306,0.0,22-50,13-23,9-27,1-9,2-8,2-8,3-1,4-2,11-37,-7.0,L 7,-9.0,L 9,4.0,11.0,1.0,W 1,-8.0,L 8,-2,L 2,27.0,24.0,0,0,0,1.0,1.0,18-8,4-42,0-0,16-6,4-43,2-1,20-26,13-49,10-28,20-4,13-15,11-20,104.0,112.0,-8.0,16-26,8-7,4-8,6-24,0-10,,6-9,4-10,4-9,4-12,1-8,,,,,,,3-2,14-22,8-28,2020-21,4-11,2-8,4-6
00,22020,1610612753,Orlando,Magic,East,13-29,14, - o,Southeast,4-8,5,21,51,0.292,0.0,21-51,11-25,10-26,2-8,1-9,2-8,1-1,3-5,6-35,-9.0,L 9,-7.0,L 7,4.0,9.0,-2.0,L 2,-5.0,L 5,-7,L 7,28.0,20.0,0,0,0,1.0,1.0,16-10,4-41,1-0,13-5,8-44,0-2,20-23,15-47,10-30,14-3,14-16,10-21,104.0,113.0,-9.0,13-29,2-13,7-8,8-22,4-6,,4-12,5-8,3-10,3-13,2-7,,,,,,,4-1,13-23,8-28,2020-21,4-8,2-8,2-8
00,22020,1610612760,Oklahoma City,Thunder,West,12-30,14, - o,Northwest,3-9,5,22,50,0.306,0.0,22-50,10-26,12-24,1-9,1-9,1-9,1-2,7-5,5-36,-11.0,L 11,-8.0,L 8,3.0,14.0,1.0,W 1,-4.0,L 4,1,W 1,30.0,30.0,0,0,0,1.0,1.0,13-10,8-39,1-1,15-5,5-45,2-0,22-28,17-47,14-30,17-5,13-16,8-13,105.0,116.0,-11.0,10-20,4-6,3-7,12-30,2-13,,7-7,6-10,6-7,1-15,1-8,,,,,,,1-3,15-21,7-29,2020-21,3-7,3-9,7-8
00,22020,1610612765,Detroit,Pistons,East,12-30,15, - o,Central,1-11,5,20,52,0.278,0.0,20-52,13-23,7-29,1-9,3-7,1-9,1-3,1-8,14-31,-4.0,L 4,-8.0,L 8,2.0,5.0,-4.0,L 4,-8.0,L 8,-5,L 5,29.0,26.0,0,0,0,1.0,1.0,16-10,3-41,1-1,19-8,1-43,0-1,19-34,14-51,9-29,15-11,14-13,12-16,107.0,111.0,-4.0,12-30,7-8,1-11,8-22,3-7,,5-11,4-10,4-9,6-10,1-8,,,,,,,0-4,10-26,10-26,2020-21,4-11,2-8,3-7
00,22020,1610612745,Houston,Rockets,West,11-31,15, - o,Southwest,5-7,5,17,55,0.236,0.0,17-55,9-27,8-28,2-8,2-8,1-9,0-1,3-4,8-37,-11.0,L 11,-10.0,L 10,6.0,20.0,1.0,W 1,-7.0,L 7,-1,L 1,35.0,25.0,0,0,0,1.0,1.0,14-8,2-46,1-1,15-7,2-48,0-0,17-38,12-55,10-28,16-12,12-7,8-24,109.0,117.0,-8.0,6-24,1-9,2-8,11-31,3-12,,8-7,2-12,2-13,3-13,1-8,,,,,,,1-2,11-23,6-32,2020-21,3-7,3-12,5-7
00,22021,1610612748,Miami,Heat,East,35-17,1, - e,Southeast,13-3,1,53,29,0.646,0.0,53-29,29-12,24-17,6-4,6-4,7-3,1-3,3-6,31-15,7.0,W 7,6.0,W 6,6.0,4.0,3.0,W 3,-1.0,L 1,-1,L 1,0.0,0.0,1,1,1,0.0,0.0,41-11,11-17,1-1,46-5,7-23,0-1,51-17,30-28,28-20,49-6,36-8,25-9,110.0,106.0,4.0,35-17,10-8,12-6,18-12,4-6,,9-6,9-2,8-7,4-1,,,,,,5-1,8-7,10-5,38-21,15-8,2021-22,13-3,6-4,8-2
00,22021,1610612756,Phoenix,Suns,West,39-13,1, - w,Pacific,10-6,1,64,18,0.78,0.0,64-18,32-9,32-9,6-4,6-4,7-3,2-0,6-2,37-9,15.0,W 15,8.0,W 8,18.0,2.0,-1.0,L 1,1.0,W 1,-1,L 1,0.0,0.0,1,1,1,0.0,0.0,49-6,15-12,0-0,47-0,17-17,0-1,61-14,42-18,32-10,57-5,41-2,34-13,115.0,107.0,8.0,25-5,8-2,9-1,39-13,10-6,,13-1,9-3,13-2,2-4,,,,,,2-3,16-0,9-5,48-10,16-8,2021-22,8-2,14-4,15-3
00,22021,1610612738,Boston,Celtics,East,33-19,2, - a,Atlantic,9-7,1,51,31,0.622,0.0,51-31,28-13,23-18,7-3,8-2,7-3,4-3,3-9,35-9,5.0,W 5,7.0,W 7,9.0,3.0,2.0,W 2,1.0,W 1,1,W 1,2.0,0.0,0,1,1,0.0,0.0,41-9,10-22,0-0,45-7,6-23,0-1,46-20,26-26,27-21,47-7,39-11,26-13,112.0,104.0,7.0,33-19,9-7,12-6,18-12,5-5,,10-6,9-2,11-3,4-1,,,,,,2-4,9-6,6-9,34-26,17-5,2021-22,12-6,7-3,6-4
00,22021,1610612763,Memphis,Grizzlies,West,36-16,2, - sw,Southwest,11-5,1,56,26,0.683,0.0,56-26,30-11,26-15,7-3,9-1,5-5,2-2,5-3,33-17,10.0,W 10,6.0,W 6,11.0,3.0,-1.0,L 1,-2.0,L 2,-1,L 1,8.0,0.0,0,1,1,0.0,0.0,50-9,6-16,0-1,47-3,9-21,0-2,54-18,43-26,24-14,45-0,52-11,34-17,116.0,110.0,6.0,20-10,6-4,9-1,36-16,15-3,,12-4,8-2,11-3,2-3,,,,,,3-3,8-7,12-4,41-19,15-7,2021-22,5-5,10-8,11-5
00,22021,1610612749,Milwaukee,Bucks,East,33-19,3, - c,Central,12-4,1,51,31,0.622,0.0,51-31,27-14,24-17,6-4,7-3,6-4,1-2,4-2,31-15,9.0,W 9,4.0,W 4,8.0,3.0,1.0,W 1,-1.0,L 1,-1,L 1,2.0,0.0,0,1,1,0.0,0.0,43-11,8-20,0-0,42-1,8-29,1-1,49-21,40-30,25-21,44-3,42-8,22-13,115.0,112.0,3.0,33-19,10-8,12-4,18-12,7-3,,7-8,6-4,11-3,3-3,,,,,,3-4,10-4,11-5,36-24,15-7,2021-22,11-7,5-5,6-4
00,22021,1610612744,Golden State,Warriors,West,33-19,3, - x,Pacific,12-4,2,53,29,0.646,0.0,53-29,31-10,22-19,6-4,5-5,5-5,0-2,6-5,34-10,11.0,W 11,4.0,W 4,9.0,5.0,2.0,W 2,3.0,W 3,5,W 5,11.0,11.0,0,0,1,0.0,0.0,36-7,16-21,1-1,44-9,7-19,2-1,51-18,29-26,27-17,46-11,38-10,25-9,111.0,105.0,6.0,20-10,6-4,8-2,33-19,12-4,,11-6,5-5,5-11,5-0,,,,,,5-1,13-2,9-4,42-17,11-12,2021-22,6-4,12-6,9-9
00,22021,1610612755,Philadelphia,76ers,East,32-20,4, - x,Atlantic,6-10,2,51,31,0.622,0.0,51-31,24-17,27-14,6-4,6-4,6-4,3-1,6-6,28-11,4.0,W 4,7.0,W 7,7.0,5.0,3.0,W 3,-1.0,L 1,2,W 2,2.0,0.0,0,0,1,0.0,0.0,37-11,13-19,1-1,41-8,9-23,1-0,50-15,34-27,28-23,42-6,25-6,27-18,110.0,107.0,3.0,32-20,6-10,14-4,19-11,6-4,,12-3,6-4,9-7,5-1,,,,,,4-2,7-8,8-6,35-23,16-8,2021-22,12-6,5-5,8-2
00,22021,1610612742,Dallas,Mavericks,West,36-16,4, - x,Southwest,14-2,2,52,30,0.634,0.0,52-30,29-12,23-18,8-2,9-1,6-4,1-2,7-5,27-14,6.0,W 6,5.0,W 5,6.0,3.0,6.0,W 6,2.0,W 2,4,W 4,12.0,4.0,0,0,1,0.0,0.0,34-9,17-20,1-1,45-6,6-22,1-2,49-14,29-26,24-20,41-0,31-5,27-14,108.0,105.0,3.0,16-14,6-4,6-4,36-16,10-8,,12-4,7-3,12-4,4-1,,,,,,4-2,6-7,7-9,35-24,17-6,2021-22,4-6,12-6,14-2
00,22021,1610612762,Utah,Jazz,West,33-19,5, - nw,Northwest,15-1,1,49,33,0.598,0.0,49-33,29-12,20-21,4-6,8-2,2-8,2-0,1-6,34-10,9.0,W 9,10.0,W 10,8.0,5.0,-1.0,L 1,1.0,W 1,1,W 1,15.0,0.0,0,1,1,0.0,0.0,39-13,9-20,1-0,45-13,2-20,2-0,49-25,35-31,24-20,43-8,42-15,13-7,114.0,108.0,6.0,16-14,7-3,4-6,33-19,9-9,,4-12,8-1,8-9,3-2,,,,,,5-1,9-6,12-2,36-22,13-11,2021-22,5-5,15-1,9-9
00,22021,1610612761,Toronto,Raptors,East,30-22,5, - x,Atlantic,10-6,3,48,34,0.585,0.0,48-34,24-17,24-17,8-2,7-3,7-3,3-2,7-6,25-14,5.0,W 5,6.0,W 6,8.0,3.0,3.0,W 3,-1.0,L 1,-1,L 1,5.0,3.0,0,0,1,0.0,0.0,33-9,15-25,0-0,38-6,9-27,1-1,44-17,35-31,29-19,28-5,31-10,37-21,109.0,107.0,2.0,30-22,10-6,8-10,18-12,7-3,,10-6,8-4,11-5,4-2,,,,,,4-3,5-10,6-4,32-25,16-9,2021-22,12-6,5-5,6-4
00,22021,1610612741,Chicago,Bulls,East,29-23,6, - x,Central,10-6,2,46,36,0.561,0.0,46-36,27-14,19-22,4-6,4-6,4-6,1-1,4-4,23-20,9.0,W 9,-5.0,L 5,9.0,5.0,-4.0,L 4,2.0,W 2,1,W 1,7.0,5.0,0,0,1,0.0,0.0,35-5,11-31,0-0,36-5,9-31,1-0,43-24,33-35,23-26,37-8,27-6,23-17,112.0,112.0,0.0,29-23,8-10,10-6,17-13,5-5,,8-8,8-5,6-9,1-4,,,,,,5-1,9-7,9-2,38-21,8-15,2021-22,11-7,8-2,4-6
00,22021,1610612743,Denver,Nuggets,West,29-23,6, - x,Northwest,6-10,2,48,34,0.585,0.0,48-34,23-18,25-16,6-4,3-7,9-1,3-2,8-3,23-20,6.0,W 6,7.0,W 7,6.0,6.0,-1.0,L 1,3.0,W 3,-1,L 1,16.0,1.0,0,0,1,0.0,0.0,36-12,9-21,3-1,39-10,6-23,3-1,44-25,34-32,21-23,35-10,31-14,18-6,113.0,110.0,2.0,19-11,6-4,5-5,29-23,13-5,,11-5,8-4,10-6,2-3,,,,,,4-2,6-8,7-6,33-25,15-9,2021-22,8-2,6-10,10-8
00,22021,1610612750,Minnesota,Timberwolves,West,32-20,7,,Northwest,12-4,3,46,36,0.561,0.0,46-36,26-15,20-21,4-6,7-3,6-4,2-1,4-4,28-21,7.0,W 7,-4.0,L 4,6.0,6.0,-1.0,L 1,2.0,W 2,-1,L 1,18.0,3.0,0,0,0,0.0,0.0,34-10,12-26,0-0,42-8,4-28,0-0,44-29,34-33,23-24,38-0,24-10,34-20,116.0,113.0,3.0,14-16,4-6,7-3,32-20,8-10,,9-6,8-4,10-5,3-2,,,,,,3-2,8-8,5-9,31-28,15-8,2021-22,3-7,12-4,12-6
00,22021,1610612751,Brooklyn,Nets,East,31-21,7,,Atlantic,10-6,4,44,38,0.537,0.0,44-38,20-21,24-17,6-4,7-3,6-4,2-1,8-4,20-20,-5.0,L 5,-8.0,L 8,5.0,11.0,3.0,W 3,1.0,W 1,4,W 4,9.0,7.0,0,0,0,0.0,0.0,29-15,14-23,1-0,34-9,9-28,1-1,43-30,33-38,20-29,40-11,28-14,19-17,113.0,112.0,1.0,31-21,10-6,12-6,13-17,3-7,,6-10,3-10,8-7,4-1,,,,,,4-3,11-3,8-4,31-28,13-10,2021-22,9-9,4-6,6-4
00,22021,1610612739,Cleveland,Cavaliers,East,27-25,8,,Central,10-6,3,44,38,0.537,0.0,44-38,25-16,19-22,3-7,5-5,2-8,2-0,10-4,22-19,8.0,W 8,4.0,W 4,6.0,5.0,1.0,W 1,-2.0,L 2,1,W 1,9.0,7.0,0,0,0,0.0,0.0,30-14,12-23,2-1,33-9,11-29,0-0,35-27,22-34,20-25,37-9,30-14,22-10,108.0,106.0,2.0,27-25,8-10,10-6,17-13,4-6,,11-4,5-5,6-10,2-3,,,,,,3-4,8-6,9-6,35-23,9-15,2021-22,9-9,8-2,5-5
00,22021,1610612746,LA,Clippers,West,26-26,8,,Pacific,9-7,3,42,40,0.512,0.0,42-40,25-16,17-24,6-4,7-3,4-6,0-4,10-5,20-21,5.0,W 5,-4.0,L 4,7.0,5.0,5.0,W 5,1.0,W 1,5,W 5,22.0,22.0,0,0,0,0.0,0.0,29-8,13-32,0-0,31-5,11-34,0-1,36-25,25-38,18-25,36-8,21-4,23-15,108.0,108.0,0.0,16-14,4-6,4-6,26-26,9-7,,8-9,6-4,5-9,5-0,,,,,,1-4,10-6,7-8,30-31,12-9,2021-22,8-2,10-8,7-11
00,22021,1610612737,Atlanta,Hawks,East,26-26,9,,Southeast,9-7,2,43,39,0.524,0.0,43-39,27-14,16-25,7-3,9-1,4-6,0-1,7-3,24-18,-10.0,L 10,-7.0,L 7,7.0,6.0,4.0,W 4,1.0,W 1,1,W 1,10.0,10.0,0,0,0,0.0,0.0,35-12,7-27,1-0,38-6,5-31,0-2,42-25,36-37,21-28,33-6,25-17,28-15,114.0,112.0,2.0,26-26,6-12,11-7,17-13,6-4,,8-7,5-5,11-6,3-2,,,,,,3-3,8-7,5-9,28-30,15-9,2021-22,9-7,5-5,6-4
00,22021,1610612740,New Orleans,Pelicans,West,25-27,9,,Southwest,6-10,3,36,46,0.439,0.0,36-46,19-22,17-24,6-4,5-5,5-5,1-2,4-3,23-30,-6.0,L 6,-7.0,L 7,4.0,9.0,-1.0,L 1,-1.0,L 1,-2,L 2,28.0,20.0,0,0,0,0.0,0.0,24-8,11-37,1-1,28-5,6-39,2-2,34-32,20-44,18-32,25-6,28-24,21-19,109.0,110.0,-1.0,11-19,2-8,6-4,25-27,10-8,,5-10,7-4,8-7,3-3,,,,,,1-6,5-11,7-5,23-36,13-10,2021-22,3-7,9-9,6-10
00,22021,1610612759,San Antonio,Spurs,West,24-28,10,,Southwest,6-10,4,34,48,0.415,0.0,34-48,16-25,18-23,6-4,4-6,5-5,1-3,6-5,19-24,-3.0,L 3,5.0,W 5,4.0,6.0,-1.0,L 1,-2.0,L 2,-3,L 3,30.0,22.0,0,0,0,0.0,0.0,28-9,6-38,0-1,31-7,2-40,1-1,32-38,20-47,14-33,29-9,23-10,18-26,113.0,113.0,0.0,10-20,2-8,3-7,24-28,7-11,,5-12,5-6,7-7,3-3,,,,,,2-4,4-9,8-7,23-36,11-12,2021-22,5-5,11-7,6-10
00,22021,1610612766,Charlotte,Hornets,East,27-25,10,,Southeast,8-8,3,43,39,0.524,0.0,43-39,22-19,21-20,6-4,6-4,6-4,0-7,6-8,24-23,-7.0,L 7,5.0,W 5,5.0,6.0,2.0,W 2,1.0,W 1,3,W 3,10.0,10.0,0,0,0,0.0,0.0,30-8,12-31,1-0,36-6,6-33,1-0,41-32,32-39,23-28,39-8,21-12,28-23,115.0,115.0,0.0,27-25,8-10,11-7,16-14,3-7,,9-6,2-10,10-4,3-2,,,,,,5-2,8-8,6-7,29-31,14-8,2021-22,8-8,6-4,7-3
00,22021,1610612752,New York,Knicks,East,22-30,11, - o,Atlantic,5-11,5,37,45,0.451,0.0,37-45,17-24,20-21,7-3,4-6,8-2,1-2,5-6,19-23,5.0,W 5,-6.0,L 6,4.0,7.0,1.0,W 1,5.0,W 5,2,W 2,16.0,14.0,0,0,0,1.0,1.0,28-13,7-31,2-1,32-12,5-33,0-0,33-29,15-40,15-27,27-9,30-16,15-15,106.0,107.0,0.0,22-30,5-11,8-10,15-15,6-4,,7-8,1-9,9-7,3-2,,,,,,5-1,6-9,6-9,25-34,12-11,2021-22,9-9,2-8,7-3
00,22021,1610612747,Los Angeles,Lakers,West,18-34,11, - o,Pacific,3-13,4,33,49,0.402,0.0,33-49,21-20,12-29,2-8,3-7,3-7,8-2,5-7,13-22,4.0,W 4,-11.0,L 11,4.0,8.0,1.0,W 1,1.0,W 1,2,W 2,31.0,31.0,0,0,0,1.0,1.0,17-12,14-35,2-2,18-14,14-35,1-0,31-40,26-49,12-27,26-9,16-12,20-14,112.0,115.0,-3.0,15-15,4-6,5-5,18-34,3-13,,6-8,3-6,4-12,2-4,,,,,,4-3,8-8,6-8,27-31,6-18,2021-22,6-4,8-10,7-11
00,22021,1610612758,Sacramento,Kings,West,20-32,12, - o,Pacific,6-10,5,30,52,0.366,0.0,30-52,16-25,14-27,5-5,2-8,6-4,2-1,7-8,11-30,-5.0,L 5,-13.0,L 13,3.0,7.0,-5.0,L 5,1.0,W 1,1,W 1,34.0,34.0,0,0,0,1.0,1.0,21-15,7-36,2-1,22-7,7-44,1-1,29-35,27-51,13-35,25-9,15-15,11-23,110.0,116.0,-5.0,10-20,1-9,3-7,20-32,6-10,,3-12,5-6,5-9,2-3,,,,,,3-3,5-11,7-8,22-38,8-14,2021-22,6-4,6-12,8-10
00,22021,1610612764,Washington,Wizards,East,24-28,12, - o,Southeast,7-9,4,35,47,0.427,0.0,35-47,21-20,14-27,5-5,6-4,2-8,3-1,12-6,11-27,-6.0,L 6,-8.0,L 8,5.0,6.0,-1.0,L 1,-2.0,L 2,-3,L 3,18.0,18.0,0,0,0,1.0,1.0,18-11,15-36,2-0,27-6,7-41,1-0,33-30,25-44,18-28,29-12,21-14,9-18,109.0,112.0,-3.0,24-28,8-10,9-9,11-19,2-8,,5-9,4-7,6-10,2-4,,,,,,5-1,8-7,5-9,27-31,8-16,2021-22,7-9,5-5,4-6
00,22021,1610612754,Indiana,Pacers,East,11-41,13, - o,Central,2-14,4,25,57,0.305,0.0,25-57,16-25,9-32,0-10,2-8,2-8,4-4,3-14,14-19,-5.0,L 5,-8.0,L 8,3.0,10.0,-5.0,L 5,-5.0,L 5,-10,L 10,28.0,26.0,0,0,0,1.0,1.0,21-14,4-39,0-4,18-12,6-42,1-3,24-44,17-53,14-38,19-11,18-20,12-21,111.0,115.0,-3.0,11-41,5-13,2-14,14-16,4-6,,5-11,2-9,4-10,0-5,,,,,,1-6,8-8,5-8,20-40,5-17,2021-22,4-14,4-6,6-4
00,22021,1610612757,Portland,Trail Blazers,West,11-41,13, - o,Northwest,1-15,4,27,55,0.329,0.0,27-55,17-24,10-31,0-10,2-8,1-9,0-2,1-5,11-41,10.0,W 10,-8.0,L 8,4.0,11.0,-6.0,L 6,-5.0,L 5,-11,L 11,37.0,22.0,0,0,0,1.0,1.0,20-13,7-41,0-1,20-7,6-47,1-1,26-30,20-51,15-32,20-7,19-16,11-17,106.0,115.0,-9.0,16-14,6-4,5-5,11-41,5-13,,8-8,4-6,2-13,0-6,,,,,,3-3,8-8,2-11,25-34,2-21,2021-22,5-5,1-15,5-13
00,22021,1610612765,Detroit,Pistons,East,18-34,14, - o,Central,6-10,5,23,59,0.28,0.0,23-59,13-28,10-31,4-6,3-7,4-6,3-1,7-6,6-33,-7.0,L 7,-10.0,L 10,3.0,14.0,-2.0,L 2,-1.0,L 1,-3,L 3,30.0,28.0,0,0,0,1.0,1.0,12-17,11-39,0-3,16-10,5-49,2-0,21-37,18-54,11-40,14-6,12-12,13-26,105.0,113.0,-8.0,18-34,5-13,6-10,5-25,1-9,,7-9,3-9,6-10,2-3,,,,,,1-5,3-12,1-11,13-45,10-14,2021-22,7-11,2-8,2-8
00,22021,1610612760,Oklahoma City,Thunder,West,17-35,14, - o,Northwest,6-10,5,24,58,0.293,0.0,24-58,12-29,12-29,4-6,3-7,2-8,4-1,7-6,9-32,-11.0,L 11,-5.0,L 5,4.0,10.0,2.0,W 2,-3.0,L 3,-3,L 3,40.0,25.0,0,0,0,1.0,1.0,9-10,14-46,1-2,16-6,8-52,0-0,19-33,15-51,9-36,20-9,16-8,8-25,104.0,112.0,-8.0,7-23,4-6,2-8,17-35,5-13,,2-12,4-8,3-12,2-4,,,,,,1-5,5-9,7-8,18-40,6-18,2021-22,1-9,6-10,6-12
00,22021,1610612745,Houston,Rockets,West,11-41,15, - o,Southwest,3-13,5,20,62,0.244,0.0,20-62,11-30,9-32,2-8,1-9,2-8,2-1,3-9,9-44,-11.0,L 11,-11.0,L 11,7.0,15.0,-5.0,L 5,-2.0,L 2,-7,L 7,44.0,36.0,0,0,0,1.0,1.0,9-15,10-46,1-1,14-9,5-52,1-1,20-46,16-59,8-40,16-12,12-17,7-17,110.0,118.0,-8.0,9-21,1-9,3-7,11-41,2-16,,4-10,1-9,5-12,0-5,,,,,,1-5,3-11,6-10,15-43,5-19,2021-22,5-5,6-12,3-13
00,22021,1610612753,Orlando,Magic,East,12-40,15, - o,Southeast,3-13,5,22,60,0.268,0.0,22-60,12-29,10-31,3-7,4-6,2-8,0-4,2-7,6-39,-9.0,L 9,-10.0,L 10,2.0,10.0,2.0,W 2,-4.0,L 4,1,W 1,31.0,31.0,0,0,0,1.0,1.0,13-9,9-51,0-0,14-9,8-50,0-1,20-34,13-56,14-37,18-11,12-15,10-17,104.0,112.0,-8.0,12-40,4-14,5-13,10-20,1-9,,4-11,4-7,5-10,2-3,,,,,,1-6,3-12,3-11,13-47,9-13,2021-22,3-13,6-4,3-7
00,22022,1610612743,Denver,Nuggets,West,34-18,1, - w,Northwest,10-6,1,53,29,0.646,0.0,53-29,34-7,19-22,5-5,7-3,3-7,3-0,7-6,29-15,16.0,W 16,-4.0,L 4,9.0,4.0,2.0,W 2,-4.0,L 4,1,W 1,0.0,0.0,1,1,1,0.0,0.0,33-9,18-20,2-0,41-4,10-24,2-1,51-21,45-29,36-18,48-8,39-9,24-7,116.0,112.0,3.0,19-11,4-6,7-3,34-18,13-5,,12-4,9-3,7-7,2-3,,,,,,4-3,10-4,9-5,41-18,12-11,2022-23,8-2,10-6,11-7
00,22022,1610612749,Milwaukee,Bucks,East,35-17,1, - e,Central,11-5,1,58,24,0.707,0.0,58-24,32-9,26-15,6-4,6-4,7-3,3-2,6-1,30-15,11.0,W 11,9.0,W 9,16.0,4.0,-1.0,L 1,-1.0,L 1,-2,L 2,0.0,0.0,1,1,1,0.0,0.0,44-7,11-16,3-1,51-3,7-21,0-0,57-18,47-23,28-15,50-2,44-9,15-6,117.0,113.0,4.0,35-17,12-6,11-5,23-7,8-2,,11-5,10-0,11-5,3-2,,,,,,6-0,9-5,8-7,41-17,17-7,2022-23,12-6,9-1,6-4
00,22022,1610612738,Boston,Celtics,East,34-18,2, - a,Atlantic,11-5,1,57,25,0.695,0.0,57-25,32-9,25-16,8-2,8-2,5-5,4-7,5-8,31-11,10.0,W 10,6.0,W 6,9.0,3.0,7.0,W 7,-1.0,L 1,3,W 3,1.0,0.0,0,1,1,0.0,0.0,45-9,10-16,2-0,51-7,5-18,1-0,56-19,43-23,33-14,42-4,36-7,25-9,118.0,111.0,7.0,34-18,11-5,11-7,23-7,7-3,,10-5,8-3,10-6,3-1,,,,,,4-2,14-2,8-6,42-17,15-8,2022-23,12-6,7-3,9-1
00,22022,1610612763,Memphis,Grizzlies,West,30-22,2, - sw,Southwest,13-3,1,51,31,0.622,0.0,51-31,35-6,16-25,6-4,9-1,4-6,3-1,3-6,31-17,12.0,W 12,-8.0,L 8,11.0,5.0,2.0,W 2,-1.0,L 1,-1,L 1,2.0,0.0,0,1,1,0.0,0.0,43-13,8-18,0-0,44-8,7-21,0-2,51-27,43-31,22-18,41-6,36-16,31-14,117.0,113.0,4.0,21-9,5-5,8-2,30-22,8-10,,10-5,5-5,12-5,2-3,,,,,,4-3,8-6,10-4,35-22,16-9,2022-23,8-2,9-9,13-3
00,22022,1610612755,Philadelphia,76ers,East,34-18,3, - x,Atlantic,10-6,2,54,28,0.659,0.0,54-28,29-12,25-16,5-5,6-4,6-4,4-2,10-5,26-11,11.0,W 11,8.0,W 8,8.0,3.0,-1.0,L 1,2.0,W 2,2,W 2,4.0,3.0,0,0,1,0.0,0.0,34-4,19-23,1-1,40-3,9-25,5-0,54-22,40-27,29-18,36-11,31-4,32-13,115.0,111.0,4.0,34-18,10-6,13-5,20-10,8-2,,11-3,7-4,12-5,3-2,,,,,,4-4,8-6,9-4,38-19,16-9,2022-23,11-7,7-3,5-5
00,22022,1610612758,Sacramento,Kings,West,32-20,3, - p,Pacific,9-7,1,48,34,0.585,0.0,48-34,23-18,25-16,5-5,4-6,7-3,4-1,9-7,19-13,6.0,W 6,7.0,W 7,7.0,4.0,-3.0,L 3,-2.0,L 2,-3,L 3,5.0,0.0,0,1,1,0.0,0.0,30-11,16-22,2-1,38-3,9-27,1-4,48-30,44-34,18-23,32-5,28-10,29-16,121.0,118.0,3.0,16-14,4-6,7-3,32-20,9-7,,9-6,8-4,11-5,1-4,,,,,,2-4,9-5,8-6,32-25,16-9,2022-23,5-5,11-7,12-6
00,22022,1610612739,Cleveland,Cavaliers,East,34-18,4, - x,Central,13-3,2,51,31,0.622,0.0,51-31,31-10,20-21,7-3,6-4,7-3,7-0,5-8,33-11,7.0,W 7,-5.0,L 5,8.0,5.0,-1.0,L 1,2.0,W 2,-1,L 1,7.0,7.0,0,0,1,0.0,0.0,35-10,16-18,0-3,37-8,14-21,0-2,49-25,28-30,24-18,33-11,32-7,31-22,112.0,107.0,5.0,34-18,8-10,13-3,17-13,5-5,,8-8,8-3,9-5,3-1,,,,,,5-1,9-7,9-6,38-23,13-8,2022-23,13-5,4-6,8-2
00,22022,1610612756,Phoenix,Suns,West,30-22,4, - x,Pacific,9-7,2,45,37,0.549,0.0,45-37,28-13,17-24,7-3,7-3,5-5,1-3,4-9,28-17,7.0,W 7,4.0,W 4,7.0,6.0,-1.0,L 1,-1.0,L 1,-2,L 2,8.0,3.0,0,0,1,0.0,0.0,36-9,9-28,0-0,41-7,4-30,0-0,45-27,35-35,23-24,36-8,29-14,29-16,114.0,112.0,2.0,15-15,6-4,6-4,30-22,9-7,,7-8,6-4,9-6,3-2,,,,,,5-1,10-5,5-11,32-28,13-9,2022-23,3-7,11-7,10-8
00,22022,1610612746,LA,Clippers,West,27-25,5, - x,Pacific,9-7,3,44,38,0.537,0.0,44-38,23-18,21-20,6-4,7-3,5-5,2-3,4-6,20-21,4.0,W 4,-5.0,L 5,5.0,6.0,3.0,W 3,1.0,W 1,3,W 3,9.0,4.0,0,0,1,0.0,0.0,24-9,16-28,4-1,33-10,9-26,2-2,41-28,35-38,20-25,32-10,28-8,20-10,114.0,113.0,1.0,17-13,6-4,6-4,27-25,9-7,,8-8,4-6,8-6,3-1,,,,,,3-4,10-6,8-7,33-28,11-10,2022-23,5-5,6-12,12-6
00,22022,1610612752,New York,Knicks,East,32-20,5, - x,Atlantic,8-8,3,47,35,0.573,0.0,47-35,23-18,24-17,5-5,7-3,5-5,4-6,10-4,23-13,6.0,W 6,6.0,W 6,9.0,5.0,-1.0,L 1,-1.0,L 1,-2,L 2,11.0,10.0,0,0,1,0.0,0.0,37-12,10-22,0-1,38-9,7-23,2-3,46-31,36-35,25-20,36-12,39-16,18-13,116.0,113.0,3.0,32-20,8-8,12-6,15-15,4-6,,8-7,9-2,9-6,2-2,,,,,,3-3,7-9,9-6,33-27,14-8,2022-23,12-6,7-3,4-6
00,22022,1610612744,Golden State,Warriors,West,30-22,6, - x,Pacific,7-9,4,44,38,0.537,0.0,44-38,33-8,11-30,8-2,9-1,4-6,2-3,4-8,24-16,10.0,W 10,-11.0,L 11,5.0,5.0,3.0,W 3,2.0,W 2,3,W 3,9.0,4.0,0,0,1,0.0,0.0,34-12,10-26,0-0,32-6,10-31,2-1,44-35,40-37,21-21,38-8,31-12,13-12,119.0,117.0,2.0,14-16,5-5,4-6,30-22,7-9,,7-6,6-6,9-7,3-1,,,,,,3-4,8-7,8-7,29-29,15-9,2022-23,5-5,10-8,13-5
00,22022,1610612751,Brooklyn,Nets,East,30-22,6, - x,Atlantic,7-9,4,45,37,0.549,0.0,45-37,23-18,22-19,6-4,4-6,6-4,1-1,10-4,22-17,6.0,W 6,7.0,W 7,12.0,5.0,-1.0,L 1,1.0,W 1,-1,L 1,13.0,12.0,0,0,1,0.0,0.0,28-12,17-24,0-1,36-7,8-30,1-0,44-27,36-36,26-24,39-12,16-6,25-16,113.0,113.0,1.0,30-22,7-9,7-11,15-15,4-6,,7-7,3-8,8-8,3-2,,,,,,2-5,10-6,12-1,34-24,11-13,2022-23,16-2,6-4,5-5
00,22022,1610612747,Los Angeles,Lakers,West,27-25,7,,Pacific,6-10,5,43,39,0.524,0.0,43-39,23-18,20-21,8-2,7-3,7-3,3-4,8-5,19-19,3.0,W 3,-6.0,L 6,5.0,5.0,2.0,W 2,-1.0,L 1,2,W 2,10.0,5.0,0,0,0,0.0,0.0,29-10,13-25,1-4,35-5,7-33,1-1,43-36,41-39,18-32,37-11,32-14,15-13,117.0,117.0,1.0,16-14,3-7,5-5,27-25,6-10,,9-7,5-5,10-5,4-1,,,,,,1-5,7-7,7-9,27-32,16-7,2022-23,8-2,9-9,12-6
00,22022,1610612748,Miami,Heat,East,24-28,7, - se,Southeast,10-6,1,44,38,0.537,0.0,44-38,27-14,17-24,6-4,8-2,4-6,3-2,14-8,12-13,8.0,W 8,-7.0,L 7,4.0,4.0,2.0,W 2,-1.0,L 1,1,W 1,14.0,0.0,0,1,0,0.0,0.0,30-10,13-26,1-2,26-5,15-32,3-1,41-27,32-37,25-24,25-4,26-10,28-23,109.0,110.0,0.0,24-28,6-12,8-10,20-10,7-3,,10-5,4-6,7-8,4-1,,,,,,2-5,8-7,9-6,32-27,12-11,2022-23,10-6,6-4,7-3
00,22022,1610612737,Atlanta,Hawks,East,26-26,8,,Southeast,8-8,2,41,41,0.5,0.0,41-41,24-17,17-24,5-5,6-4,3-7,4-2,10-7,19-15,3.0,W 3,-5.0,L 5,5.0,4.0,-1.0,L 1,-1.0,L 1,-2,L 2,17.0,3.0,0,0,0,0.0,0.0,31-12,9-29,1-0,35-9,5-29,1-3,41-39,37-41,21-25,32-7,25-15,26-23,118.0,118.0,0.0,26-26,6-12,12-6,15-15,6-4,,8-7,6-5,7-8,3-2,,,,,,4-3,8-7,5-9,29-30,12-11,2022-23,8-8,4-6,5-5
00,22022,1610612750,Minnesota,Timberwolves,West,29-23,8,,Northwest,8-8,2,42,40,0.512,0.0,42-40,22-19,20-21,7-3,3-7,7-3,1-4,6-7,15-16,5.0,W 5,4.0,W 4,5.0,6.0,1.0,W 1,2.0,W 2,3,W 3,11.0,11.0,0,0,0,0.0,0.0,28-18,13-21,1-1,32-9,8-30,2-1,41-36,39-39,28-25,36-15,19-12,24-14,116.0,116.0,0.0,13-17,4-6,5-5,29-23,10-8,,11-5,5-6,7-7,3-1,,,,,,4-3,7-8,5-10,31-30,11-10,2022-23,4-6,8-8,11-7
00,22022,1610612740,New Orleans,Pelicans,West,29-23,9,,Southwest,11-5,2,42,40,0.512,0.0,42-40,27-14,15-26,7-3,7-3,5-5,3-4,4-6,25-20,7.0,W 7,-6.0,L 6,7.0,10.0,2.0,W 2,-1.0,L 1,-1,L 1,11.0,9.0,0,0,0,0.0,0.0,31-13,9-26,2-1,34-8,7-32,1-0,42-33,33-39,19-29,35-10,34-14,19-15,114.0,112.0,2.0,13-17,4-6,5-5,29-23,9-9,,3-13,4-6,9-6,3-2,,,,,,4-2,9-6,10-5,30-29,12-11,2022-23,4-6,9-9,11-5
00,22022,1610612761,Toronto,Raptors,East,26-26,9,,Atlantic,4-12,5,41,41,0.5,0.0,41-41,27-14,14-27,6-4,9-1,3-7,2-3,4-10,23-16,7.0,W 7,-6.0,L 6,4.0,6.0,4.0,W 4,-2.0,L 2,1,W 1,17.0,16.0,0,0,0,0.0,0.0,33-11,6-29,2-1,35-11,5-29,1-1,39-35,33-40,19-25,21-6,30-16,33-30,113.0,111.0,1.0,26-26,4-12,10-8,15-15,3-7,,7-9,8-3,7-7,3-2,,,,,,4-3,7-7,5-10,28-31,13-10,2022-23,12-6,5-5,7-3
00,22022,1610612741,Chicago,Bulls,East,27-25,10,,Central,7-9,3,40,42,0.488,0.0,40-42,22-19,18-23,6-4,4-6,8-2,3-4,4-7,24-19,3.0,W 3,6.0,W 6,3.0,6.0,1.0,W 1,1.0,W 1,2,W 2,18.0,18.0,0,0,0,0.0,0.0,27-12,12-29,1-1,31-9,8-32,1-1,40-31,29-41,23-27,34-17,25-7,25-26,113.0,112.0,1.0,27-25,9-9,7-9,13-17,2-8,,7-7,5-7,9-6,3-2,,,,,,3-4,6-8,7-8,26-33,14-9,2022-23,11-7,6-4,5-5
00,22022,1610612760,Oklahoma City,Thunder,West,25-27,10,,Northwest,9-7,3,40,42,0.488,0.0,40-42,24-17,16-25,4-6,7-3,5-5,2-4,7-7,21-15,5.0,W 5,-6.0,L 6,4.0,5.0,1.0,W 1,1.0,W 1,2,W 2,13.0,13.0,0,0,0,0.0,0.0,26-8,13-30,1-4,29-11,8-30,3-1,40-40,33-42,23-28,30-10,23-9,33-31,117.0,116.0,1.0,15-15,6-4,5-5,25-27,6-12,,9-5,4-7,10-7,2-2,,,,,,3-3,6-10,6-8,28-29,12-13,2022-23,4-6,9-7,10-8
00,22022,1610612742,Dallas,Mavericks,West,28-24,11, - o,Southwest,9-7,3,38,44,0.463,0.0,38-44,23-18,15-26,2-8,3-7,3-7,4-5,8-12,11-12,6.0,W 6,-6.0,L 6,7.0,4.0,-2.0,L 2,-3.0,L 3,-2,L 2,15.0,13.0,0,0,0,1.0,1.0,26-14,10-30,2-0,29-11,8-32,1-1,36-36,32-42,21-25,24-9,10-4,20-22,114.0,114.0,0.0,10-20,6-4,2-8,28-24,10-8,,6-9,5-6,5-9,1-4,,,,,,3-3,7-7,11-6,31-29,7-15,2022-23,2-8,9-9,9-7
00,22022,1610612754,Indiana,Pacers,East,24-28,11, - o,Central,7-9,4,35,47,0.427,0.0,35-47,20-21,15-26,3-7,3-7,5-5,1-2,8-7,9-25,6.0,W 6,-11.0,L 11,5.0,7.0,-2.0,L 2,1.0,W 1,1,W 1,23.0,23.0,0,0,0,1.0,1.0,21-13,14-34,0-0,23-9,9-36,3-2,34-42,32-46,16-29,26-10,17-10,18-22,116.0,119.0,-3.0,24-28,7-11,7-9,11-19,5-5,,4-11,4-7,6-9,1-3,,,,,,3-5,9-4,8-8,26-34,9-13,2022-23,10-8,2-8,4-6
00,22022,1610612762,Utah,Jazz,West,24-28,12, - o,Northwest,6-10,4,37,45,0.451,0.0,37-45,23-18,14-27,2-8,4-6,3-7,4-1,10-8,13-16,5.0,W 5,-6.0,L 6,4.0,5.0,1.0,W 1,-3.0,L 3,-1,L 1,16.0,16.0,0,0,0,1.0,1.0,26-9,10-35,1-1,27-9,8-33,2-3,37-40,37-45,21-30,25-15,24-23,11-13,117.0,118.0,-1.0,13-17,3-7,4-6,24-28,8-10,,7-6,5-6,5-9,1-4,,,,,,6-2,7-9,6-9,29-31,8-14,2022-23,6-4,6-10,10-8
00,22022,1610612764,Washington,Wizards,East,21-31,12, - o,Southeast,8-8,3,35,47,0.427,0.0,35-47,19-22,16-25,3-7,4-6,3-7,1-2,7-6,19-21,-4.0,L 4,-10.0,L 10,6.0,10.0,-1.0,L 1,-6.0,L 6,-1,L 1,23.0,9.0,0,0,0,1.0,1.0,26-14,8-31,1-2,30-8,5-37,0-2,35-39,30-47,19-27,31-11,26-16,10-16,113.0,114.0,-1.0,21-31,5-13,8-10,14-16,3-7,,8-5,5-6,5-11,1-4,,,,,,3-4,8-7,5-10,28-30,7-17,2022-23,8-8,4-6,7-3
00,22022,1610612753,Orlando,Magic,East,20-32,13, - o,Southeast,7-9,4,34,48,0.415,0.0,34-48,20-21,14-27,5-5,5-5,3-7,2-2,5-6,16-24,-6.0,L 6,-6.0,L 6,6.0,9.0,-2.0,L 2,-2.0,L 2,-4,L 4,24.0,10.0,0,0,0,1.0,1.0,25-11,7-35,2-2,24-6,9-41,1-1,32-40,26-48,19-30,30-11,25-17,15-23,111.0,114.0,-3.0,20-32,8-10,5-13,14-16,5-5,,7-7,6-5,7-8,1-4,,,,,,1-6,4-11,8-7,24-35,10-13,2022-23,7-9,4-6,5-5
00,22022,1610612757,Portland,Trail Blazers,West,23-29,13, - o,Northwest,7-9,5,33,49,0.402,0.0,33-49,17-24,16-25,1-9,0-10,4-6,2-0,8-7,18-28,-10.0,L 10,-8.0,L 8,4.0,6.0,-10.0,L 10,-3.0,L 3,-4,L 4,20.0,20.0,0,0,0,1.0,1.0,21-14,11-34,1-1,25-11,6-36,2-2,33-38,30-49,17-30,25-12,21-15,14-17,113.0,117.0,-4.0,10-20,1-9,3-7,23-29,6-12,,6-9,5-6,3-13,1-4,,,,,,5-1,6-10,7-6,28-30,5-19,2022-23,6-4,7-9,10-8
00,22022,1610612745,Houston,Rockets,West,12-40,14, - o,Southwest,4-12,4,22,60,0.268,0.0,22-60,14-27,8-33,4-6,5-5,3-7,1-1,5-4,6-36,-10.0,L 10,-8.0,L 8,3.0,13.0,1.0,W 1,2.0,W 2,3,W 3,31.0,29.0,0,0,0,0.0,0.0,14-16,7-44,1-0,15-12,7-48,0-0,21-49,19-57,10-38,14-14,19-34,6-10,111.0,119.0,-8.0,10-20,2-8,4-6,12-40,3-15,,2-12,1-10,6-11,3-1,,,,,,1-7,4-9,5-10,13-45,9-15,2022-23,4-6,5-13,4-12
00,22022,1610612766,Charlotte,Hornets,East,15-37,14, - o,Southeast,7-9,5,27,55,0.329,0.0,27-55,13-28,14-27,5-5,2-8,6-4,1-4,3-3,8-35,-6.0,L 6,-7.0,L 7,5.0,8.0,-4.0,L 4,3.0,W 3,1,W 1,31.0,17.0,0,0,0,1.0,1.0,15-8,11-45,1-2,18-6,9-48,0-1,27-42,25-54,15-31,21-7,16-17,12-30,111.0,117.0,-6.0,15-37,2-16,6-12,12-18,3-7,,5-10,5-6,6-9,1-3,,,,,,3-4,3-11,4-12,17-43,10-12,2022-23,7-9,4-6,5-5
00,22022,1610612759,San Antonio,Spurs,West,10-42,15, - o,Southwest,3-13,5,22,60,0.268,0.0,22-60,14-27,8-33,3-7,4-6,3-7,1-5,3-3,6-42,-5.0,L 5,-18.0,L 18,3.0,16.0,-1.0,L 1,1.0,W 1,1,W 1,31.0,29.0,0,0,0,0.0,0.0,17-11,4-47,1-2,18-8,3-52,1-0,22-48,17-60,12-36,19-3,15-17,5-25,113.0,123.0,-10.0,12-18,3-7,6-4,10-42,1-17,,2-13,1-10,4-11,3-2,,,,,,5-2,1-14,6-8,14-45,8-15,2022-23,3-7,6-12,3-13
00,22022,1610612765,Detroit,Pistons,East,8-44,15, - o,Central,2-14,5,17,65,0.207,0.0,17-65,9-32,8-33,1-9,1-9,1-9,3-1,2-8,6-37,-6.0,L 6,-13.0,L 13,2.0,11.0,-5.0,L 5,-1.0,L 1,-1,L 1,41.0,41.0,0,0,0,1.0,1.0,12-14,5-50,0-1,14-6,2-55,1-4,17-51,15-63,7-39,14-12,11-14,11-18,110.0,119.0,-8.0,8-44,1-17,2-14,9-21,2-8,,3-10,2-8,1-14,1-4,,,,,,2-6,3-12,5-11,15-44,2-21,2022-23,5-13,5-5,2-8
00,22023,1610612760,Oklahoma City,Thunder,West,36-16,1, - w,Northwest,12-4,1,57,25,0.695,,57-25,33-8,24-17,7-3,8-2,6-4,3-1,6-3,32-10,9.0,W 9,4.0,W 4,6.0,3.0,5.0,W 5,1.0,W 1,5,W 5,0.0,0.0,1,1,1,0.0,0.0,44-5,13-19,0-1,50-4,7-20,0-1,57-22,45-25,31-17,51-6,26-2,40-15,120.0,113.0,7.0,21-9,6-4,6-4,36-16,11-7,,11-6,8-3,11-4,5-3,,,,,,3-1,9-5,10-3,37-17,20-8,2023-24,9-1,12-4,13-5
00,22023,1610612738,Boston,Celtics,East,41-11,1, - e,Atlantic,15-2,1,64,18,0.78,3.0,64-18,37-4,27-14,7-3,9-1,7-3,2-4,6-7,42-5,20.0,W 20,8.0,W 8,11.0,2.0,2.0,W 2,-1.0,L 1,2,W 2,0.0,0.0,1,1,1,0.0,0.0,56-11,8-7,0-0,59-6,4-12,1-0,64-15,49-18,38-13,56-2,43-6,31-9,121.0,109.0,11.0,41-11,15-2,13-5,23-7,7-3,,11-5,9-1,12-4,6-2,,,,,,3-0,11-4,12-2,43-12,21-6,2023-24,13-4,6-4,10-0
00,22023,1610612743,Denver,Nuggets,West,33-19,2, - x,Northwest,10-6,2,57,25,0.695,,57-25,33-8,24-17,6-4,8-2,7-3,0-1,6-6,28-10,9.0,W 9,6.0,W 6,6.0,3.0,4.0,W 4,1.0,W 1,1,W 1,0.0,0.0,0,0,1,0.0,0.0,43-8,11-16,3-1,49-8,6-17,2-0,57-17,50-25,27-20,54-5,36-7,26-9,115.0,110.0,5.0,24-6,8-2,8-2,33-19,11-7,,10-5,8-3,11-4,5-2,,,,,,4-0,9-6,10-5,36-19,21-6,2023-24,8-2,10-6,12-6
00,22023,1610612752,New York,Knicks,East,35-17,2, - x,Atlantic,12-5,2,50,32,0.61,4.0,50-32,27-14,23-18,6-4,7-3,6-4,1-1,4-3,32-16,7.0,W 7,5.0,W 5,9.0,4.0,3.0,W 3,3.0,W 3,5,W 5,14.0,14.0,0,0,1,0.0,0.0,37-3,11-28,2-1,42-3,6-29,2-0,48-24,31-28,22-26,39-1,44-17,24-14,113.0,108.0,5.0,35-17,12-5,11-7,15-15,6-4,,14-2,4-8,9-5,6-2,,,,,,2-2,9-5,6-8,33-22,17-10,2023-24,12-5,5-5,4-6
00,22023,1610612750,Minnesota,Timberwolves,West,37-15,3, - x,Northwest,12-4,3,56,26,0.683,,56-26,30-11,26-15,6-4,7-3,6-4,1-4,7-6,32-10,7.0,W 7,5.0,W 5,7.0,2.0,-1.0,L 1,-1.0,L 1,-1,L 1,1.0,1.0,0,0,1,0.0,0.0,38-7,17-19,1-0,45-10,7-15,4-1,55-22,36-23,31-20,50-6,38-12,26-8,113.0,107.0,6.0,19-11,6-4,6-4,37-15,10-7,,10-7,8-3,9-6,5-3,,,,,,1-2,13-2,10-3,39-16,17-10,2023-24,7-3,12-4,15-4
00,22023,1610612749,Milwaukee,Bucks,East,34-18,3, - c,Central,10-7,1,49,33,0.598,1.0,49-33,31-11,18-22,3-7,6-4,2-8,2-2,4-6,25-16,9.0,W 9,4.0,W 4,7.0,4.0,2.0,W 2,-3.0,L 3,-2,L 2,15.0,0.0,0,1,1,0.0,0.0,38-8,11-23,0-2,42-5,6-27,1-1,49-27,39-33,28-23,38-6,34-8,22-11,119.0,116.0,3.0,34-18,12-6,10-7,15-15,5-5,,8-8,7-5,8-6,2-6,,,,,,2-1,11-5,11-2,35-21,14-12,2023-24,12-5,4-6,6-4
00,22023,1610612739,Cleveland,Cavaliers,East,31-21,4, - x,Central,11-5,2,48,34,0.585,,48-34,26-15,22-19,4-6,6-4,2-8,3-1,9-5,24-16,9.0,W 9,6.0,W 6,9.0,3.0,-1.0,L 1,-3.0,L 3,-1,L 1,16.0,1.0,0,0,1,0.0,0.0,36-12,9-22,3-0,42-7,6-27,0-0,47-25,34-34,24-25,42-7,33-5,20-17,113.0,110.0,2.0,31-21,9-8,11-5,17-13,4-6,,11-2,9-4,7-10,3-4,,,,,,1-3,9-6,8-5,36-17,12-17,2023-24,11-8,5-5,8-2
00,22023,1610612746,LA,Clippers,West,30-22,4, - p,Pacific,9-7,1,51,31,0.622,,51-31,25-16,26-15,6-4,3-7,8-2,0-1,6-4,28-17,8.0,W 8,-6.0,L 6,9.0,6.0,-3.0,L 3,1.0,W 1,-3,L 3,6.0,0.0,0,1,1,0.0,0.0,38-11,11-20,2-0,40-4,11-25,0-2,50-27,40-31,26-22,47-3,34-6,23-10,116.0,112.0,3.0,21-9,6-4,6-4,30-22,9-7,,12-3,6-5,10-7,4-4,,,,,,3-1,5-9,11-2,36-17,15-14,2023-24,9-1,10-9,11-6
00,22023,1610612753,Orlando,Magic,East,32-20,5, - se,Southeast,9-7,1,47,35,0.573,,47-35,29-12,18-23,5-5,7-3,4-6,2-1,6-9,27-20,9.0,W 9,-5.0,L 5,9.0,4.0,4.0,W 4,-4.0,L 4,1,W 1,17.0,0.0,0,1,1,0.0,0.0,37-9,10-25,0-1,40-1,7-33,0-1,45-23,26-33,19-28,36-5,36-14,28-13,110.0,108.0,2.0,32-20,9-8,14-5,15-15,2-8,,6-10,9-3,9-5,4-4,,,,,,2-2,11-3,6-8,30-25,17-10,2023-24,9-7,7-3,6-4
00,22023,1610612742,Dallas,Mavericks,West,31-21,5, - sw,Southwest,11-5,1,50,32,0.61,,50-32,25-16,25-16,7-3,7-3,7-3,1-0,5-2,31-21,7.0,W 7,5.0,W 5,7.0,3.0,-1.0,L 1,-1.0,L 1,-2,L 2,7.0,0.0,0,1,1,0.0,0.0,32-5,16-26,2-1,39-2,10-30,1-0,50-25,41-32,23-24,37-3,25-9,30-15,118.0,116.0,2.0,19-11,6-4,3-7,31-21,10-7,,7-8,8-3,11-4,5-3,,,,,,3-0,8-6,8-8,32-23,18-9,2023-24,10-0,10-9,11-5
00,22023,1610612756,Phoenix,Suns,West,29-23,6, - x,Pacific,9-9,2,49,33,0.598,4.0,49-33,25-16,24-17,7-3,5-5,7-3,3-0,8-6,29-14,9.0,W 9,6.0,W 6,7.0,3.0,-2.0,L 2,4.0,W 4,3,W 3,8.0,2.0,0,0,1,0.0,0.0,36-12,11-21,2-0,43-10,6-23,0-0,48-29,43-33,27-22,43-16,36-16,17-6,116.0,113.0,3.0,20-10,4-6,8-2,29-23,9-9,,11-5,7-4,8-7,6-2,,,,,,2-2,9-5,6-8,33-22,16-11,2023-24,8-2,12-5,8-9
00,22023,1610612754,Indiana,Pacers,East,32-20,6, - x,Central,11-6,3,47,35,0.573,2.0,47-35,26-15,21-20,7-3,7-3,6-4,0-1,6-5,30-16,5.0,W 5,5.0,W 5,6.0,4.0,5.0,W 5,-1.0,L 1,1,W 1,17.0,2.0,0,0,1,0.0,0.0,32-7,14-27,1-1,42-5,5-28,0-2,47-34,44-35,28-21,42-5,25-7,28-20,123.0,120.0,3.0,32-20,10-8,11-6,15-15,5-5,,10-7,7-5,8-7,5-2,,,,,,2-1,7-7,8-6,31-25,16-10,2023-24,11-6,3-7,7-3
00,22023,1610612740,New Orleans,Pelicans,West,30-22,7,,Southwest,9-7,2,49,33,0.598,3.0,49-33,21-19,28-14,5-5,3-7,9-1,0-1,1-7,32-18,5.0,W 5,7.0,W 7,4.0,5.0,-5.0,L 5,6.0,W 6,-1,L 1,8.0,1.0,0,0,0,0.0,0.0,45-11,4-20,0-2,47-9,0-22,2-2,46-27,38-33,26-26,45-7,36-8,29-16,115.0,111.0,4.0,19-11,8-2,5-5,30-22,12-7,,8-7,8-4,10-4,4-4,,,,,,2-1,8-8,9-5,33-22,16-11,2023-24,6-4,9-8,9-7
00,22023,1610612755,Philadelphia,76ers,East,31-21,7,,Atlantic,8-8,3,47,35,0.573,,47-35,25-16,22-19,8-2,7-3,5-5,1-2,3-4,27-18,6.0,W 6,4.0,W 4,8.0,4.0,4.0,W 4,4.0,W 4,8,W 8,17.0,17.0,0,0,0,0.0,0.0,38-10,8-25,1-0,39-9,7-25,1-1,44-25,31-35,23-24,34-3,25-5,29-21,115.0,112.0,3.0,31-21,8-8,8-9,16-14,4-6,,7-7,4-8,7-10,7-0,,,,,,2-1,10-5,10-4,32-22,15-13,2023-24,15-4,6-4,6-4
00,22023,1610612747,Los Angeles,Lakers,West,27-25,8,,Pacific,7-10,3,47,35,0.573,1.0,47-35,28-14,19-21,7-3,6-4,8-2,4-1,11-4,20-25,5.0,W 5,5.0,W 5,5.0,4.0,-2.0,L 2,5.0,W 5,2,W 2,10.0,4.0,0,0,0,0.0,0.0,33-5,12-30,2-0,37-1,10-32,0-2,47-31,40-35,25-28,41-10,27-8,22-13,118.0,117.0,1.0,20-10,6-4,8-2,27-25,7-10,,7-8,9-3,9-5,5-2,,,,,,2-2,9-7,6-8,30-26,17-9,2023-24,6-4,9-8,11-7
00,22023,1610612748,Miami,Heat,East,32-20,8,,Southeast,13-3,2,46,36,0.561,,46-36,22-19,24-17,7-3,5-5,6-4,2-0,8-4,21-15,-4.0,L 4,6.0,W 6,7.0,7.0,2.0,W 2,1.0,W 1,2,W 2,18.0,1.0,0,0,0,0.0,0.0,36-9,8-25,2-2,40-9,3-26,3-1,44-20,33-35,22-26,39-2,25-11,28-14,110.0,108.0,2.0,32-20,8-10,11-7,14-16,5-5,,6-10,8-3,8-7,5-3,,,,,,1-3,10-5,8-5,30-25,16-11,2023-24,13-3,3-7,6-4
00,22023,1610612741,Chicago,Bulls,East,22-29,9,,Central,7-9,4,39,43,0.476,,39-43,20-21,19-22,5-5,4-6,5-5,7-4,6-8,12-25,3.0,W 3,-7.0,L 7,4.0,5.0,-1.0,L 1,-1.0,L 1,-1,L 1,25.0,10.0,0,0,0,0.0,0.0,26-11,13-31,0-1,27-7,9-35,3-1,39-33,31-42,19-32,30-10,24-15,24-27,112.0,114.0,-1.0,22-29,5-12,7-9,17-14,3-7,,8-7,5-5,8-8,3-4,,,,,,2-2,4-12,9-5,26-29,13-14,2023-24,10-8,6-4,8-3
00,22023,1610612758,Sacramento,Kings,West,30-22,9,,Pacific,10-7,4,46,36,0.561,2.0,46-36,24-17,22-19,4-6,5-5,5-5,5-1,6-5,26-19,5.0,W 5,4.0,W 4,6.0,4.0,1.0,W 1,-1.0,L 1,1,W 1,11.0,5.0,0,0,0,0.0,0.0,38-9,7-27,1-0,42-8,3-27,1-1,46-27,35-35,24-25,36-3,32-15,24-16,117.0,115.0,2.0,16-14,5-5,5-5,30-22,10-7,,8-7,6-6,10-6,3-5,,,,,,2-1,8-6,9-5,31-23,15-13,2023-24,6-4,12-5,8-10
00,22023,1610612737,Atlanta,Hawks,East,22-30,10,,Southeast,8-8,3,36,46,0.439,,36-46,21-20,15-26,3-7,6-4,2-8,4-2,9-6,15-21,4.0,W 4,-4.0,L 4,4.0,6.0,-2.0,L 2,-4.0,L 4,-6,L 6,28.0,11.0,0,0,0,0.0,0.0,25-13,9-31,2-2,26-5,8-39,2-2,35-41,30-46,18-32,27-5,24-13,17-23,118.0,121.0,-2.0,22-30,8-11,6-11,14-16,4-6,,7-8,6-6,8-7,2-6,,,,,,2-2,7-7,4-10,24-31,12-15,2023-24,8-8,4-6,6-4
00,22023,1610612744,Golden State,Warriors,West,26-26,10,,Pacific,7-9,5,46,36,0.561,,46-36,21-20,25-16,8-2,5-5,8-2,1-4,4-11,24-12,8.0,W 8,8.0,W 8,6.0,6.0,1.0,W 1,2.0,W 2,1,W 1,11.0,5.0,0,0,0,0.0,0.0,36-13,8-21,2-2,42-11,3-24,1-1,45-34,37-36,21-28,39-4,34-17,17-11,118.0,115.0,3.0,20-10,7-3,5-5,26-26,7-9,,5-7,11-3,9-7,6-2,,,,,,3-1,6-9,6-7,27-26,19-10,2023-24,8-2,9-10,10-7
00,22023,1610612751,Brooklyn,Nets,East,24-28,11, - o,Atlantic,5-11,4,32,50,0.39,,32-50,20-21,12-29,5-5,6-4,2-8,1-4,4-6,17-28,-4.0,L 4,-6.0,L 6,3.0,6.0,1.0,W 1,-3.0,L 3,-2,L 2,32.0,32.0,0,0,0,1.0,1.0,21-15,11-34,0-1,24-9,8-41,0-0,31-35,25-48,13-37,27-11,21-16,15-22,110.0,113.0,-3.0,24-28,5-11,8-9,8-22,3-7,,4-10,4-8,6-10,3-4,,,,,,1-2,8-7,6-9,21-33,11-17,2023-24,11-8,2-8,3-7
00,22023,1610612745,Houston,Rockets,West,28-24,11, - o,Southwest,9-7,3,41,41,0.5,,41-41,27-14,14-27,4-6,6-4,7-3,2-5,8-5,23-17,11.0,W 11,-9.0,L 9,11.0,5.0,1.0,W 1,2.0,W 2,2,W 2,16.0,9.0,0,0,0,1.0,1.0,27-11,13-28,1-2,34-6,6-35,1-0,40-33,32-41,19-29,26-10,25-15,25-19,114.0,113.0,1.0,13-17,3-7,5-5,28-24,8-9,,7-10,3-9,13-2,3-5,,,,,,0-3,8-5,7-7,24-30,17-11,2023-24,5-5,11-8,9-7
00,22023,1610612761,Toronto,Raptors,East,18-34,12, - o,Atlantic,1-15,5,25,57,0.305,,25-57,14-27,11-30,2-8,1-9,1-9,1-3,5-10,10-30,-8.0,L 8,-7.0,L 7,3.0,15.0,-1.0,L 1,-3.0,L 3,-4,L 4,39.0,39.0,0,0,0,1.0,1.0,19-14,6-42,0-1,19-10,6-47,0-0,24-46,21-55,10-38,19-12,21-13,10-24,112.0,119.0,-6.0,18-34,1-15,8-9,7-23,2-8,,5-10,5-7,1-14,2-6,,,,,,1-3,8-7,3-10,19-36,6-21,2023-24,9-10,1-9,4-6
00,22023,1610612762,Utah,Jazz,West,16-36,12, - o,Northwest,5-11,4,31,51,0.378,,31-51,21-20,10-31,2-8,2-8,1-9,2-2,5-8,15-33,9.0,W 9,-13.0,L 13,6.0,13.0,1.0,W 1,-1.0,L 1,-1,L 1,26.0,26.0,0,0,0,1.0,1.0,21-5,10-44,0-2,25-4,4-42,2-5,31-42,29-51,14-40,26-7,26-28,9-8,116.0,121.0,-5.0,15-15,5-5,5-5,16-36,3-15,,10-6,3-8,2-13,2-5,,,,,,1-3,5-10,8-6,26-30,5-21,2023-24,5-5,5-11,8-10
00,22023,1610612766,Charlotte,Hornets,East,14-38,13, - o,Southeast,6-10,4,21,61,0.256,,21-61,11-30,10-31,3-7,3-7,3-7,1-1,7-3,5-43,-8.0,L 8,-8.0,L 8,4.0,11.0,-2.0,L 2,1.0,W 1,1,W 1,43.0,26.0,0,0,0,1.0,1.0,11-6,10-53,0-2,11-6,10-53,0-2,20-33,17-58,10-43,18-9,12-9,10-29,107.0,117.0,-10.0,14-38,4-14,4-14,7-23,1-9,,3-13,5-8,3-12,3-5,,,,,,1-2,5-9,1-12,13-41,8-20,2023-24,6-10,3-7,3-7
00,22023,1610612763,Memphis,Grizzlies,West,14-37,13, - o,Southwest,8-8,4,27,55,0.329,,27-55,9-32,18-23,3-7,2-8,4-6,1-3,6-3,11-31,-8.0,L 8,-5.0,L 5,4.0,9.0,-4.0,L 4,-1.0,L 1,-5,L 5,30.0,23.0,0,0,0,1.0,1.0,15-14,11-40,1-1,16-4,10-51,1-0,26-34,20-53,12-39,21-4,20-8,8-28,106.0,113.0,-7.0,13-18,3-7,6-5,14-37,4-13,,8-7,2-10,4-11,3-5,,,,,,0-4,4-9,6-9,20-36,7-19,2023-24,4-6,2-16,8-8
00,22023,1610612759,San Antonio,Spurs,West,14-37,14, - o,Southwest,3-13,5,22,60,0.268,,22-60,12-29,10-31,6-4,5-5,4-6,3-2,5-7,12-31,-10.0,L 10,-11.0,L 11,3.0,18.0,2.0,W 2,-1.0,L 1,2,W 2,35.0,28.0,0,0,0,1.0,1.0,14-15,7-44,1-1,15-6,5-50,2-4,22-47,18-58,11-39,16-11,15-19,7-20,112.0,119.0,-6.0,8-23,3-7,3-8,14-37,5-12,,5-11,2-10,6-9,4-3,,,,,,2-2,1-13,2-12,11-44,11-16,2023-24,2-8,6-12,3-13
00,22023,1610612764,Washington,Wizards,East,11-41,14, - o,Southeast,4-12,5,15,67,0.183,,15-67,7-34,8-33,1-9,3-7,2-8,0-2,4-5,6-35,-16.0,L 16,-8.0,L 8,3.0,16.0,-3.0,L 3,-3.0,L 3,-6,L 6,49.0,32.0,0,0,0,1.0,1.0,12-15,3-51,0-1,9-5,5-61,1-1,15-60,14-66,4-46,13-11,8-4,8-29,114.0,123.0,-9.0,11-41,2-17,5-12,4-26,1-9,,3-12,0-12,5-11,1-6,,,,,,1-2,2-13,3-11,9-45,6-22,2023-24,4-12,1-9,2-8
00,22023,1610612765,Detroit,Pistons,East,10-41,15, - o,Central,2-14,5,14,68,0.171,,14-68,7-33,7-35,2-8,2-8,2-8,1-2,1-7,8-39,-14.0,L 14,-18.0,L 18,2.0,28.0,-7.0,L 7,-1.0,L 1,-1,L 1,50.0,35.0,0,0,0,1.0,1.0,9-10,4-56,1-2,11-9,3-58,0-1,13-58,9-68,5-47,13-17,11-25,4-17,110.0,119.0,-9.0,10-41,3-14,2-14,4-27,1-9,,3-12,3-8,4-12,1-7,,,,,,2-2,0-15,1-12,8-46,6-22,2023-24,5-13,2-8,1-10
00,22023,1610612757,Portland,Trail Blazers,West,8-44,15, - o,Northwest,1-15,5,21,61,0.256,,21-61,11-30,10-31,2-8,2-8,2-8,5-3,5-6,5-38,-9.0,L 9,-7.0,L 7,3.0,10.0,-7.0,L 7,-2.0,L 2,-5,L 5,36.0,36.0,0,0,0,1.0,1.0,12-11,9-50,0-0,14-4,6-57,1-0,19-39,17-59,8-41,15-8,16-23,12-19,106.0,115.0,-9.0,13-17,5-5,5-5,8-44,2-16,,6-11,0-9,4-13,2-6,,,,,,1-3,5-9,3-10,15-39,6-22,2023-24,3-7,1-15,5-13
00,22024,1610612739,Cleveland,Cavaliers,East,41-11,1, - e,Central,12-4,1,64,18,0.78,,64-18,34-7,30-11,6-4,7-3,5-5,1-1,5-4,41-7,10.0,W 10,11.0,W 11,16.0,4.0,-1.0,L 1,1.0,W 1,-1,L 1,0.0,0.0,1,1,1,0.0,0.0,50-9,11-9,3-0,55-3,9-15,0-0,64-17,56-18,29-12,52-1,41-4,34-11,122.0,112.0,10.0,41-11,16-3,12-4,23-7,6-4,,10-5,10-1,11-5,4-3,,,,,,5-0,12-3,12-1,64-18,,2024-25,13-4,9-1,8-2
00,22024,1610612760,Oklahoma City,Thunder,West,39-13,1, - w,Northwest,12-4,1,68,14,0.829,1.0,68-14,35-6,32-8,8-2,8-2,9-1,0-1,1-4,54-5,12.0,W 12,11.0,W 11,15.0,2.0,1.0,W 1,3.0,W 3,4,W 4,0.0,0.0,1,1,1,0.0,0.0,53-5,14-9,1-0,61-2,6-10,1-2,67-12,49-14,36-12,58-3,35-3,55-12,121.0,108.0,13.0,29-1,10-0,9-1,39-13,13-3,,10-4,11-2,15-1,5-2,,,,,,4-0,11-4,12-1,68-14,,2024-25,10-0,12-4,14-6
00,22024,1610612738,Boston,Celtics,East,39-13,2, - a,Atlantic,14-2,1,61,21,0.744,,61-21,28-13,33-8,8-2,8-2,9-1,4-2,8-3,41-7,7.0,W 7,9.0,W 9,9.0,2.0,4.0,W 4,-1.0,L 1,2,W 2,3.0,0.0,0,1,1,0.0,0.0,50-6,8-14,3-1,56-7,4-10,1-4,60-15,42-20,25-12,42-3,40-6,39-8,116.0,107.0,9.0,39-13,14-2,12-6,22-8,7-3,,10-6,8-3,14-1,5-2,,,,,,4-1,12-2,8-6,61-21,,2024-25,13-5,8-2,7-3
00,22024,1610612745,Houston,Rockets,West,31-21,2, - sw,Southwest,13-3,1,52,30,0.634,2.0,52-30,29-12,23-17,6-4,8-2,6-4,3-1,8-5,26-12,7.0,W 7,-8.0,L 8,9.0,6.0,-1.0,L 1,-2.0,L 2,-3,L 3,16.0,0.0,0,1,1,0.0,0.0,40-8,12-19,0-3,43-7,7-23,2-0,49-21,38-28,22-23,32-4,45-15,24-12,114.0,110.0,5.0,21-9,6-4,7-3,31-21,9-9,,11-4,5-7,12-5,3-3,,,,,,3-2,11-4,7-5,52-30,,2024-25,8-2,9-9,13-3
00,22024,1610612747,Los Angeles,Lakers,West,36-16,3, - p,Pacific,12-4,1,50,32,0.61,,50-32,31-10,19-22,6-4,7-3,4-6,1-1,4-6,22-21,9.0,W 9,-5.0,L 5,8.0,4.0,2.0,W 2,-1.0,L 1,-1,L 1,18.0,0.0,0,1,1,0.0,0.0,43-7,6-24,1-1,46-4,4-27,0-1,50-24,38-31,27-19,40-9,30-8,28-11,113.0,112.0,1.0,14-16,7-3,2-8,36-16,12-4,,9-5,10-2,9-8,4-3,,,,,,3-2,8-6,7-6,50-32,,2024-25,5-5,11-8,13-4
00,22024,1610612752,New York,Knicks,East,34-18,3, - x,Atlantic,12-4,2,51,31,0.622,2.0,51-31,27-14,24-17,6-4,6-4,5-5,6-2,7-3,31-19,6.0,W 6,8.0,W 8,9.0,3.0,-2.0,L 2,1.0,W 1,1,W 1,13.0,10.0,0,0,1,0.0,0.0,36-13,12-18,3-0,43-5,6-24,2-2,49-25,36-30,19-23,44-7,37-9,32-16,116.0,112.0,4.0,34-18,12-4,7-10,17-13,4-6,,9-6,7-4,8-7,4-4,,,,,,2-2,9-6,12-2,51-31,,2024-25,15-4,6-4,7-3
00,22024,1610612754,Indiana,Pacers,East,29-22,4, - x,Central,10-6,2,50,32,0.61,,50-32,29-11,20-20,8-2,8-2,5-5,5-1,6-2,25-17,8.0,W 8,-8.0,L 8,6.0,4.0,-1.0,L 1,2.0,W 2,1,W 1,14.0,14.0,0,0,1,0.0,0.0,32-7,14-23,4-2,38-5,11-27,1-0,50-27,42-30,22-15,37-5,23-5,33-17,117.0,115.0,2.0,29-22,10-7,10-6,21-10,8-2,,10-2,7-5,11-6,6-1,,,,,,2-3,7-8,7-7,50-32,,2024-25,9-9,6-4,7-4
00,22024,1610612743,Denver,Nuggets,West,32-20,4, - x,Northwest,8-8,2,50,32,0.61,,50-32,26-15,24-17,5-5,4-6,5-5,5-1,8-6,31-17,8.0,W 8,6.0,W 6,9.0,4.0,1.0,W 1,2.0,W 2,3,W 3,18.0,18.0,0,0,1,0.0,0.0,34-6,13-22,3-4,40-3,9-27,1-2,50-28,45-32,28-23,47-11,37-13,19-9,121.0,117.0,4.0,18-12,6-4,4-6,32-20,13-6,,11-6,10-2,8-7,3-4,,,,,,2-2,8-5,8-6,50-32,,2024-25,8-2,8-8,11-6
00,22024,1610612746,LA,Clippers,West,29-23,5, - x,Pacific,9-7,2,50,32,0.61,,50-32,30-11,20-21,9-1,9-1,7-3,3-2,5-7,32-13,9.0,W 9,4.0,W 4,8.0,3.0,5.0,W 5,3.0,W 3,8,W 8,18.0,0.0,0,0,1,0.0,0.0,35-6,12-25,3-1,45-7,5-25,0-0,49-21,31-31,23-26,42-8,35-14,27-14,113.0,108.0,5.0,21-9,7-3,4-6,29-23,9-7,,9-6,4-7,11-5,7-0,,,,,,2-3,10-6,7-5,50-32,,2024-25,10-0,8-10,12-6
00,22024,1610612749,Milwaukee,Bucks,East,31-21,5, - x,Central,9-7,3,48,34,0.585,1.0,48-34,27-14,20-20,8-2,6-4,6-4,3-0,5-9,25-19,7.0,W 7,-6.0,L 6,8.0,6.0,4.0,W 4,4.0,W 4,8,W 8,16.0,16.0,0,0,1,0.0,0.0,36-13,10-21,2-0,38-7,9-25,1-2,47-29,43-34,22-19,46-11,27-8,21-11,116.0,113.0,2.0,31-21,8-9,9-7,17-13,6-4,,9-6,7-5,7-9,8-0,,,,,,1-4,9-5,7-5,48-34,,2024-25,14-5,5-5,6-4
00,22024,1610612765,Detroit,Pistons,East,29-23,6, - x,Central,5-11,4,44,38,0.537,,44-38,22-19,22-19,4-6,5-5,4-6,2-3,8-6,23-17,4.0,W 4,5.0,W 5,8.0,4.0,-1.0,L 1,-1.0,L 1,-2,L 2,20.0,20.0,0,0,1,0.0,0.0,32-7,9-30,3-1,38-6,5-32,1-0,42-32,31-38,16-28,35-7,33-13,25-16,116.0,114.0,2.0,29-23,13-5,5-11,15-15,5-5,,10-6,9-3,9-6,2-5,,,,,,1-4,8-9,5-5,44-38,,2024-25,11-7,4-6,6-4
00,22024,1610612750,Minnesota,Timberwolves,West,33-19,6, - x,Northwest,11-5,3,49,33,0.598,,49-33,25-16,24-17,8-2,8-2,8-2,3-2,11-11,31-9,5.0,W 5,4.0,W 4,8.0,4.0,5.0,W 5,1.0,W 1,3,W 3,19.0,19.0,0,0,1,0.0,0.0,35-8,12-23,2-2,40-7,7-25,2-1,47-31,31-32,27-21,38-5,38-12,22-14,114.0,109.0,5.0,16-14,6-4,3-7,33-19,12-7,,10-6,5-8,11-3,6-1,,,,,,2-2,7-8,8-5,49-33,,2024-25,7-3,11-5,10-7
00,22024,1610612753,Orlando,Magic,East,31-21,7, - se,Southeast,12-4,1,41,41,0.5,4.0,41-41,22-19,19-22,7-3,4-6,7-3,0-1,4-7,22-20,10.0,W 10,-7.0,L 7,6.0,5.0,2.0,W 2,-1.0,L 1,-1,L 1,23.0,0.0,0,1,0,0.0,0.0,26-10,12-27,3-4,27-7,11-34,3-0,37-17,23-38,15-27,32-3,32-12,27-25,105.0,106.0,0.0,31-21,11-8,8-9,10-20,6-4,,4-11,5-7,7-8,5-1,,,,,,3-2,11-5,6-7,41-41,,2024-25,12-4,0-10,4-6
00,22024,1610612744,Golden State,Warriors,West,29-23,7,,Pacific,5-11,3,48,34,0.585,3.0,48-34,24-17,24-17,7-3,6-4,8-2,1-1,6-6,26-15,7.0,W 7,6.0,W 6,7.0,5.0,-3.0,L 3,6.0,W 6,-1,L 1,20.0,2.0,0,0,0,0.0,0.0,33-4,14-29,1-1,43-5,3-27,2-2,46-21,36-33,28-25,35-3,32-17,33-15,114.0,110.0,3.0,19-11,6-4,6-4,29-23,5-11,,8-8,8-3,11-4,5-3,,,,,,4-1,8-6,4-9,48-34,,2024-25,7-3,11-5,13-7
00,22024,1610612763,Memphis,Grizzlies,West,27-24,8,,Southwest,11-5,2,48,34,0.585,,48-34,26-15,22-19,4-6,4-6,5-5,1-0,9-6,31-15,8.0,W 8,3.0,W 3,6.0,4.0,1.0,W 1,-1.0,L 1,1,W 1,20.0,4.0,0,0,0,0.0,0.0,31-8,16-26,1-0,38-7,9-26,1-1,48-33,41-34,16-26,42-9,35-15,25-11,122.0,117.0,5.0,21-10,6-5,6-4,27-24,7-11,,9-5,6-5,6-10,4-3,,,,,,3-3,10-4,10-4,48-34,,2024-25,9-1,9-8,11-5
00,22024,1610612737,Atlanta,Hawks,East,30-22,8,,Southeast,10-6,2,40,42,0.488,3.0,40-42,21-19,19-22,5-5,7-3,5-5,2-2,8-6,20-21,-5.0,L 5,4.0,W 4,6.0,8.0,2.0,W 2,2.0,W 2,3,W 3,24.0,1.0,0,0,0,0.0,0.0,26-13,13-27,1-2,30-4,8-38,2-0,39-36,38-42,23-25,32-2,29-17,20-19,118.0,119.0,-1.0,30-22,10-7,10-9,10-20,4-6,,4-11,5-7,9-5,4-4,,,,,,2-3,8-8,8-4,40-42,,2024-25,10-6,3-7,3-7
00,22024,1610612741,Chicago,Bulls,East,28-24,9,,Central,4-12,5,39,43,0.476,,39-43,18-23,21-20,7-3,8-2,6-4,2-1,6-4,23-26,-5.0,L 5,3.0,W 3,4.0,6.0,4.0,W 4,1.0,W 1,3,W 3,25.0,25.0,0,0,0,0.0,0.0,21-10,17-31,1-2,25-4,13-37,1-2,39-36,34-43,17-28,32-12,25-13,17-10,118.0,119.0,-2.0,28-24,11-7,4-12,11-19,4-6,,6-10,3-8,9-6,6-1,,,,,,3-2,5-11,7-5,39-43,,2024-25,13-5,4-6,3-7
00,22024,1610612758,Sacramento,Kings,West,26-26,9,,Pacific,5-11,4,40,42,0.488,,40-42,20-21,20-21,5-5,4-6,3-7,3-4,4-9,22-19,7.0,W 7,-7.0,L 7,7.0,6.0,1.0,W 1,3.0,W 3,1,W 1,28.0,10.0,0,0,0,0.0,0.0,26-10,12-31,2-1,31-9,7-31,2-2,40-35,31-42,20-26,33-6,31-17,21-22,116.0,115.0,0.0,14-16,4-6,4-6,26-26,5-11,,10-4,6-5,6-11,4-3,,,,,,2-2,7-9,5-8,40-42,,2024-25,6-4,8-11,13-4
00,22024,1610612742,Dallas,Mavericks,West,23-29,10,,Southwest,8-8,3,39,43,0.476,4.0,39-43,22-18,17-25,4-6,3-7,3-7,0-2,5-8,17-24,-5.0,L 5,-6.0,L 6,7.0,5.0,1.0,W 1,-3.0,L 3,-1,L 1,29.0,13.0,0,0,0,0.0,0.0,30-9,9-31,0-3,36-7,2-36,1-0,38-33,28-43,17-30,34-15,21-9,17-14,114.0,115.0,-1.0,16-14,5-5,3-7,23-29,5-13,,6-10,6-5,5-11,2-4,,,,,,3-2,9-6,8-5,39-43,,2024-25,8-2,10-8,8-8
00,22024,1610612748,Miami,Heat,East,24-28,10,,Southeast,10-6,3,37,45,0.451,,37-45,19-22,17-23,6-4,4-6,4-6,3-5,3-11,22-18,-7.0,L 7,-5.0,L 5,6.0,10.0,-1.0,L 1,1.0,W 1,-1,L 1,27.0,4.0,0,0,0,0.0,0.0,30-17,6-24,1-4,30-15,6-29,1-1,33-33,21-44,14-28,31-7,21-9,17-20,111.0,110.0,1.0,24-28,10-8,4-14,13-17,4-6,,7-9,5-7,6-11,3-4,,,,,,2-2,7-6,7-6,37-45,,2024-25,10-6,3-7,6-4
00,22024,1610612756,Phoenix,Suns,West,22-30,11, - o,Pacific,9-7,5,36,46,0.439,,36-46,24-17,12-29,1-9,6-4,1-9,2-4,7-5,13-26,6.0,W 6,-8.0,L 8,7.0,8.0,1.0,W 1,-8.0,L 8,-1,L 1,32.0,14.0,0,0,0,1.0,1.0,27-15,7-29,2-2,30-7,6-39,0-0,36-36,30-44,19-34,30-18,19-13,17-10,114.0,117.0,-3.0,14-16,4-6,5-5,22-30,9-7,,10-5,3-10,7-8,1-6,,,,,,4-1,7-7,4-9,36-46,,2024-25,5-5,7-12,6-11
00,22024,1610612761,Toronto,Raptors,East,21-31,11, - o,Atlantic,8-8,3,30,52,0.366,,30-52,18-23,12-29,5-5,5-5,4-6,1-4,7-9,16-28,-7.0,L 7,-10.0,L 10,5.0,11.0,1.0,W 1,-2.0,L 2,-2,L 2,34.0,31.0,0,0,0,1.0,1.0,24-12,5-37,1-3,27-12,3-40,0-0,30-41,22-49,9-34,26-14,23-19,13-20,111.0,115.0,-4.0,21-31,8-8,2-16,9-21,4-6,,8-7,3-9,10-5,2-5,,,,,,1-4,4-11,2-11,30-52,,2024-25,11-7,3-7,2-8
00,22024,1610612757,Portland,Trail Blazers,West,19-33,12, - o,Northwest,6-10,4,36,46,0.439,,36-46,22-19,14-27,4-6,6-4,3-7,1-3,7-4,19-30,6.0,W 6,-8.0,L 8,6.0,6.0,1.0,W 1,-2.0,L 2,1,W 1,32.0,32.0,0,0,0,1.0,1.0,25-8,7-36,4-2,29-7,6-38,1-1,36-31,26-46,19-36,32-7,28-16,21-16,111.0,114.0,-3.0,17-13,4-6,4-6,19-33,6-12,,8-8,8-4,5-10,4-3,,,,,,2-3,6-9,3-9,36-46,,2024-25,9-1,6-10,7-11
00,22024,1610612751,Brooklyn,Nets,East,14-37,12, - o,Atlantic,3-13,4,26,56,0.317,,26-56,12-29,14-27,3-7,2-8,2-8,0-4,8-7,7-32,-11.0,L 11,-9.0,L 9,3.0,7.0,-2.0,L 2,-1.0,L 1,-3,L 3,38.0,35.0,0,0,0,1.0,1.0,16-16,8-38,2-2,16-11,9-43,1-2,23-34,18-54,13-36,17-5,14-16,16-19,105.0,112.0,-7.0,14-37,3-13,5-13,12-19,4-6,,3-13,6-5,4-13,1-5,,,,,,2-3,7-8,3-9,26-56,,2024-25,6-11,1-9,7-4
00,22024,1610612755,Philadelphia,76ers,East,15-37,13, - o,Atlantic,3-13,5,24,58,0.293,,24-58,12-29,12-29,1-9,1-9,2-8,2-3,4-4,10-35,-8.0,L 8,-8.0,L 8,4.0,12.0,-8.0,L 8,1.0,W 1,-2,L 2,40.0,37.0,0,0,0,1.0,1.0,20-11,4-44,0-3,21-4,1-50,2-4,24-45,18-57,9-32,18-6,11-7,16-31,110.0,116.0,-6.0,15-37,3-13,5-13,9-21,3-7,,6-11,1-10,3-14,1-6,,,,,,1-3,3-11,9-3,24-58,,2024-25,7-11,3-7,3-7
00,22024,1610612759,San Antonio,Spurs,West,22-30,13, - o,Southwest,5-11,4,34,48,0.415,,34-48,20-20,13-27,3-7,5-5,3-7,1-1,7-7,17-32,-4.0,L 4,-4.0,L 4,4.0,5.0,1.0,W 1,-1.0,L 1,1,W 1,34.0,18.0,0,0,0,1.0,1.0,22-12,8-35,4-1,25-7,8-38,1-3,33-40,27-48,16-31,28-12,21-10,21-16,114.0,117.0,-3.0,12-18,6-4,2-8,22-30,7-11,,4-8,3-9,7-10,3-5,,,,,,2-3,8-6,7-7,34-48,,2024-25,4-6,10-8,5-11
00,22024,1610612766,Charlotte,Hornets,East,10-42,14, - o,Southeast,1-15,4,19,63,0.232,,19-63,12-29,7-34,1-9,3-7,1-9,1-2,8-7,5-39,-10.0,L 10,-9.0,L 9,3.0,10.0,-3.0,L 3,-9.0,L 9,-7,L 7,45.0,22.0,0,0,0,1.0,1.0,11-8,6-54,2-1,12-5,7-57,0-1,19-40,15-56,5-31,10-9,12-23,5-19,105.0,114.0,-9.0,10-42,3-15,6-12,9-21,2-8,,5-8,2-11,5-12,0-7,,,,,,2-2,4-12,1-11,19-63,,2024-25,1-15,2-8,5-5
00,22024,1610612740,New Orleans,Pelicans,West,13-38,14, - o,Southwest,3-13,5,21,61,0.256,,21-61,14-27,7-34,2-8,3-7,1-9,2-1,3-8,6-38,-7.0,L 7,-15.0,L 15,4.0,11.0,-3.0,L 3,-6.0,L 6,-7,L 7,47.0,31.0,0,0,0,1.0,1.0,10-17,10-40,1-4,12-5,6-56,3-0,20-45,16-61,7-41,12-10,13-18,13-21,110.0,119.0,-9.0,8-23,2-8,3-8,13-38,4-13,,7-9,4-7,5-10,0-7,,,,,,2-3,2-13,1-12,21-61,,2024-25,3-7,6-12,3-13
00,22024,1610612762,Utah,Jazz,West,8-44,15, - o,Northwest,3-13,5,17,65,0.207,,17-65,10-31,7-34,1-9,2-8,0-10,2-3,5-8,8-37,-9.0,L 9,-21.0,L 21,2.0,10.0,-1.0,L 1,-21.0,L 21,-2,L 2,51.0,51.0,0,0,0,1.0,1.0,12-11,4-52,1-2,13-8,2-55,2-2,17-55,13-64,8-42,16-17,15-27,4-5,112.0,121.0,-9.0,9-21,3-7,2-8,8-44,2-17,,3-12,5-8,1-16,1-5,,,,,,0-5,4-10,3-9,17-65,,2024-25,4-6,3-13,3-14
00,22024,1610612764,Washington,Wizards,East,13-39,15, - o,Southeast,7-9,5,18,64,0.22,,18-64,8-32,10-31,2-8,2-8,4-6,0-2,7-2,5-53,-12.0,L 12,-21.0,L 21,3.0,16.0,-2.0,L 2,1.0,W 1,1,W 1,46.0,23.0,0,0,0,1.0,1.0,14-9,4-52,0-3,15-4,2-59,1-1,18-43,17-64,6-37,13-9,8-13,6-17,108.0,120.0,-12.0,13-39,4-14,2-16,5-25,1-9,,1-16,4-7,6-11,2-5,,,,,,2-2,0-14,3-9,18-64,,2024-25,7-9,4-6,0-10
